customer_id,gender,marital_status,seniorcitizen,tenure,auto_renewal,subscription_type,devices_connected,tickets_raised,feedback_sentiment,payment_method,subscription_status,country,language,failed_login_attempts,login_frequency,monthly_usage_hours,server_switch_frequency,streaming_access,average_speed_mbps,connection_success_rate,plan_upgrade_attempts,last_login,unresolved_tickets,discount_used,churn
1000,Male,Married,False,8,off,basic,1,7,negative,card,expired,US,Telugu,13,11,61,4,True,poor,14,7,old,14,False,yes
1001,Male,Single,False,7,off,gold,1,1,positive,upi,expired,India,Hindi,8,4,200,7,True,good,3,4,old,20,True,no
1002,Female,Married,False,4,on,basic,8,10,negative,card,active,Germany,Telugu,6,15,195,1,False,poor,7,0,recent,11,True,no
1003,Male,Single,False,4,on,gold,4,17,negative,upi,expired,Germany,Hindi,45,12,48,7,True,better,7,7,very_old,18,False,yes
1004,Male,Married,False,1,off,premium,3,17,neutral,card,expired,Germany,Telugu,34,13,63,8,False,poor,5,5,recent,4,False,no
1005,Female,Single,False,4,off,gold,7,14,negative,card,cancelled,India,Hindi,47,18,52,7,False,better,14,10,old,9,False,yes
1006,Female,Single,False,5,on,basic,2,16,negative,card,active,Germany,English,18,12,52,8,True,poor,7,2,old,16,False,yes
1007,Female,Married,True,2,off,basic,5,9,negative,upi,active,UK,English,19,23,143,2,False,better,17,0,recent,2,False,yes
1008,Male,Single,True,4,off,basic,3,5,neutral,paypal,expired,Germany,Hindi,46,9,166,10,False,better,4,5,old,15,True,yes
1009,Male,Single,False,9,off,gold,2,2,neutral,card,cancelled,Germany,Telugu,8,8,158,7,False,good,4,6,old,5,True,no
1010,Male,Single,True,4,on,premium,2,15,positive,card,cancelled,US,Telugu,10,11,10,3,True,poor,4,9,very_old,9,True,yes
1011,Female,Single,False,7,on,premium,9,14,positive,card,active,Germany,Hindi,35,19,43,5,True,good,15,9,old,8,True,no
1012,Male,Married,True,10,off,premium,6,0,negative,paypal,cancelled,UK,Hindi,27,16,65,6,False,better,16,3,old,3,False,yes
1013,Male,Married,True,9,on,premium,6,19,neutral,paypal,cancelled,Germany,Hindi,4,1,179,7,False,good,10,4,recent,14,False,yes
1014,Male,Married,False,10,on,basic,7,1,neutral,paypal,expired,India,English,36,19,136,3,True,good,3,5,recent,6,True,no
1015,Male,Married,False,3,off,basic,4,2,neutral,paypal,active,UK,English,31,1,130,3,True,better,5,0,recent,0,False,no
1016,Female,Married,True,5,off,premium,3,16,negative,upi,expired,UK,Telugu,46,23,143,5,False,better,15,9,recent,11,True,no
1017,Male,Married,False,6,on,premium,7,15,neutral,upi,cancelled,Germany,Hindi,26,15,130,1,False,poor,3,0,very_old,20,False,yes
1018,Male,Single,False,8,off,basic,6,17,negative,upi,cancelled,Germany,Telugu,29,8,69,2,True,poor,16,9,recent,18,False,yes
1019,Male,Married,False,7,off,basic,3,3,neutral,upi,expired,India,Telugu,20,7,79,1,False,better,15,3,very_old,16,True,no
1020,Male,Married,False,7,off,basic,5,2,negative,upi,active,Germany,English,48,0,165,7,False,good,16,5,old,1,False,no
1021,Male,Married,True,10,on,gold,6,6,negative,paypal,active,Germany,Hindi,44,15,137,5,True,good,14,3,very_old,19,False,no
1022,Male,Married,False,4,on,premium,3,9,neutral,paypal,active,India,English,35,9,11,10,False,better,8,9,recent,20,False,no
1023,Female,Single,False,4,on,premium,5,11,negative,upi,active,India,Telugu,2,6,112,6,False,better,7,3,recent,19,False,yes
1024,Female,Married,False,9,off,basic,7,4,negative,card,active,US,English,21,1,120,1,True,good,4,8,recent,4,False,yes
1025,Female,Single,True,5,on,gold,3,19,negative,paypal,cancelled,Germany,English,45,9,93,2,True,poor,18,3,old,0,True,yes
1026,Male,Married,False,4,on,premium,2,5,neutral,paypal,expired,UK,Telugu,36,6,140,3,False,poor,8,9,very_old,2,False,yes
1027,Female,Single,True,8,on,gold,5,15,neutral,upi,active,Germany,Telugu,4,10,159,9,True,better,5,4,old,13,False,no
1028,Male,Single,False,9,off,gold,6,2,negative,card,expired,Germany,Telugu,50,9,42,4,False,better,1,10,very_old,12,False,yes
1029,Female,Single,False,4,on,premium,1,5,positive,paypal,cancelled,Germany,Telugu,1,17,152,3,False,poor,3,8,very_old,0,False,no
1030,Male,Single,True,2,on,gold,7,13,negative,card,expired,Germany,Telugu,16,5,138,2,False,poor,1,8,very_old,16,True,yes
1031,Female,Single,False,7,off,basic,1,16,positive,paypal,cancelled,Germany,English,10,11,157,3,True,poor,3,2,old,11,False,no
1032,Male,Married,False,10,off,gold,1,16,negative,card,active,UK,English,36,0,65,8,False,good,17,4,recent,17,True,yes
1033,Male,Single,False,3,on,gold,8,6,positive,paypal,expired,US,English,23,24,179,8,True,better,1,4,very_old,5,True,no
1034,Male,Single,True,7,off,basic,6,20,neutral,card,active,India,Telugu,42,24,21,8,True,good,19,3,recent,7,True,no
1035,Female,Married,False,10,off,gold,8,9,neutral,card,cancelled,UK,Hindi,44,9,174,8,True,better,5,7,old,17,True,yes
1036,Male,Married,False,9,off,basic,8,18,positive,card,cancelled,India,English,17,9,182,1,False,better,17,1,old,17,True,yes
1037,Female,Married,False,8,on,basic,7,8,positive,upi,expired,India,English,27,15,65,9,True,better,11,5,recent,0,False,yes
1038,Male,Married,True,5,off,premium,1,10,neutral,card,active,India,Telugu,24,21,144,7,False,better,6,7,very_old,0,False,no
1039,Male,Single,True,4,off,basic,3,19,positive,upi,active,Germany,English,31,0,85,6,False,good,8,0,very_old,7,False,no
1040,Female,Married,False,4,off,gold,1,10,negative,card,active,US,Hindi,29,3,149,6,True,good,15,5,very_old,2,False,no
1041,Female,Single,True,9,on,gold,9,14,neutral,upi,active,India,Hindi,9,9,58,10,True,poor,11,1,very_old,20,False,no
1042,Female,Married,False,7,off,gold,5,14,positive,paypal,expired,UK,Telugu,27,7,165,3,True,better,18,2,recent,3,False,no
1043,Male,Married,True,8,on,basic,1,10,positive,card,cancelled,US,Telugu,11,21,10,2,True,good,13,0,very_old,15,False,no
1044,Male,Married,False,6,off,basic,10,4,positive,paypal,active,India,Hindi,17,2,146,4,True,good,2,5,old,7,True,no
1045,Female,Married,False,2,off,basic,6,8,neutral,upi,expired,India,English,45,25,124,3,True,poor,12,6,very_old,15,False,yes
1046,Male,Married,True,8,off,gold,7,11,neutral,upi,active,India,Hindi,23,1,106,1,False,poor,19,8,recent,17,True,no
1047,Male,Married,True,7,on,gold,9,16,negative,card,cancelled,India,Hindi,1,1,171,3,True,good,11,8,old,8,True,yes
1048,Female,Single,False,3,on,gold,4,14,neutral,upi,active,India,Telugu,33,1,166,2,True,poor,19,3,old,9,False,no
1049,Male,Single,True,9,on,basic,9,16,negative,paypal,cancelled,India,Hindi,28,17,195,6,False,good,18,4,old,9,False,yes
1050,Male,Married,True,1,on,basic,7,15,negative,upi,cancelled,India,Telugu,14,7,66,9,False,better,2,8,very_old,17,True,yes
1051,Female,Married,False,6,off,basic,1,8,negative,card,cancelled,India,English,37,8,16,3,False,poor,10,7,old,6,True,yes
1052,Female,Single,False,1,on,basic,6,19,neutral,paypal,active,US,English,42,24,19,10,True,poor,11,8,old,12,False,no
1053,Male,Married,True,7,off,premium,4,4,positive,card,expired,UK,Telugu,27,21,175,4,False,better,17,3,very_old,16,True,yes
1054,Male,Married,False,4,off,premium,9,13,positive,card,active,Germany,Hindi,42,2,190,6,True,better,6,5,old,3,False,no
1055,Female,Married,False,7,on,basic,6,8,negative,upi,active,UK,Hindi,21,25,65,2,False,poor,9,6,old,9,False,no
1056,Female,Married,False,6,off,basic,3,20,neutral,paypal,active,UK,Hindi,48,3,41,1,True,good,10,1,old,19,False,no
1057,Female,Single,True,9,on,premium,5,10,neutral,upi,expired,UK,Hindi,38,10,154,2,True,better,20,1,old,4,True,yes
1058,Male,Single,False,5,on,basic,1,17,neutral,paypal,expired,India,Hindi,45,17,106,8,False,poor,17,8,old,16,True,no
1059,Male,Married,False,7,on,basic,3,15,neutral,paypal,expired,UK,English,46,14,135,2,False,better,5,6,very_old,7,True,yes
1060,Male,Married,False,4,on,premium,10,6,positive,upi,expired,UK,Hindi,44,11,25,4,False,better,17,5,old,19,False,yes
1061,Female,Married,False,1,off,premium,4,11,negative,upi,cancelled,Germany,Telugu,45,12,87,10,False,good,12,3,old,10,True,yes
1062,Female,Married,True,1,off,basic,7,4,negative,card,expired,India,Hindi,15,11,126,10,True,poor,6,9,recent,3,False,yes
1063,Female,Single,False,9,on,premium,2,19,negative,upi,cancelled,India,Telugu,47,11,143,4,False,better,19,7,recent,11,True,no
1064,Female,Married,True,10,off,premium,3,5,positive,upi,expired,India,Hindi,46,9,33,7,False,poor,5,7,very_old,14,False,yes
1065,Male,Married,False,1,on,premium,6,3,neutral,paypal,cancelled,UK,Hindi,26,11,77,9,False,good,8,8,recent,19,True,yes
1066,Female,Single,True,5,on,premium,1,4,neutral,card,expired,Germany,Hindi,5,6,112,1,True,good,14,4,very_old,15,True,no
1067,Male,Married,True,9,on,basic,6,8,positive,upi,expired,US,Telugu,6,5,162,2,False,poor,20,3,recent,4,True,no
1068,Male,Married,True,5,off,premium,9,19,neutral,upi,active,US,Telugu,6,3,147,6,False,good,14,9,recent,12,False,no
1069,Female,Single,True,3,off,premium,5,19,positive,upi,expired,India,Telugu,34,25,71,1,False,poor,16,9,very_old,8,False,yes
1070,Female,Single,False,8,off,premium,2,3,negative,upi,active,UK,English,31,18,23,9,True,poor,18,3,old,13,False,no
1071,Male,Single,True,10,on,basic,8,2,positive,paypal,active,UK,English,47,19,12,7,False,good,15,4,recent,16,False,yes
1072,Male,Married,False,10,off,premium,5,14,positive,paypal,expired,Germany,Telugu,0,24,146,8,True,good,2,0,recent,14,True,no
1073,Female,Married,False,10,off,gold,1,19,positive,card,cancelled,US,Hindi,41,20,74,2,False,good,3,5,recent,0,True,no
1074,Male,Single,True,3,off,premium,8,2,negative,paypal,cancelled,UK,English,49,19,114,6,True,good,4,8,recent,19,True,yes
1075,Male,Single,False,7,on,basic,2,17,negative,upi,expired,Germany,Telugu,29,8,117,1,False,better,14,7,very_old,16,True,yes
1076,Female,Married,True,9,off,basic,5,16,positive,paypal,expired,US,Telugu,26,19,19,6,False,poor,13,10,recent,12,False,yes
1077,Female,Married,False,3,on,gold,6,1,positive,upi,active,UK,Hindi,17,17,48,1,True,better,14,4,very_old,15,False,no
1078,Female,Married,True,5,off,premium,7,20,neutral,upi,expired,UK,English,45,3,51,1,False,good,6,0,old,12,True,yes
1079,Male,Single,True,7,off,premium,10,15,positive,paypal,cancelled,US,Telugu,5,7,175,7,True,better,17,10,old,13,True,yes
1080,Female,Single,False,9,on,gold,9,10,negative,paypal,cancelled,Germany,Telugu,18,10,52,2,True,good,15,3,recent,3,False,yes
1081,Female,Married,False,10,on,gold,3,17,neutral,card,expired,India,Hindi,36,17,39,7,True,better,10,4,very_old,8,True,yes
1082,Female,Single,False,2,on,premium,8,11,neutral,upi,cancelled,UK,Telugu,13,6,70,1,True,good,10,8,old,15,True,no
1083,Male,Married,False,6,off,gold,3,11,negative,upi,expired,Germany,Telugu,42,7,85,9,False,poor,2,2,very_old,6,False,yes
1084,Male,Married,True,1,on,basic,3,20,negative,paypal,active,India,English,44,17,15,6,False,poor,8,4,recent,8,True,no
1085,Female,Single,True,8,off,premium,3,13,neutral,upi,cancelled,US,Hindi,6,13,199,7,False,better,7,7,old,19,False,yes
1086,Male,Married,False,2,off,gold,3,11,positive,paypal,expired,US,English,15,23,97,9,False,better,17,0,recent,16,True,yes
1087,Male,Married,True,7,off,gold,8,10,negative,upi,active,UK,Telugu,43,1,146,1,True,poor,3,10,recent,1,False,no
1088,Male,Single,False,1,off,gold,10,10,positive,upi,expired,US,Hindi,46,5,142,8,False,poor,18,6,recent,11,True,yes
1089,Female,Married,False,6,on,basic,2,8,neutral,card,active,UK,English,5,9,166,2,True,better,19,2,old,0,True,no
1090,Male,Single,True,6,off,gold,10,20,positive,paypal,cancelled,India,English,3,16,81,7,False,poor,18,0,recent,9,False,yes
1091,Female,Married,True,4,on,premium,5,10,neutral,paypal,cancelled,Germany,Telugu,6,4,40,1,True,poor,10,7,old,1,True,no
1092,Female,Single,False,6,on,basic,1,19,negative,paypal,cancelled,Germany,Hindi,28,10,190,9,False,poor,17,3,old,14,True,yes
1093,Female,Single,False,5,on,premium,6,20,negative,upi,expired,India,English,12,11,70,6,True,better,12,1,very_old,0,True,yes
1094,Female,Married,False,6,on,gold,1,11,positive,paypal,expired,Germany,Hindi,10,5,12,1,False,poor,9,8,old,13,True,no
1095,Female,Single,False,3,on,premium,8,2,positive,card,cancelled,Germany,Telugu,21,14,164,9,False,poor,7,9,old,10,False,yes
1096,Female,Married,False,9,off,basic,10,9,positive,paypal,active,India,Telugu,20,16,89,7,True,good,15,5,old,7,False,no
1097,Female,Married,False,6,on,premium,6,15,negative,paypal,cancelled,UK,English,35,8,123,3,True,good,14,7,recent,0,False,no
1098,Male,Married,False,7,on,basic,8,16,neutral,paypal,active,Germany,English,9,18,31,6,True,poor,18,0,recent,3,True,no
1099,Female,Single,True,8,off,premium,9,15,negative,upi,active,UK,English,31,9,63,1,False,poor,3,3,recent,7,False,yes
1100,Female,Married,False,3,off,gold,3,9,positive,paypal,cancelled,UK,Hindi,42,5,158,9,True,poor,7,7,old,8,False,yes
1101,Male,Married,False,6,on,basic,7,2,neutral,paypal,expired,US,Hindi,30,18,17,10,True,better,2,8,very_old,12,False,yes
1102,Female,Single,True,4,on,premium,2,1,positive,card,active,UK,Telugu,5,21,103,7,False,better,11,1,recent,19,True,no
1103,Female,Married,True,9,off,gold,2,16,negative,upi,active,Germany,Hindi,11,9,88,6,True,better,10,5,recent,8,True,no
1104,Male,Single,False,2,off,premium,6,11,neutral,card,expired,India,Hindi,18,14,80,10,True,good,19,0,old,3,False,yes
1105,Female,Single,True,5,off,premium,9,0,positive,upi,cancelled,US,Hindi,48,13,110,3,False,poor,15,8,very_old,14,False,yes
1106,Male,Married,True,10,on,basic,9,7,neutral,card,expired,UK,Hindi,22,16,180,7,True,poor,15,1,very_old,0,True,no
1107,Female,Married,False,8,on,basic,9,14,positive,card,active,India,Hindi,41,17,75,10,True,poor,8,1,old,18,False,no
1108,Female,Single,False,4,on,premium,5,3,negative,upi,active,Germany,Telugu,45,17,133,10,True,poor,1,9,very_old,0,True,no
1109,Female,Single,True,7,off,basic,3,12,positive,paypal,expired,UK,Telugu,16,13,13,2,True,poor,11,4,old,10,True,no
1110,Female,Single,True,3,on,gold,1,15,neutral,paypal,active,Germany,Hindi,24,8,121,1,False,better,1,0,old,11,True,no
1111,Male,Single,True,4,on,premium,5,6,negative,upi,active,UK,Hindi,40,15,157,4,False,good,18,9,old,1,True,no
1112,Female,Single,False,7,on,gold,7,12,positive,card,cancelled,India,Telugu,42,11,23,3,True,good,5,2,recent,5,False,yes
1113,Female,Married,True,9,on,basic,5,2,neutral,card,expired,US,Hindi,25,14,176,8,True,good,15,9,recent,15,True,no
1114,Female,Single,True,9,on,basic,4,5,neutral,card,cancelled,US,Telugu,14,16,154,3,False,poor,4,3,very_old,4,False,yes
1115,Female,Single,True,9,off,basic,7,2,neutral,upi,expired,Germany,English,19,12,168,3,True,poor,17,2,old,19,True,yes
1116,Female,Married,True,2,on,gold,6,12,negative,paypal,expired,Germany,English,48,13,86,7,False,better,4,4,recent,0,True,yes
1117,Male,Single,False,7,off,premium,1,17,positive,upi,cancelled,Germany,Hindi,30,23,188,7,True,better,8,3,recent,15,True,yes
1118,Male,Single,True,4,off,basic,3,2,positive,paypal,active,US,Telugu,43,4,124,2,True,better,2,8,old,11,True,yes
1119,Male,Married,False,7,off,gold,8,11,negative,card,cancelled,Germany,Telugu,42,7,10,4,True,good,13,10,very_old,6,False,yes
1120,Male,Married,False,1,off,basic,1,5,positive,paypal,cancelled,US,English,37,17,78,3,False,good,9,10,very_old,15,False,yes
1121,Female,Single,False,3,off,gold,10,10,neutral,card,cancelled,India,Telugu,44,17,80,10,False,poor,19,1,old,18,True,yes
1122,Male,Single,False,3,on,premium,4,10,positive,upi,active,US,Telugu,9,20,21,2,False,poor,20,2,old,18,True,no
1123,Male,Married,True,4,on,gold,8,16,neutral,upi,cancelled,Germany,Telugu,15,7,40,4,False,better,2,5,very_old,16,False,no
1124,Male,Single,True,3,off,premium,8,6,neutral,paypal,cancelled,US,Hindi,45,23,59,8,False,poor,2,2,very_old,4,True,yes
1125,Female,Married,True,5,off,gold,7,14,neutral,paypal,active,Germany,Hindi,13,10,191,8,True,poor,8,7,very_old,17,True,no
1126,Male,Married,True,10,on,basic,2,17,positive,paypal,expired,India,Telugu,23,4,191,6,True,good,12,0,old,2,False,no
1127,Female,Single,False,7,on,premium,8,5,neutral,upi,expired,India,Hindi,2,22,84,3,True,poor,3,1,old,6,False,yes
1128,Female,Married,False,9,off,basic,4,8,neutral,upi,active,Germany,English,37,2,148,5,True,good,18,8,old,18,False,yes
1129,Female,Single,True,7,off,gold,2,12,neutral,paypal,cancelled,Germany,English,25,0,171,8,False,good,18,0,old,10,True,yes
1130,Male,Single,True,3,on,basic,2,4,neutral,paypal,active,Germany,Hindi,0,6,96,8,True,better,19,4,very_old,19,True,no
1131,Female,Single,False,3,on,basic,8,20,neutral,paypal,cancelled,Germany,Telugu,30,3,154,10,False,poor,10,8,very_old,5,False,yes
1132,Male,Single,False,9,on,gold,3,0,neutral,paypal,cancelled,India,English,22,19,28,6,False,better,6,9,old,2,False,yes
1133,Female,Single,True,2,on,gold,2,12,negative,upi,cancelled,US,English,42,6,90,4,True,better,13,1,recent,15,False,yes
1134,Male,Single,False,8,on,premium,5,18,neutral,upi,active,UK,Hindi,33,1,116,4,False,poor,3,0,very_old,17,False,no
1135,Male,Married,False,4,on,premium,6,17,negative,upi,cancelled,Germany,Telugu,24,24,30,1,True,good,12,5,recent,6,True,no
1136,Male,Married,False,8,off,premium,2,1,negative,paypal,active,UK,Hindi,3,13,129,6,False,better,5,8,recent,13,False,no
1137,Female,Married,False,3,on,basic,5,4,positive,upi,expired,India,Telugu,40,14,89,10,True,good,12,1,very_old,9,True,yes
1138,Female,Single,True,10,off,gold,6,10,positive,upi,cancelled,US,Hindi,33,17,180,5,False,poor,15,1,recent,17,True,yes
1139,Male,Single,True,9,on,premium,5,14,neutral,card,active,US,English,36,19,200,6,True,good,18,9,recent,10,True,no
1140,Male,Married,True,4,off,gold,2,19,neutral,upi,active,US,Telugu,14,25,61,5,True,poor,12,3,old,9,False,no
1141,Female,Single,True,4,on,premium,2,3,positive,paypal,cancelled,Germany,Telugu,38,15,23,2,True,poor,2,4,recent,2,True,yes
1142,Male,Single,True,10,off,premium,7,18,neutral,upi,active,US,English,46,6,157,4,True,poor,15,10,old,4,False,no
1143,Male,Married,False,5,on,premium,6,14,negative,card,cancelled,UK,Hindi,23,5,63,3,False,good,12,9,recent,7,False,yes
1144,Female,Single,False,6,on,basic,7,12,negative,upi,cancelled,UK,Telugu,47,7,159,2,False,good,12,7,recent,14,True,yes
1145,Male,Single,True,4,on,basic,8,12,positive,paypal,active,India,Hindi,8,12,154,10,True,good,7,5,recent,19,False,no
1146,Male,Married,False,6,off,gold,5,13,positive,card,cancelled,Germany,Hindi,0,10,141,3,True,poor,17,4,old,3,False,no
1147,Female,Single,True,2,off,basic,9,11,neutral,paypal,cancelled,India,English,18,13,121,5,False,poor,20,3,recent,9,True,no
1148,Female,Married,True,9,on,premium,4,8,neutral,upi,active,India,Telugu,6,7,167,7,False,poor,20,4,very_old,19,False,no
1149,Male,Married,False,4,off,premium,8,12,neutral,upi,cancelled,US,Telugu,11,12,100,6,False,good,12,5,recent,2,True,no
1150,Female,Single,False,10,off,gold,5,17,negative,upi,cancelled,India,Telugu,42,2,38,8,False,better,17,5,recent,12,True,yes
1151,Male,Single,False,8,on,premium,10,9,positive,card,cancelled,UK,Hindi,23,10,146,8,False,good,4,7,recent,13,False,no
1152,Female,Single,True,9,off,basic,5,3,negative,paypal,active,Germany,Telugu,37,7,21,9,False,poor,17,2,recent,6,True,no
1153,Female,Single,True,6,on,premium,10,10,neutral,upi,cancelled,UK,Hindi,29,19,146,6,False,poor,4,7,very_old,4,True,no
1154,Male,Married,True,6,off,premium,4,3,negative,upi,active,Germany,Hindi,39,4,61,3,True,good,12,5,very_old,16,False,yes
1155,Female,Married,True,10,off,basic,5,14,negative,card,active,India,Hindi,14,17,172,4,True,better,9,6,recent,0,False,no
1156,Male,Single,True,4,off,gold,1,19,positive,card,cancelled,India,English,9,4,148,10,True,better,16,3,old,3,True,yes
1157,Female,Single,True,8,on,premium,5,2,positive,card,active,India,Hindi,40,6,96,7,True,better,12,4,recent,12,True,no
1158,Male,Married,False,10,on,basic,1,15,positive,upi,active,Germany,Hindi,50,4,113,10,True,poor,9,3,very_old,11,True,yes
1159,Male,Married,True,8,on,premium,3,0,negative,upi,cancelled,US,English,12,1,16,9,True,better,17,1,very_old,0,True,no
1160,Male,Married,True,1,on,premium,9,0,negative,paypal,expired,India,Telugu,14,9,30,3,False,good,12,0,very_old,5,False,yes
1161,Male,Single,True,8,on,premium,3,19,negative,paypal,cancelled,US,Telugu,38,5,68,4,True,poor,14,2,recent,10,False,yes
1162,Male,Married,False,9,on,basic,5,3,neutral,upi,active,Germany,Hindi,43,5,193,10,False,poor,5,0,very_old,2,False,no
1163,Female,Married,True,8,off,premium,8,5,neutral,card,expired,UK,English,45,24,174,9,True,good,8,4,old,6,False,yes
1164,Male,Single,True,5,off,basic,10,15,negative,paypal,active,UK,Hindi,45,1,198,8,True,good,6,3,recent,12,False,no
1165,Female,Single,True,8,off,premium,2,18,neutral,card,active,UK,Hindi,45,14,82,5,False,better,1,2,old,7,True,no
1166,Male,Single,True,5,on,premium,10,11,positive,paypal,active,US,Hindi,4,10,85,5,False,better,16,1,very_old,18,False,no
1167,Male,Single,False,6,off,premium,5,13,neutral,upi,expired,Germany,English,40,11,20,9,False,poor,9,3,very_old,10,True,yes
1168,Male,Married,False,6,off,basic,8,2,neutral,upi,expired,Germany,Hindi,49,23,14,5,False,poor,16,0,old,5,True,yes
1169,Male,Single,False,2,off,basic,7,0,negative,card,cancelled,Germany,English,10,25,101,7,True,better,2,10,very_old,20,True,no
1170,Male,Single,False,7,off,gold,10,0,neutral,card,cancelled,India,Telugu,37,8,12,9,True,better,7,9,recent,20,False,yes
1171,Male,Single,True,5,off,gold,8,2,positive,upi,expired,Germany,Telugu,19,13,135,9,True,poor,16,10,recent,10,True,no
1172,Male,Married,False,6,off,gold,8,8,negative,paypal,active,India,Telugu,7,2,129,8,True,good,20,10,very_old,3,False,no
1173,Female,Single,False,9,off,gold,1,14,neutral,card,cancelled,India,English,37,19,89,2,False,poor,8,7,old,17,False,yes
1174,Female,Married,False,10,on,gold,2,9,neutral,card,active,India,Telugu,9,0,59,4,True,poor,11,10,old,17,True,no
1175,Female,Married,False,8,on,gold,1,8,neutral,upi,expired,US,English,25,21,173,10,False,better,11,5,old,2,True,yes
1176,Female,Married,False,3,off,gold,7,16,positive,upi,expired,India,English,31,25,151,5,False,good,9,3,recent,11,False,yes
1177,Female,Single,False,3,on,gold,6,4,negative,card,expired,UK,Telugu,13,2,115,5,True,better,16,9,old,17,False,yes
1178,Female,Married,True,3,on,basic,8,9,neutral,card,expired,UK,English,24,13,188,9,False,better,3,2,very_old,15,True,yes
1179,Female,Single,True,5,off,premium,7,7,neutral,paypal,expired,Germany,Telugu,13,3,174,4,True,good,7,2,recent,9,False,no
1180,Female,Single,True,2,off,gold,9,7,neutral,paypal,active,US,Hindi,15,12,133,4,True,good,4,6,recent,18,False,no
1181,Male,Single,True,1,off,basic,3,15,neutral,upi,expired,US,Hindi,12,5,68,10,True,poor,17,2,very_old,9,False,no
1182,Male,Single,True,1,on,premium,4,15,positive,card,expired,India,Telugu,23,25,135,8,False,better,17,10,very_old,1,False,no
1183,Male,Married,True,10,off,basic,6,18,neutral,paypal,active,Germany,English,39,13,89,2,False,poor,17,7,very_old,19,True,yes
1184,Female,Single,True,7,off,premium,4,20,negative,paypal,active,Germany,English,36,25,127,9,True,better,7,8,recent,5,True,no
1185,Female,Single,False,9,off,premium,9,0,positive,paypal,cancelled,India,Hindi,24,18,114,2,False,better,9,6,recent,1,True,yes
1186,Male,Married,False,2,off,premium,9,9,positive,card,expired,Germany,Hindi,7,11,115,9,False,poor,4,1,very_old,8,False,no
1187,Female,Single,True,10,off,gold,10,7,negative,upi,cancelled,UK,Hindi,39,12,130,3,True,good,3,5,old,8,False,yes
1188,Female,Single,False,5,off,gold,7,14,negative,card,expired,Germany,Telugu,10,8,195,5,True,poor,6,9,very_old,7,True,no
1189,Female,Single,True,3,on,premium,7,1,neutral,upi,expired,UK,Telugu,33,1,62,9,True,good,14,4,recent,9,False,yes
1190,Female,Single,False,10,on,basic,10,8,neutral,card,expired,UK,Telugu,17,5,160,3,True,better,11,0,recent,1,False,no
1191,Female,Married,False,1,off,gold,7,13,neutral,upi,active,Germany,Telugu,24,25,74,10,True,good,16,9,very_old,9,True,no
1192,Female,Single,True,5,off,premium,7,16,neutral,card,expired,Germany,Telugu,25,8,158,5,True,better,14,2,very_old,11,False,no
1193,Female,Single,False,7,on,gold,2,4,negative,card,cancelled,US,Hindi,18,14,120,4,False,poor,8,3,very_old,12,True,yes
1194,Female,Married,True,3,on,basic,3,5,negative,card,cancelled,US,Telugu,29,21,173,9,False,poor,7,8,very_old,7,True,yes
1195,Female,Single,False,9,off,basic,8,11,negative,card,cancelled,Germany,Telugu,41,22,176,3,True,better,15,6,recent,5,False,yes
1196,Female,Married,True,6,on,premium,8,19,negative,card,expired,US,Telugu,17,15,193,9,True,better,19,5,recent,12,True,no
1197,Female,Married,True,7,off,premium,6,4,neutral,paypal,expired,UK,Telugu,38,10,34,6,True,better,9,2,old,13,False,no
1198,Female,Single,False,1,off,gold,10,19,negative,upi,active,Germany,Hindi,23,8,90,4,True,good,16,5,very_old,1,True,no
1199,Female,Married,False,2,off,basic,5,9,neutral,paypal,cancelled,India,Hindi,44,12,51,1,False,better,20,1,old,1,True,no
1200,Male,Single,False,8,off,gold,5,11,positive,card,expired,US,Hindi,9,19,10,2,True,poor,13,0,recent,2,True,yes
1201,Male,Married,False,10,on,premium,8,11,neutral,upi,active,US,English,29,15,39,8,False,good,4,1,old,7,False,no
1202,Female,Single,False,6,on,premium,6,4,positive,paypal,cancelled,US,English,23,16,122,9,True,poor,13,10,recent,2,True,no
1203,Male,Married,False,9,off,premium,1,10,positive,card,cancelled,India,Telugu,4,9,190,2,False,good,5,8,very_old,3,True,no
1204,Male,Single,True,6,off,gold,5,0,negative,card,active,India,Hindi,21,25,136,1,True,poor,11,5,very_old,12,False,yes
1205,Female,Married,False,1,on,premium,3,3,positive,card,cancelled,US,English,26,11,144,1,False,better,8,4,recent,2,False,no
1206,Male,Married,True,3,off,gold,6,1,neutral,upi,cancelled,US,Telugu,32,6,122,6,False,good,13,8,old,3,True,yes
1207,Male,Single,True,1,on,premium,3,9,negative,card,active,India,English,49,22,185,2,False,better,14,10,very_old,2,True,no
1208,Female,Married,False,10,on,premium,3,10,neutral,card,expired,India,English,0,18,178,2,False,better,10,8,old,1,True,no
1209,Female,Single,True,6,off,gold,10,5,negative,paypal,cancelled,UK,English,44,14,88,4,True,good,4,7,very_old,16,False,yes
1210,Male,Married,False,1,off,premium,6,9,neutral,paypal,cancelled,UK,English,16,21,153,5,True,poor,1,7,old,20,True,no
1211,Male,Single,False,9,off,basic,6,4,negative,card,cancelled,India,Telugu,13,7,104,5,True,poor,14,6,old,15,True,no
1212,Female,Married,True,1,on,premium,1,16,neutral,card,active,Germany,English,28,25,25,6,True,better,9,1,recent,17,False,yes
1213,Female,Single,True,3,on,premium,9,11,neutral,upi,cancelled,India,Telugu,26,10,51,8,True,better,17,8,old,7,False,no
1214,Male,Single,True,4,on,gold,6,8,neutral,upi,cancelled,US,English,6,22,92,5,True,good,5,7,recent,3,True,no
1215,Female,Married,True,10,off,premium,6,15,negative,paypal,expired,Germany,Telugu,31,19,172,9,True,poor,9,4,very_old,2,False,yes
1216,Female,Single,True,8,on,gold,3,16,negative,paypal,active,India,English,37,18,169,5,True,good,18,1,old,2,True,no
1217,Female,Single,False,2,on,premium,4,9,positive,upi,cancelled,Germany,English,20,21,16,10,False,better,7,3,old,12,True,yes
1218,Female,Single,False,5,on,premium,5,4,neutral,upi,expired,India,Hindi,39,8,172,8,True,better,5,10,old,6,False,no
1219,Male,Married,True,6,off,premium,2,12,neutral,card,expired,US,English,48,21,185,5,False,good,7,2,old,6,False,no
1220,Female,Single,False,3,off,premium,8,13,positive,paypal,expired,Germany,Hindi,21,6,188,3,False,poor,5,7,very_old,7,True,yes
1221,Female,Single,True,7,off,gold,4,20,positive,card,expired,India,Telugu,3,19,75,7,True,better,20,9,very_old,9,True,no
1222,Male,Married,False,1,off,basic,3,2,neutral,upi,expired,Germany,English,20,25,188,4,True,poor,13,1,old,1,False,no
1223,Female,Married,False,2,off,premium,2,16,negative,card,cancelled,US,Telugu,4,5,152,1,True,good,5,9,very_old,2,False,no
1224,Female,Married,True,5,on,premium,9,3,positive,paypal,active,US,Telugu,1,3,111,7,True,good,11,8,very_old,3,False,no
1225,Male,Single,True,4,on,premium,1,16,neutral,card,active,Germany,Hindi,17,16,127,8,True,poor,20,6,old,13,True,no
1226,Male,Married,True,9,on,premium,6,20,positive,card,active,UK,Hindi,32,24,40,7,False,better,4,4,recent,14,True,no
1227,Male,Married,False,6,off,premium,8,17,negative,card,active,US,English,33,23,181,10,True,poor,3,10,recent,0,False,yes
1228,Female,Married,False,2,off,gold,1,20,positive,upi,active,Germany,English,44,17,173,9,False,poor,6,5,recent,15,False,no
1229,Female,Married,False,7,off,premium,1,1,positive,upi,cancelled,UK,English,32,17,46,10,False,poor,1,5,recent,17,True,yes
1230,Male,Married,False,3,off,basic,8,3,negative,card,cancelled,US,English,26,21,39,10,False,better,20,0,old,12,False,yes
1231,Male,Married,False,8,on,gold,5,11,neutral,card,expired,Germany,English,46,17,63,2,False,poor,9,2,very_old,3,False,yes
1232,Male,Single,True,8,on,premium,4,2,neutral,upi,expired,UK,Hindi,43,9,56,10,True,poor,16,6,recent,13,True,yes
1233,Female,Single,False,6,off,premium,10,9,negative,paypal,cancelled,UK,English,41,18,183,10,True,poor,14,4,old,3,True,yes
1234,Male,Single,False,3,on,gold,5,10,negative,upi,cancelled,UK,Hindi,35,22,39,9,True,good,17,6,recent,3,False,no
1235,Male,Married,True,8,on,basic,10,7,neutral,card,active,India,English,50,11,118,4,False,poor,9,5,old,19,True,no
1236,Male,Married,False,6,on,premium,6,3,neutral,card,cancelled,India,English,42,15,103,9,False,poor,5,0,recent,3,True,yes
1237,Female,Married,False,7,on,premium,2,16,negative,card,cancelled,US,Hindi,27,18,172,8,True,poor,4,8,old,5,True,yes
1238,Female,Single,True,8,off,premium,10,9,negative,upi,active,Germany,Telugu,21,18,177,4,False,good,7,9,very_old,11,True,no
1239,Female,Married,False,7,on,basic,10,19,negative,paypal,active,Germany,Hindi,35,12,180,5,True,better,12,0,very_old,1,True,no
1240,Male,Single,False,6,off,basic,8,2,positive,card,cancelled,India,Telugu,45,9,88,2,True,better,16,2,recent,14,True,no
1241,Female,Single,False,8,off,gold,6,9,neutral,card,cancelled,UK,English,24,19,107,5,True,better,17,7,recent,15,True,yes
1242,Male,Single,True,3,on,gold,1,19,positive,upi,cancelled,US,English,36,3,186,10,True,poor,14,9,very_old,10,True,no
1243,Female,Married,False,5,on,gold,9,0,positive,paypal,cancelled,UK,Hindi,48,16,73,6,False,good,17,2,very_old,12,True,no
1244,Male,Single,True,9,off,gold,5,17,negative,card,expired,Germany,Telugu,1,14,165,8,False,poor,11,10,old,15,True,yes
1245,Male,Married,False,5,on,gold,10,13,negative,card,expired,India,Hindi,47,19,25,2,True,poor,8,2,very_old,14,False,yes
1246,Male,Single,True,1,off,premium,4,1,negative,upi,active,US,Hindi,27,9,59,8,True,poor,11,4,old,5,True,yes
1247,Female,Single,True,3,off,basic,10,3,neutral,paypal,active,Germany,English,12,7,185,4,False,poor,19,9,very_old,8,True,no
1248,Female,Single,True,3,off,basic,1,9,negative,paypal,active,Germany,Telugu,4,6,191,1,True,poor,14,4,very_old,2,False,no
1249,Female,Single,True,9,off,basic,3,15,neutral,paypal,active,US,Hindi,1,0,164,4,False,good,19,8,recent,9,False,no
1250,Male,Married,True,5,off,basic,2,14,positive,paypal,active,Germany,Telugu,25,8,57,6,True,good,19,1,old,16,False,no
1251,Male,Married,False,10,on,premium,1,0,positive,paypal,cancelled,UK,Telugu,33,17,38,7,True,good,13,2,recent,13,True,no
1252,Male,Married,False,6,on,basic,8,9,positive,card,cancelled,Germany,English,3,21,181,1,False,poor,4,0,old,7,False,yes
1253,Female,Single,True,6,off,basic,1,11,neutral,upi,active,India,Hindi,8,13,112,7,False,poor,17,5,recent,12,False,no
1254,Female,Married,False,8,off,premium,5,14,neutral,paypal,active,Germany,Telugu,3,20,102,1,False,poor,4,10,old,14,True,no
1255,Male,Single,False,6,on,basic,7,15,neutral,upi,active,Germany,Telugu,25,4,177,4,True,better,18,5,old,9,False,no
1256,Male,Married,True,9,off,gold,7,2,positive,paypal,active,UK,Telugu,36,8,197,7,True,better,6,6,very_old,8,True,no
1257,Male,Married,False,1,on,gold,3,8,negative,upi,cancelled,India,Hindi,50,11,35,6,True,better,6,8,very_old,14,True,yes
1258,Female,Married,False,5,on,gold,1,2,positive,upi,expired,Germany,English,8,16,154,1,False,better,14,1,very_old,7,False,no
1259,Female,Single,True,8,off,basic,9,6,neutral,upi,cancelled,India,Telugu,2,1,33,4,True,better,4,1,old,18,False,yes
1260,Male,Single,True,2,on,premium,4,5,positive,card,active,Germany,English,41,18,44,1,True,poor,17,8,very_old,15,True,no
1261,Female,Single,True,3,on,gold,6,3,neutral,paypal,active,UK,English,45,18,90,9,False,better,6,7,very_old,11,True,no
1262,Male,Single,False,8,off,basic,3,8,negative,upi,cancelled,US,Telugu,36,3,117,10,False,better,17,1,recent,2,True,yes
1263,Female,Married,True,2,on,gold,9,17,positive,upi,active,India,Hindi,39,13,37,2,True,poor,17,7,recent,4,False,no
1264,Male,Single,True,9,on,gold,6,10,positive,paypal,active,UK,English,36,25,41,9,False,better,12,9,old,20,True,no
1265,Male,Single,True,8,off,premium,7,15,neutral,paypal,active,Germany,Hindi,18,4,162,4,True,poor,15,6,recent,2,False,no
1266,Male,Married,True,6,on,gold,5,10,neutral,paypal,active,Germany,Hindi,4,12,88,7,False,poor,12,10,very_old,3,False,no
1267,Male,Married,False,2,off,basic,2,9,negative,upi,expired,US,Telugu,7,7,66,1,False,better,9,3,recent,15,False,yes
1268,Female,Married,True,8,off,basic,2,10,positive,card,expired,India,Telugu,13,11,43,2,False,better,3,4,old,15,True,no
1269,Female,Single,False,7,on,gold,8,9,negative,paypal,cancelled,Germany,Hindi,6,18,137,3,True,good,4,2,very_old,18,True,yes
1270,Male,Single,False,5,off,gold,8,4,positive,paypal,expired,UK,Telugu,37,10,79,7,False,good,17,6,recent,14,True,yes
1271,Female,Married,False,9,off,premium,10,3,positive,upi,cancelled,UK,Telugu,29,22,140,1,True,poor,14,7,very_old,0,False,no
1272,Female,Single,True,4,off,premium,1,3,negative,paypal,active,India,English,1,20,61,7,False,better,5,4,old,2,False,no
1273,Male,Married,True,5,off,gold,2,2,negative,card,cancelled,India,Hindi,45,3,161,4,False,poor,8,0,very_old,3,False,yes
1274,Male,Married,False,2,off,gold,3,20,neutral,upi,expired,Germany,Hindi,34,14,191,6,False,good,8,5,very_old,13,False,yes
1275,Female,Married,True,1,on,premium,8,6,negative,upi,active,US,Hindi,0,15,90,10,True,poor,18,6,old,17,False,no
1276,Male,Married,True,7,off,premium,8,15,negative,card,active,US,Telugu,10,2,124,8,False,better,8,7,very_old,13,False,no
1277,Female,Single,True,2,on,basic,3,9,neutral,upi,cancelled,UK,English,10,23,36,10,True,good,15,3,old,8,True,no
1278,Male,Single,True,8,on,gold,3,0,negative,card,cancelled,India,English,32,14,89,4,True,better,1,6,recent,6,True,yes
1279,Female,Married,False,7,off,gold,4,11,negative,upi,expired,India,Telugu,10,25,12,6,True,better,6,3,very_old,8,False,no
1280,Female,Married,True,4,on,basic,5,19,positive,paypal,expired,Germany,English,2,1,111,1,True,poor,10,9,old,12,True,no
1281,Female,Married,True,7,on,gold,6,20,negative,paypal,cancelled,UK,Hindi,0,14,29,5,True,good,12,6,very_old,2,False,yes
1282,Female,Single,False,4,on,premium,6,16,negative,card,active,US,Hindi,24,7,156,8,False,better,14,10,recent,7,False,no
1283,Male,Married,True,5,off,basic,7,20,negative,upi,expired,US,Hindi,46,12,79,5,True,poor,8,0,recent,20,False,yes
1284,Female,Married,True,8,on,premium,7,12,neutral,paypal,cancelled,India,Telugu,11,4,101,1,True,poor,1,2,old,20,True,no
1285,Male,Married,False,7,off,premium,4,13,neutral,card,active,Germany,Telugu,26,19,25,10,False,poor,13,8,recent,5,True,no
1286,Female,Married,True,7,off,gold,6,2,positive,upi,active,UK,Telugu,30,17,93,5,False,good,15,9,old,3,True,no
1287,Male,Single,True,7,off,premium,9,15,negative,card,expired,UK,Telugu,20,19,181,2,False,better,18,4,very_old,14,True,no
1288,Female,Single,True,1,off,basic,1,18,neutral,card,expired,India,Telugu,6,11,67,1,False,poor,15,6,old,12,True,no
1289,Female,Single,False,2,on,basic,3,0,neutral,upi,expired,India,Hindi,13,8,158,1,False,good,11,1,very_old,7,False,no
1290,Male,Married,False,6,on,basic,8,0,positive,upi,active,US,English,23,19,66,3,False,good,18,2,recent,8,True,no
1291,Female,Married,True,3,off,basic,8,7,neutral,card,expired,Germany,English,12,10,64,4,True,poor,14,8,old,5,False,yes
1292,Female,Single,False,9,off,premium,10,7,neutral,upi,expired,Germany,English,14,10,11,8,False,good,6,1,very_old,4,True,no
1293,Male,Married,True,5,off,premium,9,19,neutral,paypal,active,UK,Hindi,20,3,180,5,False,poor,8,0,recent,6,True,no
1294,Female,Married,False,6,off,premium,4,3,negative,card,expired,US,Telugu,43,21,144,4,False,good,17,5,recent,0,True,yes
1295,Female,Single,False,1,on,premium,3,11,neutral,paypal,cancelled,India,Telugu,40,3,105,3,True,better,12,2,recent,3,True,yes
1296,Male,Single,False,3,off,premium,5,4,neutral,paypal,active,Germany,Hindi,36,7,107,10,False,poor,20,7,very_old,14,False,yes
1297,Female,Single,True,8,off,basic,9,1,negative,card,cancelled,Germany,English,35,12,63,6,False,good,12,7,recent,5,True,yes
1298,Male,Single,False,9,on,premium,10,6,positive,paypal,active,India,Telugu,20,8,11,2,False,good,12,4,old,1,True,no
1299,Male,Single,True,8,on,basic,8,16,neutral,upi,cancelled,UK,Hindi,44,9,167,7,True,better,2,5,old,3,True,yes
1300,Female,Single,False,10,on,premium,2,8,positive,card,expired,US,English,13,0,161,8,True,poor,16,4,old,17,False,no
1301,Female,Single,False,1,on,premium,3,4,positive,upi,cancelled,US,Hindi,24,6,151,3,False,poor,18,1,old,1,False,no
1302,Male,Single,False,10,on,gold,9,13,positive,card,cancelled,US,English,43,19,48,9,False,good,10,6,old,4,False,yes
1303,Female,Married,True,1,off,premium,7,4,neutral,paypal,expired,UK,Telugu,43,2,69,2,False,poor,10,10,recent,14,False,yes
1304,Male,Single,True,6,off,gold,8,10,positive,upi,expired,India,Telugu,25,24,68,2,False,good,3,7,old,20,False,yes
1305,Male,Married,False,4,off,gold,2,12,negative,card,expired,India,Telugu,17,3,176,9,True,good,17,9,old,13,True,yes
1306,Male,Single,False,7,on,premium,8,15,negative,upi,cancelled,UK,Telugu,20,4,189,3,True,poor,8,1,old,6,False,yes
1307,Male,Single,True,1,off,gold,8,10,negative,card,expired,UK,English,22,3,167,1,True,better,3,1,very_old,18,True,yes
1308,Female,Single,False,6,on,gold,10,13,negative,upi,expired,India,Hindi,38,22,195,9,False,poor,18,10,recent,2,False,yes
1309,Male,Married,True,5,on,gold,1,13,negative,card,cancelled,US,Telugu,28,8,119,4,False,poor,18,8,very_old,20,True,yes
1310,Male,Single,False,7,on,premium,4,14,negative,upi,active,US,Telugu,49,11,22,10,True,poor,14,8,old,16,False,no
1311,Female,Single,True,1,on,premium,2,16,neutral,card,active,US,English,36,2,172,7,False,good,2,5,very_old,2,False,no
1312,Male,Single,True,6,off,basic,2,4,negative,card,active,UK,Hindi,30,9,106,5,False,better,2,5,very_old,18,False,no
1313,Female,Single,True,10,on,premium,8,14,negative,card,cancelled,US,English,11,20,132,6,True,poor,14,9,old,11,False,no
1314,Male,Single,True,4,on,premium,1,13,positive,paypal,cancelled,India,English,2,6,61,1,False,good,2,1,old,8,False,no
1315,Female,Single,False,1,on,basic,10,6,negative,card,expired,India,Telugu,12,16,167,6,False,better,19,6,very_old,5,False,yes
1316,Female,Single,True,3,off,basic,9,16,neutral,card,cancelled,UK,Telugu,20,15,116,10,False,better,11,1,old,18,True,yes
1317,Female,Single,True,9,off,gold,8,9,neutral,paypal,active,US,English,4,8,130,5,False,poor,19,9,old,15,False,no
1318,Female,Married,False,3,on,gold,4,18,negative,upi,active,India,Telugu,45,25,48,6,False,better,16,4,recent,19,False,no
1319,Male,Single,False,2,off,gold,2,16,neutral,card,expired,Germany,English,32,7,83,5,False,good,12,6,old,10,False,no
1320,Female,Single,True,10,off,premium,10,7,neutral,upi,active,UK,Hindi,31,16,122,5,True,good,15,1,very_old,6,True,no
1321,Female,Single,False,3,off,gold,5,12,positive,card,active,US,English,16,14,74,5,True,poor,15,10,old,14,True,no
1322,Male,Married,False,9,on,premium,1,9,positive,card,cancelled,US,Hindi,24,4,112,3,True,better,15,4,old,10,False,no
1323,Male,Single,False,3,off,premium,8,1,negative,card,cancelled,UK,English,42,22,111,3,False,poor,14,4,very_old,6,False,no
1324,Male,Single,False,5,on,gold,7,18,positive,paypal,expired,US,Telugu,7,11,82,10,False,better,15,5,recent,6,True,no
1325,Female,Single,False,6,on,basic,10,8,neutral,upi,cancelled,US,Telugu,19,6,90,2,False,better,7,5,very_old,16,True,yes
1326,Male,Married,True,4,on,gold,10,14,neutral,upi,expired,UK,English,3,11,73,7,True,good,1,9,recent,19,True,yes
1327,Male,Married,False,2,on,gold,7,18,positive,upi,cancelled,Germany,English,43,3,32,6,True,better,11,5,old,9,False,yes
1328,Male,Married,False,5,on,basic,2,0,negative,card,active,UK,Telugu,17,5,24,5,True,better,1,7,old,2,False,no
1329,Female,Single,False,5,off,premium,10,19,neutral,upi,cancelled,Germany,Telugu,12,24,135,10,True,good,15,5,recent,18,False,yes
1330,Female,Single,False,2,on,premium,4,1,positive,paypal,cancelled,US,Telugu,28,20,175,1,True,poor,13,7,old,2,True,yes
1331,Male,Single,False,1,on,basic,5,13,negative,paypal,active,US,English,36,14,35,6,True,poor,7,5,recent,9,True,no
1332,Male,Married,True,1,off,premium,8,1,neutral,upi,expired,US,Telugu,39,21,162,2,False,good,16,4,recent,8,False,no
1333,Female,Single,False,9,on,basic,5,4,positive,card,expired,US,Telugu,36,0,137,4,False,better,20,1,old,2,False,no
1334,Male,Single,True,1,off,gold,2,11,neutral,paypal,active,India,Hindi,41,6,64,5,False,poor,1,9,very_old,16,False,no
1335,Male,Single,False,5,on,premium,5,11,negative,upi,active,UK,English,3,19,11,10,False,poor,17,6,old,11,False,no
1336,Female,Married,False,2,on,basic,10,3,positive,card,cancelled,UK,English,3,23,164,3,False,better,7,6,very_old,2,True,no
1337,Male,Married,True,3,on,basic,10,5,negative,paypal,cancelled,UK,Hindi,49,22,147,8,True,better,6,9,recent,9,False,yes
1338,Female,Single,True,7,on,gold,1,18,neutral,paypal,expired,Germany,Telugu,37,12,168,10,False,better,9,8,old,10,False,no
1339,Male,Single,True,6,on,basic,5,3,negative,upi,cancelled,UK,Telugu,31,17,131,10,False,better,14,8,old,17,False,yes
1340,Female,Single,False,1,off,premium,2,10,positive,card,active,UK,Telugu,16,7,72,10,True,better,16,1,very_old,6,False,no
1341,Male,Single,False,10,off,premium,7,20,negative,upi,cancelled,India,English,36,1,24,5,False,better,11,1,recent,6,True,yes
1342,Male,Single,True,10,off,gold,9,19,positive,upi,cancelled,India,English,19,18,200,10,False,good,8,7,old,9,False,no
1343,Male,Married,True,10,off,basic,10,5,negative,card,cancelled,US,Hindi,2,3,195,3,True,poor,1,0,old,11,False,no
1344,Female,Single,True,3,off,basic,4,4,positive,paypal,cancelled,Germany,Hindi,0,8,129,6,False,good,12,9,old,0,False,no
1345,Female,Married,True,3,on,premium,3,10,negative,upi,cancelled,US,Hindi,24,15,178,2,False,poor,20,5,very_old,13,False,no
1346,Female,Married,True,10,on,premium,9,3,positive,card,active,India,Hindi,5,17,87,10,True,good,8,1,old,0,False,no
1347,Female,Single,False,6,on,gold,7,9,neutral,paypal,active,Germany,Telugu,33,17,93,6,True,poor,13,6,recent,4,False,no
1348,Male,Single,True,3,off,basic,1,19,neutral,card,cancelled,India,Telugu,50,8,167,9,False,better,1,4,recent,19,False,yes
1349,Female,Single,False,2,on,basic,2,17,positive,paypal,active,UK,English,45,15,200,5,True,poor,18,4,old,11,True,no
1350,Female,Single,False,6,on,premium,9,9,negative,card,active,Germany,English,1,4,111,4,True,better,10,5,old,0,True,no
1351,Female,Married,True,8,off,premium,5,16,neutral,upi,expired,Germany,Telugu,25,8,87,5,True,good,3,0,recent,14,True,no
1352,Male,Single,True,6,off,basic,9,9,positive,card,cancelled,India,Telugu,28,13,12,3,True,better,13,9,old,10,True,yes
1353,Male,Single,False,8,off,premium,2,7,neutral,paypal,expired,UK,Telugu,44,14,29,2,False,poor,6,9,old,17,True,yes
1354,Male,Single,False,3,off,basic,2,14,positive,paypal,cancelled,US,Hindi,50,13,78,9,True,poor,4,10,recent,11,False,yes
1355,Male,Married,False,6,off,premium,7,2,neutral,upi,active,Germany,English,42,5,28,2,True,better,4,8,old,16,False,no
1356,Female,Married,False,9,off,premium,1,12,negative,upi,cancelled,India,Hindi,14,25,37,2,True,poor,16,9,old,2,True,yes
1357,Male,Married,False,2,off,basic,7,19,negative,paypal,cancelled,India,Hindi,44,13,183,6,True,good,17,4,very_old,12,True,yes
1358,Female,Married,True,4,on,basic,8,5,neutral,paypal,active,Germany,English,43,4,188,8,True,poor,16,5,very_old,11,True,no
1359,Male,Married,False,8,off,basic,6,1,neutral,paypal,cancelled,UK,Hindi,34,23,199,8,False,good,9,9,very_old,0,True,no
1360,Male,Married,True,10,on,basic,10,14,positive,card,cancelled,India,Hindi,7,12,106,4,True,good,6,0,very_old,15,False,no
1361,Male,Single,False,7,off,gold,6,12,negative,card,cancelled,Germany,English,15,16,99,5,True,poor,17,5,recent,7,True,no
1362,Male,Single,True,6,on,gold,1,2,negative,card,expired,UK,Telugu,16,25,169,10,True,better,20,6,old,13,True,no
1363,Female,Married,True,6,on,premium,1,11,neutral,paypal,cancelled,Germany,English,45,1,189,2,True,good,18,6,recent,0,True,yes
1364,Female,Married,True,2,off,premium,9,17,neutral,upi,expired,Germany,English,4,2,92,3,False,good,17,3,recent,1,False,no
1365,Male,Single,False,10,off,gold,7,5,negative,card,expired,India,Telugu,47,18,62,8,False,better,1,8,very_old,1,False,yes
1366,Female,Married,True,6,on,premium,4,19,positive,upi,expired,UK,Hindi,35,22,71,2,True,better,14,0,old,8,True,yes
1367,Female,Married,True,1,off,gold,6,5,negative,card,cancelled,India,English,21,19,168,4,False,poor,6,3,recent,0,True,yes
1368,Male,Single,False,7,off,basic,1,11,positive,paypal,cancelled,UK,English,45,10,158,10,True,poor,13,10,old,14,False,no
1369,Male,Married,False,10,off,gold,10,20,positive,upi,expired,India,English,10,12,123,9,True,poor,11,5,old,2,True,no
1370,Female,Single,False,2,off,premium,9,0,neutral,paypal,cancelled,India,Hindi,22,8,182,9,False,better,4,10,old,18,False,yes
1371,Female,Married,False,4,on,premium,9,13,negative,upi,active,US,Hindi,25,16,200,4,True,good,1,2,very_old,20,True,no
1372,Male,Married,True,6,off,gold,5,16,negative,card,cancelled,Germany,Hindi,13,5,67,7,True,better,20,6,recent,2,True,no
1373,Female,Single,False,7,off,premium,2,6,positive,paypal,active,UK,Telugu,47,9,45,7,False,better,3,1,very_old,20,False,no
1374,Male,Single,False,4,on,gold,7,13,neutral,paypal,active,UK,Hindi,17,19,142,4,True,good,9,6,old,2,False,no
1375,Male,Single,False,5,off,premium,4,13,positive,paypal,active,Germany,Telugu,23,14,51,6,False,poor,1,5,old,14,True,no
1376,Female,Married,True,7,off,premium,10,5,negative,card,expired,US,Telugu,29,12,200,4,True,good,8,5,old,12,False,yes
1377,Male,Married,False,4,off,premium,6,17,neutral,paypal,active,Germany,English,46,19,173,5,True,good,12,2,very_old,20,True,no
1378,Male,Married,False,6,on,gold,3,0,positive,card,expired,India,English,10,25,89,10,False,better,10,9,recent,7,False,yes
1379,Male,Single,True,8,on,basic,7,4,neutral,paypal,active,Germany,Telugu,33,12,62,9,False,poor,20,2,old,12,False,no
1380,Male,Married,True,2,off,premium,2,13,negative,paypal,expired,India,Telugu,34,4,184,7,False,better,10,7,old,6,True,yes
1381,Female,Married,True,7,on,gold,6,15,positive,upi,cancelled,UK,Telugu,48,20,114,9,True,good,4,7,very_old,7,False,yes
1382,Male,Married,False,10,off,gold,8,9,positive,upi,cancelled,UK,Telugu,50,2,147,1,True,good,9,2,very_old,9,False,yes
1383,Female,Single,True,4,on,premium,2,15,positive,card,expired,Germany,English,9,7,23,3,True,better,3,4,recent,9,True,no
1384,Female,Single,True,8,off,gold,9,11,positive,paypal,cancelled,Germany,Telugu,8,21,132,6,True,better,9,0,very_old,1,True,no
1385,Male,Married,True,10,off,gold,6,5,negative,card,active,India,Telugu,33,8,33,5,True,better,18,1,old,4,False,no
1386,Male,Married,True,2,off,premium,1,7,negative,paypal,expired,US,English,26,8,94,6,True,better,13,6,old,8,False,yes
1387,Male,Single,False,8,on,premium,3,4,negative,card,expired,US,Telugu,7,0,142,10,False,poor,16,8,recent,0,False,no
1388,Male,Married,True,1,off,premium,10,19,positive,upi,active,UK,Hindi,22,17,87,3,True,good,8,10,old,9,False,no
1389,Male,Single,False,6,off,basic,5,18,positive,upi,active,India,Hindi,38,13,124,2,True,good,3,3,very_old,12,False,yes
1390,Female,Married,False,2,off,basic,10,5,positive,card,cancelled,UK,Hindi,8,17,55,7,False,poor,18,6,very_old,9,False,no
1391,Female,Single,False,3,off,gold,4,1,positive,card,cancelled,UK,English,13,3,102,6,False,good,1,1,recent,13,False,no
1392,Female,Married,True,6,on,basic,10,20,positive,upi,expired,India,Telugu,25,25,22,3,False,good,13,0,old,6,False,no
1393,Female,Married,False,5,off,premium,10,9,negative,card,expired,Germany,English,33,23,70,5,False,good,18,9,recent,4,True,yes
1394,Male,Single,True,9,off,premium,9,14,neutral,upi,active,UK,Telugu,49,2,119,3,True,better,6,8,old,2,False,no
1395,Female,Single,False,3,on,premium,2,15,neutral,card,expired,Germany,Telugu,20,7,104,9,True,poor,6,7,recent,19,False,yes
1396,Female,Single,True,10,on,basic,8,17,neutral,paypal,active,UK,Telugu,4,12,57,8,False,poor,7,9,very_old,17,False,no
1397,Female,Single,True,1,off,basic,4,11,negative,paypal,active,India,English,38,12,32,2,True,better,12,8,old,2,False,no
1398,Male,Married,True,6,off,basic,4,15,positive,upi,cancelled,US,Telugu,48,22,39,9,True,better,17,7,old,13,True,yes
1399,Male,Single,True,2,off,basic,6,20,negative,card,cancelled,Germany,Telugu,19,23,49,6,False,better,4,5,recent,12,False,yes
1400,Female,Single,True,2,off,basic,5,7,negative,paypal,cancelled,India,Telugu,43,2,186,10,False,poor,3,6,very_old,0,True,no
1401,Male,Single,True,2,on,premium,6,10,positive,upi,cancelled,US,Telugu,0,13,142,6,False,good,15,6,old,15,True,no
1402,Female,Single,True,10,off,basic,10,17,positive,card,cancelled,UK,Hindi,11,24,37,7,True,good,16,6,very_old,16,True,no
1403,Female,Single,True,9,on,premium,4,8,neutral,paypal,cancelled,US,Telugu,40,18,49,10,False,poor,20,2,recent,13,True,no
1404,Male,Married,True,8,on,basic,5,7,neutral,paypal,active,UK,English,11,18,109,6,True,good,18,6,very_old,14,False,no
1405,Female,Married,True,3,off,gold,4,10,neutral,card,active,US,Telugu,46,1,174,10,False,poor,14,3,recent,8,True,no
1406,Female,Married,True,10,on,basic,4,20,positive,upi,active,UK,Hindi,7,12,85,7,False,better,20,10,very_old,5,True,no
1407,Female,Single,False,2,off,premium,2,0,positive,upi,cancelled,US,Hindi,38,17,63,2,True,good,11,2,old,1,True,yes
1408,Male,Married,False,5,off,basic,1,11,positive,upi,cancelled,India,English,45,3,48,6,False,better,15,8,old,1,True,no
1409,Female,Single,True,4,off,premium,8,11,positive,paypal,cancelled,US,English,6,17,125,1,False,good,6,3,old,17,False,no
1410,Male,Single,True,1,on,gold,1,7,negative,card,active,UK,Telugu,48,12,45,2,False,better,3,10,recent,8,True,no
1411,Male,Single,True,1,off,premium,6,11,neutral,paypal,cancelled,UK,Hindi,42,10,34,3,False,good,7,7,old,14,True,yes
1412,Female,Single,True,10,on,gold,8,8,neutral,upi,active,Germany,English,34,24,119,1,True,good,6,4,old,13,False,no
1413,Male,Married,False,1,on,premium,10,5,positive,card,expired,UK,Hindi,31,14,14,8,False,poor,18,5,very_old,18,True,no
1414,Female,Married,True,2,off,basic,7,12,negative,paypal,cancelled,India,English,37,25,21,8,True,poor,1,0,very_old,1,False,yes
1415,Male,Single,False,9,on,gold,10,16,negative,card,cancelled,Germany,English,14,22,174,8,False,good,16,1,recent,12,False,no
1416,Female,Married,True,10,on,premium,7,6,neutral,card,expired,India,Hindi,31,15,154,9,False,good,18,6,old,6,False,no
1417,Female,Married,False,6,on,basic,7,1,neutral,card,active,Germany,Hindi,46,10,46,3,True,poor,2,10,very_old,4,False,yes
1418,Female,Married,True,6,off,gold,10,10,positive,paypal,expired,US,Telugu,43,6,79,7,False,poor,8,3,old,12,True,yes
1419,Female,Married,False,4,off,gold,9,19,negative,upi,cancelled,India,Telugu,24,3,39,6,False,good,11,3,recent,4,False,yes
1420,Female,Single,False,2,on,premium,3,6,positive,upi,active,UK,Hindi,36,22,139,6,True,good,11,0,recent,1,True,no
1421,Male,Single,False,6,on,premium,4,10,negative,card,expired,UK,Hindi,17,7,166,8,True,good,19,10,recent,9,False,yes
1422,Female,Single,True,10,on,premium,4,17,neutral,card,expired,UK,Hindi,26,25,194,5,True,poor,8,8,recent,8,False,yes
1423,Male,Single,True,5,off,premium,6,14,neutral,upi,active,UK,Telugu,19,15,105,1,True,good,4,5,old,2,True,no
1424,Female,Single,True,2,off,premium,10,14,positive,upi,cancelled,UK,English,39,12,151,1,False,better,5,3,old,12,False,yes
1425,Female,Married,True,8,on,gold,7,12,positive,upi,active,UK,Hindi,48,3,110,4,False,better,15,3,recent,10,True,no
1426,Male,Single,False,10,on,gold,3,1,positive,upi,active,US,Hindi,33,1,11,7,False,better,14,7,very_old,1,True,no
1427,Female,Single,False,10,on,basic,3,11,negative,card,expired,India,Hindi,34,19,34,3,True,poor,7,9,very_old,20,False,yes
1428,Female,Married,False,3,off,premium,3,18,neutral,paypal,active,Germany,Telugu,6,18,133,7,True,good,12,8,old,11,True,no
1429,Male,Married,True,3,on,gold,8,2,negative,upi,active,UK,Telugu,26,1,150,8,False,good,12,9,recent,12,True,no
1430,Male,Single,False,3,on,premium,4,18,negative,upi,cancelled,UK,English,10,15,182,3,False,better,14,4,old,9,False,yes
1431,Female,Married,False,2,off,premium,6,19,positive,card,expired,India,Telugu,49,25,130,1,False,good,4,5,old,13,True,yes
1432,Female,Single,True,4,on,basic,1,16,neutral,paypal,active,India,Telugu,33,22,40,6,True,good,7,5,recent,13,False,no
1433,Male,Married,False,5,off,gold,4,1,neutral,upi,cancelled,India,Telugu,5,25,168,3,False,good,17,4,very_old,6,False,no
1434,Male,Single,True,3,on,premium,6,15,negative,upi,active,India,Hindi,31,0,28,6,False,better,20,10,recent,18,False,no
1435,Male,Single,False,2,off,premium,9,7,positive,card,cancelled,US,English,19,15,87,7,True,poor,7,3,very_old,3,True,no
1436,Male,Married,True,6,off,gold,5,17,neutral,card,cancelled,Germany,Telugu,2,21,17,3,False,good,4,10,old,0,False,no
1437,Male,Single,False,4,on,basic,3,12,positive,paypal,cancelled,India,Hindi,39,0,30,7,False,good,9,8,very_old,20,True,yes
1438,Male,Married,True,7,off,premium,3,6,positive,card,expired,India,Hindi,6,7,179,10,True,poor,16,1,old,7,True,no
1439,Male,Married,False,1,on,basic,5,11,negative,upi,active,Germany,English,14,9,200,8,False,poor,9,5,old,7,True,no
1440,Female,Single,False,4,off,basic,3,20,negative,card,expired,Germany,English,32,15,55,3,False,poor,6,7,very_old,7,True,no
1441,Female,Married,True,1,off,gold,3,14,neutral,paypal,cancelled,US,English,29,15,62,2,False,better,15,2,old,7,True,no
1442,Female,Single,False,1,on,premium,2,16,neutral,card,active,Germany,Hindi,7,14,155,9,True,poor,9,2,recent,8,True,no
1443,Female,Single,False,5,off,basic,8,18,positive,card,active,India,Telugu,0,20,182,6,True,poor,1,10,recent,9,True,no
1444,Female,Single,False,10,off,basic,2,1,negative,card,active,UK,Hindi,36,18,112,9,False,better,4,4,recent,18,False,no
1445,Male,Single,False,4,on,premium,4,7,negative,upi,active,India,Hindi,40,3,81,6,True,better,1,7,very_old,7,True,no
1446,Female,Single,False,8,on,basic,7,13,positive,card,expired,UK,English,35,20,153,3,False,poor,10,1,old,14,False,no
1447,Female,Married,False,1,off,gold,2,1,positive,upi,expired,US,English,3,2,150,1,False,better,19,6,very_old,11,False,yes
1448,Female,Married,True,7,off,premium,5,1,negative,card,active,India,Hindi,33,16,82,3,False,good,10,9,very_old,8,True,no
1449,Male,Single,True,7,on,gold,2,11,negative,card,active,India,English,1,18,110,3,False,good,7,8,very_old,15,False,no
1450,Female,Single,False,7,off,basic,7,6,negative,card,active,India,Telugu,20,14,149,7,True,good,8,8,old,9,True,no
1451,Male,Married,False,10,off,basic,4,1,negative,paypal,expired,India,Hindi,11,22,136,2,False,good,14,4,old,1,False,yes
1452,Male,Married,True,5,off,basic,6,16,neutral,paypal,expired,India,English,4,24,162,1,False,good,20,0,very_old,3,True,no
1453,Female,Single,False,1,on,gold,4,10,negative,card,active,US,Hindi,48,16,59,9,False,better,17,9,very_old,7,False,yes
1454,Male,Single,True,7,on,gold,4,15,positive,paypal,expired,Germany,Hindi,50,4,97,7,True,better,12,4,old,11,True,yes
1455,Female,Married,True,5,on,gold,2,3,negative,card,expired,Germany,Telugu,18,19,73,10,False,poor,17,7,old,0,True,yes
1456,Male,Single,False,10,off,premium,3,5,positive,upi,expired,Germany,English,26,22,99,7,True,poor,1,8,old,10,True,no
1457,Female,Married,False,2,on,basic,6,3,neutral,upi,active,India,English,14,14,137,9,False,poor,1,4,very_old,16,False,no
1458,Female,Married,False,5,on,basic,6,10,negative,card,cancelled,Germany,English,22,21,151,2,False,better,18,5,recent,7,False,yes
1459,Male,Married,False,5,on,gold,5,10,neutral,paypal,expired,US,Hindi,31,4,76,2,True,poor,12,8,recent,20,True,no
1460,Female,Married,False,1,off,gold,9,13,neutral,paypal,cancelled,India,Telugu,40,17,166,9,False,poor,1,1,very_old,1,False,yes
1461,Male,Married,True,8,on,gold,2,10,negative,card,expired,India,Telugu,41,17,82,10,False,poor,16,9,old,13,True,yes
1462,Female,Married,False,5,off,gold,9,6,negative,upi,expired,Germany,English,9,10,37,10,False,good,13,6,very_old,13,False,yes
1463,Male,Married,True,8,on,premium,5,10,negative,paypal,expired,India,English,8,1,93,1,False,good,13,5,old,18,True,yes
1464,Female,Single,False,2,off,gold,4,13,negative,card,expired,Germany,Telugu,12,23,126,8,False,good,12,0,recent,3,True,no
1465,Male,Single,True,10,off,basic,6,2,positive,upi,cancelled,UK,English,39,12,150,10,False,better,14,5,old,3,True,yes
1466,Male,Married,False,8,on,basic,4,7,neutral,card,cancelled,India,Telugu,45,14,31,3,False,good,10,8,recent,13,False,yes
1467,Male,Single,False,1,on,basic,1,19,neutral,upi,expired,Germany,English,48,8,57,6,False,poor,20,8,old,13,False,yes
1468,Female,Single,False,5,on,gold,9,13,positive,upi,expired,Germany,English,48,17,172,8,True,good,6,10,old,17,False,yes
1469,Male,Married,True,3,on,gold,5,10,positive,paypal,active,US,Telugu,50,16,19,5,True,better,10,2,old,0,True,no
1470,Female,Single,True,5,on,premium,4,3,negative,card,expired,US,Telugu,40,14,41,9,False,poor,8,6,very_old,16,True,yes
1471,Female,Married,True,4,off,gold,7,16,positive,paypal,active,US,Telugu,44,9,27,9,True,better,13,10,recent,5,False,no
1472,Female,Married,False,8,off,gold,10,5,neutral,upi,expired,Germany,English,30,20,53,1,True,good,19,5,recent,11,False,no
1473,Female,Single,True,10,off,basic,1,0,negative,card,cancelled,Germany,English,22,0,197,2,True,good,13,4,very_old,13,True,yes
1474,Female,Married,False,9,on,premium,6,12,neutral,upi,expired,US,Telugu,22,12,96,4,False,good,17,7,very_old,17,False,no
1475,Male,Married,True,2,off,basic,4,9,neutral,card,active,Germany,Telugu,41,8,65,2,True,good,4,4,old,16,True,no
1476,Female,Single,False,10,off,premium,6,8,negative,paypal,active,Germany,Telugu,33,22,90,6,False,better,4,5,recent,10,True,no
1477,Male,Single,False,2,on,gold,6,7,positive,card,expired,UK,Hindi,27,4,166,8,True,poor,16,9,very_old,11,True,yes
1478,Female,Married,True,3,off,basic,9,16,positive,upi,expired,Germany,Hindi,49,15,18,5,False,poor,3,0,recent,19,False,yes
1479,Female,Married,False,2,off,gold,6,13,negative,paypal,active,India,Hindi,44,19,18,7,True,better,5,1,recent,15,False,no
1480,Female,Single,True,10,off,premium,4,7,neutral,card,expired,US,Hindi,15,17,51,2,True,poor,7,7,recent,16,False,yes
1481,Male,Single,False,1,on,premium,3,1,positive,paypal,active,US,Hindi,20,8,26,1,True,better,4,3,recent,11,True,no
1482,Female,Single,True,2,off,premium,3,3,neutral,upi,cancelled,Germany,English,14,4,175,2,True,better,4,6,very_old,1,True,no
1483,Female,Single,False,7,on,premium,2,15,negative,paypal,cancelled,India,English,16,19,53,5,False,poor,6,10,recent,20,True,yes
1484,Female,Married,True,2,on,basic,2,15,negative,upi,expired,UK,Telugu,29,20,70,8,False,poor,18,10,recent,2,False,no
1485,Female,Married,True,10,off,basic,8,18,negative,paypal,active,UK,Hindi,27,21,183,6,True,good,13,4,very_old,4,True,no
1486,Female,Single,True,6,on,basic,7,5,positive,card,cancelled,UK,Hindi,37,8,106,1,False,good,4,10,recent,6,False,yes
1487,Male,Married,False,10,off,gold,8,7,neutral,upi,cancelled,Germany,Telugu,44,11,60,4,False,poor,6,4,very_old,15,True,yes
1488,Male,Married,True,1,on,basic,10,20,negative,card,expired,UK,Telugu,15,24,157,8,False,poor,16,0,old,20,True,yes
1489,Female,Married,False,5,off,basic,1,15,positive,paypal,expired,India,English,49,25,109,1,True,good,2,7,old,6,True,no
1490,Female,Married,True,8,off,gold,6,15,positive,paypal,active,UK,English,14,12,153,5,True,good,6,9,old,19,True,no
1491,Male,Married,True,2,off,premium,9,16,negative,upi,active,UK,Telugu,10,22,92,6,False,poor,13,5,old,2,False,no
1492,Female,Single,False,8,off,gold,4,10,neutral,paypal,expired,US,Hindi,15,11,132,9,True,better,19,10,old,6,True,no
1493,Female,Married,True,9,off,premium,3,4,positive,card,active,India,Telugu,20,20,133,10,False,poor,6,2,old,18,False,no
1494,Female,Single,False,10,on,premium,8,17,positive,card,cancelled,US,Telugu,6,7,148,7,False,poor,15,9,recent,13,True,no
1495,Male,Married,False,7,off,premium,7,20,negative,paypal,expired,India,Hindi,19,16,29,8,True,good,7,4,old,12,False,yes
1496,Male,Single,True,3,off,premium,1,17,neutral,paypal,active,UK,Hindi,31,19,38,6,True,better,10,9,recent,0,True,no
1497,Female,Single,False,2,on,gold,3,13,negative,card,cancelled,US,Hindi,20,24,181,6,False,good,5,2,very_old,12,False,yes
1498,Female,Single,True,10,on,gold,10,5,positive,paypal,expired,US,Hindi,15,7,143,6,False,good,18,5,recent,18,False,no
1499,Male,Single,True,2,off,premium,6,15,neutral,card,cancelled,US,Telugu,27,25,122,8,True,better,8,8,old,16,False,no
1500,Male,Single,True,3,on,basic,8,3,positive,card,expired,Germany,Telugu,23,25,157,8,False,better,6,1,old,17,True,yes
1501,Female,Married,False,5,on,gold,1,11,neutral,card,expired,US,English,3,12,162,4,True,good,15,1,very_old,17,False,yes
1502,Female,Married,False,5,off,basic,8,10,neutral,paypal,cancelled,US,Telugu,17,17,63,7,False,good,7,3,old,16,False,yes
1503,Female,Married,True,4,off,gold,4,19,negative,card,cancelled,Germany,Hindi,26,10,124,6,True,poor,18,8,old,16,False,yes
1504,Male,Single,False,5,on,premium,3,0,negative,upi,active,US,Hindi,21,7,13,5,True,poor,15,5,very_old,18,False,yes
1505,Male,Single,False,7,off,gold,5,7,neutral,card,expired,US,English,12,18,182,8,True,good,8,6,recent,0,True,no
1506,Female,Married,True,2,off,basic,7,0,neutral,upi,active,UK,Telugu,36,23,141,9,False,better,6,1,recent,16,False,no
1507,Female,Single,False,3,on,basic,7,4,positive,card,active,India,Telugu,23,1,166,10,False,poor,4,7,very_old,12,True,no
1508,Male,Married,False,3,off,premium,10,14,neutral,upi,cancelled,Germany,English,27,19,192,2,True,good,1,6,very_old,16,False,yes
1509,Male,Single,False,7,off,basic,4,4,neutral,card,expired,India,English,3,23,139,3,True,good,6,10,old,18,True,yes
1510,Male,Single,True,1,on,premium,7,19,negative,paypal,active,UK,English,35,15,171,10,True,better,4,4,old,10,False,yes
1511,Female,Single,False,3,off,premium,5,8,neutral,upi,active,US,Telugu,37,1,151,3,True,poor,2,10,recent,2,False,no
1512,Male,Single,False,10,on,premium,4,4,positive,card,active,UK,Hindi,17,7,102,7,True,good,3,9,old,9,False,no
1513,Female,Married,True,9,on,premium,7,4,negative,card,active,Germany,Telugu,49,7,194,2,False,better,6,3,old,15,True,no
1514,Male,Married,False,6,on,gold,1,7,positive,card,cancelled,India,Telugu,14,8,122,7,False,good,2,4,very_old,2,False,no
1515,Female,Married,True,3,on,basic,7,6,neutral,paypal,active,Germany,Telugu,46,5,154,5,False,good,9,0,old,17,True,no
1516,Female,Married,False,2,off,basic,9,3,positive,paypal,expired,US,Hindi,1,18,123,7,True,better,10,3,recent,0,False,yes
1517,Male,Married,True,10,on,premium,4,1,negative,upi,expired,UK,Hindi,4,13,82,8,False,poor,20,7,very_old,12,True,yes
1518,Male,Married,False,3,on,gold,4,11,neutral,paypal,cancelled,India,Telugu,47,16,104,2,False,better,20,2,very_old,2,True,yes
1519,Female,Single,True,2,off,gold,7,10,neutral,upi,expired,US,Hindi,8,25,138,3,True,good,5,9,old,0,False,no
1520,Male,Married,False,2,off,gold,1,2,neutral,paypal,active,US,Hindi,3,17,166,8,True,good,13,8,very_old,16,False,no
1521,Male,Single,False,9,off,premium,2,17,positive,upi,expired,US,Hindi,37,22,23,9,False,poor,3,10,very_old,1,True,no
1522,Female,Single,False,8,on,basic,2,7,negative,card,active,Germany,Hindi,22,19,130,2,True,good,3,8,very_old,18,False,no
1523,Male,Single,True,7,on,gold,6,3,negative,paypal,expired,US,Hindi,25,15,40,5,True,better,17,7,old,18,True,yes
1524,Female,Married,True,7,on,gold,2,12,negative,paypal,active,Germany,English,2,21,27,1,False,better,7,1,old,12,True,no
1525,Male,Married,False,5,on,basic,10,13,neutral,card,expired,India,Telugu,36,13,153,8,False,good,19,1,recent,2,False,no
1526,Female,Married,False,1,off,gold,7,17,negative,paypal,cancelled,US,English,40,19,74,1,False,poor,8,2,very_old,1,False,yes
1527,Female,Single,True,10,off,basic,4,16,negative,upi,active,US,Hindi,6,19,175,4,True,poor,20,1,old,18,True,no
1528,Female,Single,False,3,on,gold,1,3,negative,upi,cancelled,UK,Telugu,18,15,111,9,False,poor,9,3,very_old,0,True,no
1529,Male,Single,True,6,off,gold,3,0,positive,paypal,active,Germany,Hindi,34,6,137,7,False,poor,10,4,very_old,7,True,no
1530,Female,Married,True,2,on,gold,10,0,negative,paypal,active,Germany,Telugu,18,4,34,8,False,poor,19,0,very_old,12,False,no
1531,Male,Married,False,10,on,basic,7,4,positive,paypal,expired,India,Hindi,1,7,136,2,True,better,3,8,recent,7,True,no
1532,Male,Single,True,7,on,gold,6,10,neutral,upi,cancelled,India,English,5,16,38,4,False,poor,20,6,old,12,False,no
1533,Female,Married,False,5,off,basic,5,4,neutral,card,active,UK,English,10,25,104,9,True,better,20,1,old,18,True,no
1534,Female,Married,False,3,on,basic,2,14,negative,paypal,cancelled,India,English,31,15,139,3,True,better,19,9,very_old,6,False,yes
1535,Female,Married,False,2,off,basic,10,18,neutral,upi,expired,US,Hindi,6,24,82,9,True,better,12,1,old,1,True,no
1536,Female,Single,True,1,on,basic,10,13,negative,upi,expired,UK,Telugu,12,7,34,7,True,good,14,6,very_old,6,False,yes
1537,Male,Married,False,2,on,premium,8,3,neutral,paypal,expired,US,Hindi,7,14,193,9,False,good,8,3,very_old,14,True,yes
1538,Female,Married,False,2,on,basic,1,15,positive,upi,active,UK,English,47,10,48,6,False,better,13,9,very_old,13,True,no
1539,Male,Single,True,1,off,premium,1,8,negative,upi,cancelled,UK,Telugu,29,3,165,3,True,good,17,10,old,12,False,yes
1540,Female,Single,True,5,off,basic,6,9,negative,upi,active,Germany,Telugu,29,14,57,2,True,good,1,2,old,10,False,yes
1541,Female,Single,True,4,off,basic,7,3,negative,card,active,Germany,Hindi,10,21,85,2,True,better,3,8,recent,6,True,no
1542,Female,Married,False,1,on,gold,1,2,neutral,upi,expired,India,Telugu,13,18,13,5,False,poor,4,8,old,3,False,yes
1543,Female,Single,True,9,off,basic,3,12,neutral,card,active,UK,English,4,10,41,10,True,good,2,4,recent,6,False,no
1544,Female,Single,True,4,off,premium,8,11,neutral,paypal,expired,India,Telugu,9,17,167,3,False,better,20,2,very_old,5,True,no
1545,Female,Single,True,7,on,gold,9,19,positive,paypal,active,India,English,16,17,16,5,True,good,20,1,recent,7,True,no
1546,Male,Single,True,5,off,gold,7,13,positive,paypal,expired,Germany,Telugu,0,14,96,6,False,better,11,3,recent,20,True,no
1547,Female,Married,True,8,on,basic,2,20,neutral,card,expired,US,Hindi,2,14,187,2,True,good,20,4,recent,5,False,no
1548,Female,Married,True,7,off,gold,4,12,neutral,upi,active,India,English,45,25,196,7,False,poor,6,6,recent,20,True,yes
1549,Male,Single,True,5,off,basic,2,19,positive,paypal,expired,US,Hindi,3,10,81,3,True,good,5,2,recent,18,True,no
1550,Female,Single,True,5,on,basic,9,14,negative,upi,expired,India,Hindi,30,12,159,6,False,better,10,3,old,18,False,yes
1551,Male,Married,False,3,off,gold,4,11,neutral,paypal,cancelled,Germany,Telugu,15,19,73,8,True,better,12,7,recent,7,True,no
1552,Male,Married,False,4,on,gold,10,15,positive,card,active,US,Hindi,18,13,97,7,False,good,20,9,very_old,7,True,no
1553,Male,Married,True,5,on,gold,6,6,negative,upi,expired,Germany,Hindi,48,10,110,6,True,poor,10,3,very_old,6,False,yes
1554,Male,Single,False,9,on,premium,8,19,neutral,upi,active,US,Telugu,48,25,24,7,True,good,16,4,very_old,18,True,no
1555,Male,Married,True,1,on,gold,9,16,negative,paypal,expired,UK,Telugu,41,12,198,6,True,poor,13,6,old,17,False,yes
1556,Female,Married,True,8,off,basic,8,2,negative,upi,cancelled,Germany,Hindi,21,23,100,4,False,good,14,1,recent,9,False,yes
1557,Female,Single,True,7,on,basic,9,18,positive,upi,cancelled,UK,Hindi,9,10,182,5,True,good,11,5,recent,9,False,yes
1558,Female,Single,False,5,off,basic,1,8,negative,upi,active,US,Hindi,42,17,46,4,True,poor,10,9,very_old,19,False,no
1559,Male,Single,True,2,on,premium,9,19,positive,card,cancelled,Germany,Telugu,43,10,133,9,False,better,16,3,very_old,17,False,yes
1560,Female,Single,False,3,off,basic,7,13,positive,card,expired,US,English,15,17,126,3,True,better,5,6,recent,13,False,no
1561,Female,Married,True,6,off,basic,8,10,negative,upi,active,Germany,English,39,6,117,6,False,better,18,9,old,11,False,no
1562,Female,Married,True,10,on,gold,3,14,positive,card,cancelled,UK,Hindi,42,1,81,4,False,poor,7,6,very_old,3,True,yes
1563,Male,Married,True,4,off,basic,10,5,positive,upi,cancelled,India,English,35,20,104,9,False,poor,10,5,recent,14,False,no
1564,Male,Married,False,3,on,basic,7,20,negative,card,expired,Germany,English,19,4,22,8,True,poor,1,9,very_old,11,False,yes
1565,Female,Married,False,5,off,premium,9,2,negative,paypal,active,UK,Hindi,9,15,31,10,False,poor,8,3,recent,19,False,yes
1566,Male,Single,True,1,on,gold,2,11,neutral,paypal,expired,Germany,English,44,16,68,8,True,better,3,1,very_old,14,False,yes
1567,Female,Single,True,2,on,basic,7,7,neutral,card,cancelled,India,English,31,21,119,6,True,poor,10,3,recent,12,True,yes
1568,Male,Married,False,4,off,premium,8,1,positive,card,active,UK,English,13,9,128,7,False,good,1,8,recent,19,True,no
1569,Male,Single,True,2,off,premium,8,3,negative,paypal,active,Germany,Telugu,24,8,54,8,False,good,1,8,very_old,15,True,no
1570,Male,Married,True,10,on,premium,8,18,negative,paypal,cancelled,UK,Telugu,28,8,120,3,False,better,2,0,recent,14,True,yes
1571,Female,Married,False,9,off,basic,2,1,negative,card,cancelled,India,Telugu,38,2,82,1,True,poor,17,6,old,7,True,yes
1572,Female,Single,True,3,on,premium,2,6,positive,card,active,US,Hindi,5,22,38,3,True,good,6,0,very_old,16,True,no
1573,Male,Married,False,6,on,gold,5,9,neutral,card,expired,US,Telugu,32,9,11,8,False,good,6,4,old,7,False,yes
1574,Female,Married,False,3,off,premium,4,18,negative,card,cancelled,US,English,15,4,146,1,True,poor,16,2,old,8,True,no
1575,Male,Married,True,7,off,gold,4,1,positive,paypal,cancelled,India,Telugu,43,3,82,1,False,good,7,5,old,15,False,yes
1576,Male,Married,True,5,off,premium,8,10,neutral,upi,cancelled,UK,Hindi,19,4,64,3,True,better,18,7,recent,5,True,yes
1577,Female,Single,False,3,off,gold,4,15,neutral,paypal,cancelled,UK,Telugu,9,5,77,5,False,better,12,9,old,19,True,yes
1578,Male,Single,False,10,off,premium,6,3,negative,upi,expired,UK,English,47,21,54,8,True,good,12,6,very_old,10,True,yes
1579,Female,Married,True,2,off,basic,8,1,positive,paypal,expired,US,Telugu,11,24,149,6,False,poor,7,1,very_old,1,False,yes
1580,Female,Single,False,1,on,gold,4,4,neutral,upi,active,Germany,Hindi,29,24,44,9,True,better,6,2,recent,20,False,no
1581,Male,Single,False,6,off,premium,10,0,neutral,upi,active,UK,Hindi,4,19,134,3,False,good,15,10,old,9,True,no
1582,Male,Married,True,8,on,premium,6,8,neutral,upi,active,UK,Telugu,26,5,16,9,True,better,4,10,very_old,11,False,yes
1583,Female,Single,False,3,off,gold,7,7,positive,card,cancelled,India,English,29,17,121,5,False,poor,2,4,very_old,20,False,yes
1584,Female,Married,False,7,on,basic,1,19,neutral,paypal,active,Germany,English,22,5,10,5,True,poor,1,3,old,17,True,no
1585,Male,Married,False,6,on,basic,6,5,neutral,paypal,expired,Germany,Hindi,32,9,58,5,True,good,5,5,very_old,14,False,no
1586,Female,Married,False,9,on,premium,5,4,negative,card,active,UK,Telugu,20,1,187,2,True,better,20,1,old,18,True,no
1587,Male,Single,True,5,on,premium,7,3,positive,paypal,expired,India,Telugu,35,16,195,10,True,good,8,6,very_old,11,False,yes
1588,Female,Single,False,2,off,premium,7,14,neutral,upi,cancelled,US,Hindi,43,16,43,7,False,poor,8,4,very_old,11,False,yes
1589,Female,Married,False,5,on,gold,4,0,neutral,card,cancelled,Germany,Hindi,14,14,30,10,False,good,6,1,very_old,0,False,no
1590,Male,Single,False,10,on,gold,2,16,negative,paypal,active,Germany,Hindi,25,24,62,6,False,good,2,6,recent,14,False,yes
1591,Male,Single,True,2,off,basic,10,3,negative,upi,active,US,Telugu,43,25,174,1,False,better,9,7,recent,14,True,no
1592,Female,Married,True,10,on,premium,3,10,negative,paypal,cancelled,US,English,27,13,133,3,False,better,13,5,very_old,2,True,no
1593,Female,Single,False,5,off,gold,9,15,negative,paypal,expired,Germany,English,7,16,196,8,True,poor,18,5,very_old,16,False,yes
1594,Female,Single,True,7,off,basic,1,4,neutral,upi,cancelled,UK,Telugu,27,12,36,8,True,good,8,5,recent,14,False,yes
1595,Female,Married,True,9,off,basic,5,8,neutral,upi,expired,UK,Hindi,40,0,111,5,False,poor,12,10,recent,14,False,yes
1596,Female,Single,False,4,on,gold,3,12,neutral,upi,active,Germany,English,23,18,139,4,False,better,17,7,very_old,6,True,no
1597,Female,Married,False,5,off,gold,2,18,negative,paypal,cancelled,US,Telugu,1,24,36,9,True,good,4,1,recent,1,False,yes
1598,Female,Single,True,2,off,basic,5,3,neutral,upi,active,UK,Hindi,25,11,178,6,True,better,16,6,old,4,False,no
1599,Male,Single,False,6,off,gold,5,6,negative,card,cancelled,Germany,Telugu,27,23,97,3,False,better,7,5,recent,9,True,yes
1600,Female,Single,False,8,off,premium,4,13,neutral,upi,expired,US,English,28,6,100,3,True,good,17,9,very_old,20,True,no
1601,Female,Single,False,10,off,gold,2,20,negative,upi,cancelled,Germany,Hindi,35,11,53,9,False,better,1,4,recent,6,False,yes
1602,Male,Single,True,10,off,premium,5,7,neutral,paypal,cancelled,US,Telugu,31,13,100,8,True,good,2,3,old,7,False,yes
1603,Female,Single,False,9,on,basic,8,6,negative,paypal,active,India,Hindi,35,19,31,9,False,better,12,8,very_old,9,False,no
1604,Male,Married,True,5,on,premium,1,11,neutral,card,expired,Germany,English,7,6,25,4,True,poor,16,8,recent,2,False,no
1605,Male,Single,False,10,on,basic,8,8,negative,upi,cancelled,US,Telugu,33,5,127,10,False,poor,1,0,recent,9,False,yes
1606,Female,Married,False,5,on,basic,6,11,negative,paypal,expired,Germany,Telugu,36,24,148,10,False,better,19,3,recent,18,False,yes
1607,Female,Married,False,7,on,premium,7,12,neutral,card,expired,US,English,37,22,167,10,True,poor,6,8,recent,5,False,no
1608,Male,Single,False,8,off,premium,2,2,negative,paypal,active,US,English,37,24,93,9,True,good,4,5,recent,15,True,no
1609,Female,Married,False,2,on,premium,10,11,neutral,card,expired,UK,Telugu,37,17,151,5,True,poor,14,4,recent,3,False,no
1610,Female,Married,True,5,on,basic,10,17,neutral,paypal,active,UK,Hindi,39,13,189,2,True,good,5,9,recent,7,True,no
1611,Male,Married,True,1,on,premium,3,2,negative,card,expired,US,Hindi,21,15,140,1,False,good,1,0,very_old,5,False,yes
1612,Male,Married,True,3,off,basic,10,15,negative,upi,cancelled,India,Telugu,0,13,153,4,True,poor,18,9,recent,13,False,yes
1613,Male,Married,True,9,off,gold,1,2,negative,upi,cancelled,India,English,41,16,188,10,True,good,12,6,recent,16,True,yes
1614,Female,Married,False,2,off,gold,3,6,positive,upi,active,Germany,English,27,23,160,2,True,better,10,5,very_old,4,False,no
1615,Female,Single,True,8,on,gold,1,5,negative,upi,cancelled,US,Hindi,28,22,182,1,False,poor,13,10,old,9,False,no
1616,Female,Married,False,8,on,gold,6,20,positive,upi,active,India,Hindi,3,15,73,10,True,good,19,0,recent,7,True,no
1617,Male,Married,False,2,off,basic,1,5,neutral,paypal,expired,India,Hindi,27,18,39,4,True,good,4,3,old,3,False,yes
1618,Male,Married,True,4,on,premium,8,18,positive,card,active,India,Hindi,7,14,168,1,False,better,3,7,recent,7,False,no
1619,Female,Married,True,8,on,gold,7,11,positive,card,active,India,Telugu,21,2,150,10,False,good,14,3,old,2,False,no
1620,Male,Married,False,7,off,gold,5,16,positive,card,expired,UK,Hindi,18,7,196,9,True,better,1,2,very_old,16,True,no
1621,Male,Single,False,9,on,basic,6,4,negative,card,expired,US,Telugu,50,17,175,4,True,better,18,7,recent,6,False,yes
1622,Female,Single,False,10,on,premium,5,14,positive,card,cancelled,UK,English,23,25,18,4,True,good,9,9,old,16,False,no
1623,Female,Single,True,6,on,gold,3,16,negative,upi,cancelled,US,Telugu,8,6,15,3,False,poor,2,1,old,18,True,yes
1624,Male,Single,False,7,on,premium,1,9,neutral,upi,cancelled,India,English,15,20,185,9,True,good,9,2,very_old,12,True,no
1625,Female,Single,False,1,off,basic,3,15,positive,upi,cancelled,UK,English,10,18,185,1,False,poor,16,6,recent,9,False,no
1626,Female,Married,False,9,on,gold,9,19,neutral,upi,active,US,Hindi,48,14,75,6,False,poor,19,0,very_old,4,True,no
1627,Female,Married,False,10,on,gold,8,12,positive,card,active,UK,Telugu,0,7,127,6,True,good,6,0,old,11,True,no
1628,Female,Married,False,9,off,premium,3,13,positive,paypal,expired,UK,English,46,19,57,7,False,better,4,4,old,2,False,yes
1629,Female,Married,True,8,on,basic,6,5,negative,upi,expired,India,Telugu,47,6,92,2,True,better,20,2,recent,3,False,yes
1630,Female,Married,True,2,on,gold,5,9,neutral,card,expired,US,English,15,14,54,1,False,good,16,10,recent,17,True,no
1631,Male,Married,False,8,on,premium,1,3,neutral,paypal,expired,US,Telugu,11,1,192,8,True,better,4,1,very_old,0,False,no
1632,Male,Married,False,10,off,premium,10,10,positive,upi,expired,Germany,Telugu,22,22,161,6,False,good,8,1,old,8,True,yes
1633,Female,Married,True,7,off,basic,8,0,positive,paypal,active,UK,Hindi,3,9,126,10,False,better,8,0,recent,4,False,no
1634,Male,Married,True,5,off,basic,6,20,negative,upi,active,UK,English,3,21,110,6,False,better,3,5,recent,2,True,no
1635,Female,Single,True,2,off,premium,2,2,positive,upi,expired,India,Telugu,45,22,34,9,False,better,11,3,very_old,5,False,no
1636,Male,Married,False,8,on,gold,8,0,negative,paypal,cancelled,US,Telugu,36,12,191,3,False,better,1,7,recent,10,False,yes
1637,Male,Single,False,5,on,gold,1,1,negative,upi,cancelled,Germany,Hindi,6,15,179,7,True,good,4,5,recent,14,False,no
1638,Female,Married,True,6,off,premium,4,13,positive,upi,active,Germany,English,9,18,24,6,False,poor,7,8,very_old,15,False,no
1639,Female,Single,False,4,on,premium,4,12,positive,paypal,expired,India,English,41,14,86,5,False,poor,16,7,recent,18,True,yes
1640,Female,Single,True,3,on,basic,8,12,positive,upi,expired,US,Hindi,3,16,44,3,True,better,8,6,old,1,True,no
1641,Male,Single,True,9,on,premium,2,4,positive,card,expired,US,English,33,15,25,3,False,good,11,3,old,15,True,no
1642,Male,Married,False,5,off,premium,10,14,negative,card,active,Germany,English,32,9,164,6,True,good,9,5,recent,7,True,yes
1643,Male,Single,True,6,off,basic,1,13,negative,card,expired,India,English,24,13,146,8,False,better,8,8,very_old,6,True,no
1644,Female,Single,False,7,on,gold,5,4,neutral,card,cancelled,UK,Telugu,23,16,66,6,False,good,18,5,very_old,18,True,no
1645,Female,Married,True,8,on,basic,10,20,positive,paypal,active,UK,Hindi,6,12,194,7,True,better,11,4,recent,19,True,no
1646,Female,Single,False,2,on,premium,1,13,positive,card,cancelled,US,Telugu,21,18,79,6,True,good,6,4,recent,0,False,no
1647,Female,Single,False,1,off,basic,6,20,neutral,paypal,cancelled,Germany,Telugu,0,22,181,1,False,poor,12,0,recent,6,False,no
1648,Male,Married,True,3,on,gold,3,15,negative,paypal,active,US,Telugu,10,20,120,8,True,poor,6,10,old,13,False,no
1649,Male,Married,False,3,off,premium,9,19,negative,paypal,expired,Germany,Hindi,28,19,127,10,True,poor,10,1,very_old,9,False,yes
1650,Male,Married,False,2,off,gold,9,4,neutral,paypal,expired,India,Hindi,27,16,161,3,False,good,20,9,old,3,False,yes
1651,Male,Married,False,10,on,basic,7,4,negative,paypal,expired,US,English,9,2,38,8,True,good,2,5,old,14,True,yes
1652,Male,Single,True,6,off,gold,1,10,neutral,upi,expired,US,Hindi,14,0,75,6,True,better,5,10,very_old,10,False,no
1653,Male,Married,False,1,on,premium,4,7,positive,card,active,US,Telugu,0,21,14,10,True,good,6,9,very_old,2,False,no
1654,Female,Single,True,9,off,gold,7,20,positive,card,expired,Germany,Telugu,22,2,59,2,True,good,10,7,recent,16,True,no
1655,Male,Single,True,1,off,premium,6,13,positive,card,cancelled,India,English,8,25,73,2,True,poor,4,0,old,13,False,no
1656,Male,Single,False,10,off,gold,10,0,positive,paypal,active,UK,Hindi,36,7,105,8,False,better,6,7,recent,2,True,no
1657,Male,Married,True,3,off,gold,6,9,positive,paypal,active,US,Telugu,18,2,139,7,True,good,6,6,very_old,18,True,no
1658,Female,Single,False,10,on,premium,8,12,positive,card,active,UK,Hindi,47,0,154,7,False,good,11,8,very_old,10,True,no
1659,Female,Married,True,8,off,basic,4,15,neutral,card,active,US,English,5,19,92,10,True,good,12,7,old,1,True,no
1660,Male,Married,True,8,on,gold,8,4,positive,upi,expired,US,Telugu,29,14,123,6,False,good,19,6,old,7,True,no
1661,Female,Married,False,3,off,gold,10,5,neutral,upi,active,Germany,Telugu,2,13,198,1,True,good,14,10,very_old,1,False,no
1662,Female,Single,True,8,off,gold,5,0,positive,upi,active,Germany,Hindi,23,0,35,7,False,good,13,6,recent,1,False,no
1663,Female,Married,False,4,on,premium,9,4,positive,upi,expired,Germany,Telugu,3,15,75,5,True,good,2,3,old,5,True,no
1664,Female,Single,True,5,on,premium,1,19,neutral,paypal,active,US,Hindi,20,7,36,3,True,good,13,5,very_old,5,True,no
1665,Male,Married,True,5,on,gold,8,9,neutral,upi,cancelled,UK,Hindi,1,12,169,5,False,poor,16,2,old,1,False,no
1666,Male,Single,True,7,off,gold,3,9,neutral,upi,expired,Germany,Hindi,24,5,23,5,True,good,2,5,recent,13,True,yes
1667,Male,Married,True,5,off,premium,1,0,negative,card,cancelled,US,English,46,17,107,9,False,better,5,3,old,16,True,yes
1668,Female,Single,False,1,on,basic,6,19,positive,card,active,UK,English,8,12,67,1,True,poor,10,2,recent,1,False,no
1669,Male,Married,False,10,on,basic,2,2,neutral,upi,expired,India,English,11,11,59,4,True,poor,19,0,very_old,15,True,no
1670,Female,Married,True,9,off,gold,6,8,positive,upi,active,Germany,English,0,16,142,4,True,poor,19,5,very_old,20,True,no
1671,Male,Married,True,2,on,gold,10,1,positive,card,expired,US,Hindi,30,8,126,3,False,poor,6,8,recent,13,False,yes
1672,Female,Married,True,1,on,basic,1,5,positive,paypal,expired,Germany,Hindi,41,10,186,5,False,poor,7,6,recent,13,False,yes
1673,Female,Single,True,2,on,gold,8,15,negative,paypal,expired,Germany,Telugu,12,12,124,2,True,better,1,6,recent,19,True,yes
1674,Male,Married,False,7,off,basic,4,11,negative,card,cancelled,UK,Hindi,1,13,116,2,True,better,13,9,very_old,2,False,yes
1675,Male,Married,True,1,on,gold,4,7,negative,paypal,expired,India,English,9,19,133,3,False,good,11,10,old,5,False,yes
1676,Female,Married,False,4,off,gold,4,9,negative,upi,expired,Germany,Hindi,26,1,75,3,False,better,1,10,very_old,18,False,yes
1677,Female,Single,False,2,off,premium,6,13,negative,paypal,expired,India,Telugu,40,8,125,4,False,better,15,0,recent,17,False,yes
1678,Male,Married,False,7,on,gold,9,13,negative,upi,expired,UK,English,20,16,169,7,False,good,2,4,old,17,False,yes
1679,Female,Married,True,4,off,basic,4,4,negative,upi,cancelled,India,Telugu,8,8,177,8,True,better,3,5,old,11,False,yes
1680,Female,Married,False,2,on,premium,4,7,positive,paypal,active,US,Telugu,28,13,75,3,True,better,18,4,very_old,2,True,no
1681,Female,Married,False,3,on,gold,8,7,negative,paypal,expired,US,Hindi,32,2,139,8,False,poor,4,9,recent,6,True,no
1682,Male,Married,True,4,on,premium,10,2,negative,paypal,cancelled,India,Hindi,50,24,107,10,True,good,6,1,very_old,1,False,yes
1683,Female,Single,True,8,off,gold,10,7,negative,card,expired,UK,English,16,12,80,1,False,poor,20,0,recent,18,True,yes
1684,Female,Single,True,6,on,gold,10,12,neutral,paypal,active,UK,English,19,19,172,10,True,better,12,7,old,20,False,no
1685,Male,Married,False,3,off,basic,8,14,neutral,paypal,cancelled,India,Hindi,3,3,147,9,True,poor,9,4,recent,1,False,no
1686,Female,Married,False,9,on,gold,1,17,positive,paypal,active,India,Hindi,46,21,192,4,True,poor,6,9,very_old,14,True,no
1687,Female,Single,False,9,on,gold,9,0,positive,upi,active,UK,Hindi,9,20,120,5,True,better,7,7,old,9,True,no
1688,Female,Married,True,10,on,premium,2,15,neutral,card,expired,UK,English,20,13,149,8,True,better,15,6,recent,10,False,yes
1689,Male,Single,False,3,off,premium,3,12,negative,upi,expired,UK,Telugu,39,18,98,9,True,good,8,6,recent,20,False,yes
1690,Female,Married,False,5,on,premium,7,9,negative,paypal,expired,US,Telugu,10,16,101,5,True,poor,19,5,very_old,2,False,no
1691,Female,Single,True,2,on,basic,9,12,negative,paypal,expired,US,English,25,21,87,6,True,better,20,3,old,0,True,yes
1692,Female,Married,False,9,on,gold,9,17,negative,paypal,expired,India,Telugu,50,15,37,5,False,better,11,0,recent,18,True,yes
1693,Male,Single,True,2,off,gold,10,15,neutral,card,expired,India,English,27,3,121,3,True,better,15,2,recent,20,True,yes
1694,Male,Married,False,5,off,basic,1,7,neutral,card,expired,India,English,6,19,57,10,True,poor,11,9,very_old,1,True,yes
1695,Male,Single,True,10,on,gold,3,15,positive,upi,cancelled,UK,English,5,11,24,4,False,poor,20,6,very_old,12,False,no
1696,Male,Single,False,9,on,basic,7,2,neutral,paypal,expired,India,English,9,24,93,4,True,poor,1,10,old,16,True,yes
1697,Female,Married,True,3,on,premium,10,2,neutral,upi,active,US,Telugu,6,24,25,7,True,better,16,0,recent,5,False,no
1698,Male,Single,True,4,off,gold,7,0,positive,paypal,cancelled,India,Hindi,6,21,52,4,False,poor,12,8,very_old,7,True,no
1699,Male,Married,False,1,off,basic,10,11,negative,paypal,expired,UK,Telugu,9,9,20,9,True,poor,11,2,very_old,2,True,yes
1700,Male,Single,False,6,off,basic,3,18,neutral,upi,active,US,Hindi,16,15,77,8,True,better,10,3,old,20,True,no
1701,Male,Married,True,1,off,basic,5,13,negative,upi,active,US,English,3,13,50,9,True,poor,11,9,old,13,False,yes
1702,Male,Single,True,8,on,premium,4,10,neutral,upi,expired,India,Hindi,36,16,191,7,False,good,10,8,recent,4,False,no
1703,Female,Married,True,8,off,basic,9,20,neutral,paypal,expired,US,Telugu,20,15,138,6,False,better,18,8,recent,9,True,no
1704,Male,Single,True,4,on,gold,10,11,neutral,upi,cancelled,UK,Hindi,28,24,139,6,True,better,16,4,recent,17,True,yes
1705,Male,Married,False,7,off,premium,7,4,neutral,card,cancelled,US,Hindi,12,10,20,7,True,good,13,2,recent,9,False,yes
1706,Male,Single,False,7,off,gold,4,0,positive,upi,active,India,Hindi,26,3,129,6,True,good,4,8,old,5,True,no
1707,Male,Married,False,8,on,basic,3,9,neutral,upi,expired,UK,Hindi,48,14,40,3,False,better,2,4,old,2,True,yes
1708,Male,Married,True,9,on,basic,10,2,negative,card,expired,Germany,Hindi,23,14,190,9,True,better,6,2,old,3,True,yes
1709,Male,Married,True,3,off,premium,7,8,negative,card,cancelled,US,Telugu,1,19,183,4,False,better,4,1,old,20,True,yes
1710,Male,Single,False,4,on,premium,6,8,negative,paypal,active,Germany,English,32,24,98,8,False,better,11,1,very_old,2,False,no
1711,Male,Married,True,4,off,basic,1,10,negative,card,expired,UK,Hindi,44,17,58,4,True,good,13,4,very_old,8,True,yes
1712,Male,Single,True,9,off,premium,2,3,negative,paypal,cancelled,UK,English,15,12,96,6,True,good,14,4,old,1,False,no
1713,Male,Married,False,2,on,basic,2,9,neutral,upi,active,India,Telugu,11,20,41,6,True,better,2,2,recent,12,False,no
1714,Female,Single,True,9,on,gold,5,4,positive,card,cancelled,UK,Hindi,42,3,112,4,True,good,19,1,recent,16,True,no
1715,Female,Married,False,1,on,gold,10,0,neutral,card,cancelled,Germany,English,24,12,162,9,True,better,18,7,old,10,True,no
1716,Female,Married,True,10,off,premium,2,16,neutral,card,expired,US,English,4,1,28,9,False,better,4,8,recent,15,False,yes
1717,Female,Single,False,10,on,basic,7,11,neutral,card,expired,India,English,48,22,186,8,False,good,15,10,very_old,5,True,yes
1718,Female,Single,False,6,off,gold,1,0,positive,paypal,active,Germany,Telugu,27,3,52,6,True,poor,19,7,old,12,True,no
1719,Female,Married,True,7,on,basic,6,7,negative,card,cancelled,India,Telugu,50,15,148,8,False,poor,19,5,old,19,True,yes
1720,Female,Married,True,6,off,gold,7,16,negative,upi,active,Germany,Hindi,2,15,14,3,True,good,8,5,very_old,0,False,no
1721,Male,Married,True,3,on,basic,6,15,positive,card,cancelled,UK,Telugu,10,23,32,2,False,poor,6,9,old,2,True,no
1722,Male,Married,False,6,on,premium,5,19,positive,paypal,cancelled,US,Telugu,9,12,38,9,False,better,13,9,recent,0,False,no
1723,Female,Single,True,9,on,basic,7,7,positive,paypal,expired,India,Telugu,25,10,15,1,False,better,4,7,very_old,8,True,no
1724,Male,Single,True,5,off,basic,5,3,positive,card,cancelled,UK,English,8,3,72,2,False,better,2,6,very_old,8,True,yes
1725,Male,Married,False,8,on,premium,8,4,negative,paypal,expired,India,Hindi,2,9,40,8,True,poor,20,9,very_old,2,False,no
1726,Male,Single,False,8,on,basic,2,17,positive,paypal,expired,US,Telugu,38,14,66,8,False,good,6,3,recent,7,True,no
1727,Female,Single,False,9,off,gold,9,1,negative,upi,expired,Germany,Telugu,21,15,111,3,True,good,20,1,very_old,7,False,no
1728,Female,Married,False,4,off,basic,9,11,positive,paypal,active,Germany,Hindi,23,12,143,1,True,better,13,5,very_old,4,True,no
1729,Female,Married,False,6,on,gold,5,18,negative,paypal,cancelled,Germany,English,20,11,184,8,False,poor,5,5,old,13,True,yes
1730,Male,Married,True,8,on,premium,8,9,positive,upi,cancelled,US,Telugu,19,7,92,8,True,poor,11,9,recent,9,False,yes
1731,Male,Single,False,1,on,gold,4,6,positive,card,cancelled,UK,Telugu,46,0,39,2,True,poor,19,0,recent,14,True,no
1732,Female,Single,True,10,on,premium,7,14,negative,card,active,US,English,38,20,84,1,False,better,12,7,very_old,14,False,no
1733,Female,Married,True,1,on,gold,4,9,neutral,card,cancelled,US,Hindi,50,13,25,5,True,poor,1,9,recent,0,True,yes
1734,Male,Married,False,10,off,gold,2,15,neutral,upi,cancelled,Germany,Hindi,23,16,33,2,False,better,17,7,recent,9,False,yes
1735,Female,Married,False,8,off,premium,8,4,neutral,paypal,expired,India,Hindi,37,22,134,3,True,good,20,7,very_old,12,True,yes
1736,Male,Married,True,3,off,gold,3,19,positive,upi,active,UK,English,46,5,25,2,True,poor,14,1,old,20,True,yes
1737,Male,Married,False,7,off,basic,3,5,neutral,paypal,cancelled,UK,English,45,11,41,1,False,good,10,0,recent,15,False,yes
1738,Male,Single,True,7,on,basic,10,1,positive,paypal,expired,India,Hindi,11,2,99,2,False,poor,10,4,very_old,13,False,yes
1739,Female,Married,False,9,on,basic,1,13,neutral,card,expired,Germany,Telugu,23,2,37,5,True,good,2,0,recent,12,False,no
1740,Female,Single,False,4,on,basic,2,17,negative,card,cancelled,India,Telugu,26,1,196,9,False,better,3,4,old,1,True,no
1741,Female,Married,False,8,off,gold,8,11,positive,card,expired,UK,Hindi,26,9,54,8,True,better,16,10,recent,14,False,yes
1742,Female,Married,True,2,on,basic,4,12,neutral,paypal,expired,UK,Telugu,41,1,197,6,True,better,4,5,recent,2,True,yes
1743,Female,Single,False,8,on,premium,6,6,neutral,card,active,US,Telugu,42,8,131,10,False,poor,10,1,old,3,True,no
1744,Male,Married,False,9,off,gold,5,11,neutral,upi,active,India,Telugu,13,11,125,2,False,poor,18,3,very_old,18,False,no
1745,Female,Married,True,4,on,basic,4,18,negative,upi,expired,UK,Hindi,22,15,32,9,True,better,6,9,very_old,13,True,yes
1746,Female,Single,True,4,on,gold,2,13,positive,paypal,expired,US,Telugu,37,2,15,4,True,better,7,3,old,11,True,yes
1747,Female,Married,True,7,off,premium,10,16,positive,card,cancelled,UK,English,43,24,136,10,True,good,3,10,old,15,True,yes
1748,Male,Single,False,9,off,basic,10,8,positive,card,active,US,Hindi,36,8,123,4,True,better,16,2,old,17,True,no
1749,Female,Married,False,6,on,premium,10,18,negative,upi,expired,India,Hindi,20,8,56,1,False,poor,1,2,very_old,3,True,yes
1750,Male,Single,False,10,off,gold,4,20,neutral,paypal,expired,UK,Telugu,2,20,173,7,True,poor,2,4,old,13,True,no
1751,Female,Married,False,7,on,gold,7,7,positive,paypal,expired,UK,English,27,13,133,9,False,better,19,7,recent,2,True,no
1752,Female,Single,True,4,off,premium,10,15,neutral,card,active,Germany,Telugu,5,3,37,6,False,better,14,8,very_old,19,True,no
1753,Female,Married,True,5,on,gold,10,17,negative,upi,expired,India,Hindi,11,17,42,9,False,better,3,9,recent,11,False,yes
1754,Female,Married,True,6,on,basic,4,12,neutral,upi,expired,India,Hindi,26,4,29,2,True,good,20,6,very_old,1,False,yes
1755,Male,Single,False,8,off,gold,7,14,negative,upi,expired,India,Telugu,42,25,146,9,False,good,8,4,very_old,12,False,yes
1756,Female,Married,False,8,on,basic,10,14,negative,card,cancelled,US,Hindi,35,10,42,9,False,good,1,1,old,1,True,yes
1757,Female,Single,False,4,on,basic,9,4,positive,card,active,Germany,English,7,9,35,4,True,good,14,8,very_old,14,False,no
1758,Male,Single,False,4,on,premium,6,8,positive,card,cancelled,US,English,46,23,146,10,True,better,15,3,very_old,18,False,yes
1759,Female,Single,False,8,on,basic,7,6,negative,upi,active,US,Hindi,25,7,87,5,False,poor,7,8,very_old,1,True,no
1760,Female,Single,False,1,off,gold,6,20,positive,upi,cancelled,Germany,Telugu,46,22,76,1,False,poor,5,6,recent,14,True,no
1761,Female,Married,True,3,off,gold,6,8,positive,upi,active,India,English,37,15,143,9,True,better,2,10,old,8,True,no
1762,Male,Married,True,6,off,basic,7,13,positive,upi,expired,Germany,English,47,12,16,2,False,better,20,0,very_old,15,True,yes
1763,Male,Married,False,4,off,gold,4,5,negative,paypal,active,US,Telugu,35,0,64,9,True,poor,1,8,very_old,7,True,yes
1764,Female,Single,True,1,off,premium,8,0,neutral,upi,active,India,Hindi,28,9,128,8,True,good,9,1,old,8,True,no
1765,Female,Married,True,5,off,premium,5,15,negative,upi,active,Germany,Hindi,0,24,161,9,False,good,16,8,recent,3,True,no
1766,Female,Single,False,4,off,gold,3,14,neutral,upi,active,UK,English,39,12,44,4,False,poor,9,10,old,6,True,no
1767,Male,Single,True,4,off,premium,3,20,negative,upi,cancelled,UK,English,45,5,118,8,False,better,17,4,recent,18,True,yes
1768,Male,Married,False,1,off,basic,10,14,neutral,upi,expired,Germany,Hindi,18,16,127,7,True,better,15,4,recent,0,False,no
1769,Female,Married,False,5,off,gold,4,10,negative,upi,active,Germany,Telugu,35,17,164,5,False,better,12,1,very_old,6,False,no
1770,Male,Married,True,9,on,gold,5,5,neutral,upi,expired,Germany,English,9,5,64,10,True,good,18,10,old,15,False,yes
1771,Male,Single,False,4,on,gold,5,8,neutral,card,expired,Germany,English,37,0,174,8,True,better,9,6,very_old,0,True,no
1772,Female,Married,True,4,on,basic,3,14,positive,upi,expired,UK,English,11,3,110,8,True,good,5,5,old,16,True,no
1773,Male,Single,False,9,off,gold,1,19,neutral,card,expired,US,Telugu,28,20,152,9,True,good,12,8,old,15,False,yes
1774,Female,Married,False,10,on,premium,4,4,positive,card,expired,India,Telugu,31,22,19,9,True,poor,17,8,recent,6,False,yes
1775,Female,Single,True,8,on,premium,6,1,neutral,card,expired,Germany,English,1,11,76,3,False,poor,2,0,very_old,9,True,no
1776,Male,Single,True,4,off,premium,2,12,negative,paypal,active,US,Hindi,39,7,154,9,True,poor,4,8,recent,2,True,yes
1777,Female,Married,False,9,off,gold,6,13,positive,upi,cancelled,India,Hindi,5,24,80,3,True,better,4,2,very_old,17,True,no
1778,Female,Single,True,5,off,premium,2,2,neutral,upi,active,Germany,Hindi,25,22,197,1,True,poor,2,7,recent,6,False,no
1779,Female,Single,True,3,off,premium,6,14,positive,upi,active,India,Hindi,5,16,10,6,True,poor,6,4,old,9,True,no
1780,Male,Single,True,6,on,basic,10,12,neutral,card,active,Germany,Hindi,39,13,126,3,True,better,17,0,old,1,False,no
1781,Male,Married,True,7,on,premium,8,9,positive,card,cancelled,UK,English,28,6,16,10,True,good,16,6,recent,6,False,no
1782,Male,Married,True,9,off,basic,10,6,positive,upi,active,India,Hindi,48,24,68,9,False,better,13,4,recent,2,False,no
1783,Male,Single,False,7,off,gold,4,5,neutral,paypal,cancelled,UK,Hindi,21,25,81,2,True,good,20,5,recent,14,False,yes
1784,Male,Married,True,2,off,premium,7,5,neutral,upi,expired,UK,Telugu,8,8,38,7,False,poor,19,1,recent,11,False,no
1785,Male,Married,True,8,off,gold,3,11,negative,card,cancelled,India,Hindi,50,24,151,9,False,better,19,10,recent,2,True,yes
1786,Male,Single,True,10,on,gold,5,18,neutral,upi,active,US,Telugu,31,4,141,8,False,good,5,2,very_old,20,False,no
1787,Male,Single,False,4,off,gold,10,7,negative,upi,active,India,Hindi,2,5,149,10,False,good,19,8,old,9,True,no
1788,Female,Single,False,1,on,premium,9,7,negative,paypal,expired,India,Hindi,20,0,186,3,False,good,17,0,very_old,16,False,yes
1789,Female,Single,False,3,on,premium,4,14,positive,card,cancelled,Germany,Telugu,32,5,143,8,True,better,12,7,old,1,False,no
1790,Female,Married,True,4,on,gold,1,1,negative,card,active,India,Telugu,38,19,11,7,False,better,5,3,old,2,True,no
1791,Male,Married,True,5,off,basic,7,9,positive,paypal,cancelled,Germany,English,17,6,54,4,True,good,11,9,very_old,10,True,yes
1792,Female,Single,False,6,on,basic,5,16,negative,upi,expired,US,English,19,11,168,6,False,better,8,0,old,19,True,yes
1793,Female,Single,False,1,off,gold,2,7,positive,upi,active,US,Telugu,3,11,172,10,True,better,13,2,very_old,15,True,no
1794,Female,Married,True,8,on,basic,8,14,neutral,upi,expired,India,Telugu,2,22,111,7,True,good,20,8,old,11,True,yes
1795,Male,Single,False,4,off,basic,2,3,neutral,card,active,Germany,Hindi,26,22,111,2,True,better,12,1,very_old,9,True,no
1796,Male,Married,True,7,on,premium,10,15,neutral,paypal,expired,US,English,8,6,160,4,True,good,12,10,very_old,16,False,yes
1797,Male,Married,False,10,on,premium,5,3,negative,upi,cancelled,India,Telugu,45,15,72,1,True,poor,12,10,very_old,4,False,yes
1798,Male,Single,False,4,on,gold,5,14,positive,card,cancelled,US,Telugu,36,25,69,2,False,good,6,2,very_old,19,True,no
1799,Female,Single,True,7,off,basic,3,18,negative,upi,expired,Germany,Hindi,21,4,94,7,False,better,1,6,recent,5,True,no
1800,Female,Single,False,8,on,premium,4,10,positive,upi,expired,UK,Telugu,7,22,23,5,True,good,7,9,very_old,15,True,no
1801,Female,Married,False,8,off,basic,10,18,negative,card,cancelled,US,Telugu,8,23,16,1,True,better,6,9,very_old,20,False,yes
1802,Female,Single,True,9,on,gold,3,0,neutral,upi,cancelled,India,Hindi,45,23,183,3,True,better,4,2,very_old,3,False,no
1803,Male,Single,False,7,on,premium,4,10,negative,card,expired,UK,Hindi,11,19,142,8,True,good,5,9,recent,15,False,no
1804,Male,Married,True,5,off,gold,2,20,neutral,upi,active,UK,English,15,19,30,5,True,good,12,10,recent,4,True,no
1805,Female,Married,False,6,on,premium,1,13,positive,paypal,cancelled,Germany,Telugu,19,10,84,2,False,poor,19,2,very_old,0,True,no
1806,Female,Married,False,8,off,basic,8,0,negative,upi,expired,Germany,English,21,13,129,9,True,poor,18,10,recent,18,False,yes
1807,Female,Single,False,9,on,gold,7,17,neutral,upi,active,US,English,2,7,29,2,False,better,8,0,recent,5,True,no
1808,Male,Married,True,3,on,premium,4,5,negative,card,active,US,English,43,6,120,2,False,poor,20,5,very_old,1,True,no
1809,Male,Married,True,4,off,gold,2,14,neutral,paypal,active,US,Telugu,39,4,19,3,False,poor,3,9,very_old,2,False,no
1810,Female,Married,True,8,on,premium,1,17,neutral,paypal,cancelled,UK,Hindi,44,1,108,5,False,good,18,10,old,3,False,yes
1811,Male,Single,False,10,on,basic,6,14,negative,paypal,active,India,Hindi,28,12,152,5,False,better,5,1,very_old,15,True,yes
1812,Male,Single,False,6,on,gold,10,13,negative,card,cancelled,UK,Hindi,19,15,28,6,True,better,16,2,old,7,True,yes
1813,Male,Married,True,8,off,basic,9,8,positive,paypal,cancelled,UK,English,3,6,54,2,False,better,10,6,very_old,6,False,no
1814,Male,Single,False,3,on,premium,6,1,negative,paypal,cancelled,Germany,English,23,11,185,10,True,poor,6,6,old,9,False,yes
1815,Male,Single,False,10,on,premium,6,5,positive,paypal,cancelled,India,Telugu,0,7,48,5,False,poor,4,4,very_old,1,True,no
1816,Male,Married,True,7,on,basic,5,3,neutral,upi,active,Germany,Hindi,35,24,81,8,False,good,11,5,very_old,20,True,no
1817,Female,Single,True,4,on,premium,4,9,positive,card,active,Germany,Hindi,6,25,166,3,True,better,7,9,recent,1,False,no
1818,Male,Single,False,4,off,premium,8,9,neutral,card,active,UK,Telugu,48,8,12,7,False,good,11,10,very_old,19,True,yes
1819,Male,Married,False,4,on,premium,2,18,positive,upi,expired,US,Telugu,3,9,121,1,False,poor,15,9,very_old,20,False,no
1820,Male,Married,True,8,off,gold,5,8,positive,card,cancelled,UK,Hindi,36,25,140,7,False,better,5,8,recent,18,True,yes
1821,Female,Married,True,1,off,premium,3,12,negative,card,active,UK,Hindi,46,6,185,9,True,better,8,4,very_old,4,True,no
1822,Female,Married,False,10,on,gold,3,18,neutral,card,expired,US,Telugu,32,14,93,1,False,poor,1,7,old,19,True,yes
1823,Male,Single,True,6,on,basic,7,2,positive,upi,cancelled,US,Hindi,13,16,91,7,True,good,11,5,recent,10,False,yes
1824,Female,Married,True,7,off,gold,4,0,neutral,paypal,expired,India,English,40,19,163,6,True,poor,14,8,old,8,True,yes
1825,Male,Married,False,3,off,basic,5,16,negative,card,active,India,English,33,5,104,8,False,better,2,8,recent,1,False,no
1826,Female,Single,False,9,off,basic,7,1,negative,paypal,active,Germany,Hindi,28,1,23,2,False,good,4,6,old,7,False,yes
1827,Male,Married,True,4,off,gold,3,14,positive,upi,expired,India,Hindi,23,12,46,3,False,poor,6,10,recent,17,False,no
1828,Male,Single,False,7,off,gold,1,5,positive,paypal,active,UK,Telugu,9,13,30,8,False,poor,12,3,very_old,8,True,no
1829,Female,Married,True,3,on,basic,8,9,negative,card,active,Germany,Hindi,0,1,17,3,False,poor,5,3,very_old,18,False,no
1830,Female,Single,True,9,on,basic,10,19,neutral,card,cancelled,Germany,Telugu,45,13,61,5,False,poor,18,8,old,11,True,no
1831,Female,Single,True,1,on,gold,1,16,negative,card,expired,India,Hindi,7,6,107,9,False,good,2,4,very_old,7,True,no
1832,Male,Single,True,1,on,basic,1,3,negative,upi,expired,UK,Hindi,6,24,147,3,True,poor,4,1,recent,14,True,no
1833,Female,Married,False,8,on,basic,6,20,positive,card,expired,Germany,Telugu,41,11,62,7,True,better,20,6,very_old,2,False,yes
1834,Female,Married,True,6,off,premium,10,2,neutral,card,active,Germany,Telugu,50,23,91,5,False,good,13,1,recent,3,True,no
1835,Male,Single,True,3,on,gold,7,4,negative,card,active,UK,Telugu,35,11,109,7,True,better,1,9,very_old,5,False,yes
1836,Female,Married,True,7,on,basic,4,5,positive,paypal,active,Germany,Telugu,10,10,97,6,False,poor,12,4,old,3,True,no
1837,Male,Married,False,5,off,premium,6,10,positive,upi,expired,India,English,27,16,139,4,True,poor,3,1,old,16,False,no
1838,Female,Single,False,4,on,gold,8,10,positive,paypal,cancelled,India,English,2,10,107,4,True,poor,7,4,recent,2,True,no
1839,Male,Married,True,1,off,premium,5,11,neutral,paypal,expired,Germany,English,44,1,44,3,False,better,6,0,very_old,3,False,yes
1840,Male,Married,True,4,off,basic,6,6,positive,upi,active,Germany,Hindi,1,21,120,3,False,better,1,1,recent,10,False,no
1841,Male,Single,True,8,on,premium,4,5,neutral,paypal,active,Germany,English,33,1,29,8,True,better,7,3,recent,2,False,no
1842,Female,Married,True,2,on,gold,9,12,positive,paypal,expired,US,English,41,11,176,3,True,poor,3,0,old,11,True,yes
1843,Female,Single,False,2,off,gold,9,2,positive,paypal,cancelled,US,Telugu,43,18,170,10,True,poor,17,5,recent,20,False,yes
1844,Female,Single,True,2,off,basic,5,2,neutral,upi,active,Germany,Hindi,7,4,110,2,True,good,14,7,very_old,1,False,no
1845,Female,Single,True,6,off,premium,10,10,negative,paypal,expired,US,English,12,14,83,2,False,good,10,2,recent,17,True,yes
1846,Male,Married,True,1,off,basic,7,13,negative,upi,cancelled,Germany,Telugu,4,10,40,4,False,good,18,4,old,18,False,yes
1847,Male,Single,False,9,off,gold,10,9,neutral,card,cancelled,US,Hindi,13,6,95,5,True,poor,2,0,very_old,11,True,no
1848,Male,Single,False,5,off,gold,9,13,neutral,paypal,expired,US,Hindi,20,12,75,2,True,good,2,1,very_old,11,False,yes
1849,Male,Married,True,9,on,basic,9,9,negative,upi,active,Germany,English,24,15,142,1,False,good,8,10,very_old,5,True,no
1850,Male,Married,False,1,off,basic,4,1,positive,card,cancelled,US,English,3,1,36,10,True,poor,8,3,very_old,5,False,no
1851,Male,Married,True,6,on,basic,2,18,positive,upi,expired,India,Telugu,36,7,125,10,True,better,7,0,recent,8,True,no
1852,Female,Married,False,10,on,basic,6,14,positive,paypal,expired,Germany,Telugu,45,6,15,8,True,better,19,2,old,14,False,yes
1853,Female,Single,False,1,off,premium,9,6,positive,paypal,active,India,Hindi,27,17,114,7,False,better,11,1,very_old,18,False,no
1854,Male,Single,False,9,off,premium,1,6,neutral,paypal,expired,Germany,Telugu,13,8,24,10,True,good,6,8,very_old,1,True,no
1855,Male,Single,True,1,on,gold,5,20,positive,card,active,Germany,Hindi,27,0,176,7,True,better,20,6,old,19,False,no
1856,Male,Married,True,6,on,gold,2,16,positive,card,active,Germany,Telugu,40,5,115,6,True,better,19,8,old,5,True,no
1857,Female,Single,True,8,on,basic,4,20,neutral,paypal,cancelled,India,Telugu,9,13,19,10,True,poor,16,7,recent,8,False,no
1858,Female,Married,True,4,off,premium,8,3,neutral,card,expired,US,English,14,24,160,4,True,better,12,2,very_old,12,False,yes
1859,Female,Married,True,5,on,gold,6,5,positive,card,cancelled,India,Telugu,32,14,25,5,True,better,12,0,very_old,6,False,yes
1860,Female,Married,False,6,on,gold,5,5,positive,paypal,expired,India,Telugu,19,19,94,10,False,poor,17,1,recent,19,False,yes
1861,Female,Married,False,1,off,basic,2,2,negative,paypal,expired,US,Telugu,37,7,22,10,False,good,10,8,old,11,False,yes
1862,Female,Single,True,5,on,gold,6,10,negative,card,active,US,Hindi,21,8,149,4,True,good,3,10,old,7,True,no
1863,Female,Married,True,10,on,basic,1,16,neutral,paypal,expired,Germany,Telugu,40,16,163,10,True,good,4,9,old,3,True,no
1864,Female,Married,True,9,off,basic,4,6,negative,upi,active,India,Telugu,42,18,54,9,True,poor,13,8,recent,3,False,yes
1865,Female,Single,False,8,on,basic,4,2,neutral,paypal,active,US,Hindi,44,21,148,7,True,poor,16,10,old,10,False,no
1866,Female,Married,False,2,off,premium,2,20,negative,upi,active,US,English,47,23,107,6,True,good,17,2,old,10,True,no
1867,Female,Married,False,7,off,premium,8,13,negative,card,cancelled,UK,English,45,22,181,2,True,poor,20,0,recent,7,True,yes
1868,Male,Married,True,5,on,premium,1,10,negative,upi,active,India,Telugu,10,3,54,10,True,better,1,2,very_old,12,False,no
1869,Male,Married,True,10,on,basic,6,0,positive,upi,cancelled,Germany,English,18,7,161,9,False,better,2,3,old,4,True,no
1870,Female,Married,True,9,on,premium,6,6,negative,paypal,active,Germany,Telugu,34,24,197,8,False,poor,2,1,recent,7,True,no
1871,Female,Single,False,8,off,basic,4,13,negative,card,expired,UK,English,4,22,36,9,False,good,1,2,recent,20,False,no
1872,Male,Single,True,2,off,basic,9,13,negative,paypal,active,US,Hindi,49,17,104,5,True,better,5,9,very_old,7,True,yes
1873,Female,Married,False,2,off,premium,9,7,positive,paypal,active,UK,Telugu,27,10,138,2,True,better,15,4,very_old,2,True,no
1874,Female,Married,False,2,on,premium,9,3,neutral,upi,active,UK,Hindi,24,9,15,3,True,poor,5,10,very_old,5,False,no
1875,Male,Single,True,8,on,gold,3,12,neutral,paypal,expired,UK,Telugu,19,18,200,5,False,poor,14,1,very_old,15,True,yes
1876,Female,Married,False,3,on,gold,1,20,negative,card,active,US,Hindi,21,10,164,9,True,better,16,9,recent,2,True,no
1877,Male,Married,False,3,off,premium,3,14,neutral,upi,active,UK,English,21,11,153,3,False,better,7,5,old,11,True,no
1878,Male,Married,False,8,on,gold,10,5,positive,upi,expired,US,Hindi,39,5,38,8,True,poor,20,1,old,0,True,no
1879,Male,Married,True,1,on,basic,3,19,positive,paypal,expired,Germany,English,16,19,109,8,False,good,2,10,recent,15,True,no
1880,Male,Married,False,8,off,gold,4,20,negative,paypal,cancelled,India,Hindi,3,13,33,6,True,poor,7,1,very_old,6,True,yes
1881,Male,Married,False,9,off,premium,4,8,neutral,card,cancelled,US,Hindi,17,19,34,4,False,poor,4,5,very_old,4,False,yes
1882,Female,Single,False,8,off,premium,7,9,positive,upi,cancelled,India,English,0,7,80,5,True,good,13,2,recent,16,False,no
1883,Female,Single,True,10,off,gold,2,18,neutral,paypal,cancelled,UK,English,49,8,125,10,True,better,11,5,recent,16,False,yes
1884,Male,Single,False,2,on,premium,1,15,negative,card,cancelled,Germany,English,16,20,77,8,False,better,17,5,recent,1,True,no
1885,Female,Married,False,2,off,gold,4,6,positive,upi,cancelled,UK,English,4,3,171,6,True,better,13,6,old,5,True,no
1886,Female,Single,True,9,on,premium,7,19,positive,paypal,active,Germany,Hindi,9,14,13,9,False,better,13,7,old,15,False,no
1887,Male,Married,False,5,off,basic,2,20,positive,upi,expired,Germany,English,32,12,62,4,True,good,11,8,recent,14,False,no
1888,Female,Single,False,9,on,basic,3,13,positive,upi,cancelled,UK,Hindi,22,12,101,5,False,good,2,9,recent,0,True,no
1889,Female,Married,False,7,on,basic,4,7,neutral,upi,cancelled,Germany,Hindi,29,24,187,10,False,better,13,7,old,4,False,no
1890,Female,Married,False,6,off,premium,6,4,negative,upi,active,UK,Telugu,39,6,123,2,False,good,15,8,recent,8,False,no
1891,Female,Married,False,2,on,gold,8,1,neutral,upi,cancelled,Germany,English,48,1,126,3,False,better,4,7,old,17,False,yes
1892,Male,Single,False,4,off,gold,6,1,positive,card,active,India,English,28,8,91,1,False,poor,16,1,very_old,6,True,no
1893,Female,Single,True,4,on,basic,4,11,negative,upi,cancelled,Germany,Hindi,0,0,51,7,False,good,14,6,old,15,False,no
1894,Female,Married,False,2,on,basic,1,17,negative,paypal,active,US,Telugu,34,7,107,8,True,good,6,9,old,17,True,no
1895,Female,Single,False,2,off,basic,5,3,neutral,upi,active,UK,Telugu,39,9,97,4,False,poor,11,4,very_old,7,True,no
1896,Male,Married,True,1,off,premium,2,16,positive,card,cancelled,UK,Telugu,12,0,67,5,False,good,12,2,very_old,5,True,yes
1897,Male,Single,True,6,off,basic,2,2,neutral,upi,expired,US,English,24,15,26,2,False,poor,10,8,recent,20,True,yes
1898,Female,Single,False,3,off,gold,1,10,positive,paypal,active,Germany,Telugu,0,13,20,3,False,poor,11,7,old,3,False,no
1899,Female,Single,False,7,on,basic,8,20,positive,paypal,expired,UK,English,18,8,141,1,False,good,1,7,old,9,True,yes
1900,Female,Single,True,6,on,premium,7,7,positive,paypal,active,Germany,Hindi,42,6,52,8,False,better,2,10,very_old,10,True,no
1901,Female,Married,False,1,off,premium,4,4,positive,upi,active,India,English,39,6,75,8,False,better,16,10,old,15,True,no
1902,Female,Married,True,4,on,premium,8,2,neutral,upi,active,India,English,18,21,177,7,True,poor,8,4,recent,12,True,no
1903,Female,Single,False,6,off,gold,2,20,negative,card,expired,US,Hindi,1,23,80,7,False,poor,2,4,very_old,4,False,yes
1904,Female,Married,True,4,on,basic,4,13,positive,paypal,active,UK,English,47,14,29,4,True,better,9,9,recent,11,True,no
1905,Male,Married,True,7,off,gold,6,9,neutral,upi,cancelled,India,Telugu,29,0,105,3,False,good,18,0,recent,6,False,yes
1906,Male,Married,False,9,off,gold,9,10,positive,paypal,expired,UK,Hindi,35,24,167,3,False,good,1,10,old,10,False,no
1907,Female,Single,False,6,on,basic,1,0,positive,upi,active,Germany,English,14,2,67,9,True,poor,16,10,very_old,7,True,no
1908,Male,Single,False,9,off,gold,3,16,positive,card,expired,UK,Telugu,22,21,123,2,True,better,7,8,old,8,False,no
1909,Female,Single,False,9,on,basic,7,9,negative,card,cancelled,UK,Hindi,27,2,86,6,False,better,18,9,very_old,19,False,yes
1910,Male,Single,False,7,on,premium,9,10,positive,upi,active,US,Hindi,3,9,131,8,False,better,19,8,recent,6,False,no
1911,Male,Married,True,7,on,gold,3,19,negative,upi,cancelled,US,Hindi,4,3,102,5,False,good,6,4,very_old,16,True,yes
1912,Female,Married,False,9,off,basic,9,8,neutral,paypal,expired,India,Telugu,7,4,177,8,True,better,10,4,very_old,18,True,no
1913,Male,Married,False,7,on,premium,1,4,neutral,upi,cancelled,US,Hindi,6,8,101,7,False,better,14,3,very_old,4,True,yes
1914,Female,Married,False,6,off,gold,6,4,negative,upi,expired,India,English,39,23,155,10,True,better,15,7,recent,2,True,no
1915,Male,Married,True,8,off,basic,10,7,negative,upi,active,UK,Telugu,44,14,21,5,False,poor,16,1,recent,6,False,no
1916,Male,Single,False,4,on,premium,9,17,negative,card,cancelled,UK,Telugu,39,7,145,1,True,good,2,10,old,8,True,yes
1917,Female,Married,True,8,off,gold,5,17,positive,paypal,cancelled,UK,Telugu,44,6,166,1,True,good,10,6,recent,4,False,no
1918,Male,Married,True,10,on,basic,4,0,negative,card,active,US,Telugu,4,15,168,9,True,poor,12,10,old,1,True,no
1919,Male,Single,True,4,off,premium,5,11,negative,card,expired,US,Hindi,16,6,13,7,True,better,7,8,old,2,False,yes
1920,Female,Single,True,10,off,gold,5,0,positive,paypal,active,India,English,7,21,117,6,False,better,14,3,old,5,True,no
1921,Female,Single,True,7,on,gold,1,17,positive,paypal,cancelled,India,English,26,2,27,3,True,poor,11,5,very_old,7,True,no
1922,Male,Single,True,6,off,basic,8,6,negative,upi,active,India,English,32,14,189,4,False,good,14,1,recent,16,True,no
1923,Male,Single,False,1,off,gold,3,18,neutral,paypal,cancelled,India,Hindi,11,3,28,2,True,poor,2,5,recent,16,False,no
1924,Female,Single,True,5,off,gold,8,6,positive,paypal,cancelled,US,English,42,18,180,3,True,good,6,0,old,15,True,no
1925,Female,Single,False,6,on,gold,6,0,neutral,paypal,cancelled,UK,Telugu,5,6,169,7,True,good,15,3,old,3,False,no
1926,Male,Single,True,10,off,gold,10,15,neutral,card,expired,UK,Hindi,7,8,33,7,True,good,3,1,recent,7,True,yes
1927,Male,Married,False,3,on,basic,2,18,negative,card,expired,US,Hindi,25,7,53,4,True,better,9,9,old,7,False,yes
1928,Female,Married,False,10,on,premium,5,16,neutral,paypal,cancelled,India,Telugu,43,13,149,2,True,better,10,2,very_old,20,False,yes
1929,Male,Single,True,1,on,premium,8,18,neutral,upi,active,India,English,3,7,58,5,False,poor,3,2,old,16,True,no
1930,Female,Single,True,5,on,basic,3,9,positive,card,active,Germany,English,16,7,184,7,False,poor,12,10,recent,19,True,no
1931,Female,Married,True,9,off,basic,7,13,positive,upi,expired,UK,Telugu,11,19,124,2,False,better,16,4,very_old,0,True,no
1932,Female,Married,False,10,off,basic,1,17,positive,paypal,expired,US,Telugu,32,16,163,5,True,better,7,4,very_old,9,False,no
1933,Female,Married,False,3,on,premium,5,8,negative,upi,active,Germany,Hindi,1,11,132,6,False,good,20,4,recent,6,True,no
1934,Female,Married,False,5,on,premium,3,15,positive,paypal,cancelled,UK,Hindi,47,11,179,3,True,good,2,3,recent,9,True,yes
1935,Female,Single,True,2,off,gold,9,12,neutral,card,active,Germany,Telugu,2,1,93,3,False,better,15,9,recent,0,False,no
1936,Male,Married,False,8,on,basic,6,17,neutral,paypal,active,US,Hindi,39,6,186,3,True,poor,7,9,very_old,13,False,no
1937,Male,Single,False,8,on,basic,10,5,neutral,paypal,active,UK,Telugu,37,7,111,6,True,better,16,1,recent,19,True,yes
1938,Male,Married,True,4,on,basic,4,8,negative,paypal,expired,US,Telugu,32,13,44,8,False,better,14,7,very_old,4,True,yes
1939,Male,Single,False,4,on,basic,7,4,positive,upi,expired,India,Telugu,40,10,72,7,True,better,12,2,old,1,True,no
1940,Female,Single,False,4,on,basic,9,9,negative,paypal,expired,US,Telugu,47,3,170,7,True,good,5,6,recent,13,True,yes
1941,Male,Single,False,10,off,basic,7,12,positive,upi,cancelled,UK,Telugu,32,12,181,3,False,good,19,6,recent,15,True,yes
1942,Female,Single,False,3,on,basic,6,11,neutral,upi,active,UK,Hindi,23,3,58,2,True,poor,12,1,old,19,True,no
1943,Female,Single,False,7,off,premium,5,9,neutral,card,cancelled,US,Hindi,35,3,181,1,False,poor,4,1,recent,16,True,yes
1944,Female,Single,True,5,off,basic,8,19,neutral,upi,expired,UK,English,0,25,40,1,True,better,13,5,very_old,2,True,yes
1945,Male,Married,True,5,off,premium,7,8,positive,card,active,UK,English,19,18,50,1,False,poor,1,7,recent,3,False,no
1946,Male,Married,True,8,on,basic,4,14,positive,paypal,active,US,Telugu,2,17,197,4,False,poor,12,6,recent,14,True,no
1947,Female,Married,True,4,off,gold,10,13,positive,card,expired,UK,English,24,24,189,9,False,poor,8,2,old,12,False,yes
1948,Female,Married,True,5,on,basic,2,19,negative,upi,expired,US,Hindi,36,24,50,4,True,poor,8,1,recent,11,False,yes
1949,Female,Married,True,2,on,basic,6,9,positive,upi,expired,India,Hindi,14,6,183,9,True,better,17,10,old,6,False,yes
1950,Male,Single,True,2,off,basic,1,6,neutral,upi,expired,India,Hindi,2,20,71,7,False,better,13,0,old,9,True,no
1951,Male,Married,False,9,on,basic,8,4,positive,upi,active,India,Hindi,36,1,39,1,True,poor,8,9,very_old,17,True,no
1952,Female,Married,False,3,on,basic,9,15,positive,upi,active,Germany,English,2,21,69,2,True,good,16,2,recent,8,False,no
1953,Female,Single,True,4,on,gold,3,17,positive,card,expired,UK,English,19,6,176,6,True,poor,5,3,recent,20,True,yes
1954,Female,Single,False,7,off,basic,2,13,negative,upi,expired,UK,Telugu,26,2,158,3,False,good,11,5,old,12,False,yes
1955,Female,Married,False,3,on,basic,9,3,neutral,upi,expired,India,English,10,20,113,8,False,poor,12,0,very_old,17,True,yes
1956,Female,Married,False,2,on,basic,5,16,neutral,upi,active,UK,English,19,17,158,4,False,better,5,4,old,3,False,no
1957,Female,Married,True,2,off,basic,4,18,negative,paypal,active,UK,English,44,1,116,2,True,poor,14,10,old,17,False,no
1958,Male,Married,False,4,on,gold,10,14,neutral,card,cancelled,India,English,23,25,120,5,True,poor,8,0,very_old,14,True,no
1959,Female,Married,False,8,off,premium,7,20,negative,card,expired,US,Hindi,5,14,149,7,True,better,6,5,very_old,0,False,no
1960,Female,Married,True,10,on,gold,2,1,negative,card,active,US,Hindi,26,23,115,9,False,good,16,1,very_old,15,True,no
1961,Female,Married,False,4,off,basic,3,10,positive,card,active,India,Telugu,50,15,164,1,False,good,7,2,very_old,13,True,no
1962,Male,Single,True,8,off,gold,7,18,positive,card,expired,Germany,Telugu,28,4,134,8,True,better,9,10,old,5,True,yes
1963,Male,Married,True,9,off,basic,8,8,neutral,paypal,expired,India,English,26,2,196,3,False,good,12,1,recent,15,True,yes
1964,Male,Single,True,8,on,gold,2,13,positive,upi,cancelled,UK,English,30,23,53,9,False,poor,8,10,recent,14,True,no
1965,Male,Single,True,1,on,premium,4,5,positive,paypal,cancelled,India,English,7,6,28,6,False,poor,14,7,old,14,True,yes
1966,Female,Single,True,10,off,basic,7,12,neutral,upi,expired,US,Hindi,38,17,82,10,True,good,14,5,old,18,True,yes
1967,Male,Married,True,2,on,premium,3,9,neutral,card,active,UK,Hindi,21,25,167,8,False,better,10,7,recent,1,False,no
1968,Male,Single,True,3,on,premium,6,14,positive,upi,expired,UK,Hindi,22,5,186,8,True,good,17,8,old,11,False,yes
1969,Male,Single,True,6,off,basic,10,6,neutral,card,expired,India,English,21,13,108,5,False,poor,17,1,old,14,False,no
1970,Female,Married,True,2,on,gold,10,12,positive,card,expired,US,Hindi,5,6,160,2,False,better,6,3,old,3,True,no
1971,Female,Single,False,5,off,premium,9,10,negative,upi,active,UK,Telugu,40,19,21,3,False,better,17,4,recent,3,True,no
1972,Male,Single,True,8,off,premium,4,8,neutral,upi,cancelled,India,English,35,9,85,7,False,good,16,6,very_old,14,False,no
1973,Female,Single,True,7,on,premium,2,10,positive,card,expired,India,Hindi,41,20,182,8,True,better,6,4,recent,10,True,no
1974,Male,Married,True,2,on,basic,6,16,negative,upi,active,UK,Hindi,47,18,156,6,False,better,8,1,recent,1,True,no
1975,Female,Married,False,9,on,basic,4,16,positive,upi,expired,US,Telugu,45,21,199,9,True,good,7,7,very_old,1,True,no
1976,Female,Single,True,1,off,premium,7,7,positive,card,expired,UK,Hindi,33,18,18,5,False,better,9,4,very_old,0,True,yes
1977,Male,Married,False,3,on,gold,3,8,neutral,card,cancelled,India,Hindi,18,13,188,3,False,better,4,9,old,8,True,yes
1978,Female,Married,False,8,on,basic,3,1,positive,paypal,cancelled,UK,Telugu,0,25,114,8,False,poor,10,3,recent,19,True,no
1979,Male,Single,True,10,on,gold,3,8,positive,card,cancelled,India,Telugu,32,18,88,1,False,poor,16,2,very_old,19,True,yes
1980,Female,Married,True,4,off,gold,6,7,neutral,card,cancelled,US,Hindi,9,0,63,1,False,poor,20,5,old,13,False,yes
1981,Male,Single,False,6,on,gold,5,16,negative,upi,expired,UK,Telugu,43,3,91,1,True,poor,3,7,old,0,True,yes
1982,Male,Single,True,9,off,basic,1,9,neutral,upi,cancelled,UK,English,14,25,185,4,False,good,6,3,old,0,True,yes
1983,Male,Married,True,9,off,gold,7,1,neutral,card,active,India,English,41,10,106,10,True,poor,9,0,old,17,True,yes
1984,Female,Single,True,6,off,premium,1,0,neutral,upi,expired,US,English,39,5,96,6,False,good,5,6,old,2,False,yes
1985,Male,Married,False,8,on,premium,2,0,negative,card,expired,UK,Hindi,3,9,36,4,False,good,16,1,recent,8,False,no
1986,Female,Single,True,3,on,basic,8,3,negative,paypal,active,US,English,32,9,36,9,False,better,3,9,very_old,1,True,yes
1987,Male,Single,False,4,off,basic,10,8,negative,card,expired,US,Telugu,8,11,147,1,False,good,12,5,recent,3,True,yes
1988,Male,Single,True,7,on,gold,9,11,neutral,upi,expired,UK,Hindi,21,19,88,6,True,good,18,9,very_old,9,False,no
1989,Female,Married,False,1,off,premium,1,10,positive,upi,cancelled,India,Telugu,26,19,132,6,True,good,18,2,recent,12,True,yes
1990,Male,Married,False,4,off,basic,5,17,negative,paypal,active,UK,Hindi,23,15,163,8,True,good,16,1,old,13,True,no
1991,Female,Single,False,4,on,premium,4,16,neutral,card,cancelled,India,Hindi,22,20,18,1,True,poor,15,3,old,5,True,no
1992,Male,Married,False,3,off,gold,10,2,neutral,paypal,expired,India,Hindi,7,6,131,10,False,good,16,7,very_old,11,True,yes
1993,Female,Single,False,1,off,premium,8,14,positive,card,cancelled,Germany,Telugu,32,20,63,4,False,better,8,5,recent,2,False,yes
1994,Female,Married,True,2,on,basic,3,18,neutral,paypal,expired,UK,Hindi,12,1,142,1,True,good,3,0,recent,1,True,no
1995,Male,Single,False,7,off,basic,3,1,positive,paypal,cancelled,US,English,1,20,39,8,True,good,1,2,recent,16,True,no
1996,Male,Single,True,3,on,basic,4,20,positive,paypal,expired,India,Telugu,36,9,88,1,True,good,9,4,old,15,False,no
1997,Male,Married,True,10,off,premium,5,2,negative,card,cancelled,UK,Telugu,23,17,129,1,True,poor,9,3,very_old,14,True,yes
1998,Female,Single,False,7,on,basic,7,13,negative,card,cancelled,UK,Hindi,21,4,179,8,False,poor,2,1,old,9,False,yes
1999,Female,Single,True,6,off,basic,9,9,negative,card,expired,US,Telugu,36,22,127,3,True,poor,9,5,old,16,False,yes
2000,Male,Married,True,10,off,gold,10,0,negative,upi,expired,UK,English,3,7,39,4,False,poor,5,6,very_old,13,True,no
2001,Female,Single,False,1,off,basic,9,12,neutral,upi,cancelled,UK,Hindi,45,18,85,10,True,good,9,7,old,19,False,yes
2002,Female,Single,True,1,off,gold,6,7,positive,paypal,active,Germany,English,37,15,51,1,True,poor,15,5,recent,5,True,no
2003,Female,Married,False,5,on,gold,3,7,negative,upi,cancelled,UK,Telugu,2,21,135,2,False,better,16,5,old,3,True,no
2004,Female,Single,False,1,on,gold,2,3,neutral,card,expired,Germany,Telugu,32,23,141,6,False,better,1,6,old,10,False,yes
2005,Male,Married,True,3,on,gold,5,7,neutral,upi,expired,UK,English,39,11,78,2,False,good,2,7,old,4,False,no
2006,Female,Single,True,1,off,basic,3,16,positive,paypal,expired,India,Hindi,38,3,21,8,True,better,4,3,recent,1,False,yes
2007,Female,Single,True,6,on,basic,9,1,negative,card,expired,India,Hindi,41,0,180,10,True,better,9,8,recent,12,False,yes
2008,Female,Married,True,10,off,gold,9,16,neutral,card,active,Germany,Hindi,6,7,26,6,True,good,18,4,recent,17,True,no
2009,Female,Married,True,5,off,basic,4,16,positive,paypal,cancelled,US,Telugu,49,4,104,9,False,good,9,3,very_old,0,True,no
2010,Female,Single,False,9,off,premium,6,20,positive,card,cancelled,US,English,25,19,193,4,False,good,12,5,old,12,True,no
2011,Female,Single,True,5,on,premium,5,15,negative,paypal,expired,India,Hindi,13,6,191,2,True,better,14,3,recent,17,True,no
2012,Female,Single,False,1,on,premium,3,9,positive,card,active,India,Telugu,35,11,76,9,False,poor,7,5,very_old,7,True,no
2013,Male,Married,False,3,off,basic,1,12,negative,card,cancelled,US,Telugu,3,25,123,2,True,good,8,0,recent,5,True,no
2014,Male,Married,False,7,on,premium,5,17,neutral,paypal,expired,Germany,English,46,9,134,3,False,better,9,2,old,14,False,yes
2015,Male,Single,False,7,off,gold,6,18,negative,upi,active,Germany,English,26,23,150,5,True,better,16,1,very_old,17,True,yes
2016,Female,Married,True,9,on,gold,6,19,neutral,paypal,expired,US,Telugu,3,3,77,8,False,better,16,3,recent,14,False,yes
2017,Male,Married,False,10,on,premium,5,16,positive,card,active,UK,English,0,0,131,7,False,poor,5,1,recent,13,False,no
2018,Female,Married,False,5,on,gold,7,19,negative,upi,cancelled,UK,Telugu,30,24,172,5,True,better,18,4,very_old,16,True,yes
2019,Male,Single,True,7,off,basic,6,10,negative,card,cancelled,UK,Telugu,46,24,31,10,True,better,2,6,very_old,17,False,yes
2020,Male,Married,False,10,on,basic,3,0,positive,upi,expired,UK,English,38,24,110,9,False,good,16,4,old,2,False,yes
2021,Female,Married,True,6,on,basic,4,19,neutral,card,active,UK,English,15,7,174,6,False,poor,8,1,old,2,True,no
2022,Female,Single,False,3,off,premium,1,1,negative,upi,expired,Germany,Telugu,40,3,60,6,True,poor,16,6,old,0,False,yes
2023,Male,Married,True,6,on,premium,8,6,positive,paypal,active,India,English,29,22,173,9,False,poor,10,7,old,18,False,yes
2024,Male,Single,True,5,on,gold,7,0,negative,paypal,cancelled,US,English,16,12,193,9,True,better,19,9,old,2,True,no
2025,Female,Single,False,7,on,basic,3,18,positive,upi,active,UK,Hindi,28,18,182,1,False,poor,17,3,old,7,True,no
2026,Male,Single,False,6,on,premium,3,1,negative,card,cancelled,India,Telugu,35,23,37,6,False,poor,14,5,very_old,16,False,yes
2027,Female,Single,True,3,on,gold,6,5,neutral,paypal,active,India,Hindi,5,18,126,8,True,poor,14,5,old,1,True,no
2028,Male,Married,True,4,on,premium,6,20,negative,upi,cancelled,UK,Hindi,36,13,57,10,True,better,5,0,very_old,9,False,yes
2029,Male,Single,True,8,off,gold,7,18,negative,upi,cancelled,India,English,1,11,36,1,False,better,13,6,old,19,True,yes
2030,Female,Single,True,6,on,premium,8,7,positive,upi,expired,US,Hindi,24,10,177,10,False,better,20,2,very_old,4,True,no
2031,Male,Single,True,6,on,gold,1,2,negative,paypal,cancelled,UK,English,40,8,184,2,False,poor,2,4,old,10,True,yes
2032,Female,Married,False,3,off,premium,2,3,positive,upi,cancelled,US,Hindi,20,25,146,1,True,good,6,9,old,18,False,no
2033,Female,Single,True,2,off,basic,5,19,neutral,paypal,cancelled,Germany,English,5,5,126,8,True,good,18,10,very_old,20,False,no
2034,Female,Married,False,5,on,basic,5,5,positive,card,expired,US,English,43,15,84,1,False,good,12,5,old,15,False,no
2035,Male,Single,False,8,on,premium,3,10,positive,paypal,expired,Germany,Hindi,47,1,48,3,False,poor,5,7,old,19,False,yes
2036,Male,Single,False,10,off,basic,9,10,negative,paypal,cancelled,US,Hindi,28,22,130,3,True,better,15,2,very_old,13,False,yes
2037,Female,Single,False,5,off,gold,3,3,neutral,paypal,cancelled,India,Telugu,4,12,85,6,True,good,15,7,recent,8,True,no
2038,Female,Single,True,3,off,premium,3,15,neutral,paypal,active,US,Telugu,0,4,173,3,False,better,20,10,old,13,True,no
2039,Male,Single,False,10,on,basic,4,3,positive,upi,active,India,English,33,16,96,8,True,better,4,0,old,10,False,no
2040,Female,Single,False,7,on,basic,6,0,negative,paypal,cancelled,UK,Hindi,31,13,168,4,True,poor,6,8,recent,13,True,yes
2041,Male,Single,True,2,on,premium,1,15,positive,paypal,cancelled,Germany,Hindi,5,8,170,3,False,poor,18,1,recent,6,False,yes
2042,Female,Married,False,8,on,gold,3,3,positive,card,cancelled,India,English,12,11,171,2,False,good,5,2,old,19,False,no
2043,Male,Married,True,7,off,gold,3,2,neutral,paypal,cancelled,US,English,18,21,27,4,True,better,3,9,recent,4,True,yes
2044,Female,Single,False,1,off,basic,2,13,neutral,card,active,UK,Telugu,48,24,79,10,False,good,15,9,old,4,True,no
2045,Female,Single,True,1,off,basic,3,10,positive,paypal,active,US,Telugu,8,10,60,8,False,better,18,10,old,13,False,no
2046,Female,Married,True,7,off,gold,4,5,positive,card,active,India,English,3,16,71,10,False,better,5,7,very_old,10,False,no
2047,Female,Single,False,5,on,basic,9,7,neutral,card,expired,UK,English,37,8,197,4,False,poor,5,0,recent,12,False,yes
2048,Male,Single,False,3,off,basic,6,19,neutral,upi,expired,Germany,Hindi,1,17,173,9,False,good,14,2,very_old,5,True,no
2049,Female,Married,True,4,off,basic,4,19,negative,card,active,US,English,23,23,44,8,True,poor,16,10,very_old,7,True,no
2050,Female,Single,False,10,off,basic,10,0,positive,paypal,cancelled,India,English,40,6,148,3,False,good,3,0,old,19,True,yes
2051,Male,Married,True,3,on,premium,6,2,neutral,paypal,cancelled,UK,Telugu,38,3,77,7,True,good,12,3,old,14,False,yes
2052,Male,Married,True,6,off,premium,5,20,neutral,card,active,Germany,English,40,16,65,8,True,better,6,6,very_old,17,True,no
2053,Female,Married,False,7,on,premium,9,13,negative,paypal,cancelled,US,Hindi,28,2,178,8,False,poor,4,1,very_old,6,False,yes
2054,Male,Single,False,1,on,premium,3,4,negative,card,expired,US,Hindi,27,8,193,10,True,good,1,5,very_old,6,False,yes
2055,Male,Married,False,8,off,gold,10,5,neutral,paypal,cancelled,India,English,36,11,156,5,False,good,11,6,recent,9,True,yes
2056,Male,Single,True,7,off,gold,10,4,positive,card,cancelled,Germany,Hindi,2,4,132,6,False,good,19,8,old,12,True,no
2057,Female,Single,True,9,off,basic,2,18,neutral,card,expired,US,English,16,17,96,5,False,good,19,8,very_old,12,True,yes
2058,Female,Married,False,9,off,basic,8,9,positive,card,active,US,English,35,9,115,6,True,poor,10,1,old,8,False,no
2059,Male,Married,True,5,on,premium,1,12,neutral,card,cancelled,Germany,Hindi,6,21,72,6,False,good,17,5,recent,7,True,no
2060,Male,Married,False,3,off,basic,9,7,positive,card,expired,UK,Hindi,42,23,35,8,False,better,4,10,recent,16,False,yes
2061,Male,Single,True,6,off,premium,5,2,positive,card,cancelled,India,Telugu,31,16,60,6,False,better,2,3,old,7,True,yes
2062,Female,Single,True,5,off,gold,4,11,negative,paypal,active,US,Hindi,20,15,134,10,False,poor,8,3,old,3,True,no
2063,Male,Single,True,8,on,premium,6,13,negative,paypal,expired,US,Hindi,6,5,74,6,True,better,14,9,very_old,2,False,yes
2064,Female,Married,False,5,on,basic,4,8,positive,paypal,active,US,English,8,9,137,1,False,poor,18,3,old,2,True,no
2065,Female,Single,False,7,off,gold,1,0,neutral,card,expired,US,Hindi,9,21,12,2,True,good,16,8,recent,20,True,no
2066,Male,Single,True,4,on,gold,2,17,neutral,card,active,Germany,Telugu,49,24,19,10,False,poor,20,4,recent,20,True,no
2067,Female,Married,False,10,off,gold,2,18,neutral,paypal,cancelled,India,Hindi,43,21,91,10,False,good,13,3,very_old,4,False,yes
2068,Female,Married,False,4,on,premium,3,1,positive,card,cancelled,India,English,25,3,15,3,True,better,9,4,recent,8,False,no
2069,Female,Married,True,4,on,gold,8,7,positive,paypal,cancelled,India,Telugu,44,19,105,6,False,good,2,7,very_old,8,True,no
2070,Male,Married,True,4,on,gold,1,9,positive,card,cancelled,US,English,24,21,106,1,True,good,9,9,old,6,False,no
2071,Male,Married,False,5,off,gold,9,17,neutral,paypal,expired,UK,Telugu,5,11,51,4,True,good,18,4,old,5,False,yes
2072,Female,Married,False,8,on,basic,7,1,neutral,paypal,expired,US,English,35,24,105,2,False,good,19,5,very_old,10,True,yes
2073,Male,Married,False,2,off,premium,4,17,negative,card,cancelled,Germany,Hindi,17,2,174,3,True,good,7,7,old,2,False,yes
2074,Male,Single,False,6,on,basic,5,4,positive,paypal,expired,US,Hindi,14,11,124,5,True,poor,1,3,recent,14,False,yes
2075,Male,Married,False,6,off,premium,5,6,neutral,card,cancelled,India,English,49,10,91,7,True,poor,19,1,very_old,8,False,yes
2076,Female,Married,True,1,on,premium,5,12,neutral,paypal,active,India,Telugu,3,2,29,7,False,good,16,6,recent,10,False,no
2077,Male,Single,False,10,off,premium,2,15,positive,paypal,expired,India,Hindi,1,15,77,4,False,poor,14,9,very_old,3,True,no
2078,Male,Single,False,5,on,basic,7,1,positive,card,expired,UK,Telugu,14,22,176,6,True,better,11,5,very_old,10,True,no
2079,Male,Married,False,10,off,gold,6,10,positive,upi,cancelled,US,Telugu,43,1,95,1,False,poor,15,6,very_old,0,True,no
2080,Male,Married,True,5,on,gold,9,6,negative,paypal,cancelled,US,English,7,16,193,4,True,better,15,5,old,18,False,yes
2081,Female,Married,True,7,off,basic,7,12,positive,paypal,active,UK,Hindi,34,7,16,7,False,poor,16,3,recent,17,False,no
2082,Male,Married,False,8,off,premium,6,4,positive,paypal,expired,India,Hindi,30,25,25,3,False,good,16,6,very_old,2,True,no
2083,Male,Married,False,8,off,gold,5,20,neutral,upi,expired,India,Telugu,16,13,163,2,False,good,8,8,old,14,False,yes
2084,Female,Single,False,8,off,gold,4,6,neutral,paypal,cancelled,UK,English,18,13,164,2,True,poor,17,4,very_old,11,False,no
2085,Male,Married,False,10,on,gold,5,0,positive,card,cancelled,UK,Hindi,29,0,131,8,True,poor,6,6,recent,8,True,no
2086,Female,Single,False,2,off,gold,4,4,negative,upi,active,Germany,Hindi,37,10,104,3,True,good,11,1,old,18,False,yes
2087,Female,Single,False,10,on,premium,5,10,negative,paypal,active,India,English,3,0,152,4,False,better,20,8,recent,10,False,no
2088,Female,Single,True,9,off,premium,7,14,negative,upi,expired,US,Hindi,35,12,34,1,False,better,15,10,recent,17,True,yes
2089,Male,Married,False,6,on,gold,7,5,neutral,card,active,India,English,4,6,144,8,True,good,1,3,recent,9,True,no
2090,Female,Married,False,9,off,basic,10,14,positive,paypal,expired,UK,Telugu,48,9,195,4,False,better,19,2,recent,18,True,no
2091,Female,Married,True,10,on,basic,1,6,negative,card,cancelled,UK,English,42,9,81,5,False,better,16,2,recent,7,False,yes
2092,Male,Single,True,3,off,basic,10,20,neutral,upi,cancelled,Germany,Telugu,32,11,176,9,False,better,3,5,very_old,16,False,yes
2093,Male,Married,True,2,off,basic,1,8,positive,upi,expired,UK,Telugu,12,25,19,10,False,good,8,10,very_old,6,True,yes
2094,Male,Single,False,7,on,basic,10,11,negative,card,active,Germany,Hindi,39,23,200,4,True,poor,1,1,old,0,True,no
2095,Male,Married,True,9,on,premium,2,1,positive,card,expired,Germany,English,36,2,33,7,False,good,20,1,recent,13,False,no
2096,Female,Single,True,3,on,premium,4,13,positive,paypal,cancelled,India,Hindi,11,6,84,1,True,poor,17,4,recent,15,False,yes
2097,Female,Married,False,5,on,gold,3,7,neutral,paypal,expired,US,Telugu,26,17,188,4,True,poor,10,8,very_old,11,False,yes
2098,Female,Married,True,8,off,gold,6,17,negative,paypal,active,India,Telugu,0,24,122,4,True,poor,11,5,very_old,14,False,yes
2099,Male,Single,False,6,off,basic,9,18,neutral,upi,expired,US,Hindi,34,22,122,1,False,better,4,4,recent,7,True,yes
2100,Female,Married,False,8,off,gold,8,16,neutral,card,cancelled,US,Telugu,50,5,24,4,True,poor,12,8,very_old,20,False,yes
2101,Male,Married,False,7,on,gold,6,8,negative,paypal,expired,India,Hindi,7,5,89,7,False,poor,16,0,recent,6,True,no
2102,Male,Married,False,5,on,gold,6,7,neutral,paypal,expired,India,Telugu,28,7,79,7,True,good,13,2,very_old,13,True,no
2103,Male,Single,True,9,off,premium,9,20,positive,upi,active,US,Telugu,35,19,61,6,False,poor,13,7,very_old,18,False,yes
2104,Female,Single,True,6,on,gold,9,1,neutral,card,cancelled,US,English,48,19,92,8,True,good,18,4,recent,9,False,no
2105,Male,Married,False,6,off,gold,1,5,positive,upi,expired,US,Telugu,27,5,21,7,False,poor,17,10,recent,1,True,yes
2106,Male,Married,True,5,on,basic,3,10,neutral,paypal,cancelled,US,Hindi,1,19,93,8,True,poor,6,5,very_old,9,False,no
2107,Male,Married,True,7,on,premium,6,5,neutral,upi,active,UK,English,40,0,79,3,True,good,3,5,recent,2,False,no
2108,Female,Single,True,6,on,premium,4,18,positive,paypal,cancelled,Germany,Hindi,6,1,51,9,True,good,1,9,old,18,False,yes
2109,Female,Married,False,9,on,basic,7,9,positive,upi,active,UK,Telugu,49,23,90,10,True,better,6,8,very_old,14,True,no
2110,Female,Single,False,1,on,basic,9,8,negative,upi,expired,UK,Hindi,14,11,178,1,False,good,16,1,old,6,False,no
2111,Male,Single,True,9,off,basic,6,4,positive,card,cancelled,India,Telugu,33,10,154,10,False,good,7,5,old,17,False,yes
2112,Male,Married,True,8,on,basic,1,18,positive,card,expired,UK,Telugu,0,6,128,2,True,better,13,6,old,12,True,no
2113,Male,Single,True,1,off,premium,8,6,neutral,paypal,active,Germany,Hindi,29,25,96,5,False,better,11,5,very_old,11,True,no
2114,Male,Married,False,10,on,gold,2,12,negative,upi,cancelled,UK,English,35,20,79,4,True,better,12,0,recent,1,True,yes
2115,Male,Single,True,6,off,basic,4,6,positive,upi,active,India,English,15,7,100,4,True,poor,4,1,old,20,False,no
2116,Male,Married,False,6,off,basic,6,12,neutral,paypal,expired,Germany,Hindi,8,6,57,1,True,poor,10,10,very_old,20,True,yes
2117,Male,Married,True,7,on,gold,7,17,neutral,upi,expired,Germany,Telugu,47,12,43,6,True,better,16,8,very_old,3,True,no
2118,Male,Single,True,10,off,basic,1,1,negative,card,active,UK,Hindi,42,6,157,1,False,better,9,0,very_old,17,True,no
2119,Male,Single,False,3,off,basic,4,6,negative,card,active,US,Hindi,45,21,26,3,False,better,7,10,very_old,8,True,yes
2120,Female,Single,True,2,on,basic,2,3,neutral,upi,cancelled,Germany,Telugu,2,25,110,5,False,good,10,0,old,18,True,yes
2121,Female,Single,False,4,on,premium,3,14,positive,upi,cancelled,India,English,24,20,109,10,False,better,20,3,old,9,False,no
2122,Female,Married,False,2,on,premium,3,10,positive,paypal,cancelled,India,English,6,17,34,7,False,poor,12,6,old,16,True,no
2123,Male,Single,False,8,off,gold,2,19,positive,paypal,expired,India,Telugu,46,7,95,7,True,poor,18,7,old,1,False,yes
2124,Female,Married,False,3,off,premium,9,14,neutral,paypal,cancelled,UK,Telugu,27,1,68,1,True,good,18,5,recent,11,True,no
2125,Female,Single,False,3,on,premium,1,11,positive,paypal,active,UK,English,21,6,148,1,False,better,17,4,recent,16,False,no
2126,Female,Single,True,5,on,gold,6,14,positive,paypal,active,India,Hindi,39,22,77,10,False,good,15,8,old,7,True,no
2127,Female,Single,True,8,on,premium,9,9,negative,paypal,expired,India,Telugu,2,17,159,10,False,better,19,4,recent,15,False,yes
2128,Male,Married,False,3,on,premium,3,11,negative,card,cancelled,UK,Hindi,21,15,27,7,False,poor,2,7,very_old,18,False,yes
2129,Male,Married,True,2,off,premium,9,5,negative,upi,active,UK,Hindi,35,21,55,4,False,better,1,10,recent,17,False,yes
2130,Female,Single,True,5,off,gold,3,7,negative,upi,cancelled,Germany,English,38,23,61,6,False,good,8,5,very_old,12,False,yes
2131,Female,Married,True,6,off,gold,3,20,negative,paypal,cancelled,US,Hindi,40,23,115,6,True,good,4,2,old,3,False,no
2132,Female,Married,True,5,on,gold,8,18,positive,paypal,cancelled,UK,Hindi,5,13,158,3,True,poor,2,10,old,20,True,yes
2133,Male,Single,True,6,off,premium,6,9,positive,paypal,cancelled,US,English,3,16,184,3,False,poor,12,4,old,14,False,no
2134,Male,Single,False,2,off,basic,1,20,neutral,paypal,cancelled,Germany,Telugu,34,19,45,7,False,poor,5,9,recent,7,True,no
2135,Female,Married,False,3,off,basic,6,0,positive,paypal,expired,Germany,English,23,19,196,8,False,good,9,8,old,6,True,no
2136,Male,Single,False,8,off,basic,1,13,neutral,card,cancelled,Germany,Telugu,19,11,122,3,True,good,3,1,old,4,True,yes
2137,Male,Married,False,4,on,gold,10,6,positive,card,active,Germany,Hindi,5,11,30,9,False,good,1,10,recent,16,True,no
2138,Female,Married,True,7,on,gold,6,20,neutral,card,cancelled,India,Hindi,31,17,100,6,True,good,9,0,very_old,14,True,no
2139,Male,Single,False,3,off,gold,3,5,neutral,upi,active,India,Telugu,8,10,101,10,True,good,13,4,recent,4,False,no
2140,Female,Single,False,4,off,gold,2,14,negative,upi,cancelled,Germany,Telugu,19,0,111,5,True,poor,2,9,recent,13,False,yes
2141,Female,Single,False,5,off,gold,4,0,negative,upi,cancelled,UK,Telugu,46,19,141,9,False,poor,2,2,very_old,12,False,yes
2142,Female,Single,False,1,on,basic,2,4,negative,upi,active,US,English,32,2,62,5,False,better,13,1,very_old,1,False,no
2143,Male,Married,False,8,off,gold,2,19,neutral,paypal,expired,India,Hindi,36,12,171,3,False,good,13,3,old,11,True,no
2144,Female,Single,True,1,off,gold,8,19,negative,card,active,India,Telugu,1,16,63,1,True,better,14,4,recent,7,True,no
2145,Male,Married,False,8,off,gold,6,17,negative,upi,cancelled,US,English,35,16,38,6,False,poor,18,9,old,11,True,no
2146,Female,Single,False,3,off,basic,8,19,negative,card,expired,US,Hindi,29,7,67,7,True,better,1,6,old,6,False,yes
2147,Female,Single,True,9,on,gold,8,12,neutral,paypal,cancelled,US,Hindi,10,25,109,1,False,better,15,0,very_old,15,False,yes
2148,Male,Single,True,6,on,gold,8,10,negative,paypal,cancelled,US,Hindi,3,5,170,10,False,poor,12,2,very_old,7,False,no
2149,Male,Single,True,1,off,premium,4,9,negative,card,cancelled,Germany,Telugu,12,17,121,3,True,poor,13,6,recent,15,False,yes
2150,Male,Married,False,1,on,premium,4,5,negative,card,cancelled,US,English,32,20,68,8,False,good,14,2,very_old,14,True,yes
2151,Male,Single,True,7,off,gold,10,7,neutral,paypal,expired,Germany,Hindi,8,18,73,4,False,poor,5,3,old,8,False,no
2152,Female,Single,False,6,on,gold,4,16,negative,card,cancelled,US,English,22,1,80,10,False,good,14,5,very_old,17,False,yes
2153,Female,Single,True,4,on,premium,5,3,positive,card,cancelled,Germany,Telugu,5,9,128,9,False,good,11,7,recent,15,True,no
2154,Female,Single,True,9,on,basic,8,13,neutral,paypal,active,US,Hindi,43,5,55,10,False,better,6,10,very_old,12,False,no
2155,Female,Single,False,5,off,gold,8,5,neutral,card,active,UK,English,40,16,67,2,False,poor,1,1,old,9,False,no
2156,Female,Married,False,9,off,gold,1,15,positive,paypal,cancelled,UK,English,18,21,43,2,True,better,15,2,old,12,True,no
2157,Male,Single,True,3,off,gold,1,5,positive,paypal,active,Germany,English,6,7,43,4,False,good,11,1,old,15,True,no
2158,Male,Married,True,8,off,gold,9,1,neutral,card,cancelled,India,English,29,15,110,3,False,good,11,9,old,15,True,yes
2159,Female,Single,True,9,on,premium,4,12,neutral,card,active,UK,Telugu,43,24,183,5,True,poor,3,3,old,9,True,no
2160,Female,Single,True,4,on,premium,1,16,positive,paypal,active,US,Telugu,37,21,25,7,False,better,8,9,very_old,16,False,no
2161,Female,Single,True,9,on,premium,5,9,positive,paypal,active,India,English,17,22,190,4,False,good,7,0,old,5,False,no
2162,Male,Married,True,3,off,basic,4,9,positive,card,cancelled,UK,English,8,11,188,5,False,good,6,8,recent,19,False,no
2163,Female,Single,True,7,off,premium,2,7,neutral,card,active,Germany,Telugu,44,15,41,4,True,good,18,0,very_old,12,True,no
2164,Female,Single,False,5,off,basic,7,7,neutral,upi,active,Germany,English,38,9,36,9,True,poor,15,5,old,10,False,no
2165,Male,Single,False,8,off,premium,7,14,positive,card,expired,US,English,47,8,115,7,False,good,18,9,recent,18,True,yes
2166,Male,Married,True,9,off,gold,7,15,positive,paypal,active,India,English,19,16,54,4,False,good,16,8,recent,10,True,no
2167,Male,Single,True,8,off,gold,2,12,negative,paypal,active,Germany,Hindi,14,18,128,9,False,poor,5,4,old,18,True,no
2168,Male,Married,False,10,off,basic,5,20,negative,card,cancelled,Germany,Hindi,43,23,199,1,True,good,4,8,very_old,19,True,yes
2169,Female,Married,True,6,off,gold,4,10,negative,paypal,active,Germany,Telugu,3,8,73,2,True,good,1,7,recent,9,True,no
2170,Female,Single,False,6,on,premium,9,7,positive,paypal,expired,UK,Telugu,4,21,124,1,True,poor,11,3,very_old,7,True,no
2171,Male,Single,False,6,off,premium,3,20,negative,paypal,active,UK,Telugu,3,3,36,6,False,better,1,10,very_old,8,True,no
2172,Male,Married,False,7,on,premium,8,10,neutral,card,cancelled,US,English,50,9,191,8,True,poor,18,4,old,20,False,yes
2173,Male,Married,False,10,on,basic,3,8,neutral,paypal,active,India,Hindi,25,0,189,6,True,better,16,2,old,18,False,no
2174,Female,Married,False,9,on,basic,10,11,negative,card,cancelled,Germany,Telugu,16,7,148,9,True,poor,15,3,very_old,2,False,no
2175,Female,Married,False,4,on,premium,2,8,positive,upi,cancelled,US,Hindi,6,19,157,1,False,better,1,10,recent,1,False,no
2176,Male,Single,True,6,on,premium,8,0,negative,upi,expired,Germany,Telugu,23,17,94,9,True,poor,18,8,old,15,True,yes
2177,Female,Married,False,4,off,basic,3,13,positive,upi,expired,US,Hindi,13,21,65,2,False,poor,13,6,recent,2,True,no
2178,Male,Married,True,1,on,premium,1,20,positive,paypal,cancelled,India,Telugu,24,24,141,3,False,better,20,9,old,6,False,no
2179,Male,Single,True,7,off,premium,5,11,neutral,paypal,expired,US,English,29,15,97,7,True,good,4,0,recent,3,False,yes
2180,Male,Single,False,3,on,gold,7,7,negative,card,active,Germany,Hindi,26,2,17,6,False,poor,1,9,very_old,0,True,no
2181,Female,Single,True,1,on,gold,5,0,negative,upi,expired,US,Telugu,20,19,65,6,True,poor,6,10,very_old,17,False,yes
2182,Male,Married,True,10,off,basic,3,2,positive,card,expired,Germany,Telugu,44,0,41,7,True,good,19,2,old,1,True,yes
2183,Female,Married,True,10,on,basic,9,5,positive,upi,expired,India,English,19,1,92,1,False,better,10,7,recent,2,True,no
2184,Male,Married,False,5,off,basic,4,10,negative,card,expired,UK,English,11,4,127,3,True,better,14,7,old,14,False,yes
2185,Male,Single,False,6,off,basic,2,0,positive,card,expired,US,Hindi,40,10,199,9,False,poor,2,1,very_old,1,False,yes
2186,Female,Single,False,9,off,gold,6,5,negative,upi,expired,US,Telugu,19,9,86,6,True,good,8,7,old,19,False,yes
2187,Female,Married,False,9,on,basic,9,20,neutral,card,expired,Germany,Hindi,43,15,70,7,False,good,4,8,old,14,True,no
2188,Male,Single,True,3,on,premium,5,17,neutral,card,cancelled,UK,Hindi,29,14,60,4,False,better,18,3,recent,11,False,no
2189,Female,Married,False,2,off,gold,5,0,negative,paypal,expired,Germany,English,25,11,72,9,True,better,10,1,old,16,True,yes
2190,Male,Single,False,10,off,premium,2,13,neutral,card,expired,Germany,English,14,6,75,6,False,better,5,5,very_old,10,False,no
2191,Male,Married,True,8,off,basic,6,10,positive,upi,cancelled,India,Telugu,20,8,83,9,False,good,13,4,very_old,13,True,no
2192,Male,Married,True,4,on,basic,5,17,positive,upi,expired,US,Hindi,12,22,144,9,False,good,8,9,very_old,18,False,yes
2193,Female,Single,True,9,off,gold,4,11,neutral,card,expired,India,Hindi,2,12,51,3,True,better,1,10,old,14,True,no
2194,Male,Married,True,6,on,premium,6,5,neutral,card,cancelled,India,Hindi,19,10,144,1,False,poor,6,3,very_old,18,True,yes
2195,Male,Single,False,3,on,premium,5,11,positive,paypal,cancelled,Germany,Telugu,10,3,140,7,False,good,15,8,recent,2,True,no
2196,Male,Single,True,10,off,basic,2,18,neutral,upi,expired,US,Hindi,22,16,93,3,False,better,2,8,recent,19,True,no
2197,Female,Married,True,3,on,basic,6,1,positive,card,active,US,Hindi,2,21,106,3,True,poor,2,1,recent,11,True,no
2198,Male,Married,True,4,off,premium,2,10,negative,card,expired,UK,Telugu,37,20,145,7,False,poor,18,0,very_old,2,True,no
2199,Male,Single,False,7,off,gold,9,1,negative,paypal,active,India,Hindi,23,23,37,3,False,poor,3,1,old,3,True,no
2200,Female,Single,False,1,off,premium,8,10,positive,card,expired,US,Hindi,48,20,65,1,False,good,7,6,recent,7,False,no
2201,Male,Married,True,3,off,premium,7,17,negative,upi,active,India,Telugu,31,6,143,7,False,poor,10,7,old,14,False,no
2202,Female,Married,True,6,off,gold,9,11,positive,paypal,active,Germany,Hindi,11,17,56,7,True,poor,11,0,very_old,15,True,no
2203,Male,Married,False,3,off,basic,10,15,negative,upi,cancelled,US,Telugu,42,4,140,5,True,poor,18,4,very_old,17,False,yes
2204,Male,Single,True,8,off,premium,1,17,negative,paypal,active,India,English,30,13,109,1,False,good,7,4,very_old,13,True,no
2205,Male,Married,False,5,off,gold,7,7,positive,card,expired,Germany,English,2,2,77,5,False,better,6,7,old,9,False,no
2206,Male,Single,True,7,on,gold,8,15,neutral,upi,active,UK,Telugu,44,14,120,4,True,good,11,5,recent,15,False,no
2207,Male,Single,False,8,off,premium,5,14,neutral,upi,cancelled,UK,English,41,5,40,10,True,poor,9,10,old,16,False,yes
2208,Female,Married,True,8,on,gold,1,3,negative,paypal,active,India,English,17,23,36,8,False,better,15,3,recent,9,False,no
2209,Female,Single,True,3,on,gold,4,0,neutral,card,expired,US,English,9,1,75,6,True,good,7,3,old,12,False,yes
2210,Female,Single,True,2,off,premium,7,14,negative,upi,expired,India,Hindi,21,4,10,1,False,better,17,7,old,8,True,yes
2211,Male,Married,False,8,off,gold,3,13,neutral,upi,active,US,Telugu,44,13,64,3,True,better,8,8,old,0,True,no
2212,Male,Single,False,9,on,gold,9,8,neutral,paypal,cancelled,UK,Telugu,44,16,170,7,True,poor,2,1,recent,0,False,no
2213,Female,Single,True,3,off,basic,3,1,positive,paypal,expired,UK,English,32,24,142,2,True,better,10,6,old,6,True,no
2214,Female,Single,True,1,on,basic,8,0,positive,paypal,active,India,English,43,25,161,1,False,better,7,10,very_old,15,True,no
2215,Male,Married,False,4,on,basic,4,17,negative,paypal,expired,US,Hindi,15,21,11,1,False,better,10,2,very_old,0,False,no
2216,Female,Married,True,7,on,gold,9,2,neutral,paypal,expired,Germany,Telugu,27,2,182,4,False,better,17,1,recent,3,False,no
2217,Male,Single,True,2,off,gold,3,11,negative,upi,expired,UK,Hindi,26,18,125,1,False,better,2,4,old,12,False,yes
2218,Female,Single,False,8,on,gold,6,12,positive,upi,cancelled,US,Hindi,43,17,93,9,False,good,18,7,old,20,False,yes
2219,Female,Single,True,6,off,premium,10,10,positive,paypal,active,India,Telugu,44,13,66,7,False,better,15,6,very_old,19,True,yes
2220,Female,Married,False,3,off,basic,8,18,negative,upi,expired,US,Telugu,33,3,72,3,True,good,6,6,recent,1,True,no
2221,Female,Single,True,6,on,basic,6,0,neutral,upi,cancelled,US,Hindi,31,4,197,2,True,poor,17,6,very_old,18,True,yes
2222,Female,Single,False,5,on,gold,6,15,neutral,card,expired,India,Telugu,45,1,198,7,True,better,16,4,old,0,False,yes
2223,Female,Single,False,4,off,basic,1,5,neutral,paypal,active,UK,Telugu,36,0,175,6,False,better,20,4,very_old,2,True,no
2224,Female,Single,True,6,off,premium,2,1,negative,upi,expired,UK,Hindi,7,4,29,5,True,poor,19,3,recent,4,True,no
2225,Male,Married,True,6,on,premium,2,13,negative,paypal,cancelled,US,Telugu,43,0,42,10,True,better,19,8,very_old,4,True,no
2226,Male,Married,True,7,on,gold,8,10,positive,upi,active,UK,English,38,24,108,2,False,good,13,10,very_old,15,False,no
2227,Female,Single,False,6,off,premium,7,6,negative,upi,active,India,English,11,16,197,10,False,good,19,7,recent,5,False,no
2228,Female,Married,False,4,off,gold,6,13,negative,upi,expired,Germany,Telugu,35,20,14,8,True,good,13,8,recent,17,False,yes
2229,Male,Married,True,4,off,gold,3,10,negative,upi,expired,UK,English,47,20,123,8,False,good,11,8,very_old,3,False,yes
2230,Female,Married,False,2,off,premium,5,16,negative,upi,expired,Germany,Hindi,50,20,43,1,True,better,19,2,recent,13,True,yes
2231,Male,Married,False,10,off,basic,7,2,negative,upi,cancelled,Germany,English,48,19,198,7,True,better,20,7,old,1,True,yes
2232,Male,Single,False,10,off,basic,10,12,positive,upi,cancelled,US,English,13,12,38,6,False,better,1,5,recent,6,False,no
2233,Male,Married,False,5,off,basic,2,14,negative,upi,cancelled,UK,English,18,24,132,9,True,good,13,6,recent,12,False,yes
2234,Female,Single,False,9,on,gold,3,9,neutral,card,expired,UK,Hindi,18,7,62,5,False,better,19,1,very_old,4,False,no
2235,Female,Single,True,3,off,basic,7,1,negative,upi,active,India,Telugu,9,12,143,5,True,poor,14,10,recent,19,False,no
2236,Male,Single,False,4,on,basic,4,17,positive,card,active,US,English,4,7,125,2,False,better,5,4,recent,17,False,no
2237,Male,Single,True,1,off,premium,3,0,positive,card,cancelled,UK,Hindi,10,19,198,4,False,good,5,9,old,0,False,no
2238,Female,Married,True,10,on,gold,5,14,neutral,card,expired,US,English,32,7,140,4,True,better,7,4,old,15,False,no
2239,Male,Married,False,6,off,premium,5,11,neutral,card,expired,UK,Telugu,25,21,87,7,True,poor,17,1,very_old,11,True,no
2240,Male,Single,True,10,off,premium,7,16,neutral,upi,active,UK,Hindi,23,16,102,8,False,better,13,3,recent,0,True,no
2241,Female,Single,False,1,on,gold,1,6,positive,upi,cancelled,India,English,16,12,32,7,False,better,1,5,very_old,7,True,yes
2242,Female,Single,True,8,off,gold,5,10,negative,paypal,cancelled,UK,Hindi,21,16,128,3,False,poor,14,10,very_old,4,False,yes
2243,Female,Single,False,7,on,premium,2,3,negative,upi,cancelled,Germany,English,42,14,97,3,False,good,15,2,old,13,False,yes
2244,Male,Single,True,5,off,gold,7,14,positive,card,active,India,English,48,3,160,6,True,poor,11,1,recent,20,True,no
2245,Female,Single,False,10,on,premium,8,14,negative,paypal,expired,India,Hindi,42,20,88,2,True,good,17,10,old,13,True,yes
2246,Male,Married,False,8,on,premium,5,10,neutral,upi,active,UK,Telugu,45,22,180,10,True,better,6,6,very_old,5,False,no
2247,Female,Married,False,2,off,gold,7,10,negative,paypal,cancelled,India,English,9,25,109,10,False,good,4,8,very_old,7,False,yes
2248,Male,Single,False,5,off,gold,4,2,negative,card,active,UK,Telugu,49,20,42,3,False,good,12,5,old,5,True,no
2249,Female,Married,False,5,off,gold,3,17,neutral,paypal,active,Germany,Telugu,27,10,135,9,False,good,13,4,recent,17,False,no
2250,Female,Married,False,3,off,gold,10,9,negative,paypal,cancelled,US,English,25,23,101,6,True,good,9,9,very_old,14,False,yes
2251,Female,Single,False,8,on,premium,3,18,neutral,upi,active,India,English,33,22,94,2,False,poor,6,7,recent,12,True,no
2252,Female,Single,False,1,on,basic,2,16,neutral,upi,expired,US,Hindi,29,23,110,10,True,good,7,2,very_old,8,False,yes
2253,Male,Single,False,1,off,premium,8,8,negative,paypal,expired,India,Telugu,30,7,88,10,True,better,19,1,old,19,False,yes
2254,Male,Single,True,6,on,premium,3,10,negative,upi,cancelled,US,Hindi,19,18,104,3,True,poor,3,9,recent,19,False,no
2255,Male,Married,False,9,off,premium,6,8,positive,card,cancelled,India,English,33,11,166,9,True,poor,13,4,very_old,19,True,yes
2256,Male,Married,False,9,off,gold,10,17,neutral,paypal,active,Germany,Hindi,0,13,52,7,True,good,12,10,recent,0,False,no
2257,Male,Married,False,6,off,gold,8,13,negative,upi,cancelled,India,English,42,14,107,10,False,poor,12,2,recent,12,True,yes
2258,Female,Married,False,3,off,gold,8,11,neutral,upi,expired,India,Hindi,46,3,188,3,False,better,19,2,very_old,7,True,yes
2259,Female,Single,True,5,on,gold,5,16,negative,paypal,cancelled,Germany,Hindi,20,12,83,2,True,good,5,2,recent,11,True,yes
2260,Male,Single,False,10,on,basic,10,20,negative,card,cancelled,UK,Hindi,49,7,133,5,True,good,15,9,old,1,True,no
2261,Male,Married,False,1,off,basic,2,4,positive,card,cancelled,US,Telugu,2,24,193,6,True,better,13,0,old,0,False,no
2262,Female,Married,False,2,off,basic,6,16,positive,paypal,expired,US,English,7,18,58,8,False,better,14,4,recent,18,False,no
2263,Male,Single,True,8,off,premium,10,13,negative,paypal,active,Germany,Telugu,29,25,168,2,True,poor,5,1,very_old,19,False,yes
2264,Male,Married,False,3,off,premium,2,6,positive,upi,cancelled,Germany,Hindi,42,9,33,5,True,poor,13,8,very_old,17,False,no
2265,Male,Married,False,2,off,gold,5,13,negative,paypal,active,US,English,29,2,123,10,True,good,16,10,recent,9,True,no
2266,Male,Married,False,2,off,gold,9,17,neutral,card,expired,Germany,English,28,3,19,1,True,better,12,3,old,9,True,yes
2267,Female,Married,True,10,on,premium,10,7,positive,card,active,Germany,Telugu,3,24,62,8,False,poor,13,8,recent,8,False,no
2268,Male,Married,False,4,off,basic,10,3,positive,card,expired,UK,Telugu,36,15,190,3,True,better,13,2,recent,9,True,yes
2269,Female,Married,True,2,off,basic,2,1,neutral,upi,cancelled,UK,Hindi,42,4,124,6,True,good,14,0,old,1,False,no
2270,Male,Single,False,4,on,gold,3,17,negative,upi,expired,India,Hindi,16,3,17,9,False,poor,7,3,very_old,14,True,yes
2271,Male,Married,False,8,off,basic,9,4,negative,paypal,active,UK,Telugu,23,3,112,2,True,good,16,4,recent,9,False,no
2272,Male,Married,False,10,on,gold,9,5,neutral,upi,expired,Germany,Hindi,23,25,146,2,True,poor,15,10,very_old,3,False,no
2273,Female,Single,True,3,off,premium,4,17,positive,upi,expired,Germany,Hindi,20,19,92,1,False,poor,5,4,very_old,4,False,yes
2274,Female,Single,False,4,on,basic,5,1,positive,upi,active,Germany,Telugu,40,5,16,3,False,good,5,7,very_old,13,True,yes
2275,Male,Single,True,1,off,basic,8,5,negative,upi,active,US,Hindi,43,11,191,1,False,better,7,10,old,13,False,no
2276,Male,Single,False,6,off,premium,8,19,negative,upi,expired,UK,Hindi,47,25,159,10,False,poor,12,7,very_old,3,True,yes
2277,Male,Married,True,6,off,basic,7,8,negative,card,cancelled,India,English,38,0,116,10,True,good,8,0,very_old,16,False,yes
2278,Female,Married,False,3,on,gold,1,2,negative,card,expired,India,Hindi,15,8,70,8,False,poor,6,4,recent,20,False,yes
2279,Female,Married,False,3,on,basic,1,13,positive,paypal,cancelled,US,Hindi,3,20,177,3,False,good,16,6,old,10,True,no
2280,Female,Married,False,5,on,premium,3,0,positive,card,expired,US,English,27,9,13,1,False,better,15,8,old,10,False,yes
2281,Female,Married,False,1,off,premium,7,14,positive,paypal,active,India,Hindi,24,22,148,5,True,good,2,3,recent,14,True,no
2282,Male,Married,False,7,off,premium,9,4,neutral,card,cancelled,UK,English,32,9,152,1,False,better,18,8,very_old,18,True,yes
2283,Male,Married,False,2,off,basic,4,9,negative,upi,cancelled,UK,Hindi,22,21,56,1,True,good,18,0,old,15,False,yes
2284,Female,Married,False,7,on,gold,9,12,positive,upi,expired,UK,Hindi,38,2,124,3,True,poor,1,1,recent,2,False,yes
2285,Female,Single,False,4,on,premium,8,1,positive,paypal,expired,US,Telugu,44,5,36,8,False,poor,19,6,recent,11,True,yes
2286,Female,Married,False,2,on,basic,2,10,neutral,card,cancelled,India,Hindi,44,21,195,5,False,poor,17,2,old,14,True,yes
2287,Male,Married,True,2,on,basic,10,13,neutral,upi,active,UK,Hindi,5,12,65,9,True,good,17,8,recent,8,False,no
2288,Male,Married,False,5,off,gold,6,7,neutral,card,cancelled,UK,English,23,14,64,4,True,better,6,3,recent,17,True,yes
2289,Male,Single,True,9,off,premium,1,17,negative,upi,cancelled,India,Hindi,12,6,170,9,True,good,11,7,very_old,15,True,no
2290,Male,Married,True,2,on,premium,3,9,neutral,paypal,expired,UK,English,16,15,15,5,False,better,12,0,old,1,True,no
2291,Male,Married,True,9,on,premium,4,16,neutral,upi,active,Germany,Telugu,48,17,33,5,True,poor,8,2,recent,18,True,no
2292,Male,Single,True,5,on,gold,2,9,negative,card,cancelled,UK,Telugu,33,14,97,8,True,better,6,3,old,15,False,no
2293,Male,Married,True,8,off,gold,8,8,positive,upi,active,Germany,Telugu,17,11,55,9,False,better,10,2,very_old,17,True,no
2294,Male,Single,False,9,off,premium,9,11,positive,paypal,expired,India,Telugu,38,9,121,7,False,good,12,4,recent,15,False,yes
2295,Male,Married,True,10,on,gold,4,18,neutral,paypal,cancelled,UK,English,43,6,200,8,True,poor,11,1,recent,16,True,yes
2296,Male,Married,False,9,off,premium,4,17,negative,upi,active,UK,Hindi,33,6,78,7,True,poor,17,9,old,18,False,no
2297,Female,Married,True,6,on,gold,3,7,positive,upi,expired,UK,Telugu,28,17,189,6,True,good,16,3,very_old,13,False,no
2298,Male,Married,False,4,off,premium,8,2,neutral,upi,cancelled,UK,Hindi,9,12,50,9,True,good,9,4,recent,11,True,no
2299,Male,Single,False,10,on,premium,1,15,negative,paypal,expired,Germany,Hindi,4,10,127,8,False,poor,15,3,recent,3,True,no
2300,Female,Married,True,2,off,premium,1,10,neutral,card,expired,India,Hindi,31,21,12,9,True,better,20,0,recent,0,False,yes
2301,Male,Single,False,9,on,premium,8,5,negative,paypal,active,India,English,26,8,126,9,False,better,19,8,very_old,14,False,no
2302,Male,Married,False,6,off,premium,3,15,negative,card,cancelled,US,English,11,5,80,5,True,good,3,9,old,3,False,yes
2303,Female,Single,False,10,off,basic,6,11,neutral,paypal,active,India,Telugu,48,2,37,9,False,poor,13,7,very_old,13,True,yes
2304,Male,Single,True,4,on,basic,5,0,negative,paypal,active,US,English,31,24,25,9,True,poor,17,0,old,20,True,no
2305,Male,Married,True,1,on,premium,9,1,negative,card,cancelled,US,English,1,7,188,6,False,better,7,10,old,13,False,yes
2306,Male,Married,False,3,on,basic,2,10,neutral,paypal,expired,India,Telugu,18,8,34,5,True,poor,2,2,very_old,15,False,yes
2307,Male,Single,True,1,off,premium,6,12,positive,card,expired,US,English,13,5,171,3,True,poor,18,2,old,15,False,yes
2308,Female,Single,False,2,on,basic,2,9,neutral,paypal,cancelled,Germany,Hindi,48,6,83,9,True,poor,14,2,very_old,17,False,yes
2309,Male,Married,False,2,off,premium,1,2,positive,paypal,cancelled,UK,English,50,22,117,1,True,better,5,2,old,11,False,yes
2310,Male,Single,False,9,off,premium,8,20,positive,paypal,active,US,Telugu,13,14,117,2,False,poor,11,2,very_old,1,True,no
2311,Male,Married,False,1,on,basic,7,13,positive,card,expired,UK,Telugu,0,7,172,5,False,good,12,6,very_old,17,False,no
2312,Female,Married,False,8,off,basic,1,11,positive,upi,cancelled,UK,Hindi,4,22,79,2,False,better,8,4,very_old,18,True,yes
2313,Female,Married,True,9,off,gold,4,14,positive,paypal,expired,UK,Telugu,50,21,71,10,False,better,6,3,old,6,False,no
2314,Male,Married,True,2,off,basic,2,6,positive,card,active,US,Telugu,11,19,130,7,True,poor,13,8,old,1,False,no
2315,Male,Single,True,6,on,premium,3,0,negative,paypal,expired,India,Hindi,24,9,104,4,False,better,13,2,recent,10,True,yes
2316,Male,Single,False,7,off,basic,4,10,neutral,paypal,cancelled,Germany,Telugu,39,21,155,9,False,poor,18,8,old,19,False,yes
2317,Female,Married,False,9,on,basic,1,10,neutral,upi,expired,UK,Hindi,13,20,189,1,True,poor,19,5,recent,10,False,no
2318,Female,Single,True,9,off,gold,1,14,neutral,paypal,active,UK,Telugu,31,14,91,2,False,poor,18,3,old,14,True,no
2319,Male,Single,True,4,off,basic,5,6,positive,paypal,cancelled,UK,Telugu,50,25,160,9,False,better,2,1,recent,1,False,no
2320,Female,Single,False,2,off,premium,5,19,negative,paypal,cancelled,Germany,Telugu,15,8,179,1,False,good,5,8,very_old,3,False,no
2321,Male,Married,False,9,on,basic,1,14,neutral,card,cancelled,India,English,27,25,113,10,True,good,6,10,very_old,18,False,yes
2322,Female,Married,True,6,on,gold,3,17,negative,paypal,expired,India,English,1,18,75,6,True,poor,15,8,very_old,16,False,no
2323,Male,Single,False,8,off,basic,6,13,positive,upi,expired,India,English,7,20,26,2,True,poor,7,10,recent,7,True,no
2324,Female,Married,False,5,on,basic,10,20,neutral,paypal,active,Germany,Hindi,34,12,122,8,True,poor,10,7,recent,19,False,no
2325,Female,Married,False,6,on,basic,8,11,negative,card,active,India,English,38,16,165,5,False,good,20,7,recent,3,False,no
2326,Male,Married,True,4,on,premium,5,7,neutral,upi,active,US,Telugu,28,3,86,5,True,better,8,6,old,13,True,no
2327,Male,Single,True,4,off,premium,8,10,positive,card,expired,UK,Telugu,24,4,81,3,False,poor,8,6,recent,3,True,no
2328,Male,Single,True,9,off,premium,3,18,neutral,paypal,expired,India,English,30,16,68,7,True,good,6,1,old,9,False,no
2329,Female,Married,False,10,on,gold,4,17,positive,card,cancelled,Germany,Telugu,43,9,98,3,True,poor,6,6,very_old,2,True,yes
2330,Male,Married,True,5,on,basic,9,1,neutral,upi,expired,UK,Hindi,7,16,83,1,True,poor,5,7,old,2,False,no
2331,Male,Single,True,8,off,gold,6,0,negative,paypal,expired,Germany,Hindi,10,8,139,10,True,good,4,10,old,6,False,yes
2332,Female,Single,False,8,off,premium,1,0,positive,upi,expired,UK,English,25,10,18,2,False,better,3,6,old,20,False,no
2333,Female,Single,True,3,on,basic,2,2,positive,upi,active,US,English,49,1,110,9,False,good,3,0,old,19,True,no
2334,Male,Married,False,4,on,gold,6,8,neutral,card,active,UK,Hindi,4,5,18,10,True,poor,3,0,recent,11,False,no
2335,Female,Single,True,3,off,gold,3,1,positive,upi,expired,UK,Telugu,31,21,173,6,True,good,16,4,old,14,False,yes
2336,Male,Single,True,8,off,gold,9,4,negative,upi,active,Germany,Hindi,16,15,74,1,False,poor,11,7,old,19,False,yes
2337,Female,Married,True,7,off,gold,1,5,positive,paypal,expired,India,Telugu,4,19,25,9,False,better,5,1,recent,1,False,no
2338,Female,Married,False,2,on,gold,10,11,negative,card,expired,Germany,English,20,0,99,10,False,better,4,10,old,19,True,no
2339,Male,Single,False,2,off,gold,4,20,positive,paypal,expired,India,Hindi,19,24,117,9,True,better,8,6,recent,15,True,no
2340,Female,Single,False,9,on,gold,4,3,negative,paypal,expired,UK,English,26,6,187,6,False,better,4,6,very_old,11,True,yes
2341,Female,Married,False,9,on,premium,8,3,positive,card,expired,UK,English,17,22,199,5,True,better,6,3,recent,14,False,yes
2342,Female,Married,False,4,off,premium,1,2,negative,upi,expired,India,Telugu,29,7,172,6,False,poor,3,6,old,11,True,no
2343,Female,Married,True,2,on,basic,3,15,positive,paypal,expired,UK,Hindi,1,1,154,10,True,poor,8,3,recent,0,True,no
2344,Female,Married,True,5,on,premium,3,19,negative,card,cancelled,India,Hindi,24,22,97,10,False,poor,20,8,old,8,False,no
2345,Female,Married,False,1,on,gold,4,20,negative,upi,expired,Germany,Hindi,26,8,14,5,False,good,4,3,old,15,False,yes
2346,Female,Single,True,5,on,premium,4,12,neutral,paypal,expired,Germany,English,25,23,171,5,True,poor,15,2,recent,1,False,yes
2347,Female,Married,False,5,on,gold,8,10,positive,paypal,cancelled,India,English,46,14,168,6,False,poor,9,10,recent,18,False,yes
2348,Female,Married,True,6,off,basic,5,2,positive,card,active,UK,English,29,23,130,5,False,better,18,0,recent,19,False,no
2349,Male,Married,True,8,on,premium,4,13,positive,paypal,expired,India,Telugu,44,12,18,5,False,good,6,0,old,4,True,no
2350,Female,Single,True,5,on,gold,6,8,positive,card,active,India,Telugu,16,23,43,9,False,good,6,9,recent,11,True,no
2351,Female,Married,False,8,on,basic,5,10,negative,card,cancelled,India,Telugu,16,22,64,8,False,better,13,0,very_old,4,True,yes
2352,Male,Married,False,10,on,basic,9,10,negative,card,cancelled,Germany,Telugu,41,4,30,6,True,good,19,6,old,0,False,no
2353,Female,Single,True,4,on,basic,10,11,positive,paypal,expired,Germany,Hindi,29,5,146,4,True,better,4,6,very_old,2,False,no
2354,Female,Married,False,10,off,basic,6,4,negative,paypal,cancelled,Germany,Hindi,5,7,45,8,True,better,1,3,recent,5,True,no
2355,Male,Married,False,7,off,basic,10,4,neutral,paypal,cancelled,US,English,24,18,72,10,False,poor,4,0,old,15,True,yes
2356,Male,Married,True,8,off,gold,7,14,negative,upi,cancelled,US,English,27,23,44,3,False,good,8,2,recent,6,True,no
2357,Male,Married,False,4,on,gold,10,4,neutral,card,cancelled,Germany,English,36,0,175,7,True,better,8,8,very_old,6,False,yes
2358,Female,Married,True,8,off,basic,1,9,neutral,card,cancelled,Germany,English,11,3,126,9,False,better,5,3,old,4,False,no
2359,Male,Single,False,10,off,gold,9,3,negative,upi,active,Germany,Hindi,40,21,125,3,False,good,2,0,recent,15,True,yes
2360,Female,Married,False,1,off,gold,4,17,positive,paypal,expired,US,English,13,11,22,5,True,poor,7,3,old,17,True,no
2361,Male,Single,False,9,on,gold,4,1,positive,card,cancelled,UK,English,42,24,199,4,True,poor,4,8,very_old,20,False,yes
2362,Male,Single,True,7,off,premium,2,20,negative,paypal,expired,Germany,English,25,20,77,4,True,poor,15,3,recent,9,False,yes
2363,Female,Single,True,6,on,premium,9,20,negative,paypal,cancelled,US,Telugu,2,15,117,10,True,better,13,1,old,15,False,no
2364,Female,Single,False,7,off,basic,6,4,negative,card,cancelled,US,English,48,18,172,10,False,poor,16,1,recent,5,True,yes
2365,Male,Single,True,3,on,gold,5,16,negative,upi,expired,UK,English,17,5,79,9,False,poor,17,8,recent,4,True,yes
2366,Female,Single,False,10,on,gold,2,16,positive,upi,active,UK,English,35,14,57,7,True,better,13,5,old,5,False,no
2367,Female,Married,True,7,off,premium,8,14,negative,card,active,UK,English,19,21,111,9,True,good,7,10,old,8,True,no
2368,Male,Married,True,10,off,premium,10,17,negative,upi,expired,India,English,2,2,25,1,False,poor,1,0,very_old,11,True,yes
2369,Male,Single,False,6,off,basic,10,1,positive,card,cancelled,Germany,English,11,12,190,2,False,better,13,0,old,4,False,no
2370,Male,Married,True,8,on,basic,5,13,positive,paypal,active,US,Hindi,39,14,10,8,False,better,15,3,recent,7,False,no
2371,Female,Single,False,2,on,premium,10,4,positive,upi,cancelled,Germany,English,26,12,36,7,False,good,18,9,very_old,12,False,yes
2372,Male,Single,True,3,on,gold,5,19,negative,upi,cancelled,Germany,Hindi,46,4,194,7,True,good,13,7,old,5,False,yes
2373,Female,Married,False,5,off,gold,8,20,neutral,upi,active,India,English,25,8,89,4,True,better,11,6,old,8,False,no
2374,Male,Married,False,3,on,premium,4,10,positive,paypal,cancelled,UK,English,30,22,21,2,True,good,13,5,recent,2,True,yes
2375,Female,Single,True,1,off,basic,1,20,neutral,paypal,expired,India,Hindi,46,3,57,7,True,poor,11,7,recent,9,False,no
2376,Male,Single,True,10,off,premium,1,8,positive,paypal,expired,US,English,47,19,102,6,True,better,16,0,old,11,False,yes
2377,Female,Single,True,7,on,basic,6,20,negative,card,active,India,English,3,9,94,1,False,poor,16,1,old,1,False,no
2378,Male,Married,False,4,on,basic,7,6,negative,paypal,cancelled,US,English,21,0,200,6,True,good,1,6,old,10,True,no
2379,Female,Married,False,8,on,basic,2,1,neutral,card,cancelled,US,Hindi,36,12,44,2,False,better,7,5,very_old,14,False,yes
2380,Female,Single,False,9,off,basic,6,10,negative,upi,expired,UK,Telugu,18,19,100,10,True,better,12,1,old,3,False,no
2381,Female,Single,True,4,on,premium,3,18,negative,paypal,active,India,Hindi,37,0,194,8,False,better,1,6,recent,17,True,yes
2382,Female,Married,True,5,off,premium,4,17,positive,card,expired,India,Hindi,16,4,17,6,True,good,11,0,recent,13,True,no
2383,Female,Married,False,8,on,premium,1,0,negative,upi,expired,Germany,Telugu,21,24,174,9,True,better,8,6,old,6,False,yes
2384,Male,Single,False,1,on,gold,3,16,negative,upi,active,US,English,43,22,99,1,False,better,20,10,recent,7,True,no
2385,Female,Married,False,2,on,basic,6,11,positive,upi,active,US,English,37,12,53,2,True,good,4,2,old,4,True,no
2386,Female,Married,False,4,on,basic,9,5,positive,card,expired,US,Hindi,41,23,117,2,True,good,20,0,recent,17,True,yes
2387,Female,Married,True,5,off,premium,8,13,positive,paypal,cancelled,US,English,24,6,28,9,True,better,6,1,very_old,20,True,yes
2388,Female,Single,True,4,on,gold,2,16,neutral,upi,cancelled,India,Hindi,9,23,58,8,False,poor,15,1,recent,18,True,no
2389,Female,Married,False,2,off,premium,2,10,positive,card,expired,India,Hindi,50,5,43,3,True,good,7,1,recent,18,False,yes
2390,Female,Single,True,3,off,gold,9,8,positive,card,cancelled,UK,Telugu,30,7,99,7,True,better,20,9,recent,3,False,no
2391,Female,Single,True,9,on,basic,6,3,neutral,card,expired,India,Telugu,18,25,119,3,False,poor,12,8,recent,13,True,yes
2392,Male,Married,True,8,on,basic,5,3,negative,upi,cancelled,UK,English,36,13,167,4,False,good,10,8,recent,10,True,no
2393,Male,Single,True,9,off,basic,1,11,neutral,paypal,active,India,Hindi,10,23,64,4,True,good,9,10,very_old,12,True,no
2394,Female,Married,False,9,off,premium,7,5,negative,paypal,cancelled,India,Hindi,36,12,110,6,True,good,17,8,recent,2,True,yes
2395,Male,Single,False,1,off,gold,6,1,positive,paypal,cancelled,Germany,Hindi,40,4,187,7,True,poor,1,5,recent,5,True,yes
2396,Male,Married,False,7,off,gold,5,12,negative,paypal,expired,UK,Hindi,34,19,197,10,False,better,14,7,very_old,6,True,yes
2397,Male,Married,True,7,on,premium,8,12,neutral,upi,active,India,Telugu,37,23,124,2,True,better,17,5,very_old,7,True,no
2398,Male,Married,True,2,off,premium,1,12,negative,upi,expired,UK,Telugu,10,0,81,10,False,better,7,10,very_old,11,True,yes
2399,Female,Married,False,2,off,gold,1,12,neutral,paypal,expired,India,Telugu,32,19,29,2,False,poor,12,2,old,6,False,yes
2400,Male,Single,False,9,off,gold,6,9,positive,upi,expired,UK,Telugu,0,22,198,1,False,good,13,5,recent,12,False,no
2401,Male,Single,False,2,on,basic,6,1,positive,paypal,expired,India,English,32,4,158,8,True,better,9,10,very_old,15,False,no
2402,Female,Single,False,6,on,premium,9,12,positive,upi,cancelled,India,Telugu,29,17,173,6,False,good,4,2,old,17,False,no
2403,Male,Married,False,8,on,premium,9,10,negative,paypal,expired,Germany,Hindi,16,19,78,8,True,better,4,3,recent,1,False,no
2404,Male,Single,False,1,on,basic,7,3,positive,upi,cancelled,Germany,English,16,23,100,5,False,better,8,6,old,14,True,no
2405,Male,Married,False,4,off,basic,7,3,positive,upi,active,UK,English,23,25,22,10,False,good,2,8,recent,16,False,no
2406,Female,Married,True,10,off,basic,8,8,positive,card,active,US,Hindi,4,6,14,9,True,good,18,10,old,15,False,no
2407,Female,Married,True,1,off,premium,10,0,neutral,card,cancelled,US,Telugu,26,21,24,10,False,poor,20,6,very_old,3,True,yes
2408,Female,Married,False,8,on,basic,10,14,neutral,upi,expired,UK,Telugu,48,11,59,6,False,poor,7,5,recent,12,True,yes
2409,Male,Single,True,7,off,premium,10,10,positive,paypal,cancelled,Germany,Telugu,16,19,36,3,True,poor,6,10,recent,17,False,yes
2410,Male,Married,False,2,off,premium,10,1,positive,paypal,expired,UK,Hindi,3,17,74,5,False,poor,4,2,recent,11,True,no
2411,Male,Single,True,7,on,premium,3,7,negative,upi,active,Germany,English,36,11,153,4,False,good,16,7,very_old,20,False,yes
2412,Male,Married,False,1,on,premium,7,3,positive,upi,expired,US,Telugu,16,25,90,6,True,better,10,4,old,2,False,yes
2413,Male,Married,True,4,on,basic,4,13,neutral,card,active,India,English,11,7,49,3,True,good,14,9,very_old,2,True,no
2414,Female,Single,False,1,off,basic,2,15,positive,card,cancelled,India,Telugu,14,10,124,3,False,better,12,0,very_old,12,True,no
2415,Male,Married,True,6,off,basic,9,8,negative,paypal,active,US,Telugu,50,18,140,2,False,better,10,7,recent,1,True,no
2416,Male,Married,True,7,off,basic,5,6,neutral,paypal,expired,UK,Hindi,16,17,157,7,False,good,2,3,old,3,False,no
2417,Female,Married,False,10,off,basic,4,15,neutral,upi,cancelled,UK,Telugu,9,22,40,10,False,better,6,0,very_old,11,False,no
2418,Female,Single,True,10,on,basic,1,10,positive,paypal,cancelled,Germany,Telugu,32,12,97,8,True,poor,5,7,recent,17,False,yes
2419,Female,Married,False,4,on,gold,8,6,neutral,upi,active,India,Hindi,26,16,142,9,True,poor,7,3,recent,20,False,no
2420,Male,Married,False,3,on,premium,1,12,positive,card,cancelled,US,Telugu,22,14,97,10,False,poor,5,5,old,12,True,yes
2421,Male,Married,False,1,on,gold,4,1,negative,paypal,expired,US,Hindi,47,20,17,7,False,poor,13,6,very_old,2,True,yes
2422,Female,Single,True,6,off,premium,6,15,positive,upi,cancelled,UK,Telugu,13,21,120,5,True,poor,8,4,recent,0,False,yes
2423,Female,Single,False,3,off,premium,5,5,negative,upi,active,Germany,Telugu,43,21,94,5,False,better,16,0,old,2,True,yes
2424,Male,Married,False,9,off,premium,6,12,positive,paypal,active,Germany,English,32,3,62,2,True,poor,7,0,old,1,True,no
2425,Female,Married,True,10,on,gold,8,3,neutral,card,active,US,Hindi,41,25,144,10,True,poor,10,10,very_old,9,True,yes
2426,Female,Single,False,6,on,gold,9,2,positive,upi,expired,US,Telugu,8,13,70,4,False,poor,16,5,old,4,False,no
2427,Male,Single,False,1,on,premium,5,18,negative,upi,expired,India,Telugu,23,9,193,4,True,better,12,6,old,12,True,yes
2428,Female,Married,False,2,on,gold,2,14,positive,upi,expired,UK,Hindi,35,2,138,2,True,better,20,9,very_old,11,False,no
2429,Male,Married,False,1,on,premium,3,20,positive,upi,active,India,Hindi,50,17,199,4,False,better,14,7,recent,13,False,yes
2430,Female,Single,False,5,on,premium,3,3,positive,upi,expired,India,Telugu,31,24,13,4,False,good,16,2,very_old,19,True,no
2431,Male,Single,False,10,on,gold,7,6,negative,upi,active,UK,Hindi,23,23,110,4,True,poor,6,8,old,2,True,no
2432,Male,Single,True,1,off,premium,9,11,neutral,paypal,active,US,Hindi,5,22,162,1,True,better,8,8,old,5,True,no
2433,Female,Married,False,9,off,basic,1,10,negative,card,active,India,Hindi,10,4,158,4,False,poor,6,1,very_old,5,False,no
2434,Female,Single,False,6,off,basic,4,6,negative,paypal,expired,US,Telugu,34,1,140,7,False,poor,14,2,old,6,False,no
2435,Male,Married,False,10,off,premium,9,13,negative,card,expired,US,Telugu,41,9,83,9,True,poor,6,2,very_old,9,False,yes
2436,Male,Single,False,7,off,gold,3,20,negative,paypal,expired,India,Telugu,42,8,200,3,False,better,10,6,old,5,True,yes
2437,Male,Married,True,9,on,gold,1,2,neutral,card,active,US,Telugu,29,20,49,8,False,poor,8,5,very_old,18,False,yes
2438,Female,Single,True,3,off,basic,10,19,negative,paypal,expired,US,English,38,17,46,9,True,poor,17,2,recent,10,False,yes
2439,Female,Single,True,6,on,basic,1,16,negative,paypal,active,Germany,English,40,12,26,9,False,good,18,6,old,17,False,yes
2440,Male,Married,True,2,off,premium,1,3,negative,upi,cancelled,Germany,Telugu,30,11,198,8,False,poor,10,9,very_old,8,True,yes
2441,Female,Single,False,4,off,premium,6,3,neutral,paypal,cancelled,US,English,41,15,123,9,True,better,3,4,old,5,False,yes
2442,Female,Single,True,7,on,basic,3,1,neutral,card,active,UK,Hindi,19,1,86,5,True,poor,16,0,recent,3,True,no
2443,Male,Single,False,9,on,premium,1,2,positive,paypal,cancelled,Germany,Telugu,40,1,35,5,True,poor,12,3,very_old,8,True,no
2444,Male,Married,False,9,on,basic,3,19,neutral,upi,cancelled,US,English,20,17,94,10,False,good,4,2,very_old,11,True,no
2445,Male,Single,True,5,off,basic,7,10,positive,paypal,expired,India,English,48,6,184,8,False,poor,12,6,recent,13,False,yes
2446,Female,Married,False,5,off,gold,3,17,neutral,upi,cancelled,US,Telugu,44,2,14,10,True,better,10,0,old,11,False,yes
2447,Male,Single,False,7,on,gold,4,4,negative,card,expired,Germany,Telugu,13,13,129,3,False,good,2,0,recent,14,True,no
2448,Female,Single,False,6,on,premium,4,2,neutral,card,expired,Germany,Hindi,3,21,122,10,False,poor,12,9,old,1,False,no
2449,Male,Single,True,2,off,gold,7,6,negative,card,cancelled,US,English,46,12,76,4,False,good,11,7,very_old,13,False,yes
2450,Female,Single,False,3,on,gold,5,10,neutral,upi,expired,India,Hindi,20,12,113,3,True,poor,1,9,recent,1,True,yes
2451,Male,Single,True,9,off,premium,9,0,negative,card,cancelled,US,English,5,25,108,3,False,poor,17,9,old,20,False,yes
2452,Female,Single,True,8,on,premium,1,9,negative,card,expired,UK,Hindi,45,16,193,10,False,poor,19,7,very_old,1,True,yes
2453,Male,Married,True,3,on,gold,8,8,neutral,card,expired,Germany,Telugu,14,13,193,7,False,poor,2,1,old,5,False,no
2454,Male,Single,True,8,off,basic,3,11,positive,paypal,expired,UK,Hindi,12,14,103,9,False,good,7,7,recent,16,False,no
2455,Male,Married,False,2,off,gold,1,9,negative,upi,active,India,English,13,23,111,1,True,better,2,8,old,5,True,no
2456,Male,Married,True,9,off,premium,10,16,negative,upi,expired,UK,Hindi,25,24,44,3,True,better,19,1,old,15,True,yes
2457,Male,Married,True,2,off,basic,8,16,negative,paypal,expired,UK,English,47,25,113,2,False,better,17,4,very_old,16,True,yes
2458,Male,Single,True,1,off,premium,10,0,negative,paypal,expired,US,Hindi,16,12,15,8,False,good,11,7,very_old,3,True,no
2459,Male,Single,False,3,on,basic,2,10,neutral,card,cancelled,India,Telugu,13,6,172,5,False,good,17,7,recent,0,False,no
2460,Female,Single,True,7,off,basic,3,13,negative,upi,cancelled,India,English,29,5,188,3,True,better,12,4,very_old,16,False,yes
2461,Female,Married,True,10,off,gold,10,11,negative,upi,expired,Germany,Hindi,35,23,10,3,False,good,12,2,recent,20,False,yes
2462,Female,Married,False,3,off,premium,7,18,negative,card,active,US,Telugu,13,3,78,1,True,good,20,3,very_old,4,False,no
2463,Female,Married,False,3,on,basic,5,1,negative,paypal,cancelled,UK,Hindi,35,16,26,4,True,poor,1,7,very_old,3,False,yes
2464,Female,Married,True,7,on,basic,9,9,neutral,paypal,expired,India,Hindi,22,20,79,10,True,good,10,2,old,5,False,no
2465,Male,Married,False,4,on,gold,6,0,neutral,upi,expired,Germany,Hindi,32,0,86,2,False,good,14,4,recent,1,True,no
2466,Male,Single,True,7,on,basic,4,8,neutral,card,expired,India,English,17,22,154,5,False,better,8,9,very_old,4,False,no
2467,Male,Single,False,8,off,gold,3,7,neutral,upi,expired,India,Hindi,25,16,105,9,False,better,12,10,old,18,True,yes
2468,Female,Married,False,3,off,basic,2,2,negative,paypal,cancelled,UK,Telugu,25,25,66,6,False,good,5,1,recent,15,True,no
2469,Male,Married,True,3,off,premium,2,12,positive,paypal,active,UK,English,15,14,111,7,True,poor,15,5,recent,15,False,no
2470,Female,Married,False,10,on,basic,5,10,neutral,card,expired,UK,Hindi,17,20,171,7,True,good,10,2,recent,0,False,no
2471,Male,Single,True,3,on,gold,2,14,positive,paypal,active,US,English,23,16,16,10,True,better,17,6,old,9,True,no
2472,Male,Married,True,9,off,premium,1,2,negative,upi,active,US,Hindi,14,15,84,6,False,poor,13,3,very_old,1,False,no
2473,Female,Married,True,5,on,gold,5,18,neutral,card,expired,Germany,Hindi,16,17,156,8,True,better,7,3,recent,11,True,no
2474,Female,Single,False,9,on,premium,7,18,positive,card,active,US,English,48,3,102,8,True,good,19,6,very_old,19,False,no
2475,Female,Married,False,8,on,premium,5,18,positive,upi,active,India,Hindi,31,6,67,2,False,better,12,5,old,7,False,no
2476,Female,Single,True,1,off,gold,7,13,neutral,paypal,active,UK,Hindi,44,20,68,4,True,good,20,1,old,16,True,no
2477,Male,Single,False,6,off,gold,6,3,negative,upi,expired,India,English,1,11,41,7,False,good,3,8,old,4,True,yes
2478,Female,Single,True,6,on,premium,10,17,negative,upi,expired,India,Telugu,16,20,96,10,True,better,7,10,very_old,14,True,no
2479,Female,Married,True,5,off,basic,10,8,negative,paypal,active,US,Telugu,34,12,43,3,True,better,16,3,very_old,11,False,yes
2480,Female,Single,False,7,off,basic,1,16,neutral,card,active,UK,English,49,18,158,1,False,poor,14,3,old,19,False,yes
2481,Female,Single,True,1,on,basic,10,12,positive,paypal,cancelled,UK,Telugu,11,18,122,4,True,good,2,3,very_old,11,False,yes
2482,Female,Married,False,10,off,gold,5,15,negative,upi,expired,Germany,English,43,24,100,2,True,poor,17,3,very_old,2,False,no
2483,Male,Married,True,10,on,basic,9,19,negative,paypal,active,India,English,37,0,68,3,True,better,5,4,very_old,0,True,yes
2484,Male,Married,False,5,off,basic,4,2,neutral,card,expired,UK,Telugu,42,22,99,1,False,better,15,9,recent,16,True,yes
2485,Male,Married,True,2,on,premium,10,8,negative,paypal,expired,US,English,21,9,97,2,False,better,17,3,very_old,11,False,yes
2486,Male,Married,False,6,on,premium,3,14,positive,card,cancelled,India,English,18,1,92,4,True,better,5,8,very_old,9,True,yes
2487,Male,Single,True,4,on,premium,8,16,negative,upi,cancelled,UK,Telugu,8,23,185,10,False,better,9,1,very_old,18,False,yes
2488,Female,Married,False,8,on,gold,7,1,negative,card,expired,India,English,46,4,125,5,True,better,19,4,old,10,True,yes
2489,Male,Married,True,3,off,basic,8,7,positive,upi,cancelled,US,Hindi,44,15,158,7,False,good,5,3,old,8,False,no
2490,Male,Single,True,4,on,premium,9,0,negative,paypal,cancelled,Germany,Telugu,28,11,141,9,False,good,16,3,old,4,True,no
2491,Male,Single,True,8,on,basic,8,5,neutral,paypal,expired,US,English,40,2,197,9,True,good,9,10,recent,10,True,yes
2492,Male,Single,False,10,on,gold,7,17,neutral,upi,active,UK,English,40,9,149,9,False,good,18,4,very_old,13,True,no
2493,Male,Single,False,2,on,gold,6,13,positive,upi,expired,India,Hindi,25,15,181,9,True,poor,5,2,very_old,0,True,no
2494,Male,Married,True,4,off,basic,8,19,negative,card,expired,UK,Telugu,45,19,170,7,False,good,16,7,recent,3,True,no
2495,Male,Married,False,9,on,premium,7,2,negative,upi,active,India,Telugu,21,0,50,7,False,better,6,10,very_old,8,False,no
2496,Male,Single,False,5,off,gold,6,2,positive,paypal,expired,Germany,Telugu,34,22,174,10,True,good,16,2,old,10,False,yes
2497,Female,Single,False,7,on,basic,5,8,neutral,upi,expired,UK,English,28,9,171,10,True,good,19,8,very_old,1,False,no
2498,Female,Married,True,9,on,basic,9,18,neutral,card,expired,Germany,Telugu,2,11,80,3,False,good,14,7,very_old,8,True,no
2499,Male,Single,False,7,on,basic,3,13,neutral,upi,cancelled,Germany,English,3,4,22,5,True,good,7,8,old,0,True,no
2500,Female,Married,True,4,off,basic,8,10,negative,paypal,expired,India,Hindi,45,3,100,6,False,better,8,7,recent,18,False,yes
2501,Male,Married,True,1,on,premium,7,6,negative,upi,cancelled,US,English,41,4,197,4,True,better,14,2,very_old,2,False,yes
2502,Female,Single,True,10,off,gold,5,14,neutral,paypal,active,UK,Telugu,18,18,100,4,False,better,9,0,old,4,False,no
2503,Female,Single,False,4,on,basic,1,18,neutral,card,expired,US,Hindi,42,3,172,9,False,poor,13,0,very_old,16,True,yes
2504,Male,Married,True,10,on,basic,1,2,neutral,paypal,expired,UK,English,11,6,140,6,False,better,14,9,old,16,False,no
2505,Male,Married,False,4,off,premium,2,17,positive,upi,expired,US,Hindi,27,21,17,3,False,poor,5,5,very_old,13,True,no
2506,Female,Single,True,10,on,basic,10,5,positive,card,cancelled,US,English,48,17,189,2,True,good,2,5,recent,7,False,no
2507,Female,Single,False,10,off,premium,3,15,negative,upi,expired,US,Telugu,16,19,58,4,False,good,15,5,very_old,12,False,yes
2508,Male,Single,False,2,on,premium,6,19,neutral,card,cancelled,UK,Hindi,2,18,25,5,True,better,2,0,recent,7,False,no
2509,Female,Married,True,10,on,basic,8,3,positive,card,active,Germany,Hindi,10,7,120,4,False,good,17,7,very_old,12,True,no
2510,Male,Single,False,5,on,basic,5,0,negative,paypal,cancelled,US,Hindi,33,18,37,6,True,good,17,6,recent,10,True,no
2511,Female,Single,True,3,on,premium,6,18,negative,card,cancelled,US,English,42,3,135,6,False,good,20,2,recent,20,False,yes
2512,Male,Married,False,2,on,gold,10,7,negative,card,active,UK,English,28,11,78,1,False,poor,12,5,recent,18,False,no
2513,Male,Single,True,10,on,premium,9,3,positive,upi,active,Germany,Hindi,42,19,47,2,True,good,17,3,old,3,True,no
2514,Male,Married,True,7,on,premium,4,9,positive,card,active,US,Telugu,18,13,48,9,False,better,18,0,old,9,False,no
2515,Female,Married,False,4,off,basic,3,20,neutral,card,cancelled,US,Telugu,35,8,28,10,True,good,11,10,recent,0,True,no
2516,Female,Married,False,9,off,basic,4,2,positive,upi,cancelled,US,English,27,8,25,8,True,poor,8,1,recent,17,False,yes
2517,Female,Single,False,6,off,gold,9,8,negative,upi,active,US,Telugu,12,24,64,4,True,good,14,9,old,8,False,no
2518,Female,Single,True,10,off,basic,3,19,positive,upi,cancelled,US,Telugu,47,16,184,1,False,poor,1,5,very_old,4,True,yes
2519,Female,Single,True,3,off,gold,9,7,negative,paypal,active,US,Telugu,39,7,119,4,False,good,3,6,old,7,True,yes
2520,Female,Single,True,6,off,premium,6,12,negative,card,active,US,Hindi,27,1,171,4,False,good,20,10,very_old,0,False,no
2521,Female,Married,False,3,on,gold,9,20,positive,paypal,active,India,Telugu,12,5,146,8,True,poor,8,2,old,5,True,no
2522,Female,Married,True,6,off,basic,9,6,neutral,paypal,expired,US,English,14,11,95,5,False,better,5,9,recent,16,True,no
2523,Male,Single,False,3,on,gold,1,16,positive,paypal,expired,Germany,Hindi,43,25,195,7,True,better,14,4,old,16,True,yes
2524,Female,Married,True,8,on,gold,2,0,positive,paypal,cancelled,UK,Telugu,42,2,183,6,True,better,11,0,recent,1,False,yes
2525,Male,Single,True,6,on,basic,6,19,positive,card,active,Germany,Hindi,7,0,144,7,False,better,13,8,old,2,True,no
2526,Male,Single,False,2,off,basic,9,11,negative,paypal,expired,India,English,42,17,191,3,False,poor,4,6,very_old,4,False,yes
2527,Female,Married,True,3,off,gold,3,12,negative,card,active,India,Telugu,42,10,166,5,True,poor,12,3,recent,12,True,no
2528,Female,Single,False,5,off,gold,7,2,negative,upi,expired,US,English,12,18,131,4,True,poor,6,1,old,20,False,yes
2529,Male,Single,False,4,on,basic,2,19,neutral,card,active,Germany,English,9,14,115,5,True,better,1,6,recent,11,False,no
2530,Male,Married,False,7,on,gold,9,9,positive,paypal,cancelled,UK,Hindi,24,2,48,3,False,poor,5,9,recent,12,True,no
2531,Female,Married,True,3,off,premium,2,0,positive,paypal,cancelled,US,Telugu,3,4,132,4,True,better,9,3,old,18,True,no
2532,Female,Single,False,5,off,basic,5,10,positive,paypal,active,US,English,44,1,157,5,False,good,14,8,old,4,False,no
2533,Female,Married,False,9,on,basic,10,15,positive,card,active,Germany,English,9,12,79,5,False,better,13,7,old,5,False,no
2534,Male,Single,True,9,off,basic,1,0,positive,upi,expired,Germany,Telugu,2,25,185,9,False,better,19,9,very_old,13,True,yes
2535,Male,Married,False,8,on,gold,9,5,neutral,upi,active,UK,Hindi,41,20,70,2,False,good,14,5,recent,7,True,no
2536,Female,Married,True,2,on,premium,8,16,neutral,card,cancelled,Germany,English,25,25,136,7,False,better,7,1,recent,6,False,no
2537,Female,Single,False,3,off,basic,2,9,neutral,upi,active,India,English,24,7,195,7,True,good,6,9,recent,4,True,no
2538,Male,Married,True,9,off,basic,9,18,positive,upi,active,UK,English,13,2,96,8,True,good,5,5,old,9,False,no
2539,Female,Married,True,3,on,premium,7,8,neutral,paypal,expired,UK,Hindi,3,19,200,4,False,better,11,9,recent,15,False,yes
2540,Female,Married,True,6,on,basic,8,3,positive,card,expired,US,Hindi,44,23,186,6,False,good,19,9,recent,9,True,no
2541,Female,Married,False,3,off,gold,7,5,negative,paypal,expired,India,Hindi,0,24,187,5,True,good,13,8,very_old,3,True,no
2542,Female,Single,False,8,on,basic,3,18,negative,card,expired,India,Hindi,9,12,40,3,False,better,2,5,very_old,13,True,yes
2543,Female,Single,True,1,off,basic,8,16,neutral,upi,cancelled,India,English,23,6,51,8,False,good,15,10,old,20,True,no
2544,Male,Married,True,7,off,basic,5,15,positive,upi,expired,US,Telugu,49,18,154,1,True,better,10,4,very_old,7,True,yes
2545,Female,Single,False,9,off,premium,6,18,neutral,card,cancelled,UK,Telugu,25,1,10,4,False,poor,2,7,very_old,7,True,no
2546,Male,Married,False,3,off,gold,10,1,positive,upi,active,Germany,Hindi,5,23,131,1,False,poor,17,7,old,0,True,no
2547,Male,Single,True,4,off,premium,10,7,negative,card,expired,US,Telugu,24,8,141,7,True,poor,11,4,recent,10,False,yes
2548,Female,Single,True,2,on,basic,8,16,neutral,paypal,expired,US,Telugu,31,6,78,10,False,poor,10,4,very_old,14,False,yes
2549,Female,Married,False,1,off,premium,4,9,negative,card,expired,UK,Hindi,0,6,118,5,False,good,18,10,very_old,9,False,yes
2550,Female,Single,True,8,off,basic,3,7,neutral,card,cancelled,UK,Telugu,41,22,188,10,True,good,4,4,recent,10,True,yes
2551,Female,Single,True,2,on,premium,10,5,negative,paypal,expired,US,Telugu,9,12,32,6,False,good,6,9,very_old,5,True,yes
2552,Female,Married,False,10,on,gold,10,15,neutral,card,expired,India,Telugu,40,2,72,1,False,better,1,6,recent,4,False,yes
2553,Female,Single,False,7,on,basic,8,6,negative,paypal,cancelled,US,Telugu,44,0,31,1,True,better,1,6,very_old,3,True,yes
2554,Female,Married,False,3,off,basic,8,9,positive,card,active,UK,Telugu,5,5,184,1,False,poor,18,8,old,9,False,no
2555,Male,Single,True,9,off,gold,8,16,positive,upi,expired,UK,English,42,2,195,7,False,poor,17,8,recent,20,True,yes
2556,Female,Single,True,10,on,gold,3,8,negative,paypal,expired,India,English,22,0,132,2,False,good,7,3,very_old,10,True,yes
2557,Male,Single,False,4,on,gold,4,5,positive,paypal,expired,Germany,Hindi,29,13,89,8,False,better,16,7,very_old,7,True,no
2558,Male,Married,False,5,off,premium,6,1,positive,upi,expired,India,Hindi,20,21,102,2,True,better,1,2,recent,8,False,no
2559,Female,Single,True,2,off,gold,8,16,positive,card,active,UK,Hindi,26,10,161,3,False,good,5,3,recent,7,True,no
2560,Female,Married,False,10,off,basic,7,13,neutral,card,active,Germany,Hindi,3,10,57,3,True,better,2,6,recent,11,False,no
2561,Male,Single,True,3,on,basic,7,0,positive,paypal,cancelled,US,English,34,16,153,8,False,better,20,8,recent,16,False,yes
2562,Male,Married,False,6,on,basic,6,4,positive,upi,cancelled,Germany,English,9,19,162,2,False,good,16,0,old,6,False,no
2563,Female,Married,True,10,on,premium,8,18,neutral,card,cancelled,India,Hindi,1,7,44,7,False,better,8,1,very_old,5,False,no
2564,Female,Married,False,6,on,gold,6,18,neutral,upi,cancelled,Germany,Hindi,2,15,175,9,True,good,14,4,very_old,8,False,no
2565,Female,Single,False,3,on,gold,10,7,negative,card,cancelled,US,Hindi,1,6,102,10,False,good,5,10,old,17,True,yes
2566,Female,Single,False,5,on,premium,5,11,positive,card,active,US,Hindi,19,20,120,2,True,better,14,9,recent,5,True,no
2567,Male,Married,False,5,on,basic,5,2,positive,paypal,active,Germany,English,9,15,91,9,True,better,1,10,very_old,19,True,no
2568,Female,Married,True,3,off,basic,5,17,negative,upi,cancelled,UK,Telugu,32,12,111,8,True,good,14,7,very_old,13,False,yes
2569,Female,Married,False,4,off,basic,9,5,neutral,card,active,UK,Telugu,28,7,69,8,False,good,13,0,very_old,17,False,no
2570,Female,Single,False,2,off,basic,6,5,positive,card,active,Germany,English,13,19,123,1,True,better,3,10,very_old,16,True,no
2571,Female,Married,True,8,off,basic,1,17,positive,card,active,India,English,27,0,133,2,True,better,18,3,recent,9,True,no
2572,Female,Single,False,4,off,premium,4,12,neutral,paypal,expired,India,Hindi,30,21,76,7,True,better,8,4,old,6,True,no
2573,Male,Single,False,6,on,gold,6,7,positive,paypal,active,Germany,Telugu,34,20,169,2,False,better,16,8,recent,13,False,no
2574,Female,Single,False,7,off,premium,4,5,positive,card,expired,Germany,English,20,7,149,6,True,poor,3,7,old,8,False,no
2575,Female,Single,False,4,on,premium,4,0,negative,upi,active,US,Telugu,38,6,51,1,False,good,19,7,very_old,8,False,no
2576,Male,Married,True,1,off,premium,4,12,negative,paypal,expired,UK,Telugu,47,1,75,5,False,good,5,6,very_old,18,True,yes
2577,Female,Single,True,9,off,premium,10,17,positive,upi,active,Germany,English,46,3,43,5,True,poor,20,7,very_old,11,True,no
2578,Female,Single,True,7,on,gold,8,9,negative,upi,active,UK,English,13,22,41,7,False,poor,9,10,recent,8,False,no
2579,Female,Single,True,5,off,premium,3,1,negative,card,cancelled,Germany,Telugu,3,2,80,2,True,good,8,0,recent,19,True,yes
2580,Male,Single,False,7,on,gold,9,11,negative,paypal,active,US,Telugu,42,7,28,6,False,poor,8,0,old,19,True,no
2581,Female,Married,True,7,off,premium,10,3,positive,card,cancelled,UK,Telugu,2,14,102,2,True,better,12,0,very_old,0,True,yes
2582,Female,Married,True,2,off,gold,3,0,positive,upi,cancelled,Germany,Hindi,19,25,174,2,True,poor,16,5,recent,18,True,no
2583,Male,Married,False,8,off,gold,10,1,positive,upi,expired,UK,English,21,22,131,9,False,good,8,10,very_old,14,False,yes
2584,Male,Married,False,9,on,premium,5,5,neutral,upi,cancelled,US,Telugu,38,0,114,4,False,better,10,4,recent,9,False,yes
2585,Male,Married,True,10,off,premium,10,4,positive,card,expired,US,Telugu,20,2,172,2,False,poor,20,5,very_old,19,True,no
2586,Female,Married,True,8,on,basic,7,1,neutral,upi,expired,India,Hindi,39,16,105,3,False,good,4,10,old,2,False,yes
2587,Female,Married,False,2,off,premium,5,16,negative,paypal,expired,UK,Telugu,47,24,156,6,True,good,18,7,old,15,True,yes
2588,Female,Single,False,6,on,basic,5,19,positive,card,expired,UK,Hindi,36,0,33,3,False,better,16,9,recent,14,True,yes
2589,Male,Married,True,5,off,premium,4,20,neutral,paypal,cancelled,US,Hindi,41,17,139,8,False,better,9,0,old,6,False,yes
2590,Male,Single,False,6,on,basic,4,6,neutral,paypal,expired,Germany,Hindi,7,13,65,7,False,better,18,0,recent,14,False,yes
2591,Male,Married,True,10,on,gold,3,17,neutral,card,cancelled,US,Telugu,40,17,110,1,False,good,17,8,very_old,13,True,yes
2592,Male,Married,False,8,off,gold,4,5,positive,card,cancelled,UK,Telugu,42,20,59,1,False,better,11,8,very_old,2,False,yes
2593,Male,Single,True,10,off,basic,6,0,positive,upi,cancelled,India,Telugu,12,8,131,10,False,better,2,7,recent,9,False,no
2594,Female,Single,True,2,off,gold,2,4,positive,card,cancelled,US,English,11,6,194,10,False,poor,15,5,very_old,2,True,no
2595,Male,Married,True,5,on,premium,4,16,negative,upi,active,UK,Hindi,35,6,172,5,True,better,16,5,old,5,False,yes
2596,Female,Single,False,4,off,gold,8,19,positive,card,cancelled,Germany,Hindi,18,2,154,3,False,better,2,5,very_old,5,False,yes
2597,Male,Single,True,10,off,premium,7,4,positive,upi,active,UK,English,12,2,184,9,True,better,4,4,very_old,14,False,no
2598,Male,Single,False,5,on,premium,5,7,positive,upi,cancelled,US,English,45,14,129,4,False,poor,6,5,old,10,True,no
2599,Female,Married,False,1,off,basic,7,1,neutral,upi,expired,UK,Hindi,13,8,198,3,True,better,2,3,very_old,5,True,no
2600,Female,Married,False,9,on,gold,10,19,neutral,paypal,cancelled,Germany,Hindi,28,23,30,8,True,poor,18,7,very_old,3,True,no
2601,Male,Single,False,10,off,premium,3,11,neutral,upi,expired,India,Hindi,3,8,35,2,True,poor,13,0,very_old,20,True,no
2602,Male,Married,False,6,on,gold,2,8,negative,card,cancelled,India,Hindi,3,3,156,4,True,poor,11,10,recent,0,False,no
2603,Male,Single,False,10,on,basic,10,16,negative,upi,expired,UK,Telugu,3,16,98,5,True,better,6,9,recent,10,True,yes
2604,Female,Single,True,4,on,premium,2,18,positive,paypal,cancelled,Germany,Hindi,4,9,95,2,True,poor,4,2,old,19,True,no
2605,Female,Single,True,9,on,gold,6,7,negative,card,active,UK,Telugu,35,18,26,1,False,better,17,0,recent,18,False,no
2606,Male,Married,True,1,on,premium,3,14,positive,card,active,UK,Telugu,32,21,102,1,True,good,8,9,very_old,19,True,no
2607,Female,Single,True,6,off,gold,5,9,positive,upi,active,UK,English,20,4,55,3,False,poor,13,10,old,20,False,no
2608,Female,Married,False,2,on,gold,2,3,positive,upi,expired,Germany,Hindi,28,3,20,3,True,better,12,1,very_old,20,True,yes
2609,Female,Single,True,3,on,basic,6,13,positive,card,active,Germany,Hindi,49,22,179,6,False,better,15,3,very_old,15,False,no
2610,Female,Married,True,2,off,premium,6,0,neutral,card,cancelled,US,Hindi,20,17,74,7,False,better,12,6,recent,10,False,no
2611,Male,Single,True,2,on,gold,6,6,negative,paypal,expired,US,Telugu,30,2,109,2,False,good,20,3,very_old,5,True,yes
2612,Male,Single,False,10,on,gold,10,6,negative,upi,active,UK,Telugu,45,23,174,6,False,better,13,1,old,4,False,no
2613,Female,Married,True,2,on,premium,5,12,neutral,card,cancelled,India,Hindi,5,25,38,8,True,better,16,8,very_old,4,True,no
2614,Male,Single,True,6,on,basic,9,16,negative,paypal,expired,US,Telugu,21,2,175,8,False,good,8,2,very_old,18,False,yes
2615,Male,Married,False,5,on,premium,1,20,negative,paypal,active,India,Hindi,17,22,168,10,True,poor,9,4,recent,7,False,yes
2616,Male,Single,True,5,off,basic,2,14,negative,upi,active,Germany,Telugu,36,16,119,4,False,good,7,4,old,2,True,no
2617,Female,Single,False,7,on,gold,4,1,positive,upi,expired,Germany,Telugu,1,13,105,8,True,poor,1,9,recent,3,True,no
2618,Female,Married,False,3,on,gold,6,15,negative,card,active,India,Hindi,49,0,114,4,False,good,6,6,recent,5,False,yes
2619,Female,Married,True,1,off,premium,10,1,positive,paypal,expired,UK,English,50,10,11,10,False,poor,11,6,recent,11,False,yes
2620,Male,Married,False,7,off,premium,1,6,positive,paypal,active,Germany,English,6,25,183,9,True,good,20,8,very_old,11,True,no
2621,Male,Married,True,10,on,premium,10,15,negative,upi,expired,India,Hindi,40,9,49,3,True,poor,5,10,old,1,False,yes
2622,Male,Married,False,10,off,premium,8,2,neutral,card,active,India,English,46,7,87,9,True,poor,16,3,old,11,True,yes
2623,Male,Married,False,7,off,basic,6,11,positive,card,cancelled,India,Telugu,20,14,196,1,True,poor,11,6,very_old,11,True,no
2624,Male,Married,False,2,off,gold,10,14,neutral,paypal,expired,India,Telugu,45,0,120,7,True,good,13,4,old,20,False,yes
2625,Male,Single,False,6,off,premium,8,9,negative,paypal,active,US,Hindi,41,24,44,6,False,better,10,0,old,13,False,yes
2626,Female,Married,False,10,off,basic,7,20,neutral,paypal,active,Germany,Hindi,12,21,125,10,False,good,12,8,old,10,True,no
2627,Male,Single,True,10,on,gold,9,13,negative,paypal,expired,Germany,Telugu,41,4,184,1,False,better,20,4,very_old,4,True,yes
2628,Male,Single,True,2,off,basic,9,14,neutral,upi,expired,UK,Telugu,7,4,144,9,False,poor,20,10,very_old,11,True,no
2629,Female,Single,True,5,on,premium,5,19,neutral,upi,cancelled,US,Hindi,47,22,113,6,True,better,5,5,old,16,False,no
2630,Female,Single,False,6,off,gold,9,10,neutral,paypal,expired,Germany,Telugu,25,1,143,8,True,better,14,3,old,0,False,yes
2631,Male,Married,False,6,on,premium,1,1,positive,card,cancelled,UK,English,14,10,163,2,False,poor,12,9,old,10,True,no
2632,Female,Married,False,4,off,premium,1,14,negative,paypal,cancelled,Germany,Telugu,41,1,144,6,True,better,5,5,old,12,True,yes
2633,Male,Single,True,10,on,premium,6,17,positive,paypal,cancelled,UK,Hindi,4,21,73,6,True,poor,9,5,old,10,False,yes
2634,Female,Married,False,9,off,gold,10,10,neutral,card,expired,India,English,15,20,179,1,True,better,2,1,very_old,12,True,yes
2635,Male,Married,False,3,off,premium,6,18,positive,card,active,Germany,Hindi,40,9,173,6,False,poor,17,4,recent,9,True,no
2636,Male,Single,False,8,on,premium,3,14,neutral,paypal,cancelled,UK,English,6,20,64,6,True,good,3,4,old,20,True,no
2637,Male,Single,True,2,off,premium,8,11,neutral,upi,expired,Germany,Hindi,5,25,110,9,False,better,3,2,very_old,1,False,no
2638,Male,Single,False,6,on,basic,8,18,positive,card,expired,UK,Telugu,17,13,146,10,False,poor,10,0,old,6,True,yes
2639,Male,Single,False,10,on,gold,5,18,negative,upi,active,India,Hindi,49,0,184,5,False,poor,8,3,very_old,1,True,no
2640,Female,Single,False,7,on,basic,2,11,positive,card,expired,US,English,20,4,184,2,True,poor,11,7,very_old,14,True,no
2641,Male,Single,False,2,on,basic,7,11,neutral,card,expired,UK,Telugu,2,10,107,3,False,better,9,8,recent,15,False,no
2642,Female,Single,True,3,off,premium,8,17,neutral,paypal,cancelled,India,Telugu,3,13,181,3,False,poor,5,1,recent,19,False,no
2643,Male,Married,False,2,on,premium,3,18,positive,paypal,active,UK,English,20,22,13,4,False,good,4,2,recent,16,True,no
2644,Female,Married,True,10,on,gold,9,2,neutral,card,expired,Germany,Telugu,6,14,136,4,True,good,13,2,very_old,18,False,no
2645,Male,Single,True,5,on,gold,1,13,negative,card,expired,US,Telugu,23,14,129,3,False,better,20,9,recent,4,True,no
2646,Female,Single,True,3,off,basic,2,16,positive,upi,cancelled,India,Telugu,28,3,17,6,False,better,15,6,recent,7,False,no
2647,Female,Single,False,5,on,premium,3,5,neutral,card,active,India,English,39,14,81,2,True,better,5,7,old,15,True,yes
2648,Male,Married,False,9,off,basic,6,15,neutral,upi,active,US,Hindi,42,0,48,1,False,better,5,6,recent,18,True,no
2649,Female,Married,False,1,on,gold,5,8,positive,card,expired,UK,English,31,24,60,3,True,good,14,6,old,1,True,no
2650,Female,Married,False,4,off,gold,2,6,positive,upi,cancelled,US,English,22,17,145,7,True,poor,2,6,old,18,False,yes
2651,Female,Single,False,10,on,gold,2,8,positive,card,cancelled,India,Hindi,5,15,37,5,False,poor,17,9,recent,19,True,yes
2652,Male,Married,True,9,on,basic,5,3,negative,paypal,cancelled,India,Hindi,23,22,155,8,True,poor,1,2,old,2,False,yes
2653,Male,Married,False,8,on,premium,3,20,neutral,upi,cancelled,Germany,English,15,12,41,1,False,poor,11,6,very_old,15,True,no
2654,Male,Single,False,7,on,gold,9,13,neutral,upi,cancelled,US,Telugu,45,10,183,9,True,better,17,8,old,3,True,yes
2655,Female,Married,False,3,on,basic,2,8,neutral,upi,cancelled,India,English,15,2,76,1,True,good,6,0,old,2,False,no
2656,Female,Married,False,4,on,premium,6,0,negative,paypal,expired,US,English,37,25,175,7,True,poor,11,10,old,8,True,yes
2657,Male,Married,True,2,off,basic,1,6,neutral,upi,active,Germany,Hindi,8,14,113,9,False,poor,6,9,old,10,False,no
2658,Male,Married,True,10,on,gold,3,6,neutral,upi,expired,UK,English,30,8,56,1,True,good,11,5,old,12,True,yes
2659,Female,Single,True,6,on,basic,2,10,negative,card,cancelled,Germany,Telugu,25,23,82,6,False,better,2,8,recent,6,True,no
2660,Female,Single,False,7,off,gold,6,12,positive,upi,cancelled,Germany,Telugu,37,16,106,5,False,better,5,7,very_old,9,False,no
2661,Male,Married,True,6,on,premium,3,4,negative,card,expired,US,Hindi,9,0,62,6,True,good,4,9,old,9,False,no
2662,Male,Married,False,5,on,basic,1,6,neutral,card,cancelled,India,Hindi,5,2,152,1,True,better,10,5,old,9,True,yes
2663,Female,Single,True,3,on,premium,1,17,positive,card,active,Germany,Hindi,36,6,10,7,False,good,1,6,recent,2,False,no
2664,Female,Single,False,7,on,gold,6,14,neutral,card,expired,US,Telugu,26,15,10,4,True,better,8,2,old,18,True,yes
2665,Male,Single,False,9,on,gold,4,10,positive,card,expired,UK,English,34,16,173,1,True,poor,2,7,old,7,False,no
2666,Male,Married,False,1,on,premium,7,4,neutral,paypal,cancelled,US,English,35,5,189,10,True,poor,19,8,recent,17,False,yes
2667,Female,Married,False,7,on,gold,8,2,neutral,card,expired,US,Telugu,5,10,42,7,False,better,8,5,old,5,True,no
2668,Female,Married,True,3,on,gold,6,8,neutral,upi,expired,India,Telugu,41,6,130,1,True,good,5,8,old,0,False,no
2669,Male,Single,True,1,on,basic,9,1,neutral,card,active,Germany,Hindi,30,12,137,2,False,poor,8,4,very_old,6,True,no
2670,Male,Single,True,9,on,basic,5,3,negative,upi,active,India,English,48,23,128,1,True,good,10,7,recent,8,False,no
2671,Female,Married,False,7,off,premium,6,11,positive,paypal,active,US,English,37,11,15,2,True,better,14,2,recent,15,False,no
2672,Male,Single,False,8,on,gold,8,8,positive,upi,expired,US,Hindi,14,23,65,1,False,poor,6,8,old,8,True,no
2673,Male,Single,True,9,off,premium,9,19,positive,card,cancelled,India,English,21,11,161,2,True,better,19,7,recent,18,True,no
2674,Male,Single,True,1,off,gold,6,16,negative,card,active,India,Hindi,39,8,51,6,True,good,10,8,old,12,True,yes
2675,Male,Married,True,1,off,premium,4,18,neutral,paypal,expired,Germany,Telugu,0,16,53,5,False,good,14,9,recent,11,True,yes
2676,Male,Married,True,3,off,basic,3,4,neutral,paypal,active,UK,Hindi,45,17,154,3,True,good,20,3,old,10,True,no
2677,Male,Married,False,9,on,premium,10,5,positive,upi,cancelled,India,Hindi,11,7,185,8,False,better,9,6,very_old,13,False,yes
2678,Female,Married,True,10,off,basic,9,19,positive,card,active,US,English,43,7,92,4,True,good,16,4,recent,10,True,no
2679,Female,Married,True,1,off,premium,5,8,neutral,paypal,cancelled,Germany,Telugu,19,15,182,8,True,poor,6,6,old,9,True,no
2680,Female,Single,False,4,on,gold,9,15,neutral,paypal,expired,India,Hindi,31,23,139,5,True,poor,3,3,old,6,True,no
2681,Male,Single,False,5,off,gold,8,2,positive,card,cancelled,India,English,28,10,107,6,False,better,6,7,old,14,True,no
2682,Female,Single,True,5,off,gold,3,4,negative,upi,expired,India,Telugu,33,6,122,7,False,better,6,1,old,4,False,yes
2683,Male,Married,True,7,off,gold,3,7,neutral,paypal,cancelled,UK,Hindi,33,25,16,5,False,good,15,6,old,17,True,yes
2684,Male,Married,True,1,off,premium,6,15,negative,paypal,active,US,Telugu,18,18,180,2,False,good,10,1,very_old,16,True,no
2685,Male,Married,True,5,on,premium,6,3,positive,upi,cancelled,India,Telugu,40,4,141,9,False,good,10,1,old,1,True,no
2686,Male,Married,False,2,on,premium,10,2,positive,paypal,cancelled,UK,Telugu,50,15,162,7,True,good,12,10,old,16,True,yes
2687,Male,Married,False,6,off,premium,7,10,negative,upi,cancelled,India,English,40,5,74,6,False,better,7,3,recent,15,False,yes
2688,Female,Married,False,4,off,premium,3,6,negative,card,cancelled,US,Hindi,50,18,50,4,True,good,11,5,very_old,16,True,yes
2689,Female,Single,False,8,on,basic,1,4,negative,upi,active,India,Telugu,31,2,38,1,False,better,12,0,recent,0,False,no
2690,Female,Single,False,7,on,basic,4,11,negative,card,active,UK,Hindi,26,16,52,7,True,good,17,2,very_old,20,True,yes
2691,Female,Single,False,4,on,gold,4,8,positive,paypal,active,India,English,49,3,57,7,False,good,20,0,very_old,6,True,yes
2692,Female,Single,True,3,off,gold,5,16,neutral,upi,expired,US,Telugu,32,11,188,8,False,good,17,2,very_old,10,False,yes
2693,Male,Single,False,5,off,basic,3,8,negative,card,expired,Germany,Telugu,32,2,101,8,True,good,2,8,old,5,False,no
2694,Male,Single,False,3,off,gold,10,5,neutral,card,expired,India,Telugu,27,25,52,7,True,better,5,3,very_old,3,False,yes
2695,Male,Single,True,8,on,basic,3,19,negative,card,cancelled,US,Telugu,18,8,188,10,True,good,7,4,old,0,False,yes
2696,Male,Single,False,10,on,gold,5,0,positive,paypal,active,US,Telugu,4,13,188,9,True,poor,2,7,very_old,16,False,no
2697,Female,Married,True,10,on,premium,6,17,positive,upi,cancelled,US,Telugu,15,6,13,6,True,better,16,5,very_old,16,True,yes
2698,Female,Married,False,4,on,basic,6,20,positive,upi,expired,India,Hindi,30,7,197,9,False,good,1,3,recent,0,False,no
2699,Male,Married,True,2,on,gold,6,2,neutral,card,active,India,Telugu,5,4,90,7,True,poor,4,5,recent,0,True,no
2700,Male,Married,True,10,on,premium,9,6,positive,card,cancelled,UK,Telugu,33,6,185,7,False,good,13,2,recent,11,True,yes
2701,Male,Married,False,9,off,premium,3,18,negative,card,active,US,Telugu,9,7,90,4,True,good,19,8,old,16,False,no
2702,Female,Single,False,5,on,premium,9,8,positive,upi,expired,US,Telugu,25,1,166,7,True,good,9,0,recent,2,True,no
2703,Male,Single,False,10,on,premium,8,4,positive,paypal,expired,Germany,Hindi,48,17,199,1,False,good,1,0,very_old,15,True,yes
2704,Male,Single,True,4,off,gold,7,11,positive,upi,active,US,English,2,25,68,5,False,poor,15,0,old,15,True,no
2705,Female,Married,True,7,off,gold,5,15,positive,card,cancelled,Germany,Telugu,5,15,57,1,False,better,15,6,old,3,True,no
2706,Female,Married,True,3,off,basic,9,7,negative,paypal,cancelled,Germany,English,28,6,80,1,True,better,8,2,recent,16,True,yes
2707,Female,Married,True,9,off,gold,4,15,negative,card,active,India,Hindi,39,18,175,6,True,better,14,7,old,4,True,no
2708,Male,Single,True,8,off,gold,6,20,negative,upi,active,US,Hindi,10,12,99,8,True,poor,8,9,very_old,20,False,no
2709,Male,Married,True,1,on,basic,6,0,positive,card,expired,India,Telugu,37,12,156,1,True,better,11,8,old,6,True,no
2710,Female,Married,False,2,off,basic,1,0,negative,paypal,cancelled,UK,English,10,2,76,1,False,good,2,1,recent,4,False,no
2711,Female,Single,True,7,off,premium,2,1,positive,paypal,expired,India,Telugu,46,19,119,6,True,poor,7,3,very_old,3,False,yes
2712,Female,Married,True,10,off,premium,9,19,positive,paypal,expired,US,Hindi,38,20,26,3,True,good,20,3,recent,13,True,no
2713,Male,Single,False,8,on,gold,4,13,positive,paypal,active,US,Hindi,18,4,68,9,False,poor,17,4,old,18,False,no
2714,Female,Married,False,3,off,premium,3,6,negative,upi,cancelled,Germany,Hindi,29,20,122,9,False,better,10,4,very_old,0,True,yes
2715,Male,Married,False,5,off,gold,2,11,neutral,paypal,expired,Germany,Hindi,26,23,57,6,False,good,5,5,very_old,8,True,yes
2716,Female,Married,False,10,on,gold,1,12,negative,upi,active,UK,Hindi,48,12,37,1,False,good,1,3,very_old,19,False,no
2717,Female,Married,False,10,on,premium,7,15,positive,upi,cancelled,India,Hindi,33,25,75,1,True,poor,14,8,very_old,4,False,no
2718,Female,Married,True,5,off,premium,9,9,positive,upi,active,India,Hindi,1,13,71,5,True,good,7,0,very_old,10,False,no
2719,Female,Married,True,2,on,gold,1,5,negative,paypal,active,India,Telugu,16,14,32,1,False,poor,10,0,old,8,True,no
2720,Male,Single,False,3,on,premium,5,16,positive,paypal,cancelled,India,English,47,5,87,10,False,better,13,0,recent,1,True,no
2721,Female,Single,False,10,off,gold,3,20,positive,card,expired,Germany,Hindi,7,14,66,4,False,poor,16,1,old,17,True,no
2722,Male,Married,True,5,on,basic,10,14,neutral,upi,active,India,Hindi,7,5,123,2,True,good,13,0,recent,19,False,no
2723,Female,Single,False,1,off,premium,2,2,neutral,paypal,active,US,English,8,13,74,1,False,poor,11,2,old,19,True,no
2724,Male,Married,True,3,off,gold,6,1,positive,paypal,cancelled,US,Hindi,8,12,111,10,False,good,15,8,recent,13,True,yes
2725,Female,Married,True,3,on,gold,6,15,positive,upi,active,US,Hindi,21,11,81,4,True,poor,17,0,recent,12,True,no
2726,Male,Married,False,5,off,gold,10,11,negative,upi,active,US,English,4,13,100,1,False,good,2,2,recent,1,True,no
2727,Male,Single,False,4,off,basic,6,4,positive,card,active,Germany,Telugu,1,0,20,2,True,better,10,0,recent,2,True,no
2728,Female,Single,True,8,off,gold,5,8,positive,upi,cancelled,UK,English,10,9,90,4,True,poor,10,3,recent,11,True,yes
2729,Female,Single,False,5,on,premium,4,17,neutral,upi,active,UK,Telugu,36,1,15,9,True,good,9,8,old,4,False,no
2730,Female,Married,True,10,on,premium,8,1,negative,upi,cancelled,India,Telugu,7,5,60,10,True,poor,13,3,recent,0,True,no
2731,Female,Single,True,8,on,gold,8,12,positive,upi,active,Germany,Telugu,20,16,70,9,True,poor,1,6,recent,0,True,no
2732,Female,Married,True,3,on,gold,5,19,negative,paypal,expired,Germany,Hindi,23,25,131,5,True,better,1,10,recent,14,False,no
2733,Female,Married,False,6,on,gold,2,0,positive,card,active,Germany,English,36,14,90,3,False,better,8,10,very_old,20,True,no
2734,Male,Married,False,2,off,premium,5,5,neutral,card,expired,US,Telugu,12,1,34,1,False,better,1,1,very_old,14,True,yes
2735,Female,Single,False,9,on,premium,9,15,negative,card,cancelled,India,Telugu,21,4,25,2,True,better,5,3,very_old,5,True,no
2736,Female,Married,True,5,off,basic,4,3,neutral,card,expired,UK,Telugu,2,6,62,2,True,poor,2,5,old,20,False,yes
2737,Male,Married,True,1,on,premium,10,0,neutral,card,active,UK,Telugu,36,24,190,5,True,better,12,3,very_old,19,True,yes
2738,Male,Single,False,2,off,premium,9,14,neutral,upi,cancelled,India,Telugu,9,8,155,9,False,poor,3,5,recent,6,True,no
2739,Female,Single,True,5,on,gold,1,11,positive,paypal,cancelled,UK,Telugu,24,15,33,8,False,poor,3,3,old,15,True,yes
2740,Male,Single,True,3,on,premium,9,20,positive,card,expired,India,Telugu,43,4,81,6,True,poor,12,0,very_old,17,False,yes
2741,Female,Married,False,6,off,gold,9,11,negative,upi,expired,US,Hindi,11,2,49,4,True,good,18,2,old,16,False,yes
2742,Female,Married,False,8,off,basic,1,12,positive,card,expired,US,Hindi,48,15,68,7,False,good,15,1,old,18,True,yes
2743,Male,Single,True,1,off,basic,2,10,neutral,paypal,expired,India,Telugu,44,18,35,1,False,better,12,8,old,18,False,no
2744,Female,Single,True,3,on,premium,3,11,neutral,paypal,cancelled,India,Telugu,30,20,83,4,False,poor,11,5,old,11,False,no
2745,Male,Single,False,7,off,premium,10,1,neutral,paypal,expired,US,Hindi,31,19,101,5,False,good,9,9,recent,1,True,no
2746,Female,Single,True,3,off,premium,10,10,neutral,upi,expired,Germany,Hindi,11,2,154,3,True,poor,6,3,old,16,True,yes
2747,Male,Single,True,4,on,gold,4,2,negative,card,expired,Germany,English,17,9,59,1,True,good,4,6,very_old,20,False,no
2748,Male,Single,True,9,on,basic,8,3,positive,card,active,Germany,English,11,6,181,10,True,good,16,0,very_old,14,False,no
2749,Male,Single,False,1,on,basic,4,14,negative,card,active,UK,Telugu,46,22,140,6,False,poor,5,1,old,9,True,no
2750,Female,Single,True,6,on,basic,7,7,positive,paypal,expired,US,Telugu,30,1,145,8,True,better,5,7,old,14,False,no
2751,Female,Married,False,9,off,premium,6,11,negative,paypal,cancelled,Germany,English,14,5,120,1,True,better,12,4,very_old,9,False,yes
2752,Male,Married,False,6,off,gold,1,9,negative,paypal,active,US,Telugu,44,16,11,7,False,good,19,10,recent,14,False,yes
2753,Male,Married,False,6,on,basic,2,11,neutral,upi,active,Germany,English,39,0,22,5,True,good,18,8,recent,19,True,no
2754,Male,Married,True,9,on,basic,5,13,neutral,card,expired,US,Hindi,37,11,41,9,True,better,14,5,old,5,False,yes
2755,Male,Married,True,1,on,gold,9,19,neutral,upi,expired,India,English,35,6,135,3,True,poor,19,6,recent,19,False,no
2756,Male,Married,False,2,off,gold,2,11,negative,paypal,cancelled,UK,Hindi,4,4,74,8,True,better,3,9,recent,8,False,yes
2757,Male,Single,False,5,on,premium,3,17,neutral,paypal,active,Germany,English,24,12,53,9,True,good,10,3,old,6,False,no
2758,Male,Married,False,5,off,basic,9,1,negative,paypal,active,India,Hindi,27,2,35,7,False,better,16,0,very_old,0,False,no
2759,Male,Married,False,4,on,premium,8,3,positive,card,active,US,Hindi,50,23,55,7,True,better,20,1,old,5,False,no
2760,Male,Single,True,6,off,basic,10,6,neutral,paypal,expired,India,Hindi,31,15,36,2,False,poor,14,8,recent,17,True,yes
2761,Male,Single,False,4,off,gold,2,19,negative,card,expired,Germany,Telugu,15,6,187,10,True,good,6,8,very_old,7,True,yes
2762,Male,Single,True,6,off,premium,8,8,positive,upi,expired,Germany,Hindi,31,12,33,8,True,poor,3,9,very_old,8,True,yes
2763,Male,Single,False,5,on,basic,8,8,positive,card,expired,US,English,48,6,19,1,False,better,20,5,very_old,7,True,yes
2764,Female,Single,False,7,off,gold,5,5,neutral,upi,cancelled,UK,Telugu,49,18,109,6,True,better,17,5,recent,19,False,yes
2765,Male,Single,True,2,on,gold,6,2,positive,upi,cancelled,India,English,12,12,93,6,False,poor,10,2,recent,14,True,yes
2766,Female,Single,False,5,on,gold,2,12,negative,paypal,expired,UK,Hindi,43,2,90,2,True,good,1,6,very_old,16,True,yes
2767,Female,Single,True,2,on,premium,5,15,positive,paypal,cancelled,Germany,Hindi,44,21,54,1,False,better,9,0,old,6,True,yes
2768,Female,Single,False,6,off,gold,5,14,negative,card,active,US,Hindi,40,5,128,8,True,good,2,5,old,7,True,yes
2769,Male,Single,True,1,on,premium,8,18,negative,upi,cancelled,US,Telugu,21,0,112,5,False,poor,16,6,old,11,True,yes
2770,Male,Married,False,6,on,gold,7,16,positive,card,active,India,Hindi,39,24,187,10,True,good,20,4,recent,14,True,no
2771,Male,Married,False,9,on,basic,7,18,positive,upi,expired,India,Hindi,26,25,146,7,False,better,7,2,recent,12,True,no
2772,Female,Married,True,10,on,gold,3,2,negative,upi,expired,US,English,31,16,181,2,True,poor,19,4,recent,0,True,yes
2773,Male,Married,True,5,on,basic,1,9,negative,paypal,active,India,Telugu,24,23,75,3,False,better,14,3,very_old,0,True,no
2774,Male,Married,False,10,on,premium,5,17,negative,upi,active,UK,Telugu,50,21,120,2,False,better,8,8,recent,10,False,no
2775,Female,Single,False,3,on,basic,9,2,negative,card,expired,India,Telugu,16,6,122,5,True,better,14,5,old,11,False,yes
2776,Male,Married,True,6,on,premium,8,9,negative,upi,expired,US,English,34,8,93,4,True,good,4,3,very_old,10,True,yes
2777,Male,Married,False,9,off,gold,8,1,positive,card,active,US,Hindi,18,20,83,1,False,good,18,4,very_old,12,True,no
2778,Female,Single,True,8,off,basic,3,9,negative,upi,active,US,Telugu,48,7,83,2,False,better,9,2,recent,10,False,yes
2779,Male,Single,True,4,on,premium,3,15,neutral,card,active,India,Telugu,6,21,138,3,True,better,9,6,very_old,14,True,no
2780,Female,Single,True,5,on,basic,10,7,neutral,paypal,cancelled,UK,Hindi,22,2,151,8,True,better,13,3,recent,6,False,no
2781,Female,Married,True,4,off,premium,3,5,negative,paypal,active,US,English,34,21,129,5,True,better,3,3,old,19,False,yes
2782,Female,Married,True,2,off,gold,7,19,positive,paypal,active,India,Hindi,31,15,153,10,True,better,2,1,very_old,12,False,no
2783,Female,Single,True,3,off,basic,6,13,negative,card,active,Germany,English,12,12,116,3,False,better,14,6,old,16,True,no
2784,Female,Single,False,9,on,premium,2,6,neutral,upi,cancelled,India,Hindi,40,2,37,8,False,good,12,3,recent,18,True,yes
2785,Male,Single,False,3,on,gold,3,6,neutral,card,cancelled,US,Telugu,12,22,27,7,False,poor,5,1,old,8,True,yes
2786,Female,Married,False,2,on,basic,10,8,neutral,upi,cancelled,Germany,Hindi,24,15,142,8,True,good,1,2,recent,0,True,no
2787,Male,Married,False,3,off,premium,9,9,positive,upi,cancelled,India,Hindi,36,1,99,2,True,good,13,6,old,15,False,yes
2788,Male,Married,True,3,off,premium,2,8,neutral,card,active,US,Telugu,30,3,65,9,True,good,20,9,old,9,False,no
2789,Male,Married,True,3,on,basic,3,3,negative,upi,cancelled,UK,Hindi,7,1,36,6,True,poor,6,9,very_old,12,False,no
2790,Female,Single,True,2,on,premium,3,3,positive,card,expired,Germany,Hindi,43,24,165,4,False,better,2,8,old,15,True,no
2791,Female,Married,True,8,off,gold,5,7,positive,paypal,expired,US,Hindi,4,22,59,4,True,good,10,6,very_old,1,True,no
2792,Male,Single,False,2,off,basic,2,11,positive,paypal,expired,India,English,40,19,161,5,False,good,12,9,very_old,14,True,yes
2793,Female,Single,False,4,off,gold,7,11,negative,card,cancelled,India,Telugu,31,21,58,1,True,poor,14,6,old,5,True,yes
2794,Female,Single,True,1,on,gold,6,18,neutral,card,expired,US,English,8,1,65,2,False,better,12,0,recent,3,False,no
2795,Male,Married,True,7,on,premium,8,17,negative,paypal,expired,UK,Telugu,50,16,24,2,False,better,9,1,recent,8,True,yes
2796,Male,Single,False,3,off,basic,5,12,neutral,paypal,active,India,Telugu,17,13,159,10,True,poor,9,1,recent,11,True,no
2797,Male,Married,True,1,on,basic,9,13,negative,card,active,India,English,40,23,187,10,False,good,16,4,recent,19,True,yes
2798,Female,Married,False,10,on,basic,6,3,positive,upi,active,India,English,1,14,186,2,False,better,10,3,old,16,True,no
2799,Female,Married,True,6,on,gold,5,5,neutral,paypal,active,Germany,Telugu,35,10,165,8,True,better,1,2,recent,17,False,yes
2800,Male,Single,False,3,on,gold,7,11,neutral,card,active,US,Hindi,30,4,34,1,True,poor,17,3,old,10,False,no
2801,Female,Single,True,9,off,basic,2,17,neutral,card,expired,India,Hindi,23,17,99,10,True,better,5,3,old,15,True,yes
2802,Female,Single,True,3,off,gold,4,15,positive,paypal,expired,UK,English,48,0,157,8,True,good,20,9,old,8,True,no
2803,Female,Married,False,1,on,gold,10,6,neutral,upi,expired,US,Hindi,45,1,43,4,False,better,18,0,very_old,2,True,yes
2804,Female,Married,True,9,off,gold,8,13,neutral,card,expired,India,Hindi,16,11,60,6,True,poor,4,7,old,17,True,yes
2805,Male,Single,True,8,on,gold,2,20,neutral,card,active,India,Hindi,22,3,111,4,True,poor,16,2,old,15,False,no
2806,Male,Single,False,9,on,basic,4,4,negative,upi,active,India,Hindi,41,9,78,9,False,poor,18,10,recent,0,True,no
2807,Female,Single,False,4,off,premium,8,8,neutral,paypal,active,US,English,43,18,61,6,True,poor,1,3,recent,19,True,no
2808,Male,Married,True,2,off,premium,2,19,neutral,paypal,cancelled,UK,English,14,6,46,5,True,better,11,2,very_old,0,False,no
2809,Male,Single,False,10,on,premium,4,19,positive,card,active,Germany,Telugu,9,18,140,9,True,good,16,8,old,15,True,no
2810,Male,Single,True,7,on,premium,10,12,neutral,paypal,cancelled,Germany,Telugu,36,17,18,10,True,poor,6,5,recent,10,True,yes
2811,Male,Single,False,9,on,basic,2,16,positive,paypal,cancelled,US,Hindi,31,15,133,9,True,better,18,8,very_old,14,True,yes
2812,Male,Single,True,3,on,premium,2,12,neutral,card,active,UK,Hindi,50,25,185,4,True,good,12,2,very_old,16,True,no
2813,Male,Single,False,5,off,premium,3,20,negative,upi,cancelled,Germany,English,41,12,159,5,False,poor,15,2,very_old,20,True,yes
2814,Female,Single,False,5,on,basic,8,2,negative,card,active,US,Telugu,26,24,167,6,True,better,7,10,old,3,False,no
2815,Female,Married,False,10,off,premium,3,20,positive,card,active,Germany,Hindi,3,10,21,7,True,good,8,6,very_old,7,True,no
2816,Female,Married,True,6,on,premium,8,5,neutral,upi,expired,Germany,Hindi,17,19,36,9,True,good,4,4,old,1,False,no
2817,Male,Married,False,6,on,basic,5,1,positive,upi,expired,India,Hindi,29,20,81,3,True,good,10,10,very_old,17,True,yes
2818,Female,Single,False,10,on,basic,5,9,neutral,paypal,active,Germany,Telugu,15,19,66,10,True,good,18,10,very_old,17,False,no
2819,Female,Married,True,2,on,gold,9,8,negative,upi,expired,India,Telugu,20,16,59,3,False,better,8,3,recent,6,False,yes
2820,Female,Single,True,10,off,premium,7,1,neutral,paypal,cancelled,US,English,17,19,195,6,True,poor,10,2,very_old,15,False,yes
2821,Female,Married,True,5,off,basic,6,1,neutral,card,active,Germany,Telugu,17,13,50,10,True,good,1,6,old,15,True,no
2822,Male,Married,True,1,on,basic,6,11,positive,card,active,US,Telugu,23,3,48,5,False,poor,8,5,recent,13,True,no
2823,Female,Married,False,10,off,premium,7,11,negative,upi,cancelled,India,Telugu,33,18,55,3,False,good,11,3,recent,10,True,no
2824,Female,Single,True,10,off,basic,9,11,neutral,upi,expired,UK,English,1,16,175,4,True,poor,2,0,very_old,14,True,no
2825,Male,Single,False,8,on,gold,3,9,negative,upi,active,Germany,Hindi,6,2,20,1,True,good,4,5,very_old,1,True,no
2826,Female,Married,True,4,off,premium,2,5,positive,card,expired,Germany,Telugu,50,11,14,2,True,better,6,8,recent,12,False,yes
2827,Male,Single,False,5,off,basic,4,6,neutral,card,active,India,Hindi,33,4,120,1,True,better,6,8,recent,16,True,no
2828,Female,Single,True,10,on,premium,7,16,neutral,card,active,US,Hindi,16,6,98,6,False,poor,18,10,recent,13,False,yes
2829,Female,Single,True,9,off,gold,5,1,negative,upi,active,India,Telugu,11,6,106,3,False,poor,12,10,very_old,20,False,no
2830,Male,Single,False,6,on,premium,5,8,negative,upi,expired,US,Telugu,32,3,125,2,True,better,5,6,recent,14,True,yes
2831,Male,Single,True,5,off,basic,2,8,negative,paypal,cancelled,US,English,9,6,128,1,True,better,17,0,very_old,17,True,yes
2832,Male,Single,False,3,on,premium,2,11,positive,paypal,expired,US,English,39,23,33,2,False,poor,11,0,very_old,7,False,yes
2833,Male,Single,False,4,off,basic,6,18,neutral,card,active,UK,English,30,22,33,1,False,better,8,5,old,13,True,no
2834,Female,Single,True,6,on,gold,4,14,neutral,card,cancelled,Germany,Hindi,27,20,137,8,True,better,11,6,old,2,False,no
2835,Male,Married,True,8,off,premium,5,7,negative,upi,cancelled,India,Hindi,17,10,130,3,True,poor,2,2,very_old,7,False,yes
2836,Female,Married,True,4,off,basic,6,0,neutral,card,active,Germany,Telugu,14,14,63,2,False,better,3,1,recent,9,True,no
2837,Female,Single,False,5,off,gold,7,12,neutral,upi,active,India,Hindi,20,0,26,8,True,better,9,1,very_old,3,True,no
2838,Female,Single,False,8,off,premium,2,4,neutral,card,expired,India,Hindi,41,22,37,9,True,good,3,8,recent,4,True,no
2839,Male,Single,True,9,on,premium,6,14,positive,paypal,active,India,English,27,16,174,2,True,poor,9,0,very_old,0,True,no
2840,Male,Married,False,1,on,premium,6,10,positive,card,expired,US,Hindi,41,5,72,10,False,poor,10,7,old,7,False,yes
2841,Female,Married,False,10,on,gold,2,10,positive,paypal,active,India,Hindi,44,12,31,2,True,good,4,8,recent,0,True,no
2842,Female,Married,True,2,off,gold,3,12,negative,paypal,active,India,English,34,19,29,5,True,good,5,10,old,3,False,yes
2843,Female,Married,True,1,on,basic,3,8,positive,upi,active,India,Hindi,50,19,169,5,False,good,15,4,old,20,True,no
2844,Female,Married,True,8,on,basic,6,13,positive,paypal,expired,India,English,14,7,191,9,False,good,14,0,old,9,False,yes
2845,Female,Married,False,3,on,gold,8,14,neutral,paypal,cancelled,Germany,Hindi,39,5,100,9,False,good,2,10,old,14,True,yes
2846,Female,Single,True,6,on,basic,6,15,negative,upi,active,Germany,Hindi,35,13,17,4,False,good,14,3,very_old,13,False,yes
2847,Female,Single,False,7,on,premium,9,18,neutral,card,cancelled,India,Telugu,27,3,13,9,False,better,13,4,very_old,9,True,no
2848,Female,Single,False,7,off,basic,3,8,neutral,upi,expired,US,English,50,10,102,1,True,good,17,6,old,6,True,yes
2849,Male,Single,False,5,off,premium,3,14,positive,upi,cancelled,India,Hindi,7,21,191,8,False,better,7,9,old,19,False,yes
2850,Female,Single,True,7,on,premium,8,19,positive,upi,active,US,English,0,20,146,1,False,good,9,9,old,1,False,no
2851,Male,Single,False,4,off,gold,6,18,positive,upi,active,Germany,Hindi,30,14,95,2,True,good,3,1,old,10,True,no
2852,Male,Married,True,9,off,gold,9,19,neutral,card,expired,India,Telugu,32,10,168,10,True,poor,11,4,recent,19,True,yes
2853,Female,Married,False,8,off,gold,2,17,positive,upi,active,India,English,34,20,138,4,False,good,2,8,old,18,False,no
2854,Female,Single,True,1,on,basic,5,18,positive,upi,cancelled,UK,Hindi,13,14,190,8,True,good,9,9,recent,18,False,yes
2855,Female,Married,True,8,off,gold,10,9,positive,paypal,expired,Germany,Hindi,21,6,43,1,False,good,9,6,recent,4,True,yes
2856,Female,Married,False,9,on,premium,7,14,neutral,card,active,US,English,37,21,22,10,False,better,15,1,very_old,0,True,no
2857,Male,Single,False,10,on,basic,6,10,negative,paypal,active,US,English,18,5,119,9,True,better,17,7,very_old,8,False,no
2858,Male,Single,False,2,on,basic,2,0,positive,card,active,Germany,Hindi,36,1,185,5,True,good,14,6,recent,0,False,no
2859,Female,Married,True,4,off,basic,3,4,negative,paypal,active,Germany,Telugu,30,24,177,2,True,good,14,0,very_old,5,True,no
2860,Female,Single,False,2,off,premium,3,7,positive,card,expired,US,Telugu,9,20,73,4,False,good,5,8,old,17,False,no
2861,Female,Married,True,7,on,premium,10,10,positive,upi,active,Germany,Hindi,25,17,175,4,True,poor,4,2,old,19,False,yes
2862,Female,Married,False,4,on,gold,3,14,positive,card,cancelled,US,Hindi,35,0,197,3,False,poor,15,6,very_old,11,True,yes
2863,Male,Married,True,7,on,premium,5,9,neutral,upi,expired,Germany,English,32,4,81,9,False,good,2,4,old,13,True,no
2864,Female,Married,False,10,off,gold,1,18,negative,upi,active,US,Hindi,36,18,178,8,True,good,2,6,very_old,1,False,no
2865,Female,Single,True,4,off,premium,1,4,negative,card,active,US,English,38,9,69,10,True,better,1,7,very_old,16,False,yes
2866,Male,Single,False,9,on,basic,6,0,neutral,upi,expired,Germany,Hindi,5,8,126,8,True,better,13,2,old,1,False,no
2867,Male,Single,True,9,on,premium,8,20,positive,upi,cancelled,US,Telugu,40,25,56,7,True,poor,20,1,very_old,11,True,no
2868,Female,Married,True,9,off,basic,8,19,negative,upi,expired,Germany,English,36,15,169,3,False,poor,2,10,old,14,True,yes
2869,Male,Married,False,7,off,premium,6,7,neutral,upi,active,UK,Telugu,3,11,61,10,False,poor,15,6,old,10,False,no
2870,Male,Married,False,6,off,gold,6,11,negative,upi,expired,UK,English,32,22,160,6,False,poor,15,3,old,20,True,yes
2871,Female,Married,False,5,off,premium,9,2,neutral,upi,expired,UK,Telugu,49,11,101,7,False,poor,14,3,old,10,False,yes
2872,Male,Single,False,2,off,premium,3,17,positive,upi,expired,US,Telugu,5,8,178,3,False,poor,4,5,recent,16,False,no
2873,Male,Married,False,8,on,premium,10,0,positive,paypal,cancelled,India,English,22,19,94,7,False,poor,7,7,very_old,13,False,no
2874,Male,Single,False,1,off,premium,6,19,positive,card,cancelled,Germany,English,23,16,168,4,True,good,13,5,recent,12,True,no
2875,Female,Married,False,8,on,gold,7,20,neutral,upi,expired,UK,English,49,11,186,7,True,better,11,5,recent,5,False,no
2876,Male,Single,False,7,off,basic,6,0,negative,paypal,expired,Germany,English,14,24,135,6,False,good,10,10,very_old,1,True,yes
2877,Male,Married,True,3,on,basic,8,14,neutral,paypal,active,India,English,28,15,136,5,False,poor,20,6,old,17,False,no
2878,Male,Single,True,2,on,gold,9,3,neutral,card,expired,India,Telugu,10,10,155,9,True,better,9,0,very_old,1,False,no
2879,Female,Married,False,4,on,premium,2,13,neutral,paypal,expired,India,Telugu,46,15,147,1,False,good,17,0,old,10,True,yes
2880,Female,Married,False,7,on,gold,5,16,negative,paypal,cancelled,UK,Hindi,10,0,186,3,False,good,4,2,old,8,True,yes
2881,Female,Married,True,3,off,premium,4,1,positive,card,expired,Germany,Telugu,5,4,181,6,False,poor,6,7,old,11,False,yes
2882,Male,Married,False,9,on,gold,1,8,neutral,paypal,active,India,Hindi,22,4,127,4,True,poor,5,10,recent,3,True,no
2883,Female,Married,True,1,off,gold,8,11,negative,upi,expired,UK,English,28,11,162,8,False,poor,5,1,old,0,True,yes
2884,Male,Single,True,3,off,gold,7,18,negative,upi,cancelled,India,Telugu,49,0,10,3,True,good,15,6,very_old,15,True,yes
2885,Female,Single,True,9,on,premium,5,17,positive,paypal,expired,Germany,Telugu,33,9,151,9,False,poor,6,7,very_old,5,True,no
2886,Female,Single,False,4,off,basic,1,18,neutral,upi,active,Germany,English,12,6,107,10,True,good,11,4,very_old,13,True,no
2887,Female,Single,True,2,on,gold,2,17,negative,card,expired,US,English,46,25,78,4,True,poor,15,10,old,8,True,yes
2888,Female,Single,False,5,off,premium,2,20,positive,upi,expired,UK,Telugu,5,16,141,2,False,better,8,2,recent,9,False,no
2889,Female,Single,False,6,off,basic,2,16,negative,upi,expired,US,Hindi,33,16,169,3,True,poor,2,2,very_old,14,True,yes
2890,Male,Single,False,10,on,gold,1,0,positive,card,active,US,English,3,19,145,6,True,good,7,9,very_old,0,True,no
2891,Male,Married,False,1,off,premium,1,19,positive,card,active,Germany,Hindi,5,1,64,10,True,good,2,3,very_old,7,True,no
2892,Male,Single,False,9,on,gold,9,19,positive,paypal,expired,Germany,Telugu,44,14,46,9,True,good,8,8,very_old,15,True,yes
2893,Female,Married,True,2,off,basic,1,16,negative,card,active,US,English,29,8,48,3,True,good,5,6,old,12,False,no
2894,Male,Married,False,10,off,premium,6,7,positive,paypal,cancelled,US,Telugu,11,3,73,3,False,better,12,8,recent,7,False,yes
2895,Female,Married,False,10,on,basic,1,16,neutral,upi,expired,India,Telugu,34,23,95,10,False,poor,14,5,old,1,False,no
2896,Male,Single,True,7,off,basic,1,2,neutral,upi,expired,India,Hindi,25,3,18,7,True,poor,9,3,old,11,False,no
2897,Female,Single,True,8,off,gold,2,17,positive,card,expired,UK,Hindi,6,21,96,8,False,better,10,1,recent,4,True,no
2898,Female,Married,True,10,on,basic,8,20,neutral,paypal,cancelled,Germany,Hindi,0,5,114,7,True,good,17,9,recent,16,True,no
2899,Male,Single,False,3,on,basic,10,11,negative,card,cancelled,Germany,English,50,1,104,9,True,better,9,5,very_old,11,False,yes
2900,Female,Married,True,2,on,basic,6,17,neutral,upi,expired,US,English,16,19,76,3,False,better,12,10,old,16,True,no
2901,Female,Married,True,3,on,premium,2,7,negative,paypal,active,UK,English,0,18,94,5,False,better,12,5,recent,6,True,no
2902,Female,Single,True,4,off,premium,5,12,positive,card,cancelled,Germany,Telugu,28,23,13,4,False,poor,9,5,old,6,False,no
2903,Male,Married,False,4,off,gold,5,2,positive,paypal,expired,UK,Hindi,1,9,80,8,True,poor,18,8,very_old,11,True,yes
2904,Male,Single,False,6,on,gold,1,1,neutral,upi,expired,Germany,English,42,20,138,7,True,better,6,9,very_old,4,False,no
2905,Female,Single,False,2,on,premium,5,0,positive,paypal,active,US,English,26,3,31,6,False,poor,16,0,old,8,False,no
2906,Male,Married,True,1,on,basic,1,7,positive,paypal,active,Germany,Telugu,14,10,31,8,False,good,11,8,very_old,20,True,no
2907,Female,Single,True,6,on,premium,2,7,negative,paypal,cancelled,Germany,English,24,15,160,3,False,better,13,5,very_old,12,False,yes
2908,Male,Married,True,7,on,basic,3,17,neutral,paypal,expired,UK,Hindi,24,21,134,9,False,good,8,1,very_old,0,False,no
2909,Female,Married,False,7,on,premium,8,2,negative,paypal,cancelled,Germany,English,38,13,105,1,True,good,1,7,recent,8,False,yes
2910,Female,Married,False,6,off,premium,5,10,negative,paypal,expired,Germany,English,11,8,89,5,False,poor,1,0,old,3,True,yes
2911,Female,Married,True,8,on,premium,10,2,positive,card,active,US,English,21,15,72,7,False,poor,20,1,recent,3,False,no
2912,Male,Married,True,6,on,premium,4,2,neutral,upi,cancelled,India,Hindi,37,20,161,7,True,poor,19,8,old,0,True,no
2913,Male,Single,True,7,on,basic,9,16,negative,paypal,active,UK,English,21,7,124,5,True,better,11,2,old,11,True,yes
2914,Male,Married,True,2,off,premium,6,12,positive,paypal,cancelled,UK,Telugu,1,1,159,9,False,good,6,8,very_old,15,True,no
2915,Female,Married,False,2,off,gold,4,3,positive,upi,expired,Germany,Telugu,15,10,167,6,True,good,4,10,old,4,False,no
2916,Male,Single,False,5,off,premium,2,11,positive,upi,cancelled,India,English,40,0,181,6,False,good,6,8,old,2,False,no
2917,Female,Single,True,7,on,premium,10,9,negative,paypal,cancelled,India,English,33,5,114,7,False,good,1,5,very_old,5,True,no
2918,Female,Single,True,6,on,premium,1,17,neutral,card,cancelled,UK,English,12,12,125,8,False,poor,20,8,very_old,20,False,yes
2919,Female,Married,False,8,on,premium,1,14,neutral,paypal,expired,UK,Telugu,46,17,55,7,False,better,8,7,old,7,True,yes
2920,Female,Married,False,4,on,premium,6,15,negative,upi,expired,Germany,Telugu,39,23,123,10,True,good,14,2,recent,20,True,yes
2921,Male,Married,True,9,on,gold,8,4,negative,upi,active,UK,Telugu,48,8,165,3,False,poor,8,2,very_old,10,False,no
2922,Female,Single,True,6,off,basic,1,2,negative,upi,active,US,English,30,7,23,5,True,better,8,9,recent,3,False,yes
2923,Male,Single,True,4,on,basic,8,4,negative,paypal,cancelled,UK,Hindi,20,14,95,9,False,poor,9,3,recent,10,False,yes
2924,Female,Married,True,6,on,basic,7,14,negative,card,cancelled,US,English,25,18,113,7,True,better,11,6,very_old,17,True,yes
2925,Female,Married,False,9,off,gold,6,11,neutral,paypal,active,UK,Hindi,10,20,128,7,True,better,19,7,recent,4,True,no
2926,Male,Single,True,3,off,premium,9,16,neutral,upi,expired,UK,Hindi,27,25,33,8,False,poor,16,4,old,18,False,no
2927,Female,Married,True,1,off,basic,1,14,positive,paypal,expired,Germany,Hindi,15,19,182,6,True,poor,4,9,very_old,12,False,no
2928,Male,Single,True,9,on,gold,1,5,positive,upi,active,US,Hindi,22,25,66,3,True,good,13,1,old,17,True,no
2929,Female,Married,False,1,off,basic,6,14,positive,card,active,US,English,26,23,185,8,False,poor,18,6,recent,6,False,no
2930,Male,Married,False,10,off,premium,3,9,positive,upi,active,India,Telugu,35,23,122,6,False,good,18,5,recent,15,False,no
2931,Male,Married,True,9,off,basic,2,2,neutral,upi,expired,UK,Telugu,1,2,195,4,False,poor,17,2,recent,17,True,yes
2932,Male,Married,True,4,off,gold,9,20,neutral,upi,active,India,Telugu,44,9,32,10,False,better,20,1,old,4,True,no
2933,Male,Single,False,9,on,premium,4,6,neutral,card,expired,Germany,Hindi,39,0,43,8,True,good,7,7,very_old,5,False,yes
2934,Female,Single,True,2,on,premium,1,13,neutral,upi,cancelled,UK,Hindi,41,24,154,8,False,good,14,0,recent,3,True,yes
2935,Male,Single,False,8,on,gold,3,12,neutral,upi,expired,India,Telugu,0,4,175,2,False,better,1,3,very_old,18,False,no
2936,Male,Single,True,9,on,basic,9,8,negative,paypal,cancelled,Germany,Telugu,26,14,94,6,True,good,15,5,old,4,False,no
2937,Female,Single,True,1,off,gold,6,10,negative,upi,cancelled,US,Hindi,15,16,159,4,False,poor,20,1,very_old,16,True,no
2938,Male,Single,True,3,on,gold,10,2,positive,upi,active,UK,Hindi,22,5,39,5,False,poor,17,1,recent,15,True,no
2939,Male,Married,True,1,off,premium,1,20,positive,upi,cancelled,India,Hindi,21,6,119,10,False,better,18,0,recent,4,True,no
2940,Female,Single,True,8,on,gold,10,2,neutral,upi,active,US,English,34,0,162,7,True,good,3,7,recent,17,True,no
2941,Male,Single,True,3,on,gold,2,12,neutral,paypal,expired,Germany,Telugu,37,0,52,9,True,poor,20,5,recent,17,True,yes
2942,Female,Single,True,8,off,gold,10,6,negative,paypal,expired,US,Telugu,18,16,128,9,True,poor,17,2,recent,2,True,no
2943,Female,Single,True,4,on,premium,10,15,positive,upi,cancelled,UK,Telugu,32,3,110,10,False,better,6,7,recent,4,False,no
2944,Female,Married,True,9,off,basic,9,16,positive,paypal,active,UK,Telugu,18,19,78,7,True,poor,5,5,recent,2,True,no
2945,Male,Married,True,3,off,premium,4,7,neutral,card,active,India,Telugu,48,3,132,4,False,good,8,10,recent,18,False,yes
2946,Female,Married,False,4,off,gold,8,10,negative,paypal,active,India,English,41,3,66,4,False,poor,16,5,old,17,True,yes
2947,Male,Single,False,1,on,basic,5,6,positive,upi,cancelled,US,Hindi,28,19,149,2,True,good,14,9,very_old,3,False,yes
2948,Male,Married,True,8,on,basic,5,14,negative,card,active,India,Telugu,44,11,184,7,True,good,5,7,recent,12,False,yes
2949,Female,Married,True,5,on,gold,6,17,neutral,paypal,cancelled,US,Hindi,41,22,158,8,False,better,17,6,very_old,1,False,yes
2950,Female,Married,True,8,off,basic,9,4,neutral,upi,cancelled,UK,Hindi,27,8,136,9,False,better,8,6,recent,4,False,no
2951,Female,Married,False,2,on,premium,8,14,negative,upi,cancelled,Germany,English,24,15,51,6,True,better,4,3,recent,17,False,yes
2952,Female,Married,True,8,off,basic,5,10,negative,card,expired,US,Telugu,33,11,55,3,False,poor,8,0,very_old,4,True,yes
2953,Female,Single,True,6,off,gold,6,2,negative,paypal,cancelled,Germany,Telugu,19,14,89,7,True,good,9,9,old,14,True,yes
2954,Male,Married,False,8,off,gold,4,14,positive,upi,active,India,Telugu,10,25,146,10,True,poor,16,4,very_old,7,False,no
2955,Male,Single,True,4,on,basic,1,16,positive,card,active,Germany,English,47,1,12,2,True,better,20,1,very_old,1,False,no
2956,Male,Single,False,3,off,basic,5,9,negative,upi,cancelled,Germany,Hindi,29,9,21,10,True,better,9,1,old,10,True,yes
2957,Female,Married,True,5,on,gold,9,4,positive,paypal,expired,UK,English,11,17,159,9,True,poor,6,7,very_old,3,True,no
2958,Male,Married,False,7,off,premium,2,15,neutral,upi,expired,India,Hindi,4,14,198,2,True,good,11,8,very_old,14,True,no
2959,Female,Single,True,10,off,premium,1,20,positive,paypal,expired,UK,Telugu,31,12,114,9,False,good,13,5,recent,6,False,no
2960,Female,Single,False,2,on,gold,1,5,negative,paypal,active,Germany,English,27,6,125,3,True,good,5,9,very_old,13,True,yes
2961,Male,Single,False,10,off,gold,3,8,negative,upi,active,India,Telugu,30,12,141,9,False,poor,7,0,very_old,7,True,yes
2962,Male,Married,False,1,off,gold,8,11,neutral,paypal,active,India,English,36,20,63,2,False,poor,8,6,very_old,4,False,no
2963,Male,Married,False,3,off,premium,6,12,negative,paypal,expired,UK,Hindi,5,6,126,4,False,poor,4,0,recent,14,True,yes
2964,Female,Married,True,8,on,premium,3,17,positive,upi,active,UK,Hindi,13,0,22,9,True,poor,17,7,very_old,3,True,no
2965,Male,Married,False,3,on,premium,6,7,negative,upi,active,India,English,49,12,167,9,False,better,8,0,old,2,True,yes
2966,Male,Single,False,9,off,gold,9,18,neutral,paypal,expired,Germany,English,24,8,39,9,True,poor,4,4,very_old,3,False,yes
2967,Female,Married,True,8,on,gold,6,14,neutral,paypal,active,US,English,38,0,174,5,True,poor,18,4,recent,2,True,no
2968,Male,Single,False,8,on,basic,8,15,positive,upi,expired,US,Hindi,30,12,60,5,True,good,1,7,very_old,2,True,no
2969,Male,Married,True,2,off,basic,6,3,neutral,card,expired,India,English,18,7,191,2,False,poor,4,2,recent,7,True,yes
2970,Male,Married,True,9,on,basic,4,5,neutral,upi,expired,India,English,41,11,122,10,False,poor,16,7,very_old,19,False,yes
2971,Male,Single,False,3,off,premium,3,9,positive,upi,cancelled,UK,Hindi,16,10,66,5,True,good,12,9,recent,8,False,no
2972,Female,Single,True,4,on,basic,4,12,negative,paypal,expired,US,English,2,16,183,2,True,poor,3,8,recent,18,True,yes
2973,Female,Married,True,2,on,premium,9,15,negative,upi,cancelled,UK,Hindi,19,23,196,5,True,poor,17,0,very_old,13,False,yes
2974,Female,Single,True,9,on,gold,9,16,positive,paypal,expired,UK,Telugu,25,24,95,2,False,good,18,1,old,2,True,no
2975,Female,Single,True,8,off,gold,7,18,positive,card,cancelled,India,English,18,12,138,3,False,better,4,5,very_old,4,False,no
2976,Female,Married,True,8,on,basic,9,10,positive,card,active,UK,English,40,6,143,6,True,poor,15,1,very_old,10,False,no
2977,Male,Married,True,9,off,premium,10,19,negative,card,active,India,Hindi,9,25,138,4,False,good,11,9,very_old,18,False,no
2978,Female,Single,False,1,on,premium,7,3,positive,paypal,cancelled,UK,Hindi,24,1,182,2,False,good,18,3,recent,0,True,no
2979,Male,Married,True,10,on,premium,1,6,positive,paypal,cancelled,US,Hindi,30,12,86,4,False,better,10,9,recent,18,True,no
2980,Female,Single,False,2,off,premium,10,14,negative,paypal,cancelled,India,Telugu,6,1,65,5,True,poor,3,4,recent,11,True,yes
2981,Female,Married,True,2,on,gold,3,11,neutral,card,active,Germany,Telugu,2,10,130,10,False,better,14,8,old,18,False,no
2982,Female,Single,False,3,on,gold,6,13,positive,paypal,expired,India,Hindi,27,11,150,6,True,poor,12,6,recent,6,False,yes
2983,Female,Married,True,2,on,premium,7,6,negative,paypal,expired,US,Hindi,12,2,135,9,True,good,8,8,recent,1,False,no
2984,Male,Single,True,7,off,basic,8,4,negative,card,cancelled,UK,Telugu,14,1,106,5,True,better,13,3,old,6,True,no
2985,Female,Single,True,3,off,premium,4,11,neutral,card,cancelled,US,English,43,11,191,6,True,better,14,7,old,13,False,yes
2986,Female,Single,True,9,off,premium,3,16,positive,card,active,US,Hindi,31,0,71,1,True,good,2,3,old,6,True,no
2987,Male,Single,True,3,on,gold,3,16,positive,paypal,active,India,Telugu,1,0,166,3,True,good,13,7,old,17,True,no
2988,Male,Married,False,4,on,basic,5,7,neutral,card,active,Germany,English,26,10,199,5,True,poor,20,5,old,16,True,yes
2989,Female,Single,False,8,off,basic,9,18,neutral,card,expired,US,Hindi,47,9,176,9,False,good,15,10,recent,11,True,no
2990,Female,Single,False,7,on,gold,10,2,neutral,paypal,active,UK,Telugu,9,16,17,9,False,poor,20,4,very_old,14,True,no
2991,Female,Married,True,1,on,basic,6,18,negative,paypal,cancelled,Germany,Telugu,24,4,141,5,False,good,19,3,old,5,False,yes
2992,Female,Married,True,8,off,gold,4,16,neutral,card,active,India,English,13,16,13,6,False,better,13,3,recent,5,True,no
2993,Male,Single,False,6,off,premium,9,3,negative,card,expired,Germany,Hindi,25,21,21,1,False,poor,20,1,recent,14,False,yes
2994,Female,Single,False,4,off,premium,10,2,neutral,paypal,cancelled,US,Telugu,49,2,37,10,False,better,2,7,recent,7,False,yes
2995,Male,Single,True,9,off,basic,1,13,neutral,upi,cancelled,US,Hindi,18,7,184,2,True,good,17,10,recent,13,False,no
2996,Female,Single,True,10,off,basic,3,18,neutral,paypal,cancelled,UK,Hindi,48,20,80,1,True,good,17,4,old,17,True,yes
2997,Male,Single,True,8,off,gold,9,5,neutral,paypal,cancelled,US,English,6,5,90,6,False,good,5,2,old,2,True,no
2998,Male,Single,False,9,on,premium,10,9,negative,upi,active,UK,Telugu,28,14,195,5,False,poor,19,2,very_old,7,False,no
2999,Female,Single,True,9,off,gold,7,12,positive,paypal,cancelled,US,English,17,23,19,5,False,better,5,0,very_old,5,True,no
3000,Male,Married,True,1,off,premium,9,9,positive,card,expired,Germany,English,19,23,59,2,False,good,12,5,very_old,14,False,no
3001,Male,Single,False,6,off,gold,7,19,negative,upi,cancelled,India,Hindi,21,17,123,4,True,better,20,8,recent,4,True,no
3002,Female,Married,False,10,off,basic,2,12,positive,upi,cancelled,UK,Telugu,36,23,186,4,False,good,13,0,very_old,19,False,yes
3003,Female,Married,True,3,off,basic,8,5,positive,upi,cancelled,India,Telugu,10,7,76,9,True,good,19,8,old,15,False,no
3004,Female,Single,False,1,off,basic,3,8,negative,upi,cancelled,US,English,7,2,81,3,False,better,9,2,very_old,11,True,yes
3005,Male,Single,False,10,off,premium,10,8,neutral,paypal,cancelled,India,Hindi,39,25,16,3,False,good,3,8,very_old,12,False,yes
3006,Male,Married,True,5,on,premium,5,19,negative,paypal,active,US,English,7,7,26,1,False,better,16,9,recent,7,False,no
3007,Female,Single,False,2,off,gold,4,13,negative,paypal,expired,India,Hindi,1,13,112,4,True,good,7,8,recent,2,True,yes
3008,Female,Married,True,2,on,gold,5,14,positive,card,expired,Germany,Telugu,10,16,159,4,False,good,16,8,recent,6,False,no
3009,Male,Single,False,4,on,premium,8,9,negative,paypal,active,UK,Telugu,1,24,133,10,True,better,16,9,old,3,True,no
3010,Female,Single,False,4,on,gold,5,19,positive,card,active,India,Hindi,19,10,180,4,True,good,13,8,recent,8,False,no
3011,Female,Married,True,5,on,premium,3,8,neutral,paypal,cancelled,US,English,21,3,191,4,False,poor,2,3,very_old,6,True,yes
3012,Female,Married,True,6,off,basic,5,11,negative,paypal,cancelled,India,English,47,6,194,2,True,poor,13,3,recent,19,True,yes
3013,Female,Single,True,9,on,gold,4,10,neutral,paypal,cancelled,Germany,Hindi,50,11,97,4,False,good,9,6,very_old,6,False,yes
3014,Female,Single,False,9,on,gold,1,18,positive,paypal,expired,Germany,English,27,5,64,1,True,good,6,3,old,7,True,no
3015,Female,Married,False,5,off,gold,3,15,negative,upi,active,India,Telugu,43,15,79,10,True,poor,3,8,recent,7,True,yes
3016,Male,Married,True,5,on,gold,10,19,neutral,card,expired,UK,Telugu,36,12,20,7,True,poor,13,7,old,9,True,no
3017,Female,Single,False,2,off,premium,4,6,negative,upi,cancelled,India,Telugu,12,13,85,5,True,better,20,10,recent,15,True,no
3018,Male,Single,True,4,on,basic,2,19,negative,card,expired,India,Telugu,49,17,172,5,True,good,1,5,recent,18,True,yes
3019,Male,Single,False,1,on,gold,7,17,negative,upi,expired,Germany,Telugu,28,13,170,9,False,poor,19,2,old,11,True,yes
3020,Female,Married,True,7,on,premium,1,20,neutral,paypal,expired,US,Telugu,26,2,154,7,False,better,11,4,old,18,False,yes
3021,Female,Married,True,1,on,gold,9,18,neutral,paypal,active,UK,Telugu,50,10,200,8,False,good,3,4,very_old,12,True,yes
3022,Female,Single,False,3,off,gold,6,1,neutral,upi,active,India,Telugu,1,25,101,9,False,good,2,3,old,7,False,no
3023,Female,Married,True,2,off,gold,10,1,negative,upi,cancelled,India,English,1,13,67,1,True,good,17,2,old,13,True,no
3024,Male,Married,False,5,off,gold,10,5,negative,card,active,Germany,English,41,5,193,10,True,poor,18,10,old,14,False,no
3025,Female,Single,True,10,on,gold,4,1,neutral,paypal,cancelled,UK,Telugu,36,12,79,3,False,poor,12,3,very_old,16,True,yes
3026,Female,Single,True,6,off,premium,7,18,neutral,card,expired,Germany,English,25,8,23,10,False,poor,11,7,recent,9,False,yes
3027,Female,Single,True,2,on,basic,3,12,negative,upi,expired,UK,English,35,25,56,9,False,poor,19,3,recent,10,True,yes
3028,Female,Married,True,2,off,premium,8,2,neutral,upi,expired,Germany,Hindi,28,3,98,8,True,good,16,7,recent,11,False,no
3029,Male,Single,True,1,on,premium,5,1,positive,paypal,cancelled,US,Hindi,8,15,78,1,True,good,11,9,very_old,6,False,no
3030,Male,Married,True,4,off,gold,4,16,positive,upi,expired,India,English,36,13,86,8,False,better,15,5,old,5,False,yes
3031,Female,Single,True,6,on,gold,5,0,positive,card,cancelled,UK,English,5,0,54,5,False,good,13,9,old,7,True,no
3032,Female,Married,False,1,off,gold,1,15,negative,card,expired,Germany,Telugu,17,14,199,6,False,good,20,10,old,5,False,yes
3033,Male,Married,True,10,off,gold,4,0,neutral,card,active,Germany,Hindi,15,0,113,2,False,better,8,5,old,1,True,no
3034,Female,Married,False,3,off,premium,10,18,neutral,paypal,active,UK,Telugu,33,6,170,6,False,better,3,8,old,17,False,yes
3035,Male,Single,True,5,off,premium,9,17,negative,card,active,UK,Telugu,25,23,17,9,True,better,20,0,recent,17,False,no
3036,Male,Single,False,4,off,premium,10,2,negative,upi,active,India,Telugu,45,25,14,5,False,good,16,6,recent,11,True,no
3037,Female,Single,False,1,off,basic,10,14,neutral,paypal,active,India,Telugu,39,16,117,6,True,poor,15,9,very_old,8,True,no
3038,Female,Single,False,5,on,premium,3,20,neutral,upi,expired,US,Telugu,26,4,56,10,True,good,17,6,very_old,20,True,yes
3039,Female,Single,False,2,off,gold,4,3,neutral,paypal,expired,US,Hindi,9,18,94,4,False,better,16,2,old,1,False,yes
3040,Male,Married,True,8,on,premium,4,6,neutral,paypal,active,Germany,Telugu,34,12,71,7,False,good,10,9,very_old,12,True,no
3041,Female,Single,False,7,on,premium,4,10,negative,paypal,active,India,Hindi,17,14,86,2,False,poor,4,10,very_old,6,False,no
3042,Male,Married,True,7,off,premium,2,5,positive,upi,cancelled,US,Telugu,39,21,109,8,True,good,20,4,old,13,True,yes
3043,Female,Married,True,10,off,basic,6,2,neutral,paypal,active,India,Telugu,37,10,22,1,True,good,10,6,old,13,True,no
3044,Male,Single,True,8,on,basic,5,11,neutral,paypal,cancelled,India,Telugu,19,18,167,7,True,better,16,8,very_old,12,True,no
3045,Female,Single,False,10,off,basic,1,0,neutral,card,cancelled,India,Hindi,39,10,109,6,True,good,19,3,very_old,6,True,no
3046,Female,Single,True,1,on,gold,2,13,negative,card,active,India,Telugu,1,0,185,2,False,good,4,4,old,11,True,no
3047,Female,Married,True,1,off,gold,4,3,negative,upi,cancelled,US,Hindi,22,22,177,3,True,better,10,7,old,8,True,yes
3048,Female,Single,False,9,on,premium,10,6,neutral,card,expired,US,Telugu,50,19,23,10,True,better,2,4,very_old,14,False,yes
3049,Female,Single,False,2,on,premium,9,11,negative,card,active,India,Telugu,16,7,57,1,True,better,16,0,very_old,13,False,no
3050,Female,Married,False,2,on,basic,1,20,neutral,upi,active,Germany,Telugu,47,0,199,7,True,better,7,0,recent,5,True,yes
3051,Female,Single,True,3,on,basic,1,18,negative,upi,active,Germany,English,13,5,67,6,False,good,18,10,very_old,5,False,no
3052,Male,Single,True,3,off,premium,3,9,negative,card,cancelled,US,English,1,8,96,5,True,poor,7,2,old,1,True,yes
3053,Female,Single,True,1,off,basic,8,17,positive,upi,cancelled,India,English,11,15,58,7,True,good,11,5,very_old,1,False,no
3054,Female,Married,False,5,on,gold,7,15,negative,paypal,expired,UK,Hindi,17,15,61,5,False,better,18,3,recent,4,True,yes
3055,Male,Single,False,5,off,basic,6,19,negative,upi,cancelled,India,Hindi,17,13,41,1,True,better,14,8,recent,16,True,yes
3056,Female,Single,True,4,off,basic,9,3,neutral,paypal,active,India,Hindi,35,4,11,2,True,good,7,4,recent,19,False,no
3057,Female,Married,False,9,on,gold,1,7,negative,upi,active,US,Hindi,45,24,37,5,True,better,16,5,old,5,False,no
3058,Female,Married,True,3,off,premium,2,14,negative,card,active,Germany,English,5,11,191,9,True,better,12,10,old,7,False,no
3059,Female,Married,True,8,on,basic,5,8,positive,card,expired,Germany,Hindi,13,5,142,10,False,better,12,8,old,10,False,no
3060,Male,Married,True,10,off,premium,8,7,negative,paypal,expired,India,Telugu,25,18,87,3,False,good,6,1,old,20,False,yes
3061,Male,Married,True,6,off,basic,7,18,negative,card,cancelled,UK,English,20,15,170,5,False,poor,16,0,recent,16,True,no
3062,Male,Single,True,10,off,basic,4,3,neutral,paypal,active,India,Hindi,49,25,10,8,False,poor,1,10,old,0,False,no
3063,Male,Single,False,5,off,basic,2,1,neutral,card,cancelled,India,Telugu,46,25,72,5,True,better,9,3,very_old,8,True,no
3064,Female,Single,False,9,on,basic,1,9,negative,upi,cancelled,US,Telugu,19,3,35,8,False,good,15,1,very_old,1,False,yes
3065,Female,Single,False,2,on,basic,10,4,neutral,card,cancelled,UK,English,50,21,46,9,True,poor,2,7,recent,15,True,yes
3066,Female,Single,False,5,off,premium,10,2,neutral,paypal,expired,India,Hindi,43,10,18,1,False,good,4,10,recent,17,True,yes
3067,Male,Single,False,7,off,gold,8,5,negative,card,expired,UK,Telugu,22,21,44,6,False,better,5,5,old,0,True,yes
3068,Female,Married,True,4,off,premium,2,5,positive,upi,cancelled,US,Telugu,16,25,199,6,True,poor,15,1,recent,9,True,no
3069,Female,Single,False,4,off,gold,6,15,positive,paypal,active,Germany,English,12,19,56,6,False,poor,13,9,very_old,15,True,no
3070,Male,Single,True,10,off,gold,2,7,negative,paypal,active,Germany,Hindi,31,14,96,2,False,poor,5,7,recent,4,True,no
3071,Female,Married,False,6,off,gold,4,7,positive,upi,cancelled,UK,Telugu,16,12,18,1,True,better,12,9,old,17,False,yes
3072,Female,Married,False,6,off,premium,8,20,neutral,card,active,US,Telugu,17,8,160,6,True,good,14,4,recent,11,True,no
3073,Male,Married,True,1,on,premium,1,3,positive,paypal,expired,Germany,Telugu,25,16,157,6,False,better,14,0,old,11,False,yes
3074,Male,Married,True,4,off,premium,10,19,positive,card,active,US,English,15,12,80,1,False,poor,9,3,recent,8,True,no
3075,Female,Married,False,8,off,premium,3,15,positive,upi,cancelled,US,Hindi,47,23,137,4,True,poor,3,0,recent,4,True,no
3076,Female,Married,False,2,off,gold,8,4,negative,paypal,active,US,Hindi,40,11,49,7,False,poor,7,5,very_old,16,True,no
3077,Male,Married,True,10,on,premium,6,13,neutral,card,active,US,English,32,1,76,4,True,good,20,7,recent,8,True,no
3078,Female,Married,False,1,on,premium,8,0,neutral,paypal,cancelled,Germany,Telugu,10,19,183,8,False,poor,14,10,very_old,4,False,no
3079,Female,Married,True,7,on,premium,5,2,neutral,upi,active,Germany,Hindi,19,16,40,5,True,better,10,2,recent,1,True,no
3080,Male,Single,True,6,off,basic,2,1,neutral,paypal,active,Germany,Telugu,27,4,55,3,False,good,17,8,very_old,4,True,no
3081,Male,Single,True,5,off,premium,10,1,neutral,paypal,active,US,Hindi,33,2,83,9,True,good,10,2,very_old,0,True,no
3082,Female,Single,True,3,off,basic,7,14,negative,paypal,cancelled,Germany,Hindi,33,17,124,10,True,good,19,4,very_old,19,False,yes
3083,Male,Single,False,6,on,gold,5,8,neutral,upi,expired,US,Hindi,11,17,178,10,True,poor,11,6,very_old,16,False,yes
3084,Female,Married,False,2,on,premium,1,9,negative,card,expired,India,Telugu,2,18,68,6,True,poor,5,4,very_old,9,True,no
3085,Female,Married,True,1,off,premium,4,9,neutral,upi,expired,India,English,46,18,82,6,False,poor,1,3,recent,16,False,no
3086,Female,Married,False,5,on,basic,1,7,neutral,paypal,cancelled,India,Hindi,49,16,23,2,True,good,9,6,very_old,9,True,yes
3087,Female,Married,True,8,on,premium,4,19,negative,upi,cancelled,Germany,English,38,22,54,4,True,better,15,0,very_old,17,True,yes
3088,Male,Married,True,2,off,premium,5,13,neutral,card,cancelled,Germany,English,47,16,45,5,True,poor,1,0,recent,10,False,yes
3089,Male,Single,True,6,off,basic,7,17,positive,card,expired,India,Hindi,32,19,123,3,True,good,6,8,old,6,True,no
3090,Female,Married,True,3,off,basic,2,14,negative,upi,active,India,Hindi,9,15,17,3,False,poor,9,0,old,5,False,no
3091,Female,Single,True,3,off,gold,8,15,neutral,card,cancelled,India,Telugu,17,7,26,10,True,poor,8,10,old,19,False,yes
3092,Female,Single,True,2,on,basic,4,12,positive,paypal,active,Germany,Telugu,10,1,125,8,False,poor,9,2,old,20,True,no
3093,Male,Married,True,7,on,gold,7,6,neutral,card,cancelled,US,Telugu,48,13,160,9,True,poor,10,10,old,2,True,no
3094,Male,Single,False,8,off,gold,2,3,negative,upi,cancelled,UK,Telugu,29,21,42,6,False,better,14,9,very_old,7,False,yes
3095,Female,Single,False,9,on,basic,5,3,negative,upi,cancelled,US,Hindi,21,11,66,4,True,poor,11,3,very_old,8,True,no
3096,Female,Single,True,6,on,basic,2,11,positive,upi,cancelled,Germany,Telugu,45,22,129,3,True,poor,4,0,recent,18,True,yes
3097,Male,Single,True,1,on,basic,7,4,positive,card,expired,India,Telugu,45,4,114,3,False,good,9,10,old,20,True,yes
3098,Male,Single,True,7,on,premium,10,1,negative,upi,expired,UK,Hindi,27,13,24,3,True,good,11,2,very_old,6,True,yes
3099,Male,Single,False,10,off,premium,8,11,neutral,paypal,expired,US,Hindi,9,1,86,3,True,better,15,4,very_old,18,False,no
3100,Female,Married,False,1,on,gold,5,1,positive,upi,active,US,Telugu,12,18,103,9,False,good,2,10,recent,14,False,no
3101,Female,Married,False,1,off,premium,2,9,negative,paypal,active,UK,English,29,12,117,7,True,poor,11,2,old,11,True,no
3102,Male,Married,True,4,on,premium,8,5,positive,upi,active,UK,Hindi,25,25,60,4,False,poor,4,8,very_old,16,True,no
3103,Female,Married,True,3,off,basic,5,6,negative,card,active,US,Hindi,35,8,154,6,False,poor,7,3,very_old,0,False,no
3104,Male,Single,False,8,off,premium,10,2,neutral,upi,active,Germany,Telugu,7,11,60,3,False,poor,5,6,very_old,11,True,no
3105,Male,Single,False,6,on,basic,7,13,negative,card,active,India,Hindi,4,17,32,2,False,poor,15,2,very_old,19,False,yes
3106,Female,Single,False,10,on,basic,4,20,positive,upi,expired,UK,Hindi,33,11,100,9,True,better,8,4,recent,2,False,yes
3107,Male,Married,False,7,off,basic,9,8,negative,paypal,active,India,English,32,4,183,8,False,poor,19,5,old,16,True,yes
3108,Male,Married,True,5,on,basic,10,1,negative,card,active,UK,English,38,6,47,4,False,good,15,10,recent,2,False,no
3109,Female,Married,True,3,off,premium,3,7,positive,card,expired,Germany,Hindi,34,5,62,5,False,good,17,3,very_old,0,False,yes
3110,Female,Married,False,5,off,basic,1,7,positive,paypal,active,Germany,Hindi,15,5,132,8,True,better,17,10,recent,11,False,no
3111,Male,Married,False,7,on,basic,3,11,positive,upi,active,Germany,Hindi,20,10,34,4,False,better,19,1,very_old,4,False,no
3112,Female,Married,False,6,on,premium,10,7,neutral,card,cancelled,US,English,10,0,102,10,False,poor,16,1,recent,18,False,yes
3113,Male,Married,False,2,on,premium,6,1,neutral,card,expired,UK,English,5,4,63,4,False,good,1,1,old,6,True,no
3114,Female,Married,False,1,on,gold,8,12,negative,card,cancelled,India,Telugu,14,11,155,3,False,good,11,0,recent,8,False,yes
3115,Male,Married,True,4,off,premium,1,17,negative,card,active,UK,Hindi,6,5,150,5,True,poor,12,0,old,9,True,no
3116,Male,Married,False,7,off,gold,1,4,neutral,upi,active,Germany,Hindi,11,11,198,9,False,better,14,1,old,15,True,no
3117,Female,Single,False,5,off,gold,2,7,negative,upi,cancelled,Germany,Hindi,29,12,126,9,False,better,16,4,old,1,True,no
3118,Female,Single,False,3,on,premium,10,11,positive,upi,active,India,English,31,20,124,8,True,poor,14,2,recent,10,False,no
3119,Female,Single,False,6,on,premium,9,16,neutral,card,active,US,Hindi,1,18,197,6,True,good,13,7,very_old,8,True,no
3120,Female,Married,False,4,off,gold,7,0,neutral,paypal,active,India,Telugu,29,15,45,6,True,good,11,3,very_old,2,True,no
3121,Male,Married,True,4,off,gold,4,13,positive,paypal,expired,India,Hindi,3,18,156,10,False,better,20,2,recent,18,False,no
3122,Female,Single,False,7,off,premium,1,13,negative,card,cancelled,US,Telugu,19,11,38,2,False,poor,10,9,very_old,2,True,no
3123,Male,Married,False,3,on,basic,10,4,positive,upi,expired,Germany,Hindi,4,12,111,6,True,better,7,10,old,2,True,no
3124,Male,Married,False,2,on,basic,2,18,neutral,card,active,India,Hindi,46,0,16,3,False,poor,19,9,very_old,9,True,no
3125,Male,Married,False,2,off,premium,3,20,positive,upi,cancelled,US,English,2,21,174,3,True,better,19,0,recent,9,True,no
3126,Male,Single,False,6,off,basic,2,16,positive,upi,cancelled,Germany,Telugu,49,21,130,4,True,good,11,10,recent,7,False,no
3127,Male,Single,False,9,on,gold,6,0,neutral,card,active,India,English,28,5,137,10,True,poor,18,4,old,11,False,no
3128,Male,Single,False,10,on,gold,3,3,negative,upi,cancelled,UK,Telugu,21,2,153,9,False,better,19,3,recent,7,True,yes
3129,Male,Single,True,9,off,gold,7,6,positive,upi,active,US,Telugu,24,1,134,5,False,good,18,10,old,4,False,no
3130,Male,Married,True,6,off,gold,1,19,neutral,paypal,expired,US,Telugu,37,20,100,8,False,poor,2,9,recent,4,False,yes
3131,Female,Single,False,5,off,basic,5,8,neutral,upi,cancelled,Germany,Telugu,44,16,11,3,True,better,13,5,very_old,16,False,yes
3132,Male,Married,False,10,on,gold,3,9,negative,paypal,active,Germany,Hindi,37,2,163,2,False,good,8,7,very_old,19,False,yes
3133,Female,Single,True,1,on,basic,4,16,positive,upi,cancelled,UK,Telugu,14,14,130,1,False,better,8,2,old,16,True,no
3134,Male,Single,True,2,on,premium,10,12,neutral,card,active,Germany,English,49,7,81,3,False,good,14,8,very_old,13,True,yes
3135,Male,Single,False,2,on,basic,10,3,neutral,upi,active,UK,English,4,10,195,5,True,poor,4,4,old,5,True,no
3136,Male,Single,False,9,on,gold,2,16,neutral,paypal,expired,India,Hindi,34,3,17,3,False,better,10,0,very_old,4,True,no
3137,Male,Single,True,8,off,gold,5,16,negative,card,expired,India,English,34,10,28,3,False,better,16,5,old,17,True,no
3138,Female,Single,True,9,off,basic,6,6,positive,paypal,cancelled,US,Hindi,3,22,101,3,True,better,3,9,recent,10,False,no
3139,Male,Single,True,7,on,gold,4,20,negative,card,expired,India,Telugu,46,3,34,3,True,poor,18,3,old,10,True,yes
3140,Male,Single,False,10,off,basic,10,13,negative,upi,active,India,Hindi,3,14,105,6,True,better,7,0,very_old,19,True,no
3141,Male,Married,True,3,on,premium,1,18,positive,upi,cancelled,India,Hindi,29,23,184,5,False,good,16,10,recent,16,False,yes
3142,Female,Married,True,10,off,premium,4,4,positive,upi,expired,UK,Hindi,27,24,43,2,False,better,6,6,old,1,False,yes
3143,Female,Single,True,3,on,premium,9,2,positive,paypal,expired,UK,English,10,9,40,7,False,poor,20,10,recent,13,False,no
3144,Female,Married,True,6,off,basic,1,7,positive,upi,expired,UK,Telugu,25,23,152,3,False,poor,5,9,very_old,6,True,yes
3145,Male,Single,False,4,on,basic,6,7,negative,upi,cancelled,US,Telugu,43,22,44,9,False,poor,6,2,very_old,0,True,yes
3146,Male,Single,False,2,off,gold,10,1,positive,paypal,expired,US,Telugu,31,5,131,10,False,poor,7,0,recent,17,True,yes
3147,Female,Married,True,10,on,premium,1,16,negative,paypal,active,UK,Hindi,20,0,32,2,True,poor,15,1,recent,20,False,yes
3148,Male,Married,False,8,on,premium,4,19,negative,card,active,US,Hindi,30,3,61,6,True,poor,19,7,very_old,14,True,yes
3149,Male,Married,True,3,on,premium,5,5,positive,upi,cancelled,UK,Hindi,25,8,66,2,True,better,11,2,old,8,True,yes
3150,Male,Single,True,7,on,basic,3,3,neutral,paypal,expired,Germany,Hindi,15,16,155,5,False,better,19,10,very_old,0,False,no
3151,Male,Married,False,6,off,gold,5,6,neutral,paypal,expired,US,English,46,14,129,5,True,good,3,2,recent,20,True,yes
3152,Male,Married,False,5,on,premium,4,16,positive,paypal,expired,UK,Telugu,27,7,169,10,False,better,18,3,old,11,False,yes
3153,Male,Single,False,9,on,premium,5,7,neutral,card,expired,Germany,English,14,3,61,4,True,better,4,6,recent,15,True,no
3154,Female,Single,False,7,off,gold,8,18,negative,paypal,active,Germany,English,26,8,77,8,False,better,6,4,old,7,True,no
3155,Female,Married,False,3,on,basic,10,14,neutral,upi,cancelled,India,Hindi,40,17,63,4,False,good,12,3,old,8,True,no
3156,Female,Single,True,3,off,gold,8,12,positive,upi,expired,India,Telugu,1,8,53,1,True,good,3,1,old,6,True,no
3157,Male,Married,True,2,on,gold,2,17,neutral,card,active,UK,Hindi,0,12,117,6,True,better,13,3,very_old,15,True,no
3158,Female,Single,False,2,on,basic,1,1,neutral,card,expired,UK,Hindi,9,19,53,9,True,poor,7,7,very_old,0,True,yes
3159,Female,Married,False,9,off,gold,1,2,negative,paypal,expired,UK,Hindi,34,12,95,9,True,better,16,3,recent,9,False,yes
3160,Male,Married,True,7,on,basic,6,16,neutral,upi,expired,UK,Telugu,46,7,176,1,False,poor,2,9,old,5,True,yes
3161,Male,Single,False,1,on,premium,8,19,positive,card,cancelled,Germany,English,21,17,27,6,False,good,7,4,old,0,False,no
3162,Female,Married,False,10,on,gold,9,3,negative,card,expired,UK,Hindi,16,10,161,7,True,better,5,7,very_old,13,False,no
3163,Male,Married,False,9,on,gold,4,0,neutral,upi,expired,India,Hindi,41,19,154,10,True,good,5,8,very_old,2,False,no
3164,Male,Single,True,5,off,basic,8,17,neutral,paypal,expired,UK,Hindi,25,8,142,1,False,good,12,4,old,15,False,yes
3165,Male,Married,False,5,off,premium,2,8,neutral,upi,active,India,English,11,25,171,3,True,poor,4,9,old,12,False,no
3166,Female,Single,False,6,on,premium,9,18,neutral,card,active,India,Telugu,48,7,49,1,True,better,1,4,very_old,14,False,no
3167,Female,Married,False,8,off,premium,10,4,neutral,card,active,Germany,Telugu,6,19,56,4,True,better,1,9,very_old,18,True,no
3168,Male,Married,True,1,off,premium,7,2,neutral,card,expired,UK,Telugu,5,6,97,10,False,poor,19,7,very_old,15,False,yes
3169,Male,Single,True,4,on,basic,5,8,positive,upi,expired,India,Hindi,25,20,44,8,False,good,16,6,recent,0,False,no
3170,Male,Single,True,5,on,premium,6,6,negative,paypal,expired,Germany,English,6,9,111,3,False,poor,1,0,old,16,False,no
3171,Female,Married,False,7,on,gold,2,18,neutral,card,cancelled,UK,Hindi,26,16,134,2,False,poor,17,9,old,9,False,yes
3172,Female,Single,True,7,off,basic,7,13,negative,upi,cancelled,Germany,Telugu,10,14,166,6,True,poor,17,7,recent,19,False,yes
3173,Female,Single,False,8,off,basic,5,8,neutral,upi,cancelled,US,Telugu,17,12,129,2,True,good,8,10,old,4,False,yes
3174,Male,Single,False,8,off,basic,4,10,neutral,paypal,expired,Germany,Telugu,12,21,91,4,True,poor,3,5,recent,17,True,yes
3175,Male,Married,False,5,on,premium,5,12,neutral,upi,expired,UK,Telugu,27,5,127,4,False,poor,4,2,old,5,True,no
3176,Male,Married,False,3,off,basic,1,20,neutral,upi,cancelled,UK,Telugu,44,15,87,6,False,better,13,4,very_old,11,True,yes
3177,Female,Married,False,9,off,gold,9,0,negative,card,active,Germany,Telugu,11,4,155,9,True,poor,3,10,recent,1,False,no
3178,Male,Married,False,4,on,gold,5,4,neutral,card,active,India,English,48,12,193,4,False,better,18,6,very_old,14,False,no
3179,Male,Married,False,10,on,premium,4,20,neutral,upi,cancelled,Germany,Telugu,18,3,200,4,False,better,15,0,very_old,18,True,yes
3180,Female,Single,True,8,off,gold,3,9,positive,card,cancelled,US,Telugu,35,20,147,6,False,better,13,0,old,20,False,yes
3181,Male,Married,True,9,off,premium,9,17,neutral,card,cancelled,India,Hindi,30,19,25,1,False,better,17,5,old,12,True,yes
3182,Male,Married,True,3,on,gold,2,20,positive,paypal,expired,Germany,Hindi,46,16,25,9,False,better,10,7,recent,19,False,yes
3183,Male,Married,True,3,off,basic,9,7,positive,upi,expired,US,English,15,21,20,9,False,good,17,4,old,16,True,no
3184,Female,Single,False,7,on,gold,9,7,neutral,upi,cancelled,UK,Telugu,33,21,89,4,True,good,15,8,very_old,16,False,yes
3185,Male,Married,True,6,on,premium,1,18,negative,upi,expired,India,Hindi,23,24,45,7,True,better,8,1,old,6,False,yes
3186,Male,Married,True,5,off,premium,8,11,neutral,paypal,active,UK,English,5,4,189,4,True,better,10,10,very_old,17,True,no
3187,Male,Single,True,5,on,basic,4,5,positive,paypal,active,Germany,English,19,23,77,7,False,better,4,5,recent,16,True,no
3188,Female,Married,True,10,off,gold,3,20,negative,paypal,cancelled,US,Hindi,16,12,111,3,True,better,19,1,very_old,0,False,no
3189,Female,Single,False,5,on,gold,9,20,negative,upi,active,UK,Telugu,31,20,41,8,True,better,9,10,recent,6,True,no
3190,Female,Married,False,3,off,basic,8,18,negative,upi,active,Germany,Hindi,42,18,166,4,False,good,8,10,old,18,True,yes
3191,Male,Married,False,10,off,gold,9,14,negative,paypal,cancelled,Germany,Telugu,23,3,131,9,False,good,17,6,old,10,True,no
3192,Female,Married,False,5,on,basic,5,0,negative,paypal,active,UK,Hindi,49,6,192,3,False,better,16,6,very_old,1,True,no
3193,Female,Married,False,5,on,basic,5,13,neutral,paypal,expired,US,Hindi,7,11,185,6,False,better,13,7,very_old,9,True,yes
3194,Female,Single,False,4,on,premium,7,4,neutral,upi,cancelled,India,Hindi,48,13,161,7,False,poor,8,0,very_old,7,True,yes
3195,Male,Married,False,9,on,basic,6,6,negative,paypal,expired,UK,Hindi,36,2,187,7,True,poor,5,7,old,7,False,no
3196,Female,Married,True,3,off,gold,2,4,positive,paypal,cancelled,US,English,22,16,30,3,True,better,5,0,very_old,9,True,no
3197,Female,Married,True,3,on,basic,2,7,neutral,card,active,India,Telugu,17,24,66,9,False,better,11,7,old,10,False,no
3198,Male,Single,True,9,off,basic,1,2,positive,paypal,active,UK,English,28,12,11,9,True,good,1,1,very_old,16,True,no
3199,Female,Married,True,3,off,premium,1,12,positive,paypal,cancelled,Germany,Hindi,36,16,180,9,True,good,11,3,old,4,False,no
3200,Female,Married,True,5,on,gold,3,20,negative,paypal,expired,Germany,Hindi,16,17,177,1,True,poor,14,6,old,16,True,no
3201,Male,Married,True,9,off,premium,6,1,positive,paypal,cancelled,UK,Telugu,21,0,120,5,False,better,17,0,recent,17,True,no
3202,Female,Single,True,9,on,premium,1,14,negative,upi,cancelled,India,English,34,1,95,8,True,better,9,3,old,16,False,yes
3203,Male,Married,False,4,off,gold,10,15,negative,upi,cancelled,Germany,Telugu,14,6,111,2,True,good,8,10,very_old,16,False,yes
3204,Male,Single,True,3,on,basic,3,15,negative,card,cancelled,US,Hindi,7,23,123,10,False,poor,16,8,old,7,False,yes
3205,Female,Married,False,10,off,premium,2,17,positive,card,cancelled,India,English,49,11,32,1,False,good,8,2,very_old,4,False,yes
3206,Female,Married,False,3,off,gold,5,19,positive,card,cancelled,US,Telugu,28,3,109,3,True,poor,14,4,old,2,True,no
3207,Female,Single,False,6,off,basic,7,20,positive,paypal,active,UK,Hindi,42,0,155,4,False,good,12,6,old,5,False,no
3208,Male,Single,True,1,off,gold,2,6,positive,upi,cancelled,Germany,Hindi,43,0,187,3,False,poor,19,4,old,14,True,yes
3209,Male,Single,True,4,on,basic,5,8,positive,card,active,UK,Hindi,16,14,181,4,True,poor,2,0,old,9,False,no
3210,Female,Married,True,10,off,basic,9,18,negative,card,active,US,Telugu,33,1,125,3,False,poor,6,6,old,15,False,yes
3211,Female,Married,True,4,off,basic,2,0,neutral,card,cancelled,India,English,14,16,19,8,False,good,2,3,recent,11,True,no
3212,Male,Single,True,9,on,basic,6,12,positive,card,cancelled,India,English,33,4,25,6,True,good,3,1,very_old,6,True,no
3213,Male,Single,True,7,on,gold,8,11,negative,paypal,expired,US,Telugu,29,9,26,1,True,poor,6,9,old,19,True,yes
3214,Male,Single,True,10,on,premium,9,3,neutral,upi,active,Germany,Telugu,30,20,111,8,False,better,3,6,recent,6,True,no
3215,Female,Single,False,7,off,basic,2,18,negative,upi,active,India,Hindi,36,3,30,4,False,poor,14,5,recent,0,True,no
3216,Female,Single,False,8,on,basic,2,4,negative,paypal,expired,UK,English,45,13,70,9,False,better,17,0,recent,20,False,yes
3217,Female,Married,False,2,on,premium,1,5,positive,upi,cancelled,Germany,Hindi,39,11,152,3,True,poor,3,7,recent,4,True,yes
3218,Female,Single,True,7,off,gold,4,8,positive,paypal,cancelled,US,Telugu,40,18,33,9,True,poor,1,8,recent,12,True,yes
3219,Female,Single,True,10,off,basic,3,2,negative,paypal,cancelled,Germany,Telugu,42,14,87,2,False,good,12,3,very_old,6,True,yes
3220,Male,Single,True,3,off,premium,4,2,neutral,card,active,UK,Hindi,1,7,66,3,False,good,16,9,very_old,14,True,no
3221,Male,Married,True,8,off,basic,7,3,negative,upi,active,India,Hindi,34,10,132,10,False,good,9,8,old,13,False,no
3222,Female,Single,False,7,on,premium,8,7,negative,card,active,UK,Telugu,41,5,137,7,False,poor,1,0,very_old,16,True,no
3223,Female,Married,True,5,on,premium,5,11,neutral,upi,expired,India,Hindi,33,16,114,5,False,poor,20,6,old,11,False,no
3224,Female,Married,True,3,off,basic,2,7,neutral,upi,active,UK,English,20,0,135,8,False,poor,11,8,recent,8,True,no
3225,Female,Single,True,10,off,premium,2,11,negative,card,cancelled,UK,English,43,0,112,2,True,poor,8,8,old,15,True,yes
3226,Male,Married,True,10,off,gold,6,18,neutral,card,expired,Germany,Telugu,14,25,172,5,False,poor,15,3,old,18,True,yes
3227,Female,Single,False,9,off,premium,9,2,positive,paypal,expired,US,Hindi,1,0,34,9,True,better,15,0,very_old,7,False,no
3228,Female,Single,False,3,off,premium,5,5,negative,upi,cancelled,India,English,19,9,65,6,True,good,13,10,very_old,16,False,yes
3229,Male,Married,True,10,on,gold,10,17,positive,card,expired,US,English,16,7,57,7,True,better,4,1,recent,14,True,yes
3230,Male,Single,False,6,on,basic,10,3,positive,paypal,active,India,Hindi,5,16,70,10,False,good,15,10,very_old,16,True,no
3231,Male,Married,True,2,off,gold,3,1,negative,upi,active,Germany,Telugu,11,22,98,9,False,better,18,8,old,9,False,no
3232,Male,Married,False,1,on,gold,4,8,positive,upi,active,UK,English,44,13,113,1,True,better,19,6,very_old,7,True,no
3233,Female,Single,True,10,off,premium,7,2,neutral,upi,active,Germany,English,28,14,53,7,True,good,8,8,old,14,True,no
3234,Female,Married,False,8,on,gold,9,2,neutral,upi,expired,India,Telugu,0,24,20,4,False,poor,19,3,very_old,10,False,no
3235,Female,Single,False,9,off,basic,6,11,positive,paypal,cancelled,UK,Hindi,33,12,25,3,False,good,13,0,recent,11,False,no
3236,Male,Married,True,2,on,gold,10,14,neutral,card,expired,UK,English,45,25,79,3,False,good,3,7,old,3,True,yes
3237,Male,Single,False,5,off,gold,10,10,neutral,paypal,cancelled,Germany,Hindi,35,14,158,1,True,poor,12,4,very_old,20,True,yes
3238,Male,Married,True,4,on,basic,4,3,negative,paypal,expired,UK,English,35,1,90,10,False,poor,10,4,old,10,False,yes
3239,Male,Single,False,9,on,premium,3,2,neutral,card,active,US,Hindi,20,7,24,8,False,poor,1,10,recent,12,True,no
3240,Female,Single,True,9,on,premium,3,7,positive,card,active,Germany,Hindi,5,14,83,5,False,poor,11,5,very_old,6,True,no
3241,Male,Married,True,7,off,basic,8,17,positive,card,active,Germany,Telugu,36,6,94,2,True,good,7,8,recent,4,True,no
3242,Female,Single,True,3,off,gold,10,12,negative,upi,expired,UK,English,27,16,144,10,False,better,3,1,old,3,False,yes
3243,Female,Married,False,1,on,premium,7,11,negative,upi,expired,US,Telugu,49,8,172,6,True,better,1,6,recent,19,True,yes
3244,Female,Single,False,7,off,basic,10,16,negative,upi,expired,Germany,Telugu,38,15,181,1,False,poor,15,7,very_old,0,True,yes
3245,Female,Single,False,2,on,gold,6,19,neutral,card,cancelled,Germany,English,25,4,58,4,False,good,4,1,old,6,True,no
3246,Female,Single,True,2,off,gold,3,15,negative,paypal,expired,India,Telugu,15,15,112,9,True,better,4,8,very_old,8,True,yes
3247,Female,Single,False,5,off,basic,10,4,neutral,card,expired,US,English,0,20,157,5,False,good,11,4,very_old,13,True,yes
3248,Female,Single,True,5,on,basic,9,9,negative,paypal,expired,US,English,26,21,179,4,False,good,8,2,recent,18,False,yes
3249,Male,Single,False,5,on,gold,5,7,negative,upi,cancelled,India,Telugu,34,2,32,10,False,poor,11,4,very_old,11,True,yes
3250,Male,Married,True,6,on,premium,3,19,negative,paypal,active,India,Hindi,38,23,42,7,False,good,12,9,recent,8,False,yes
3251,Female,Married,True,4,off,gold,7,5,negative,paypal,cancelled,India,English,22,14,97,7,True,better,10,6,very_old,18,False,yes
3252,Male,Single,False,8,off,premium,9,9,neutral,upi,active,Germany,Telugu,37,21,46,4,False,better,6,10,recent,20,True,yes
3253,Male,Single,False,10,on,basic,8,17,neutral,card,cancelled,Germany,Telugu,26,0,41,4,False,poor,20,3,very_old,0,True,yes
3254,Female,Married,True,9,off,gold,4,20,positive,card,active,Germany,English,36,5,114,7,True,good,14,0,very_old,7,True,no
3255,Male,Single,True,7,on,gold,8,13,positive,card,cancelled,US,Telugu,24,20,113,9,False,good,3,0,very_old,14,True,yes
3256,Female,Married,True,7,off,premium,2,19,negative,upi,active,Germany,Hindi,17,5,54,1,False,better,18,7,recent,1,True,no
3257,Male,Married,False,5,on,gold,4,15,positive,paypal,expired,India,Telugu,44,11,68,6,False,poor,12,9,very_old,15,True,yes
3258,Female,Single,True,6,on,basic,3,9,negative,upi,expired,India,English,24,8,21,2,False,poor,10,8,very_old,9,False,yes
3259,Male,Married,True,1,off,basic,4,4,negative,paypal,cancelled,India,Telugu,45,5,37,8,True,better,6,6,old,0,False,yes
3260,Male,Married,True,4,off,gold,2,17,neutral,upi,expired,Germany,Telugu,23,23,123,4,False,poor,16,9,very_old,3,True,yes
3261,Female,Single,False,2,on,premium,8,15,neutral,paypal,expired,UK,Telugu,32,17,138,8,False,good,1,6,recent,15,True,yes
3262,Female,Married,False,7,on,premium,4,10,neutral,upi,cancelled,Germany,English,34,0,175,2,False,better,19,9,old,0,True,no
3263,Female,Married,False,8,off,premium,7,14,positive,upi,expired,Germany,Hindi,24,24,141,2,True,better,16,4,old,9,False,no
3264,Female,Single,True,9,off,gold,3,17,positive,paypal,expired,US,English,21,8,171,9,False,good,5,10,old,3,True,no
3265,Male,Single,False,6,off,basic,9,20,neutral,paypal,active,Germany,Hindi,4,17,96,8,True,poor,3,5,recent,13,False,no
3266,Female,Single,True,3,on,gold,3,20,negative,paypal,cancelled,India,Hindi,46,9,72,4,True,better,16,9,recent,1,True,yes
3267,Male,Single,True,7,off,basic,2,13,positive,paypal,expired,Germany,Hindi,22,4,155,8,False,better,3,9,recent,20,True,no
3268,Female,Single,True,6,on,gold,6,13,positive,paypal,cancelled,Germany,English,12,25,124,1,True,good,12,0,old,15,True,yes
3269,Male,Single,False,8,on,gold,1,1,positive,card,expired,US,Telugu,23,24,130,4,True,poor,12,10,old,1,False,no
3270,Male,Single,False,3,off,gold,7,5,neutral,upi,expired,India,Hindi,16,18,123,10,False,poor,3,3,old,5,False,no
3271,Male,Single,True,4,on,premium,2,5,positive,upi,expired,UK,Hindi,31,21,136,3,True,better,3,4,old,6,False,no
3272,Female,Single,True,2,off,premium,10,16,neutral,upi,active,US,Telugu,5,2,158,2,False,good,17,9,very_old,12,False,no
3273,Male,Single,True,1,off,basic,5,18,negative,upi,cancelled,UK,English,42,0,109,7,True,better,7,8,recent,14,True,yes
3274,Female,Single,True,1,on,gold,7,16,neutral,paypal,expired,India,English,17,16,195,5,True,poor,6,0,recent,9,False,no
3275,Male,Married,False,2,on,basic,5,14,neutral,card,cancelled,UK,English,2,15,200,10,True,poor,19,6,very_old,8,False,no
3276,Male,Married,True,10,on,premium,8,19,neutral,upi,active,US,Telugu,41,9,33,7,False,poor,7,5,very_old,19,True,no
3277,Female,Single,False,2,off,premium,2,8,negative,card,active,India,Telugu,46,21,133,2,True,poor,12,7,very_old,9,True,no
3278,Male,Single,False,5,on,premium,7,3,neutral,upi,cancelled,Germany,Telugu,13,10,21,5,True,poor,1,3,recent,11,False,no
3279,Male,Married,True,8,on,premium,7,1,negative,paypal,active,India,Telugu,30,5,192,9,True,better,18,2,old,11,True,yes
3280,Male,Married,False,1,on,basic,8,10,positive,upi,active,US,Hindi,44,24,195,10,True,poor,15,5,very_old,10,False,no
3281,Female,Married,False,10,off,gold,6,10,negative,upi,expired,US,Hindi,24,17,109,8,True,good,20,10,recent,9,True,yes
3282,Female,Married,True,10,on,basic,9,0,neutral,upi,cancelled,US,Hindi,35,3,112,6,True,better,12,9,very_old,10,False,yes
3283,Male,Single,True,6,on,premium,4,10,neutral,paypal,cancelled,US,Telugu,33,0,158,3,False,poor,14,2,very_old,6,False,no
3284,Male,Single,False,10,on,gold,6,0,negative,upi,expired,US,Telugu,11,8,147,6,False,better,10,3,very_old,6,True,no
3285,Male,Single,True,8,on,basic,8,15,neutral,paypal,expired,India,English,34,22,95,4,False,good,6,8,very_old,15,True,no
3286,Female,Single,True,1,off,gold,9,2,positive,upi,active,India,Telugu,0,6,199,8,True,good,15,4,very_old,2,False,no
3287,Male,Married,True,1,off,gold,4,2,neutral,upi,active,US,English,6,8,79,6,True,better,10,2,recent,7,False,no
3288,Female,Single,False,8,on,basic,5,18,negative,paypal,expired,UK,Telugu,44,19,23,10,False,better,2,7,old,19,False,yes
3289,Male,Single,True,2,off,gold,1,9,positive,paypal,cancelled,India,English,34,13,109,1,True,poor,12,2,old,14,False,yes
3290,Female,Married,False,5,off,premium,9,18,negative,card,cancelled,US,English,7,21,129,9,False,good,2,7,old,19,False,yes
3291,Female,Married,False,10,on,gold,6,1,positive,card,active,India,Telugu,28,3,90,5,True,poor,10,3,very_old,10,True,no
3292,Female,Married,False,10,off,premium,9,6,negative,upi,active,Germany,Hindi,21,14,184,9,False,poor,15,2,recent,11,True,no
3293,Male,Married,False,1,on,gold,6,19,negative,paypal,expired,US,Telugu,23,17,55,8,True,better,16,10,very_old,16,True,yes
3294,Male,Married,False,3,off,gold,2,1,positive,paypal,active,India,Hindi,8,17,129,2,True,poor,18,2,recent,0,True,no
3295,Male,Married,True,10,on,premium,1,14,positive,card,active,US,English,21,21,94,6,False,better,19,2,old,15,True,no
3296,Female,Single,False,5,on,gold,7,12,negative,card,expired,India,Hindi,15,24,124,3,False,better,10,10,very_old,7,True,no
3297,Male,Single,False,4,on,gold,1,20,negative,card,expired,India,Telugu,38,6,24,1,True,poor,16,10,old,15,True,yes
3298,Male,Married,False,7,off,gold,9,16,positive,card,cancelled,US,English,39,22,47,7,False,good,10,8,very_old,18,False,yes
3299,Female,Married,True,9,on,gold,5,0,neutral,card,expired,US,English,4,23,101,6,False,good,17,0,recent,17,False,yes
3300,Male,Single,False,2,on,gold,10,20,negative,upi,active,US,Hindi,5,2,151,3,True,good,18,10,recent,6,False,no
3301,Male,Married,True,1,off,premium,1,7,negative,card,active,US,English,6,4,150,3,False,better,20,3,very_old,13,False,yes
3302,Female,Single,False,10,on,basic,9,2,positive,card,active,India,English,35,2,78,10,True,good,3,5,very_old,1,False,no
3303,Female,Married,False,4,off,premium,5,11,negative,upi,cancelled,UK,English,32,13,36,2,False,better,1,6,old,14,True,yes
3304,Female,Married,False,9,off,basic,10,18,neutral,card,active,Germany,Telugu,19,0,62,9,False,better,2,4,old,5,True,no
3305,Male,Single,True,5,off,premium,1,1,positive,paypal,expired,US,Hindi,46,0,125,8,False,good,20,6,recent,12,False,no
3306,Female,Married,True,10,off,premium,3,19,neutral,paypal,expired,Germany,Hindi,38,3,134,1,True,poor,15,9,very_old,20,True,yes
3307,Female,Single,False,7,on,basic,10,8,negative,card,expired,India,Hindi,33,25,111,7,False,better,12,0,old,6,True,yes
3308,Female,Single,True,6,on,premium,9,18,positive,upi,cancelled,Germany,Hindi,29,0,179,1,True,poor,13,2,recent,13,False,no
3309,Female,Married,False,8,on,premium,9,18,neutral,upi,expired,India,Hindi,40,9,174,5,True,poor,13,7,very_old,5,False,yes
3310,Male,Single,True,10,off,basic,4,0,negative,paypal,expired,UK,English,8,24,145,1,False,poor,19,2,very_old,10,False,yes
3311,Male,Single,False,1,off,basic,8,15,negative,upi,active,US,Hindi,50,9,101,9,False,poor,14,1,old,10,True,no
3312,Male,Single,True,9,off,premium,1,14,negative,card,expired,UK,English,47,13,112,5,True,poor,3,10,recent,19,True,yes
3313,Male,Single,True,9,on,basic,10,0,negative,paypal,cancelled,US,English,23,13,64,5,False,better,14,10,very_old,18,False,no
3314,Female,Married,True,3,off,gold,6,0,positive,card,cancelled,UK,Hindi,1,18,90,8,False,poor,8,4,recent,12,True,no
3315,Female,Single,True,5,on,premium,5,3,positive,paypal,expired,India,Hindi,33,3,192,2,True,poor,1,3,old,13,True,yes
3316,Female,Single,True,2,off,basic,6,15,negative,upi,cancelled,US,English,21,14,111,7,True,poor,5,9,very_old,14,True,yes
3317,Female,Single,True,8,off,gold,8,0,positive,paypal,active,UK,Telugu,16,3,116,1,True,better,7,8,old,2,False,no
3318,Female,Married,True,9,on,gold,4,1,neutral,paypal,expired,Germany,English,20,16,48,3,False,good,15,4,very_old,14,False,no
3319,Male,Single,True,4,on,premium,6,13,negative,card,expired,Germany,English,27,16,175,1,False,better,13,5,very_old,4,True,yes
3320,Female,Single,True,7,on,gold,10,2,neutral,paypal,cancelled,India,Hindi,2,18,41,4,False,better,8,10,old,13,True,no
3321,Male,Married,True,9,off,gold,10,4,positive,upi,expired,Germany,Telugu,29,6,197,7,True,good,12,9,very_old,11,True,no
3322,Male,Married,True,10,on,basic,6,11,negative,paypal,expired,Germany,English,8,0,124,9,False,better,6,8,recent,1,True,yes
3323,Male,Married,False,7,on,premium,2,19,positive,paypal,cancelled,UK,English,16,20,59,6,True,better,20,0,old,7,False,yes
3324,Male,Single,True,9,on,basic,9,5,positive,card,active,UK,Telugu,34,21,125,10,True,good,12,2,recent,4,False,no
3325,Male,Married,True,5,off,premium,10,14,positive,upi,cancelled,India,English,21,7,66,6,True,better,7,1,old,20,False,no
3326,Female,Married,False,7,on,premium,2,7,neutral,paypal,expired,Germany,English,20,5,37,10,True,poor,2,3,very_old,15,True,no
3327,Male,Married,True,4,on,premium,2,2,neutral,card,cancelled,Germany,English,6,4,87,4,True,poor,1,1,old,7,False,no
3328,Male,Single,True,1,on,basic,8,1,neutral,upi,expired,US,English,2,5,198,8,True,better,20,9,old,8,False,no
3329,Female,Married,False,8,off,gold,8,16,positive,upi,expired,UK,Hindi,46,10,146,2,False,better,10,8,recent,0,True,yes
3330,Female,Single,False,10,off,premium,6,16,positive,paypal,active,US,Telugu,34,20,186,7,False,poor,14,5,old,3,True,no
3331,Male,Single,True,2,off,gold,6,17,negative,paypal,active,US,Hindi,14,2,74,3,True,better,5,10,old,6,False,no
3332,Male,Married,True,10,off,basic,6,4,negative,upi,active,US,Hindi,24,17,143,6,False,better,10,1,recent,9,False,no
3333,Female,Married,False,4,off,premium,4,20,negative,paypal,expired,UK,Hindi,6,22,110,10,True,poor,3,8,recent,1,True,yes
3334,Female,Married,False,2,off,premium,2,17,positive,paypal,cancelled,India,Telugu,12,8,66,4,True,better,6,9,very_old,17,True,no
3335,Male,Married,False,8,off,gold,1,18,negative,upi,cancelled,US,English,10,7,78,6,False,poor,19,5,very_old,16,True,no
3336,Male,Single,True,5,off,gold,2,20,positive,paypal,active,Germany,Hindi,29,2,76,6,True,good,3,10,recent,0,False,no
3337,Male,Single,True,9,on,basic,6,14,negative,upi,cancelled,UK,Telugu,44,16,145,8,False,better,1,5,very_old,17,False,yes
3338,Female,Single,True,8,off,gold,8,20,negative,card,active,India,Hindi,29,23,14,4,False,good,6,4,recent,0,True,no
3339,Male,Married,False,2,off,premium,1,11,neutral,upi,active,India,Telugu,26,11,168,6,False,better,2,8,recent,8,False,no
3340,Female,Married,True,6,off,premium,9,13,positive,card,expired,US,Hindi,39,0,137,5,True,good,8,8,old,4,True,yes
3341,Male,Single,True,6,on,premium,9,2,neutral,paypal,expired,India,Telugu,25,4,53,8,False,better,16,3,old,14,False,no
3342,Male,Married,False,10,on,gold,8,14,positive,card,active,Germany,English,10,25,36,8,False,better,12,2,old,0,False,no
3343,Male,Married,False,10,off,premium,3,18,neutral,upi,cancelled,US,Hindi,7,5,41,10,False,poor,13,1,old,9,True,no
3344,Male,Single,False,2,off,gold,6,12,neutral,paypal,expired,India,Telugu,11,9,125,9,True,poor,15,10,old,14,True,yes
3345,Male,Single,True,1,on,gold,5,19,neutral,card,active,UK,Telugu,41,6,43,6,False,poor,18,7,recent,14,False,no
3346,Male,Single,False,8,on,gold,10,9,neutral,upi,cancelled,Germany,Telugu,41,22,134,7,False,good,1,10,old,0,True,no
3347,Female,Single,True,7,on,gold,9,19,neutral,upi,cancelled,Germany,Hindi,49,17,44,1,False,poor,9,10,old,5,False,yes
3348,Male,Single,True,3,on,premium,4,16,positive,upi,expired,US,English,30,16,103,4,False,poor,11,3,old,2,True,no
3349,Male,Single,True,5,on,gold,10,11,neutral,upi,active,UK,English,10,25,198,7,False,good,12,0,very_old,11,False,no
3350,Male,Married,True,2,on,gold,1,2,negative,upi,active,UK,Telugu,36,14,175,7,True,better,7,0,old,2,True,no
3351,Male,Married,False,9,off,premium,7,10,neutral,card,expired,India,Hindi,43,9,55,2,True,good,4,7,recent,19,False,yes
3352,Male,Married,True,7,on,gold,6,7,negative,paypal,expired,Germany,Telugu,41,25,68,10,True,good,17,8,recent,18,False,yes
3353,Female,Married,True,1,off,gold,6,9,neutral,card,cancelled,Germany,English,33,19,15,7,True,poor,13,3,old,17,True,yes
3354,Male,Married,True,5,on,premium,10,10,neutral,card,cancelled,Germany,English,20,18,149,3,True,poor,13,7,old,7,True,yes
3355,Female,Single,True,9,off,basic,3,9,negative,paypal,cancelled,Germany,Hindi,28,20,165,10,False,poor,18,8,very_old,9,False,yes
3356,Male,Single,True,3,on,basic,2,19,negative,paypal,expired,Germany,Telugu,36,24,119,10,True,poor,12,5,very_old,7,True,yes
3357,Male,Married,True,5,on,gold,7,14,negative,card,active,US,English,40,21,36,6,True,poor,19,2,recent,11,False,yes
3358,Male,Single,False,7,on,premium,9,14,neutral,card,expired,India,English,49,6,77,3,False,poor,16,0,recent,11,False,no
3359,Female,Married,True,4,off,premium,9,2,positive,card,active,Germany,Hindi,17,7,22,10,True,good,10,1,old,16,False,no
3360,Female,Married,True,10,on,premium,1,14,positive,upi,active,UK,Hindi,44,5,170,2,True,better,18,2,very_old,16,True,no
3361,Male,Married,True,9,off,gold,4,16,neutral,card,active,India,English,6,9,135,6,False,poor,6,3,recent,12,False,no
3362,Male,Married,False,5,on,basic,3,10,positive,card,active,Germany,Telugu,48,25,110,5,True,better,13,6,recent,17,True,no
3363,Male,Married,False,7,on,basic,4,17,neutral,upi,cancelled,India,Hindi,10,24,178,2,True,poor,2,0,very_old,20,True,yes
3364,Female,Married,False,8,off,premium,3,3,neutral,upi,active,UK,English,46,7,114,3,False,good,4,6,recent,14,False,yes
3365,Male,Single,False,7,off,gold,5,17,negative,paypal,active,Germany,Hindi,33,18,94,3,True,good,19,2,very_old,17,True,no
3366,Male,Single,True,7,off,premium,4,13,positive,card,expired,India,English,24,24,50,2,False,good,13,5,recent,13,False,no
3367,Male,Married,True,10,on,gold,5,18,negative,paypal,active,US,Telugu,6,11,85,4,False,better,13,1,old,10,False,no
3368,Male,Single,False,4,off,premium,9,8,positive,card,cancelled,India,Telugu,13,8,77,1,False,good,2,2,old,15,True,no
3369,Female,Married,False,10,on,premium,2,18,positive,paypal,expired,Germany,Telugu,17,2,144,3,True,good,4,6,recent,18,True,yes
3370,Male,Married,True,1,off,gold,2,14,neutral,paypal,cancelled,India,Hindi,26,19,25,6,True,better,20,5,very_old,9,True,yes
3371,Female,Married,True,7,off,gold,2,14,neutral,paypal,active,US,Hindi,27,0,167,7,False,better,13,10,old,7,True,no
3372,Female,Married,True,2,off,basic,9,13,neutral,paypal,expired,UK,English,36,13,53,6,True,poor,9,0,very_old,20,False,yes
3373,Male,Single,True,8,off,premium,3,3,positive,card,active,UK,Telugu,34,6,155,1,True,good,17,8,old,19,True,no
3374,Male,Married,True,2,on,basic,4,8,positive,paypal,expired,UK,Hindi,26,10,76,7,True,poor,14,9,recent,12,True,no
3375,Male,Married,True,10,off,premium,7,0,positive,upi,cancelled,US,English,0,17,98,5,True,poor,9,0,old,19,False,no
3376,Female,Single,True,6,on,gold,4,7,positive,paypal,expired,Germany,Telugu,32,8,130,8,True,better,15,7,very_old,10,True,no
3377,Female,Married,False,10,on,basic,7,16,negative,paypal,cancelled,India,English,45,8,84,1,False,better,15,8,old,6,True,yes
3378,Male,Married,False,3,on,premium,8,8,positive,upi,active,US,Hindi,29,19,34,9,True,better,3,8,very_old,11,False,no
3379,Male,Married,False,9,on,basic,5,15,negative,card,expired,Germany,Hindi,40,18,36,9,False,better,17,7,very_old,3,False,no
3380,Male,Single,False,9,on,premium,5,9,negative,upi,expired,US,English,12,21,149,1,False,better,13,3,recent,0,False,yes
3381,Male,Married,True,8,on,gold,10,2,neutral,card,expired,US,English,34,14,67,3,False,poor,4,8,very_old,0,False,yes
3382,Female,Single,False,5,off,basic,10,7,neutral,paypal,cancelled,US,Telugu,17,6,142,2,False,good,13,3,recent,19,False,yes
3383,Male,Single,True,8,off,gold,8,1,negative,card,cancelled,India,Telugu,45,10,177,2,True,poor,8,2,old,14,False,yes
3384,Female,Married,True,10,on,gold,4,12,negative,paypal,expired,UK,Hindi,24,13,162,9,True,poor,12,5,old,9,False,yes
3385,Female,Married,False,6,off,premium,4,10,negative,card,active,India,Hindi,33,1,189,9,True,good,12,4,old,19,True,yes
3386,Female,Married,True,1,on,basic,2,18,positive,card,cancelled,India,Telugu,8,21,159,10,False,good,18,9,very_old,16,False,no
3387,Female,Married,False,9,on,basic,5,20,neutral,paypal,expired,India,English,5,15,16,2,False,better,13,7,very_old,10,False,yes
3388,Male,Single,False,5,on,gold,8,1,neutral,upi,cancelled,UK,English,1,20,42,10,True,better,16,2,very_old,7,True,no
3389,Male,Married,False,10,on,premium,9,10,negative,paypal,cancelled,US,English,25,16,173,4,True,poor,19,0,very_old,20,False,yes
3390,Male,Single,False,8,off,premium,8,15,positive,card,cancelled,India,English,5,9,63,8,False,better,9,3,recent,3,False,no
3391,Female,Single,True,2,off,basic,3,1,negative,upi,cancelled,Germany,Telugu,5,8,119,9,True,better,3,0,recent,4,False,yes
3392,Male,Married,True,1,off,gold,4,7,neutral,paypal,expired,Germany,English,16,6,125,7,False,better,9,3,old,6,True,no
3393,Female,Single,True,5,off,premium,3,20,positive,upi,expired,India,English,32,7,152,8,False,poor,11,8,old,17,True,yes
3394,Female,Single,True,6,on,premium,6,13,positive,upi,cancelled,India,Telugu,25,22,29,5,True,good,6,1,old,18,False,yes
3395,Male,Married,True,10,off,basic,10,19,positive,card,cancelled,Germany,Telugu,47,18,194,5,True,poor,19,1,recent,15,True,yes
3396,Male,Married,True,5,on,basic,7,6,neutral,card,active,US,Hindi,43,19,162,1,False,poor,8,5,very_old,15,True,no
3397,Female,Single,True,4,on,basic,8,5,negative,card,cancelled,US,Telugu,8,9,110,3,False,good,14,2,recent,6,True,yes
3398,Male,Single,True,5,off,gold,9,4,neutral,paypal,active,India,Telugu,27,7,75,9,True,poor,7,3,very_old,4,True,no
3399,Male,Married,True,9,on,basic,1,12,neutral,card,active,US,Telugu,43,22,179,7,False,better,6,10,old,18,False,yes
3400,Male,Married,False,1,off,gold,4,8,negative,paypal,active,Germany,Hindi,2,23,84,9,False,good,12,9,old,9,True,no
3401,Male,Married,True,7,off,gold,10,2,negative,card,expired,Germany,Hindi,30,22,188,3,True,better,5,0,very_old,10,True,yes
3402,Male,Single,True,8,off,gold,6,14,negative,paypal,cancelled,US,English,20,21,108,7,True,better,2,10,recent,7,True,yes
3403,Female,Married,True,7,on,gold,5,5,negative,paypal,cancelled,Germany,Hindi,37,1,28,6,True,better,6,5,very_old,0,False,no
3404,Male,Married,True,9,off,premium,10,12,positive,paypal,expired,UK,Hindi,49,5,76,4,True,poor,1,7,recent,13,False,yes
3405,Male,Married,False,3,off,gold,4,11,neutral,paypal,expired,Germany,Hindi,47,0,135,8,False,poor,19,10,recent,3,False,yes
3406,Male,Single,False,8,on,premium,6,17,positive,upi,active,Germany,Telugu,20,7,117,7,False,good,12,10,old,16,True,no
3407,Male,Married,True,2,off,basic,1,9,negative,card,active,Germany,Hindi,18,4,152,5,False,poor,17,2,recent,11,True,no
3408,Female,Single,True,7,on,premium,3,14,neutral,paypal,active,US,Telugu,43,21,103,3,True,good,1,2,very_old,15,False,no
3409,Female,Married,False,4,off,premium,1,3,neutral,upi,cancelled,UK,Telugu,42,12,144,3,False,good,14,7,old,3,True,yes
3410,Female,Single,True,9,on,basic,1,8,negative,paypal,active,India,Hindi,37,25,42,2,True,poor,4,6,old,0,False,yes
3411,Male,Single,False,10,on,gold,3,7,positive,upi,active,India,Telugu,9,25,43,5,True,good,16,9,old,8,True,no
3412,Male,Single,True,10,on,basic,1,8,neutral,upi,cancelled,Germany,English,30,0,82,8,False,poor,6,10,recent,8,False,yes
3413,Female,Single,True,5,on,premium,9,15,positive,card,expired,India,English,50,20,145,5,False,better,1,0,old,15,True,yes
3414,Male,Single,True,5,on,basic,6,16,negative,paypal,expired,US,English,36,20,78,7,False,poor,3,7,recent,7,True,yes
3415,Female,Married,True,2,on,premium,6,13,neutral,upi,active,India,English,15,21,11,3,True,poor,10,2,very_old,8,False,no
3416,Male,Married,True,10,off,gold,6,4,negative,upi,expired,US,English,46,5,64,3,False,better,5,7,recent,18,True,yes
3417,Female,Married,True,3,on,basic,8,0,positive,paypal,active,India,English,21,16,50,7,True,better,9,6,very_old,17,True,no
3418,Male,Single,True,8,off,premium,5,6,positive,card,active,UK,Telugu,32,18,84,7,False,poor,17,0,old,19,True,no
3419,Female,Single,True,8,on,basic,3,2,positive,upi,active,US,English,27,15,130,7,False,better,7,10,recent,12,True,no
3420,Female,Single,True,5,off,premium,1,0,negative,card,active,India,English,0,3,135,3,True,good,11,10,old,8,True,no
3421,Male,Single,True,2,off,premium,2,18,positive,paypal,cancelled,Germany,Telugu,44,1,192,6,True,poor,11,7,recent,8,False,yes
3422,Female,Single,True,3,off,premium,7,3,positive,upi,expired,Germany,Telugu,29,17,31,3,False,good,17,4,old,15,False,yes
3423,Female,Single,True,8,off,premium,7,5,positive,paypal,active,India,English,49,25,23,10,True,good,17,1,old,19,True,no
3424,Male,Single,True,8,on,basic,3,20,negative,card,cancelled,US,English,27,4,101,7,True,better,16,4,very_old,17,False,yes
3425,Female,Married,False,9,on,basic,6,8,neutral,upi,expired,India,English,3,3,157,10,False,good,7,0,old,16,False,yes
3426,Male,Married,True,10,on,premium,5,16,negative,paypal,active,US,Hindi,30,7,45,4,False,better,20,8,old,1,True,no
3427,Female,Single,True,6,off,basic,1,14,negative,paypal,cancelled,India,Telugu,28,20,72,7,False,better,8,0,recent,12,False,yes
3428,Male,Single,False,8,on,gold,9,20,positive,upi,active,Germany,English,12,0,159,2,False,better,14,4,very_old,18,True,no
3429,Female,Single,True,10,on,premium,6,6,negative,paypal,expired,Germany,Telugu,19,19,78,9,False,poor,12,3,recent,16,True,yes
3430,Female,Single,False,4,off,premium,10,3,neutral,paypal,expired,Germany,Telugu,46,2,183,5,False,better,2,5,recent,5,True,yes
3431,Female,Single,False,1,on,gold,2,17,positive,upi,active,India,Hindi,24,1,83,10,False,better,2,0,very_old,16,False,yes
3432,Male,Single,False,10,on,premium,10,10,neutral,upi,expired,India,Hindi,4,20,103,8,False,better,8,2,recent,8,False,no
3433,Male,Married,True,2,off,gold,2,3,positive,upi,expired,UK,English,8,23,149,10,True,poor,4,6,recent,9,True,yes
3434,Female,Married,False,6,on,gold,8,6,neutral,card,expired,Germany,Telugu,32,25,176,9,False,better,19,5,old,5,False,no
3435,Female,Married,True,6,off,gold,3,17,neutral,upi,active,India,Hindi,43,25,196,9,True,good,1,4,old,1,False,no
3436,Male,Single,True,7,off,premium,1,11,negative,card,expired,UK,Hindi,35,18,144,6,False,good,3,8,old,17,True,yes
3437,Female,Married,True,9,off,basic,5,19,neutral,card,cancelled,US,Telugu,6,25,165,4,False,poor,9,1,old,10,True,yes
3438,Female,Married,False,8,on,gold,3,15,positive,upi,active,US,Telugu,30,5,38,10,False,good,16,8,recent,15,True,no
3439,Female,Married,False,5,on,gold,9,13,neutral,upi,cancelled,US,Hindi,12,20,121,1,False,better,10,2,very_old,6,True,no
3440,Female,Married,True,10,off,premium,5,17,positive,paypal,active,US,English,4,15,21,9,False,poor,11,9,recent,1,False,no
3441,Female,Single,False,2,on,premium,8,17,positive,upi,cancelled,US,Hindi,47,17,37,5,False,poor,10,7,recent,11,True,no
3442,Male,Married,True,9,off,gold,4,0,negative,upi,expired,Germany,Hindi,32,15,122,8,True,better,15,5,old,17,False,yes
3443,Female,Married,True,3,off,gold,1,14,negative,card,active,India,Hindi,10,19,26,9,False,better,11,9,recent,2,True,no
3444,Male,Single,False,9,off,gold,5,4,negative,upi,expired,Germany,English,32,16,143,1,False,poor,12,10,very_old,6,True,no
3445,Male,Married,True,1,off,gold,6,6,negative,card,cancelled,India,Hindi,28,1,54,6,True,better,8,3,recent,9,False,yes
3446,Male,Married,False,1,on,basic,9,0,neutral,upi,cancelled,UK,Telugu,39,23,195,4,True,better,11,10,old,0,False,yes
3447,Male,Married,True,2,on,gold,2,0,neutral,card,expired,Germany,Hindi,39,22,37,3,False,better,18,1,old,6,False,yes
3448,Male,Married,False,6,off,premium,3,10,negative,paypal,active,US,Telugu,39,25,63,7,True,poor,9,6,old,8,False,yes
3449,Female,Single,False,2,off,gold,9,3,neutral,paypal,cancelled,Germany,English,49,12,103,2,False,good,4,9,recent,12,False,yes
3450,Male,Married,False,6,off,gold,3,8,negative,upi,active,Germany,Telugu,43,8,125,9,False,poor,9,4,old,0,False,no
3451,Female,Married,False,2,off,basic,6,13,neutral,upi,active,UK,Telugu,32,21,168,9,False,better,17,2,very_old,19,False,no
3452,Female,Single,False,4,off,basic,10,8,positive,paypal,active,India,Hindi,36,6,135,8,False,poor,3,3,very_old,14,False,no
3453,Male,Single,False,1,off,gold,3,1,neutral,card,active,US,English,12,24,82,2,True,better,16,6,very_old,10,True,no
3454,Female,Single,False,3,on,premium,5,20,positive,upi,active,US,Hindi,35,19,64,7,True,good,8,9,old,3,True,no
3455,Female,Single,True,10,off,basic,9,8,neutral,paypal,active,UK,English,24,2,197,9,False,good,16,6,very_old,15,True,no
3456,Female,Single,True,6,off,premium,5,1,neutral,paypal,expired,US,English,32,8,181,4,False,poor,12,6,old,11,False,no
3457,Female,Single,False,2,on,premium,5,17,positive,upi,active,US,English,49,5,163,5,False,good,12,7,recent,11,True,no
3458,Male,Single,True,1,on,basic,5,16,neutral,upi,cancelled,India,English,15,15,51,6,True,poor,14,4,very_old,9,True,yes
3459,Male,Married,True,2,off,premium,8,0,neutral,upi,active,Germany,Hindi,24,20,62,10,False,good,6,7,old,16,True,yes
3460,Female,Married,True,7,on,gold,3,14,negative,upi,expired,UK,English,40,7,180,1,False,poor,16,4,recent,14,False,yes
3461,Female,Single,False,2,off,gold,1,14,neutral,card,cancelled,UK,English,39,4,170,2,True,good,4,10,old,11,True,yes
3462,Male,Married,True,9,on,gold,8,19,negative,card,active,UK,Telugu,43,10,156,9,False,good,13,0,recent,4,False,yes
3463,Male,Married,False,3,off,premium,8,13,negative,upi,cancelled,Germany,English,10,7,98,3,False,poor,14,7,old,19,False,yes
3464,Female,Single,False,2,on,premium,3,18,negative,paypal,expired,Germany,English,5,5,79,7,True,poor,1,6,old,1,True,no
3465,Male,Single,False,10,on,gold,1,16,negative,paypal,expired,US,English,19,12,127,4,False,good,3,3,recent,16,True,no
3466,Female,Married,False,4,off,basic,3,10,negative,paypal,cancelled,India,English,21,2,17,2,True,better,4,3,very_old,8,False,yes
3467,Male,Single,True,1,off,premium,7,12,negative,upi,expired,India,Hindi,45,16,194,5,False,poor,17,10,old,6,False,yes
3468,Male,Single,False,4,on,premium,4,10,neutral,upi,cancelled,India,English,0,24,58,6,True,poor,16,8,recent,0,True,no
3469,Male,Married,False,7,off,premium,3,10,positive,upi,expired,UK,English,14,6,26,5,False,poor,19,7,recent,9,True,no
3470,Female,Married,False,9,off,basic,8,8,positive,upi,cancelled,Germany,English,30,7,11,1,False,better,14,7,recent,12,False,yes
3471,Male,Married,False,4,on,premium,10,5,positive,card,cancelled,India,Hindi,20,11,190,3,True,better,8,1,very_old,20,False,yes
3472,Male,Married,False,2,off,basic,7,20,positive,upi,active,India,Telugu,39,19,111,3,False,good,7,0,old,11,False,yes
3473,Female,Single,True,5,on,premium,4,13,positive,upi,expired,India,Hindi,38,5,98,4,False,better,9,9,old,11,True,yes
3474,Male,Married,False,6,on,premium,10,4,neutral,card,expired,US,English,22,15,38,10,False,better,10,7,very_old,17,True,no
3475,Male,Married,False,1,off,basic,6,20,positive,upi,cancelled,Germany,Hindi,33,21,45,6,True,good,9,9,old,8,False,no
3476,Male,Single,True,2,on,gold,6,9,positive,upi,cancelled,Germany,English,45,16,16,5,False,good,9,10,very_old,9,True,no
3477,Female,Married,True,6,off,gold,5,5,positive,paypal,active,US,English,19,15,66,8,True,better,3,1,very_old,4,False,no
3478,Male,Single,True,1,off,basic,8,10,neutral,card,active,India,Telugu,3,20,21,6,True,better,15,1,very_old,3,False,no
3479,Male,Married,True,8,off,premium,4,10,positive,upi,cancelled,Germany,Hindi,6,25,38,7,False,good,3,2,recent,11,False,no
3480,Male,Single,True,8,on,gold,8,2,neutral,upi,expired,Germany,English,20,2,37,3,False,better,4,4,very_old,7,True,no
3481,Male,Single,True,1,on,basic,1,20,negative,paypal,active,US,Telugu,38,22,70,1,True,poor,16,2,recent,11,False,yes
3482,Male,Married,True,5,on,basic,8,1,neutral,upi,cancelled,Germany,Hindi,9,5,27,6,False,good,1,7,old,2,True,yes
3483,Female,Single,False,2,on,premium,1,0,negative,paypal,active,US,English,49,15,69,4,False,poor,16,2,very_old,8,True,yes
3484,Male,Married,True,10,on,premium,2,0,positive,card,cancelled,UK,Telugu,2,7,123,9,True,good,3,3,very_old,20,False,no
3485,Male,Single,True,5,on,basic,6,15,neutral,upi,cancelled,India,Telugu,1,12,25,1,False,better,5,10,recent,13,True,no
3486,Male,Married,True,3,off,basic,8,17,positive,card,active,Germany,English,28,22,102,3,True,poor,5,9,recent,5,False,no
3487,Male,Married,True,9,off,basic,2,4,positive,upi,expired,India,Hindi,27,9,197,1,True,good,11,10,very_old,6,True,no
3488,Female,Single,False,2,on,basic,2,13,positive,card,expired,UK,Hindi,30,4,96,10,True,good,4,3,recent,15,True,yes
3489,Male,Married,True,8,off,basic,10,10,positive,paypal,active,US,English,14,11,24,9,True,good,9,2,old,9,False,no
3490,Female,Single,True,7,off,basic,4,15,negative,card,cancelled,India,Hindi,35,15,161,2,False,good,13,2,old,4,True,yes
3491,Female,Married,False,4,off,premium,7,18,positive,paypal,expired,India,Hindi,2,2,88,1,False,poor,19,3,old,11,True,no
3492,Male,Married,True,7,on,basic,7,0,neutral,paypal,expired,UK,English,2,22,30,1,True,poor,11,5,recent,15,False,yes
3493,Female,Married,True,7,on,basic,9,14,positive,card,active,US,Hindi,33,3,139,8,True,good,20,3,recent,6,True,no
3494,Male,Married,False,7,off,basic,4,1,negative,card,cancelled,India,Telugu,27,21,174,4,False,poor,2,1,recent,16,False,yes
3495,Female,Single,True,2,off,gold,3,12,neutral,paypal,active,India,English,5,18,110,2,True,better,2,7,very_old,13,True,no
3496,Male,Married,True,5,off,basic,2,1,neutral,paypal,expired,UK,Hindi,21,0,44,5,True,better,18,1,recent,12,True,yes
3497,Female,Single,True,8,on,basic,5,10,negative,card,cancelled,India,Hindi,10,8,35,8,True,poor,19,10,very_old,19,True,yes
3498,Female,Single,False,10,on,premium,7,7,positive,card,cancelled,Germany,English,1,1,164,4,True,good,12,2,recent,16,True,no
3499,Male,Married,False,4,off,gold,10,15,neutral,paypal,expired,Germany,Telugu,5,21,49,5,False,good,8,9,recent,10,True,no
3500,Female,Married,False,8,on,gold,9,17,negative,card,expired,US,Hindi,41,6,60,9,True,better,3,0,very_old,5,True,yes
3501,Male,Single,True,9,off,basic,10,12,positive,card,expired,India,English,35,18,74,7,False,better,4,0,very_old,17,True,yes
3502,Male,Single,False,2,on,premium,4,3,neutral,card,active,Germany,English,21,22,128,3,False,good,5,4,very_old,3,True,no
3503,Female,Single,True,8,off,basic,1,5,positive,upi,active,India,Telugu,46,19,181,8,False,good,3,8,recent,5,True,no
3504,Female,Single,True,9,on,basic,10,12,positive,paypal,cancelled,Germany,Hindi,36,18,49,5,False,poor,20,0,recent,11,True,yes
3505,Male,Single,False,9,off,basic,4,3,neutral,upi,expired,US,Telugu,16,1,146,7,False,poor,6,8,very_old,13,False,yes
3506,Male,Married,False,2,off,premium,1,20,neutral,paypal,active,India,English,5,9,36,10,True,poor,8,10,old,5,False,no
3507,Male,Single,True,1,off,premium,7,8,negative,upi,active,UK,English,42,1,120,10,False,better,18,4,very_old,0,False,yes
3508,Female,Married,True,5,off,basic,2,0,negative,paypal,expired,Germany,Hindi,19,20,33,6,False,better,5,3,very_old,0,True,yes
3509,Male,Single,False,4,on,premium,9,9,positive,paypal,cancelled,India,Telugu,19,6,63,10,False,better,7,5,old,17,True,yes
3510,Male,Single,True,1,on,gold,1,14,positive,paypal,active,US,Hindi,2,6,47,6,True,good,9,0,old,16,False,no
3511,Male,Single,True,8,on,gold,2,15,positive,upi,active,US,Hindi,5,13,132,10,False,poor,5,3,old,17,False,no
3512,Female,Married,True,10,on,basic,3,9,positive,upi,cancelled,US,Telugu,28,19,145,1,True,poor,3,1,old,19,False,yes
3513,Male,Single,False,6,on,gold,1,12,negative,paypal,cancelled,US,Telugu,22,6,130,10,False,good,5,5,old,9,False,yes
3514,Female,Single,True,3,off,gold,6,10,negative,upi,cancelled,Germany,Hindi,13,2,40,3,False,poor,14,5,recent,12,False,no
3515,Female,Married,True,6,off,gold,2,13,negative,upi,active,US,Telugu,30,5,124,6,False,poor,11,8,very_old,14,False,no
3516,Female,Single,False,5,off,basic,6,9,negative,upi,expired,US,English,2,2,32,7,True,poor,18,4,very_old,10,False,yes
3517,Male,Single,True,8,on,premium,9,20,neutral,upi,cancelled,Germany,Hindi,12,9,116,8,False,better,11,8,old,10,False,yes
3518,Male,Married,True,3,off,basic,3,19,negative,paypal,expired,India,Telugu,8,3,32,8,False,better,7,2,very_old,13,False,yes
3519,Male,Married,True,7,off,gold,9,9,neutral,paypal,cancelled,UK,English,45,12,123,1,True,poor,13,6,old,0,False,no
3520,Male,Married,False,3,off,basic,6,15,neutral,upi,cancelled,Germany,Telugu,3,7,76,4,True,poor,18,0,old,19,True,no
3521,Female,Single,False,8,off,premium,1,13,positive,paypal,expired,UK,Telugu,35,1,152,4,True,better,16,4,very_old,2,True,no
3522,Female,Married,True,9,off,basic,2,14,neutral,upi,active,India,Telugu,31,21,30,1,True,good,4,10,very_old,10,True,no
3523,Female,Single,True,5,off,premium,1,13,neutral,card,cancelled,Germany,Telugu,39,8,161,3,False,better,3,2,old,4,False,yes
3524,Female,Single,False,2,off,basic,1,14,neutral,upi,active,US,Hindi,24,24,194,1,False,better,3,5,very_old,3,False,no
3525,Female,Married,True,2,on,basic,9,3,neutral,paypal,cancelled,US,English,3,12,141,1,False,good,17,3,old,11,False,no
3526,Male,Married,True,2,off,gold,10,1,positive,card,expired,Germany,Hindi,19,19,196,4,False,good,19,10,very_old,19,False,yes
3527,Female,Single,False,1,off,premium,3,12,positive,upi,expired,India,English,29,16,93,9,True,better,12,9,very_old,10,True,no
3528,Male,Single,True,4,on,basic,9,18,positive,card,active,US,English,9,6,167,9,True,good,17,2,old,2,False,no
3529,Male,Single,False,4,on,premium,8,12,neutral,card,cancelled,Germany,Telugu,32,6,138,10,True,better,18,9,recent,11,False,no
3530,Male,Single,True,4,on,gold,5,1,positive,upi,expired,US,English,37,20,95,6,False,better,9,7,old,5,True,yes
3531,Female,Married,True,4,on,gold,2,9,negative,card,expired,US,Hindi,8,7,57,3,False,poor,7,8,old,16,True,yes
3532,Female,Married,False,8,off,basic,5,0,positive,paypal,expired,India,Hindi,15,17,194,2,False,better,20,5,very_old,18,False,yes
3533,Female,Single,False,2,on,gold,2,0,neutral,paypal,cancelled,US,English,32,20,27,8,True,good,6,8,recent,13,False,no
3534,Male,Married,False,7,off,basic,3,0,negative,upi,active,UK,Telugu,26,13,55,8,False,good,19,9,recent,13,True,no
3535,Female,Married,True,5,off,premium,1,20,neutral,upi,expired,India,Telugu,1,21,172,4,True,good,7,7,recent,3,False,no
3536,Male,Single,True,6,on,basic,10,14,neutral,paypal,expired,US,Telugu,13,16,48,2,False,poor,13,9,very_old,19,True,yes
3537,Female,Single,False,1,off,basic,2,6,positive,upi,expired,India,Telugu,41,25,195,2,True,better,12,10,old,18,False,no
3538,Male,Married,True,7,on,basic,1,4,negative,card,active,UK,Telugu,42,7,29,2,False,poor,1,10,old,11,False,yes
3539,Male,Single,False,9,off,gold,9,7,negative,upi,cancelled,US,Telugu,42,14,154,1,False,better,17,6,old,7,False,yes
3540,Male,Single,True,6,off,premium,9,10,negative,card,active,Germany,Hindi,49,1,176,4,False,better,1,3,old,13,True,no
3541,Female,Married,False,6,on,premium,5,13,neutral,upi,cancelled,India,Hindi,30,15,136,4,False,good,1,5,very_old,17,False,yes
3542,Female,Married,False,8,on,premium,5,12,positive,card,expired,UK,English,30,5,78,7,False,better,5,0,very_old,1,True,no
3543,Female,Married,True,9,on,premium,4,18,negative,card,expired,UK,English,44,24,92,10,False,better,19,2,very_old,3,True,yes
3544,Female,Married,True,1,off,premium,5,10,negative,upi,cancelled,India,Telugu,14,10,184,8,True,better,14,7,recent,3,False,no
3545,Female,Married,True,9,on,gold,4,12,neutral,upi,expired,Germany,Telugu,49,14,100,3,False,good,2,6,old,12,True,yes
3546,Male,Single,False,8,on,premium,3,4,neutral,upi,expired,US,Telugu,27,4,36,1,True,better,11,7,recent,17,False,no
3547,Female,Single,False,2,off,gold,4,18,positive,paypal,cancelled,UK,Hindi,33,11,193,10,False,poor,15,2,recent,3,False,no
3548,Female,Married,True,2,off,basic,4,14,negative,card,cancelled,India,Hindi,15,10,70,1,False,better,18,3,old,8,False,no
3549,Female,Married,True,6,on,premium,2,17,negative,upi,active,US,English,19,1,87,6,True,poor,16,6,recent,12,False,yes
3550,Female,Married,True,10,off,basic,5,10,neutral,card,expired,India,English,9,5,199,7,False,good,12,0,very_old,10,True,yes
3551,Male,Married,True,6,off,basic,7,12,positive,card,active,Germany,Hindi,1,23,60,8,True,poor,4,1,old,4,False,no
3552,Male,Single,True,7,off,gold,10,8,positive,card,expired,UK,Telugu,7,19,56,8,False,poor,8,5,old,9,False,no
3553,Female,Single,True,8,on,premium,6,3,negative,paypal,expired,US,English,40,0,14,3,False,better,11,6,very_old,3,True,yes
3554,Male,Married,True,7,on,gold,7,14,negative,upi,expired,US,Hindi,32,11,101,2,True,better,12,9,very_old,10,False,yes
3555,Male,Married,True,2,on,basic,3,1,negative,upi,expired,US,Telugu,20,0,137,5,True,good,19,0,old,5,True,no
3556,Male,Single,True,7,on,premium,8,9,positive,card,active,India,English,38,9,26,3,True,poor,8,0,recent,17,False,no
3557,Female,Single,False,2,off,basic,7,18,negative,upi,active,UK,Telugu,24,22,111,7,True,poor,16,4,recent,2,False,no
3558,Male,Married,False,7,on,basic,1,17,positive,paypal,active,India,English,41,6,159,7,True,better,13,5,recent,7,True,no
3559,Female,Married,False,2,on,gold,9,15,positive,upi,active,UK,Hindi,49,19,200,5,True,better,20,0,old,0,True,no
3560,Female,Married,True,2,on,basic,1,9,neutral,upi,active,UK,Telugu,13,14,173,5,True,poor,15,2,recent,12,True,no
3561,Male,Married,True,4,off,basic,1,8,negative,card,cancelled,US,Hindi,21,12,78,8,True,better,17,2,recent,5,False,no
3562,Female,Single,False,10,off,premium,9,19,positive,card,expired,Germany,English,50,10,47,8,False,better,8,1,very_old,16,False,yes
3563,Male,Married,True,6,on,basic,1,6,negative,card,active,US,English,11,9,69,9,False,better,18,6,recent,18,False,yes
3564,Male,Married,False,8,on,basic,9,4,negative,upi,active,UK,Telugu,22,25,169,2,True,poor,6,1,recent,3,False,no
3565,Male,Married,False,1,on,basic,6,3,negative,paypal,cancelled,US,Hindi,36,9,68,1,True,poor,6,5,old,5,False,yes
3566,Female,Single,False,9,off,basic,4,1,positive,upi,expired,Germany,Hindi,0,7,198,1,False,poor,14,10,recent,14,False,yes
3567,Male,Married,False,9,on,basic,7,18,negative,paypal,active,US,Hindi,29,2,192,7,False,better,11,4,old,3,False,no
3568,Female,Married,True,7,off,basic,8,11,neutral,card,cancelled,India,English,49,15,185,3,True,better,16,4,recent,20,False,yes
3569,Female,Married,False,7,off,basic,2,7,neutral,paypal,cancelled,India,English,33,9,191,7,False,better,20,6,very_old,13,True,yes
3570,Male,Married,True,6,on,basic,6,7,negative,paypal,active,India,English,37,24,23,9,True,better,4,7,old,10,False,no
3571,Female,Single,True,1,off,gold,1,9,neutral,upi,cancelled,US,English,33,2,180,5,True,good,2,4,very_old,6,False,no
3572,Female,Single,True,4,off,basic,7,10,negative,card,active,India,Hindi,31,11,182,7,False,better,14,7,very_old,8,True,no
3573,Female,Married,True,8,on,basic,6,6,negative,card,active,Germany,English,8,7,33,10,False,good,3,10,recent,16,True,yes
3574,Male,Married,False,1,off,basic,1,19,negative,paypal,active,Germany,Telugu,34,2,135,1,True,poor,4,1,very_old,12,True,yes
3575,Male,Married,True,10,off,premium,1,5,positive,card,cancelled,UK,Telugu,16,13,190,2,True,poor,8,7,old,0,True,no
3576,Female,Single,False,6,off,premium,1,18,negative,upi,active,Germany,English,7,11,183,1,False,good,17,2,recent,16,False,no
3577,Male,Single,False,2,on,premium,10,18,neutral,card,cancelled,US,Hindi,40,11,140,3,True,better,2,0,very_old,0,True,no
3578,Male,Married,True,1,off,premium,1,1,neutral,upi,active,US,English,25,24,182,10,False,good,12,7,very_old,11,True,yes
3579,Female,Married,False,1,off,premium,7,18,positive,upi,cancelled,US,Telugu,20,9,150,3,False,poor,10,4,very_old,16,True,yes
3580,Female,Single,False,5,off,basic,3,1,positive,card,cancelled,US,Telugu,38,19,85,8,False,poor,6,2,old,9,True,yes
3581,Female,Married,False,3,off,gold,3,13,neutral,paypal,expired,UK,English,19,20,23,6,True,good,7,2,recent,3,True,no
3582,Male,Single,True,10,off,gold,6,10,positive,card,active,Germany,English,28,0,163,9,True,better,6,8,recent,13,True,no
3583,Male,Married,False,2,off,basic,6,14,positive,paypal,active,UK,Telugu,27,3,29,6,False,better,4,5,recent,6,True,no
3584,Female,Single,False,4,off,premium,6,6,neutral,paypal,active,UK,English,30,13,110,10,True,better,5,9,recent,2,False,no
3585,Female,Single,False,6,off,premium,6,19,neutral,upi,active,UK,Telugu,15,19,151,10,True,poor,19,8,recent,14,False,no
3586,Male,Married,False,1,off,basic,1,10,neutral,upi,cancelled,US,Hindi,5,10,140,10,True,good,17,10,very_old,15,True,no
3587,Female,Married,True,8,off,basic,6,8,negative,card,active,UK,Telugu,23,2,129,6,False,better,11,7,old,20,True,no
3588,Male,Single,False,6,on,gold,1,19,neutral,upi,expired,UK,Telugu,12,7,106,5,False,good,14,2,recent,12,True,yes
3589,Male,Married,True,3,off,basic,9,20,negative,paypal,expired,India,Telugu,49,10,15,3,True,good,13,9,very_old,6,False,yes
3590,Male,Married,True,2,on,basic,1,14,neutral,upi,active,UK,Hindi,33,16,81,3,False,better,6,0,old,13,True,no
3591,Male,Married,True,10,on,premium,3,12,neutral,card,expired,India,Hindi,46,14,114,9,True,poor,15,9,recent,13,True,no
3592,Male,Single,True,9,off,gold,4,6,neutral,upi,cancelled,India,Telugu,1,13,28,3,True,better,14,4,old,15,False,yes
3593,Female,Married,False,2,off,premium,4,20,negative,paypal,expired,US,English,29,15,167,3,False,good,10,10,recent,13,True,no
3594,Male,Married,False,6,off,gold,3,14,negative,upi,expired,US,Hindi,29,4,25,1,True,better,6,7,recent,1,True,no
3595,Male,Single,True,1,off,premium,1,7,neutral,card,expired,UK,English,4,11,160,4,False,poor,20,0,very_old,13,True,no
3596,Female,Married,True,1,on,premium,4,7,neutral,upi,cancelled,US,Hindi,39,20,45,4,True,better,19,9,old,5,True,yes
3597,Male,Single,True,10,on,gold,7,18,positive,paypal,expired,UK,English,46,18,48,9,True,better,8,0,recent,18,False,no
3598,Male,Married,True,9,on,basic,2,17,neutral,paypal,expired,Germany,Hindi,39,9,80,8,False,poor,6,2,old,8,False,yes
3599,Female,Single,True,10,off,premium,1,15,neutral,paypal,cancelled,Germany,English,10,19,105,2,True,good,4,3,old,3,True,no
3600,Female,Single,True,9,on,premium,8,12,neutral,upi,active,India,English,38,10,190,6,False,good,1,3,very_old,3,False,no
3601,Female,Married,False,8,on,basic,5,16,positive,upi,expired,India,Hindi,19,25,14,1,False,good,8,1,old,14,False,yes
3602,Male,Married,True,2,on,basic,6,6,positive,paypal,cancelled,UK,English,34,22,166,5,False,poor,13,6,old,1,False,no
3603,Female,Single,False,1,on,basic,2,4,negative,upi,active,India,Hindi,37,12,114,1,False,better,19,9,old,5,True,no
3604,Male,Single,True,4,off,gold,9,5,negative,upi,expired,UK,Telugu,6,0,128,9,False,good,7,0,very_old,16,True,yes
3605,Female,Single,False,5,on,gold,6,20,positive,card,active,US,Telugu,5,21,58,9,True,better,7,2,old,5,False,no
3606,Female,Single,True,7,on,premium,2,2,negative,card,cancelled,US,Telugu,23,23,37,9,False,poor,15,4,recent,10,True,yes
3607,Male,Single,True,7,on,basic,5,14,positive,card,cancelled,India,Hindi,22,25,92,10,False,better,14,2,old,20,False,yes
3608,Male,Married,False,5,off,gold,7,7,positive,card,expired,US,Hindi,41,6,94,5,True,better,18,5,recent,19,False,yes
3609,Male,Single,True,6,on,basic,2,18,positive,upi,cancelled,Germany,English,10,5,101,3,False,better,20,1,recent,3,False,yes
3610,Female,Single,True,6,off,basic,9,2,positive,upi,expired,UK,Telugu,49,13,108,10,False,better,3,10,recent,13,True,yes
3611,Female,Married,True,5,off,gold,5,10,neutral,card,cancelled,India,English,17,15,64,2,True,good,16,3,old,11,False,no
3612,Male,Single,True,2,off,premium,10,6,neutral,upi,expired,India,Hindi,22,4,149,1,False,poor,10,5,recent,14,True,yes
3613,Female,Married,True,7,on,premium,4,16,positive,paypal,active,UK,Telugu,11,12,63,5,True,good,19,3,very_old,11,False,no
3614,Female,Married,True,2,off,gold,10,17,negative,card,expired,UK,Hindi,22,15,140,9,True,good,16,1,recent,19,True,yes
3615,Female,Single,True,5,off,gold,2,5,negative,paypal,active,US,Hindi,10,24,161,6,True,good,11,1,recent,3,True,no
3616,Male,Married,False,10,off,basic,7,7,positive,card,cancelled,US,English,14,20,187,6,True,poor,5,10,old,6,False,no
3617,Male,Married,True,6,off,basic,5,6,neutral,paypal,expired,UK,Telugu,24,6,107,1,False,better,6,8,very_old,10,False,yes
3618,Female,Single,True,5,on,premium,10,20,neutral,paypal,active,UK,English,9,24,103,7,True,poor,4,4,recent,9,False,no
3619,Male,Single,False,9,on,premium,7,14,neutral,card,expired,India,Telugu,50,2,64,7,False,better,8,1,old,11,True,no
3620,Male,Single,True,2,off,premium,3,1,positive,card,active,UK,Telugu,50,23,127,2,True,poor,20,8,old,13,False,no
3621,Female,Married,False,7,on,gold,7,9,negative,card,cancelled,UK,English,20,4,10,3,True,better,3,6,very_old,17,False,yes
3622,Female,Single,True,7,on,premium,6,7,negative,paypal,expired,UK,English,8,1,16,3,True,poor,9,2,old,1,True,no
3623,Male,Single,False,10,on,gold,8,13,negative,upi,expired,India,Telugu,48,22,122,9,False,poor,20,2,very_old,16,False,yes
3624,Female,Single,False,4,on,basic,5,13,negative,paypal,cancelled,India,Telugu,29,17,35,7,True,good,17,3,very_old,7,False,yes
3625,Male,Single,False,3,off,premium,3,10,neutral,card,cancelled,Germany,English,17,19,28,9,True,better,20,5,recent,19,True,yes
3626,Male,Married,False,7,off,gold,2,16,negative,card,expired,UK,English,2,25,151,8,True,good,14,7,old,5,False,no
3627,Male,Married,False,9,on,gold,3,11,neutral,upi,expired,Germany,Hindi,46,4,26,9,False,poor,12,5,very_old,18,True,yes
3628,Male,Married,True,5,on,basic,9,9,neutral,paypal,active,India,Hindi,32,3,27,3,False,better,5,6,old,7,False,no
3629,Female,Single,False,6,on,premium,9,19,negative,paypal,expired,US,Hindi,4,17,30,4,True,good,9,2,old,19,True,yes
3630,Female,Married,True,4,on,basic,6,19,neutral,paypal,cancelled,India,Telugu,42,14,123,1,False,better,7,2,very_old,16,True,yes
3631,Female,Single,True,9,off,premium,6,5,neutral,card,active,Germany,Hindi,33,1,75,7,False,good,20,0,very_old,4,False,no
3632,Female,Single,True,6,off,gold,3,10,neutral,paypal,expired,UK,Telugu,37,15,117,1,False,good,4,9,recent,13,True,yes
3633,Female,Single,True,6,on,premium,9,8,negative,paypal,expired,US,Hindi,39,13,188,10,True,better,19,7,old,1,False,no
3634,Male,Single,True,6,on,gold,1,11,positive,card,cancelled,US,Telugu,21,14,64,9,True,poor,17,1,very_old,17,True,yes
3635,Male,Single,False,1,on,gold,1,7,negative,card,active,US,Telugu,40,5,174,5,True,poor,18,4,recent,19,True,yes
3636,Female,Married,True,1,off,gold,3,17,neutral,upi,expired,US,English,4,13,133,2,False,good,19,3,very_old,13,True,yes
3637,Male,Single,False,8,off,gold,8,6,negative,card,active,India,Telugu,12,22,49,2,False,better,9,10,very_old,4,True,no
3638,Female,Married,False,5,off,gold,2,3,positive,upi,expired,UK,English,13,6,11,10,True,good,12,10,very_old,1,True,no
3639,Female,Married,False,3,on,premium,9,4,neutral,upi,cancelled,US,English,45,19,47,9,True,better,1,0,recent,11,False,yes
3640,Female,Married,True,10,on,gold,3,4,positive,card,expired,India,Hindi,31,0,26,3,True,better,12,3,very_old,17,False,no
3641,Female,Single,True,5,on,premium,5,14,negative,card,active,UK,Hindi,47,2,110,10,True,poor,2,6,very_old,14,False,yes
3642,Male,Single,True,6,on,premium,4,1,negative,card,cancelled,UK,English,20,19,194,8,False,good,12,7,recent,3,True,no
3643,Male,Single,False,6,off,premium,10,13,negative,upi,expired,US,Hindi,26,13,172,4,True,good,5,0,old,14,False,yes
3644,Female,Married,False,7,on,basic,8,17,positive,card,cancelled,UK,English,46,22,195,7,True,poor,9,2,very_old,13,True,no
3645,Female,Single,True,5,on,gold,7,6,negative,card,expired,Germany,Telugu,46,2,178,10,False,good,18,6,old,4,False,yes
3646,Male,Single,False,2,on,basic,4,18,negative,card,cancelled,US,English,27,10,165,5,True,poor,11,2,old,2,True,yes
3647,Male,Married,False,10,on,gold,4,16,negative,card,active,UK,Telugu,36,20,11,9,True,good,20,5,old,15,False,no
3648,Male,Married,True,2,on,premium,7,4,neutral,card,active,US,Telugu,39,10,189,4,False,poor,9,8,old,13,False,no
3649,Female,Married,False,9,off,basic,8,1,negative,paypal,active,Germany,Hindi,0,9,43,9,True,poor,7,9,very_old,11,True,no
3650,Male,Single,True,3,on,basic,5,20,positive,card,expired,India,English,23,17,34,3,True,better,15,8,old,4,False,no
3651,Male,Married,True,3,on,gold,9,15,neutral,paypal,expired,India,Telugu,47,9,199,3,True,good,17,5,recent,6,True,yes
3652,Male,Single,True,5,on,premium,10,6,positive,paypal,expired,India,Telugu,1,22,142,5,True,good,20,9,very_old,18,False,no
3653,Male,Single,False,3,off,basic,10,19,positive,paypal,cancelled,US,Hindi,15,1,168,5,False,better,2,2,very_old,16,True,no
3654,Male,Married,True,7,on,premium,6,9,negative,paypal,active,UK,Telugu,21,4,170,8,True,good,10,5,old,8,False,no
3655,Male,Single,False,9,off,premium,4,17,negative,card,active,US,Telugu,3,8,85,2,False,poor,10,3,recent,4,True,no
3656,Female,Married,False,1,off,premium,3,18,neutral,card,expired,US,Telugu,24,14,136,3,False,good,18,6,very_old,1,True,no
3657,Male,Married,False,4,off,basic,9,13,neutral,upi,expired,Germany,Telugu,28,10,112,3,True,better,2,8,recent,17,False,yes
3658,Male,Single,True,3,off,gold,2,10,positive,card,expired,US,Telugu,35,11,106,4,True,good,2,10,very_old,17,True,yes
3659,Female,Married,False,3,on,basic,8,0,negative,upi,cancelled,India,English,29,19,30,8,True,good,15,4,old,19,False,yes
3660,Female,Single,True,9,on,basic,4,11,negative,upi,active,Germany,English,1,6,164,9,True,better,11,6,recent,2,False,no
3661,Male,Single,True,3,off,premium,6,7,neutral,paypal,active,UK,Telugu,14,3,106,2,False,better,9,3,recent,20,True,no
3662,Female,Married,True,1,off,gold,6,1,neutral,card,cancelled,Germany,English,44,20,97,3,False,poor,16,4,very_old,9,False,yes
3663,Male,Single,True,8,on,premium,5,10,neutral,card,expired,Germany,English,45,18,133,5,False,good,11,5,very_old,20,False,yes
3664,Male,Single,False,7,on,premium,5,8,positive,paypal,expired,India,English,21,5,117,4,True,poor,8,0,recent,0,True,no
3665,Female,Married,True,9,off,gold,4,17,positive,paypal,expired,US,Telugu,6,4,26,6,True,better,1,5,very_old,20,True,yes
3666,Male,Married,False,4,on,gold,5,3,negative,upi,expired,US,English,1,18,132,9,False,better,6,9,recent,10,True,no
3667,Male,Single,True,2,off,gold,3,12,positive,card,cancelled,UK,Telugu,4,7,167,3,True,better,5,8,very_old,4,True,no
3668,Male,Married,True,9,off,gold,2,4,negative,card,cancelled,Germany,Hindi,35,19,67,8,True,poor,8,8,very_old,6,True,no
3669,Male,Single,True,3,off,basic,6,4,positive,card,cancelled,India,Telugu,15,19,132,8,True,good,18,2,recent,10,False,no
3670,Female,Married,False,7,on,gold,1,8,neutral,card,active,India,Hindi,37,16,56,10,False,better,15,1,very_old,11,True,no
3671,Male,Single,True,8,off,basic,4,0,neutral,paypal,expired,India,English,12,5,20,6,False,poor,6,2,recent,4,False,no
3672,Female,Married,False,1,off,premium,2,8,negative,upi,expired,India,Telugu,48,24,75,7,True,poor,5,9,old,9,True,yes
3673,Female,Married,True,5,off,gold,1,8,neutral,paypal,expired,Germany,Telugu,2,16,194,10,False,good,4,4,recent,19,True,no
3674,Male,Single,False,8,on,basic,8,4,positive,card,expired,UK,Hindi,35,24,137,9,True,good,11,9,old,3,True,no
3675,Male,Married,True,7,off,premium,5,2,positive,paypal,cancelled,US,Hindi,11,6,90,4,True,better,11,7,recent,17,False,yes
3676,Female,Single,True,9,off,premium,1,10,positive,upi,cancelled,India,Telugu,11,20,195,6,True,poor,3,4,recent,9,False,yes
3677,Female,Married,True,7,on,gold,10,16,negative,card,active,UK,English,45,2,49,6,True,better,19,7,old,17,True,no
3678,Male,Married,True,8,off,premium,3,9,negative,card,cancelled,India,Telugu,13,9,45,9,True,better,11,1,very_old,9,True,yes
3679,Female,Married,True,7,on,gold,2,12,neutral,paypal,cancelled,India,Telugu,5,22,148,7,True,good,18,9,old,18,True,no
3680,Female,Single,False,8,on,basic,8,15,positive,paypal,cancelled,UK,Telugu,40,0,196,8,True,good,1,1,very_old,11,False,yes
3681,Male,Single,True,3,off,basic,5,15,positive,paypal,expired,UK,Telugu,21,12,163,4,False,poor,4,4,recent,8,False,no
3682,Female,Married,False,3,on,basic,6,1,positive,upi,active,UK,English,23,16,178,3,True,poor,7,4,old,17,False,no
3683,Male,Single,True,1,off,basic,9,15,neutral,upi,active,India,Hindi,21,11,70,10,False,better,12,1,recent,19,True,no
3684,Male,Single,False,8,on,premium,6,7,neutral,card,active,India,Telugu,4,8,156,4,True,better,19,4,very_old,7,False,no
3685,Female,Married,True,9,on,premium,10,19,neutral,card,active,UK,Telugu,2,24,159,4,True,poor,17,8,old,11,False,no
3686,Female,Single,True,7,off,basic,7,11,positive,card,expired,UK,Telugu,39,16,43,5,True,good,7,9,old,11,True,yes
3687,Female,Married,True,7,on,gold,8,13,negative,upi,active,India,Hindi,30,19,177,3,False,better,6,5,old,13,False,no
3688,Male,Single,False,6,off,premium,3,9,negative,paypal,cancelled,US,English,6,18,140,1,False,better,13,1,recent,8,False,no
3689,Female,Married,False,10,off,basic,2,6,positive,card,expired,UK,Hindi,0,15,106,3,False,poor,2,9,old,15,True,no
3690,Female,Single,False,4,on,premium,1,16,negative,paypal,expired,India,Hindi,49,3,74,8,True,good,1,5,very_old,3,False,yes
3691,Female,Married,False,7,on,premium,2,1,positive,upi,expired,Germany,Hindi,44,23,126,1,True,good,5,9,old,13,False,no
3692,Male,Single,False,1,on,gold,1,2,positive,paypal,active,India,Telugu,18,11,46,10,False,good,7,4,very_old,20,True,no
3693,Female,Married,False,7,off,basic,7,9,neutral,upi,cancelled,US,Hindi,8,19,69,7,True,poor,18,6,very_old,5,False,yes
3694,Female,Single,False,4,off,premium,1,20,negative,upi,active,UK,Hindi,50,15,171,1,True,good,15,1,old,15,True,yes
3695,Female,Married,False,6,off,premium,3,5,neutral,paypal,expired,US,Hindi,2,15,51,9,False,good,4,3,very_old,15,True,no
3696,Male,Married,False,1,on,premium,10,9,neutral,upi,expired,US,Hindi,15,3,177,8,True,better,5,7,old,15,False,no
3697,Female,Married,False,5,off,gold,9,16,neutral,upi,cancelled,US,Hindi,27,15,39,2,False,poor,14,5,very_old,4,False,no
3698,Male,Single,False,3,on,basic,7,8,positive,card,expired,India,English,19,21,15,9,True,good,10,5,old,0,False,no
3699,Female,Single,True,2,off,gold,6,1,positive,card,active,US,English,10,3,112,10,True,good,18,0,very_old,13,True,no
3700,Female,Single,True,3,on,premium,9,13,positive,paypal,active,Germany,Hindi,9,16,23,8,False,better,8,2,very_old,15,False,no
3701,Male,Single,False,8,on,gold,1,6,neutral,paypal,active,India,Telugu,34,3,70,7,True,good,7,6,recent,11,False,no
3702,Female,Married,False,7,off,gold,6,15,negative,card,cancelled,Germany,Hindi,7,6,43,8,False,good,2,0,recent,18,False,yes
3703,Female,Married,False,4,on,gold,4,19,neutral,card,cancelled,US,English,23,13,52,4,True,good,3,2,recent,5,True,no
3704,Male,Married,False,5,on,premium,10,0,neutral,card,active,India,English,42,3,73,2,False,better,15,2,very_old,12,False,no
3705,Male,Married,False,5,on,basic,9,0,negative,upi,expired,India,English,37,9,94,6,False,good,9,9,very_old,4,False,yes
3706,Female,Single,False,2,on,gold,5,10,negative,card,active,UK,Telugu,30,6,52,6,True,good,9,4,old,5,False,no
3707,Male,Married,True,1,on,gold,7,7,negative,paypal,cancelled,UK,Telugu,45,7,164,5,False,good,4,0,very_old,4,False,yes
3708,Female,Married,False,1,on,premium,2,18,neutral,card,expired,US,Hindi,30,25,126,8,True,good,13,1,old,3,False,no
3709,Male,Married,True,9,on,premium,5,4,neutral,card,cancelled,US,Telugu,37,13,92,5,True,better,1,5,old,5,True,no
3710,Female,Married,True,5,off,premium,10,4,negative,upi,expired,India,Telugu,30,24,133,7,False,better,1,4,old,19,True,yes
3711,Female,Married,False,8,off,premium,1,18,neutral,upi,expired,UK,Telugu,5,23,138,6,True,poor,2,2,very_old,1,True,no
3712,Male,Married,True,8,on,gold,4,16,negative,upi,expired,UK,English,20,9,130,7,True,poor,5,4,old,9,True,no
3713,Female,Single,True,6,on,gold,4,4,neutral,upi,cancelled,India,Hindi,13,0,117,3,False,poor,7,4,very_old,8,False,no
3714,Male,Married,True,4,on,premium,5,0,negative,card,expired,Germany,Hindi,16,0,197,1,False,good,12,2,very_old,7,True,yes
3715,Male,Single,False,3,on,basic,9,15,negative,card,expired,US,English,28,5,71,4,False,better,15,4,recent,0,True,no
3716,Female,Married,True,10,off,basic,8,15,positive,paypal,cancelled,Germany,English,8,19,90,8,True,poor,9,5,recent,5,True,yes
3717,Female,Single,True,3,off,premium,7,13,neutral,card,expired,US,Hindi,3,1,177,9,False,poor,3,4,very_old,1,False,yes
3718,Female,Single,False,1,on,premium,6,3,neutral,upi,cancelled,US,English,28,1,10,6,True,poor,6,7,old,9,False,yes
3719,Female,Single,True,1,off,premium,1,20,negative,upi,active,UK,English,32,23,58,10,False,poor,20,8,old,6,True,no
3720,Male,Married,False,1,off,basic,1,15,positive,paypal,active,UK,Hindi,46,25,131,9,True,better,18,6,old,19,True,no
3721,Female,Single,True,2,off,gold,2,8,negative,upi,active,UK,Telugu,43,10,190,5,False,better,15,8,very_old,0,True,no
3722,Male,Single,False,1,off,basic,9,17,negative,paypal,cancelled,UK,English,29,10,144,7,False,poor,12,9,very_old,4,False,yes
3723,Female,Married,False,8,on,basic,6,13,positive,upi,active,US,English,50,15,146,6,True,better,5,9,recent,15,False,yes
3724,Female,Single,True,7,on,basic,5,18,positive,paypal,active,Germany,Hindi,19,22,64,9,True,good,9,7,recent,7,True,no
3725,Female,Married,False,7,off,gold,1,15,positive,upi,active,Germany,Telugu,46,0,168,4,False,poor,2,4,old,13,True,no
3726,Female,Single,False,4,off,basic,3,16,positive,paypal,active,Germany,Hindi,6,18,89,7,True,better,17,6,recent,7,False,no
3727,Female,Single,True,3,off,gold,10,6,neutral,paypal,expired,Germany,English,26,0,124,10,False,poor,4,1,very_old,0,True,yes
3728,Male,Single,True,3,on,basic,4,3,positive,card,cancelled,UK,Hindi,9,21,179,4,True,better,2,6,recent,9,True,no
3729,Female,Married,False,8,on,premium,6,13,positive,paypal,expired,Germany,Hindi,4,14,195,8,False,good,11,6,very_old,9,False,no
3730,Female,Single,False,10,off,basic,6,5,positive,upi,expired,US,Hindi,20,0,192,10,False,poor,10,3,recent,18,True,yes
3731,Female,Single,True,4,on,gold,4,19,neutral,card,active,Germany,Hindi,41,22,65,4,True,better,15,6,very_old,8,True,no
3732,Female,Married,True,4,off,gold,4,18,positive,paypal,expired,US,Telugu,36,1,87,3,False,better,8,3,very_old,19,False,no
3733,Male,Single,False,7,on,basic,10,15,positive,paypal,active,Germany,Telugu,37,20,200,10,True,better,10,3,very_old,16,True,no
3734,Male,Single,True,5,off,basic,8,2,neutral,card,cancelled,Germany,Telugu,17,8,200,9,True,poor,17,1,recent,10,True,yes
3735,Female,Married,True,10,off,premium,2,14,negative,paypal,expired,UK,Telugu,25,15,57,10,False,good,12,2,recent,20,True,yes
3736,Male,Single,False,6,on,gold,3,2,negative,upi,expired,India,English,28,25,105,6,False,good,19,0,old,9,False,yes
3737,Female,Single,True,7,on,basic,9,10,negative,paypal,cancelled,India,English,2,25,186,3,False,better,3,2,old,5,False,yes
3738,Female,Married,True,7,on,premium,6,17,neutral,card,expired,India,Hindi,5,8,118,3,False,good,10,0,very_old,4,False,yes
3739,Female,Married,False,4,on,gold,10,11,positive,paypal,cancelled,US,Telugu,42,15,113,6,False,poor,16,8,recent,8,True,yes
3740,Male,Single,False,9,off,premium,3,1,neutral,card,active,India,Telugu,49,10,149,8,True,better,6,9,very_old,1,True,no
3741,Male,Single,True,8,on,gold,10,9,neutral,upi,cancelled,UK,English,24,18,78,7,True,good,18,3,very_old,8,False,no
3742,Female,Married,True,7,on,basic,6,17,positive,paypal,expired,US,Hindi,0,20,196,10,False,better,4,10,old,16,False,yes
3743,Male,Single,True,6,off,gold,10,13,negative,paypal,cancelled,US,English,5,3,18,1,False,poor,4,9,old,10,True,no
3744,Female,Married,False,3,on,basic,8,14,neutral,card,cancelled,Germany,Telugu,39,18,101,10,False,good,15,5,very_old,16,True,yes
3745,Male,Single,True,3,off,basic,10,15,negative,paypal,cancelled,Germany,Telugu,29,4,144,2,True,better,12,0,old,5,True,no
3746,Male,Married,False,10,off,basic,4,11,positive,card,active,Germany,Telugu,16,11,174,8,True,poor,1,5,old,0,False,no
3747,Female,Married,False,4,off,basic,10,12,negative,paypal,cancelled,India,English,17,15,80,10,False,poor,15,6,recent,17,False,yes
3748,Female,Married,True,4,off,gold,10,7,neutral,paypal,expired,US,Telugu,0,12,184,4,True,poor,3,2,recent,2,True,no
3749,Male,Married,True,10,on,basic,2,5,neutral,upi,expired,India,English,4,7,196,3,False,better,12,1,very_old,11,True,yes
3750,Female,Single,True,6,off,gold,1,8,negative,paypal,cancelled,UK,Hindi,36,23,182,6,True,poor,20,5,recent,12,False,yes
3751,Female,Single,False,6,on,basic,10,11,negative,paypal,active,Germany,Hindi,0,25,51,9,True,better,15,7,very_old,9,False,no
3752,Female,Single,True,7,off,gold,4,19,neutral,card,cancelled,Germany,Hindi,3,20,124,5,False,good,2,8,old,18,True,no
3753,Female,Married,True,4,on,premium,4,8,positive,upi,active,US,English,22,2,103,1,True,good,20,5,recent,14,False,no
3754,Female,Single,False,3,on,premium,5,9,positive,paypal,cancelled,US,Telugu,18,9,88,4,False,poor,4,4,very_old,14,True,yes
3755,Female,Single,False,10,off,basic,3,12,neutral,paypal,expired,UK,Telugu,24,14,45,6,True,poor,9,5,recent,14,True,yes
3756,Female,Married,False,9,off,gold,9,18,neutral,upi,cancelled,UK,Telugu,0,25,181,4,True,poor,12,6,very_old,13,False,yes
3757,Male,Single,False,2,off,basic,3,8,negative,upi,expired,Germany,English,30,9,46,6,False,poor,3,0,very_old,2,True,yes
3758,Female,Married,True,9,on,premium,10,0,positive,upi,active,India,English,33,5,37,7,False,poor,7,3,recent,11,True,no
3759,Male,Single,True,1,off,gold,10,4,negative,card,expired,UK,Telugu,28,10,38,10,True,good,14,1,old,1,False,yes
3760,Female,Married,False,6,on,basic,2,7,neutral,paypal,cancelled,Germany,Hindi,41,23,68,3,False,better,4,9,recent,19,False,no
3761,Female,Single,False,5,off,basic,2,20,negative,card,expired,US,Telugu,18,17,108,2,True,poor,10,6,very_old,3,False,no
3762,Female,Married,True,10,on,premium,5,7,negative,card,active,US,Telugu,34,11,186,3,True,poor,20,2,recent,17,False,no
3763,Female,Single,False,8,off,gold,7,12,neutral,upi,cancelled,Germany,English,4,22,82,6,True,better,16,5,old,1,True,no
3764,Male,Single,True,7,on,premium,10,7,neutral,card,cancelled,US,Hindi,11,12,113,5,False,good,16,8,very_old,6,True,no
3765,Male,Married,True,3,on,basic,3,9,negative,upi,cancelled,US,English,13,8,154,9,True,good,8,10,very_old,15,True,yes
3766,Male,Single,True,5,off,basic,5,5,negative,card,expired,US,Telugu,35,7,34,10,True,good,20,10,recent,9,True,yes
3767,Female,Married,True,3,on,gold,2,7,positive,card,expired,UK,Hindi,14,21,49,7,True,good,4,6,recent,13,False,no
3768,Female,Single,False,8,off,premium,7,18,positive,card,expired,UK,English,27,19,120,7,True,good,8,6,recent,12,False,yes
3769,Female,Single,False,5,off,basic,1,2,neutral,upi,expired,UK,Hindi,25,4,11,4,False,poor,17,2,old,3,True,no
3770,Female,Single,True,2,off,premium,9,20,neutral,paypal,expired,UK,English,12,19,187,1,True,poor,13,5,old,10,False,no
3771,Female,Married,False,5,on,gold,10,9,negative,upi,cancelled,Germany,Hindi,12,11,184,7,False,poor,2,1,old,18,False,yes
3772,Male,Married,False,3,on,basic,8,17,negative,paypal,expired,India,Hindi,21,16,170,2,True,better,1,2,old,1,True,no
3773,Female,Married,False,8,off,premium,1,2,negative,paypal,cancelled,Germany,English,14,3,166,9,True,better,3,2,very_old,7,False,yes
3774,Female,Married,True,2,off,premium,3,16,positive,paypal,cancelled,UK,Telugu,35,22,112,6,False,better,20,6,very_old,1,False,yes
3775,Male,Single,True,2,on,basic,4,8,negative,paypal,cancelled,India,English,47,5,89,6,False,good,6,3,very_old,16,False,yes
3776,Male,Single,False,7,off,gold,9,19,neutral,card,expired,India,Telugu,28,23,27,3,True,good,2,8,very_old,16,True,yes
3777,Male,Single,False,7,on,gold,7,10,negative,card,active,UK,Hindi,46,14,101,10,False,poor,20,2,very_old,15,False,yes
3778,Male,Single,False,8,off,basic,5,1,negative,card,active,India,Telugu,28,3,131,9,True,poor,19,4,old,11,True,no
3779,Female,Single,False,2,off,gold,10,11,neutral,card,active,India,English,49,17,127,10,False,poor,6,4,old,10,True,no
3780,Male,Married,False,9,on,gold,9,16,negative,paypal,cancelled,US,Hindi,42,16,194,5,False,better,10,7,very_old,12,False,yes
3781,Female,Married,True,6,on,gold,1,14,neutral,card,active,US,Telugu,4,10,88,5,True,poor,2,10,recent,1,True,no
3782,Female,Single,True,2,on,basic,2,12,positive,card,expired,India,Hindi,50,12,15,6,True,poor,19,5,recent,4,False,yes
3783,Female,Married,False,3,on,gold,8,19,positive,card,active,US,Telugu,12,16,141,3,True,poor,16,6,old,14,False,no
3784,Male,Single,False,10,off,basic,10,18,negative,paypal,expired,US,Telugu,5,18,51,8,True,good,3,8,old,15,True,no
3785,Male,Single,False,1,on,gold,9,2,neutral,card,expired,US,Telugu,32,2,96,3,True,good,13,3,recent,4,False,yes
3786,Female,Single,False,9,on,gold,10,0,neutral,card,cancelled,US,Telugu,26,10,140,6,True,good,14,9,recent,14,False,yes
3787,Female,Married,True,5,off,gold,1,15,neutral,upi,active,UK,Telugu,38,21,147,8,False,poor,7,1,recent,13,False,yes
3788,Female,Single,True,1,on,premium,8,4,positive,paypal,expired,Germany,Hindi,28,24,128,9,False,poor,12,0,old,4,False,no
3789,Female,Married,False,3,off,basic,6,16,negative,card,active,India,Telugu,43,11,25,6,True,better,8,4,very_old,15,True,no
3790,Male,Married,False,9,on,premium,9,18,neutral,upi,active,US,Telugu,26,4,92,1,False,better,19,10,old,3,False,no
3791,Male,Single,True,10,off,premium,3,10,negative,paypal,expired,Germany,Hindi,35,0,60,5,False,better,17,5,recent,14,False,yes
3792,Female,Single,True,5,on,premium,5,6,neutral,paypal,expired,Germany,English,31,11,163,2,False,better,9,0,very_old,19,False,yes
3793,Male,Single,True,4,off,gold,7,19,positive,paypal,expired,Germany,Hindi,27,1,132,3,True,poor,17,7,old,0,False,yes
3794,Female,Married,True,10,on,premium,5,18,neutral,upi,expired,US,English,38,21,78,10,True,good,18,7,recent,6,True,no
3795,Female,Married,True,5,off,basic,6,3,negative,upi,expired,UK,Hindi,43,22,39,7,False,good,11,1,old,15,True,yes
3796,Male,Married,False,1,off,premium,2,5,positive,paypal,active,UK,Hindi,4,24,29,9,False,good,13,10,old,15,False,no
3797,Female,Married,True,3,off,gold,9,6,neutral,card,expired,Germany,English,28,1,165,4,True,better,14,1,very_old,9,False,no
3798,Female,Single,True,8,off,basic,9,2,neutral,card,active,US,Telugu,40,12,87,10,True,better,8,7,old,15,True,no
3799,Male,Married,True,10,off,basic,10,13,negative,card,expired,US,Hindi,22,16,157,6,False,poor,13,10,old,2,True,no
3800,Female,Single,True,4,off,premium,2,10,positive,paypal,active,UK,Hindi,3,24,133,2,True,good,19,6,recent,2,False,no
3801,Female,Married,True,6,off,gold,8,6,positive,card,active,UK,English,18,17,116,4,True,good,16,9,old,10,False,no
3802,Female,Married,True,2,off,premium,4,0,neutral,card,cancelled,US,Telugu,43,22,78,4,False,better,1,6,recent,17,True,yes
3803,Male,Single,False,6,on,gold,10,18,negative,card,active,UK,Telugu,50,24,146,7,False,good,3,0,very_old,3,True,no
3804,Male,Married,True,6,off,gold,5,1,negative,paypal,active,India,English,11,6,113,6,True,good,2,6,recent,17,False,no
3805,Female,Married,False,1,off,basic,1,12,negative,upi,expired,UK,English,31,23,106,3,False,better,9,6,recent,4,False,yes
3806,Male,Married,True,8,on,gold,2,11,negative,card,expired,UK,Hindi,35,5,95,10,False,better,12,9,recent,4,True,yes
3807,Male,Single,False,9,off,premium,1,19,negative,card,cancelled,UK,Hindi,4,8,61,1,True,poor,17,10,very_old,15,False,yes
3808,Female,Married,False,9,on,gold,8,18,positive,card,expired,US,Hindi,34,15,111,10,True,poor,15,7,very_old,1,True,no
3809,Male,Single,True,5,on,gold,6,11,positive,paypal,cancelled,UK,Hindi,12,13,17,5,True,poor,15,7,very_old,13,True,yes
3810,Male,Married,False,7,on,premium,7,18,neutral,upi,cancelled,Germany,Telugu,16,19,19,9,False,good,11,9,very_old,10,False,no
3811,Male,Married,False,7,off,gold,4,2,negative,card,cancelled,Germany,Hindi,12,14,68,1,False,better,1,1,recent,12,True,yes
3812,Male,Single,False,7,on,premium,1,1,negative,card,active,India,English,17,12,117,2,False,better,7,1,old,16,False,no
3813,Male,Married,True,9,on,basic,1,10,negative,paypal,expired,India,Telugu,16,20,14,2,False,good,12,9,old,8,True,yes
3814,Female,Single,True,2,off,premium,4,16,negative,card,active,India,Telugu,40,18,146,1,False,good,8,4,very_old,9,False,no
3815,Male,Single,True,9,on,gold,9,7,neutral,card,cancelled,India,Telugu,4,23,185,8,True,better,16,2,recent,10,True,no
3816,Female,Married,True,1,off,premium,9,5,positive,upi,active,India,Telugu,29,10,117,4,True,poor,14,3,very_old,17,True,yes
3817,Male,Married,False,7,off,basic,8,12,positive,card,active,Germany,Hindi,41,0,199,8,False,better,19,6,old,0,True,no
3818,Male,Single,True,10,off,gold,3,7,neutral,card,expired,UK,English,47,25,129,9,False,poor,15,7,very_old,16,True,yes
3819,Female,Married,True,4,on,basic,9,14,positive,upi,active,US,English,18,3,189,4,True,good,20,6,recent,19,True,no
3820,Male,Married,False,10,off,premium,6,13,neutral,card,cancelled,US,Hindi,30,9,200,8,True,better,9,0,very_old,12,True,no
3821,Female,Single,False,5,on,premium,3,14,neutral,upi,active,India,Hindi,46,12,159,4,True,better,17,7,very_old,0,False,no
3822,Female,Married,True,5,off,gold,4,13,negative,card,cancelled,Germany,Hindi,7,9,183,3,True,good,8,1,old,2,True,yes
3823,Female,Single,False,3,off,basic,4,13,neutral,paypal,active,Germany,Telugu,28,5,30,3,False,poor,19,10,old,20,False,no
3824,Female,Married,True,9,off,gold,1,11,negative,upi,active,UK,Hindi,15,4,135,7,True,poor,16,7,old,2,True,no
3825,Male,Married,False,5,on,gold,7,20,neutral,paypal,active,Germany,Telugu,2,10,173,2,False,poor,1,9,old,4,True,no
3826,Female,Single,False,5,on,premium,4,4,positive,upi,active,UK,Telugu,30,17,13,2,True,poor,9,1,old,19,False,no
3827,Female,Married,False,5,on,gold,6,8,positive,paypal,cancelled,US,English,47,13,192,9,False,good,8,7,very_old,15,False,yes
3828,Female,Married,True,2,off,premium,9,0,negative,card,active,UK,Hindi,18,7,199,7,True,good,7,1,recent,10,False,no
3829,Male,Married,True,3,off,basic,9,10,neutral,paypal,cancelled,US,English,16,10,165,1,True,good,15,4,recent,5,False,yes
3830,Female,Married,False,5,off,basic,5,7,positive,paypal,expired,Germany,English,1,16,20,2,False,poor,11,7,very_old,7,False,yes
3831,Female,Single,True,7,on,premium,4,5,positive,paypal,active,India,Telugu,41,25,189,2,False,better,11,2,very_old,7,True,no
3832,Male,Married,False,2,off,gold,8,1,negative,paypal,expired,US,Telugu,45,1,95,3,False,better,10,3,old,19,False,yes
3833,Male,Single,False,1,off,premium,9,7,negative,paypal,cancelled,US,Telugu,4,19,152,7,True,better,17,8,recent,2,True,no
3834,Female,Single,False,10,on,gold,7,16,positive,card,active,UK,English,46,16,180,10,True,poor,19,3,recent,9,False,no
3835,Male,Married,True,8,on,basic,7,1,neutral,card,cancelled,Germany,Hindi,41,15,170,4,True,good,19,4,very_old,2,True,yes
3836,Male,Single,False,3,on,basic,9,1,neutral,paypal,expired,Germany,Hindi,20,4,122,1,True,good,5,8,old,6,True,no
3837,Female,Married,False,10,on,premium,5,5,neutral,upi,cancelled,India,English,23,12,35,8,False,poor,7,2,very_old,15,False,yes
3838,Male,Single,False,6,on,basic,6,5,positive,paypal,cancelled,India,Telugu,4,8,97,4,False,better,4,9,recent,5,False,no
3839,Male,Married,False,2,off,basic,7,10,positive,paypal,cancelled,UK,Telugu,13,25,29,4,True,better,11,7,very_old,18,True,no
3840,Female,Married,False,4,off,basic,10,17,positive,paypal,expired,US,English,39,20,185,6,True,poor,14,10,very_old,1,False,no
3841,Female,Single,False,4,on,gold,1,10,negative,card,active,Germany,Hindi,46,18,48,8,True,good,11,1,old,0,False,no
3842,Female,Single,False,6,off,basic,4,8,positive,card,expired,India,Hindi,42,18,101,10,True,poor,12,3,very_old,20,False,yes
3843,Female,Single,False,10,off,basic,9,20,negative,card,expired,Germany,English,0,23,20,7,False,good,2,1,very_old,18,True,yes
3844,Female,Married,True,2,on,premium,9,5,negative,paypal,active,India,Telugu,6,3,123,4,True,good,6,2,recent,0,False,no
3845,Female,Married,False,10,off,basic,9,20,negative,upi,active,US,English,47,10,61,6,True,poor,10,10,very_old,3,False,yes
3846,Female,Married,True,8,off,basic,10,14,negative,card,cancelled,Germany,English,4,11,56,9,True,better,13,2,very_old,10,True,no
3847,Male,Married,True,2,off,basic,10,3,negative,paypal,active,India,English,3,17,145,3,False,poor,18,9,old,3,False,no
3848,Male,Single,True,5,on,basic,4,8,neutral,upi,cancelled,India,Hindi,38,11,120,6,True,poor,10,0,recent,11,False,yes
3849,Male,Married,True,6,off,basic,10,0,positive,paypal,expired,US,Hindi,13,21,188,7,False,poor,17,4,old,2,True,no
3850,Male,Married,False,3,on,gold,5,17,negative,paypal,cancelled,US,Hindi,41,14,163,1,False,poor,14,4,old,13,True,yes
3851,Female,Married,False,1,on,premium,3,1,neutral,paypal,active,Germany,Hindi,9,16,162,6,False,good,14,2,old,15,False,no
3852,Female,Married,True,5,on,gold,3,2,negative,paypal,cancelled,US,Telugu,14,1,18,7,False,better,19,7,very_old,10,False,yes
3853,Female,Single,False,7,on,gold,4,2,neutral,paypal,cancelled,UK,English,6,5,195,3,False,better,18,1,old,15,False,yes
3854,Female,Married,False,6,on,premium,5,7,neutral,card,cancelled,Germany,Telugu,34,9,57,8,False,poor,2,2,recent,14,False,no
3855,Male,Married,True,2,on,basic,6,20,positive,card,cancelled,Germany,Hindi,16,13,90,1,False,good,1,2,old,17,True,yes
3856,Male,Single,False,1,off,gold,1,10,positive,upi,expired,UK,English,12,1,34,7,True,better,4,8,old,11,True,no
3857,Male,Married,False,2,on,basic,7,2,positive,paypal,expired,US,English,49,5,18,1,False,better,14,6,old,8,False,yes
3858,Male,Married,False,5,on,basic,9,12,positive,card,cancelled,UK,Hindi,41,8,94,6,True,good,8,6,recent,3,False,yes
3859,Female,Single,True,7,off,premium,6,17,positive,paypal,active,US,English,37,8,72,6,True,good,13,10,very_old,1,True,no
3860,Female,Single,False,5,off,gold,1,0,positive,card,cancelled,Germany,Hindi,16,1,40,8,True,good,9,8,recent,15,True,yes
3861,Female,Married,False,6,off,premium,7,18,neutral,upi,cancelled,UK,Telugu,33,8,28,4,True,good,11,7,very_old,7,False,yes
3862,Female,Single,False,3,off,basic,8,1,positive,card,active,India,Telugu,15,20,124,4,False,good,8,6,very_old,3,False,no
3863,Female,Married,False,9,on,premium,4,11,negative,upi,expired,UK,English,16,18,112,8,True,poor,4,4,old,3,True,yes
3864,Male,Single,False,4,on,gold,3,8,neutral,paypal,expired,Germany,English,39,11,61,2,False,good,11,5,recent,9,False,yes
3865,Female,Single,True,5,off,premium,8,9,negative,paypal,active,US,Telugu,8,11,140,10,True,good,2,10,recent,17,True,no
3866,Female,Single,False,6,off,premium,5,13,negative,card,expired,Germany,English,35,23,165,4,True,good,3,0,recent,5,False,yes
3867,Male,Married,False,2,off,premium,9,16,positive,upi,expired,US,Telugu,33,0,139,6,True,good,1,7,very_old,6,True,no
3868,Female,Married,False,10,off,gold,4,7,neutral,paypal,cancelled,UK,Hindi,35,16,145,4,True,good,19,5,recent,19,True,yes
3869,Female,Married,False,6,off,premium,9,8,positive,paypal,expired,Germany,Telugu,34,16,116,9,True,poor,13,10,very_old,3,False,yes
3870,Female,Married,False,2,on,premium,8,10,negative,upi,cancelled,UK,Telugu,12,14,76,3,False,good,1,6,very_old,3,False,no
3871,Male,Single,True,1,on,basic,8,19,negative,card,cancelled,India,Hindi,11,5,10,1,True,good,11,9,very_old,3,False,yes
3872,Female,Married,False,9,off,basic,8,5,neutral,card,active,Germany,Telugu,47,7,99,2,True,better,14,6,very_old,11,False,no
3873,Male,Married,True,9,off,gold,6,14,neutral,card,active,India,English,30,13,108,2,False,good,4,10,very_old,13,False,no
3874,Female,Married,False,9,off,basic,9,13,neutral,upi,active,Germany,English,44,25,155,4,False,better,18,4,recent,5,True,no
3875,Female,Married,False,5,on,basic,8,14,positive,card,cancelled,India,Hindi,19,11,93,1,False,poor,17,5,very_old,2,False,no
3876,Female,Married,True,9,off,gold,10,2,positive,upi,expired,Germany,Hindi,45,14,85,5,False,better,6,1,old,6,True,yes
3877,Male,Married,False,6,on,basic,3,11,negative,card,cancelled,Germany,Telugu,34,12,34,4,True,better,4,7,recent,17,True,yes
3878,Male,Single,True,7,on,premium,1,7,negative,upi,cancelled,UK,Hindi,36,23,129,6,True,better,18,0,very_old,14,True,yes
3879,Male,Married,False,9,on,premium,6,6,neutral,paypal,expired,India,Hindi,2,23,91,10,False,better,8,5,very_old,5,False,no
3880,Male,Single,False,5,on,basic,1,16,neutral,paypal,active,UK,English,38,13,26,10,False,better,18,7,recent,9,False,no
3881,Male,Married,False,9,on,basic,4,16,neutral,card,cancelled,Germany,English,14,20,106,7,False,good,2,5,old,13,True,no
3882,Female,Single,True,7,off,premium,4,12,negative,upi,cancelled,US,English,0,1,117,4,True,poor,8,3,very_old,12,True,yes
3883,Male,Married,False,6,off,premium,6,2,neutral,card,expired,India,Telugu,25,1,105,2,True,poor,13,7,very_old,17,True,yes
3884,Male,Married,True,7,on,basic,7,3,negative,upi,cancelled,US,Hindi,29,0,26,1,True,better,13,5,very_old,20,True,yes
3885,Male,Single,False,10,off,basic,2,16,neutral,card,active,US,Telugu,44,21,142,8,False,better,5,10,very_old,17,True,yes
3886,Female,Married,True,8,off,basic,10,17,positive,card,expired,US,Hindi,42,4,198,6,False,good,4,8,very_old,19,False,yes
3887,Female,Married,True,2,on,basic,9,17,positive,card,cancelled,US,Hindi,38,24,19,4,True,good,20,7,very_old,4,False,yes
3888,Female,Married,False,8,on,gold,7,8,positive,upi,active,UK,Hindi,36,18,66,1,False,good,5,9,very_old,4,True,no
3889,Male,Married,True,10,on,gold,10,7,positive,paypal,expired,Germany,Hindi,7,9,73,10,True,good,7,8,recent,13,True,no
3890,Female,Married,False,1,off,premium,3,8,positive,paypal,active,UK,English,38,6,14,9,True,good,15,6,old,7,True,no
3891,Male,Single,False,3,off,premium,6,10,neutral,upi,cancelled,India,Hindi,30,4,14,10,False,poor,5,7,very_old,0,False,yes
3892,Female,Married,False,7,on,premium,1,1,positive,upi,active,India,Telugu,38,24,152,4,False,poor,13,7,old,0,True,no
3893,Male,Single,False,4,on,gold,2,15,neutral,upi,expired,UK,English,18,0,78,4,False,good,14,10,very_old,10,True,no
3894,Male,Single,True,4,off,premium,9,1,neutral,card,cancelled,India,Hindi,47,2,52,4,False,good,17,10,old,18,False,yes
3895,Female,Single,False,5,on,basic,5,10,negative,card,expired,UK,Telugu,42,22,158,1,True,good,4,9,very_old,17,True,yes
3896,Male,Single,True,3,on,basic,6,0,neutral,paypal,cancelled,US,Telugu,16,8,27,3,True,better,3,7,recent,8,False,yes
3897,Female,Married,False,8,on,gold,10,8,neutral,card,active,India,Telugu,27,22,162,2,False,good,10,10,recent,1,False,no
3898,Male,Single,True,2,on,gold,5,14,neutral,paypal,expired,US,Hindi,38,0,84,6,True,better,20,6,recent,6,True,no
3899,Male,Single,False,8,off,premium,7,16,neutral,upi,cancelled,UK,Hindi,42,4,121,10,True,good,10,10,old,13,True,yes
3900,Female,Married,False,3,on,gold,4,15,negative,upi,expired,India,Telugu,15,9,25,3,True,better,19,9,very_old,12,False,yes
3901,Male,Married,False,6,off,basic,6,10,negative,upi,cancelled,UK,Hindi,40,16,121,4,False,good,5,7,old,13,True,yes
3902,Male,Married,False,2,on,gold,6,4,neutral,paypal,expired,India,English,42,16,181,10,True,better,10,4,recent,8,True,no
3903,Female,Single,True,1,on,basic,6,20,positive,card,active,Germany,Telugu,4,13,73,5,False,better,6,4,recent,3,True,no
3904,Female,Single,False,10,on,basic,1,3,neutral,upi,expired,India,Hindi,4,21,34,9,True,poor,15,8,old,14,True,no
3905,Male,Single,True,9,off,gold,5,15,positive,card,active,UK,Hindi,34,3,168,3,False,good,14,8,old,20,False,yes
3906,Male,Single,False,5,on,premium,5,18,negative,paypal,active,Germany,Telugu,29,5,17,7,False,good,11,3,old,2,False,no
3907,Female,Single,False,6,on,premium,10,6,positive,upi,cancelled,India,English,49,4,137,6,True,poor,11,8,recent,15,True,no
3908,Female,Married,False,6,off,gold,3,4,neutral,upi,expired,UK,English,39,12,195,6,False,good,16,9,very_old,10,True,yes
3909,Female,Single,False,8,on,premium,7,1,positive,upi,cancelled,UK,Hindi,10,10,70,6,False,better,10,6,very_old,0,True,no
3910,Male,Married,False,1,on,gold,4,7,neutral,upi,active,UK,Hindi,41,14,58,4,True,poor,7,9,old,12,False,yes
3911,Male,Married,True,4,on,gold,1,16,positive,upi,cancelled,India,Telugu,16,11,68,4,False,poor,5,3,old,15,True,no
3912,Female,Single,False,7,off,premium,10,5,positive,paypal,cancelled,UK,Hindi,28,11,27,10,True,better,14,2,very_old,9,True,no
3913,Female,Married,True,1,off,gold,2,16,neutral,card,active,US,Hindi,7,12,180,8,False,good,8,1,recent,19,True,no
3914,Male,Married,True,7,off,gold,10,20,negative,upi,active,India,Telugu,46,22,125,6,True,better,5,0,very_old,6,False,no
3915,Female,Married,False,8,off,premium,10,13,neutral,upi,cancelled,UK,English,29,15,175,7,False,better,1,10,old,10,True,no
3916,Male,Married,True,3,on,gold,8,2,neutral,upi,expired,US,Telugu,41,1,190,9,True,poor,15,6,recent,4,False,yes
3917,Male,Married,True,10,off,gold,2,17,neutral,card,active,UK,Telugu,40,1,105,2,True,poor,3,7,old,2,False,no
3918,Male,Married,True,4,off,basic,1,10,neutral,upi,expired,Germany,Hindi,14,17,130,5,True,good,7,1,old,17,False,no
3919,Male,Single,False,6,on,basic,2,9,positive,upi,cancelled,UK,Telugu,43,25,87,10,False,good,2,0,old,10,True,no
3920,Male,Single,False,3,on,basic,6,20,neutral,card,cancelled,Germany,Telugu,14,5,90,2,True,better,7,8,recent,5,True,yes
3921,Female,Married,False,10,off,gold,3,19,positive,card,expired,India,Hindi,26,5,34,6,False,poor,7,6,old,13,True,yes
3922,Female,Married,False,3,on,premium,8,5,neutral,paypal,expired,India,Hindi,43,1,15,5,False,good,14,3,old,16,True,yes
3923,Female,Single,True,4,off,premium,6,4,positive,card,active,US,Telugu,11,22,110,2,True,good,11,6,recent,11,True,no
3924,Female,Single,False,9,on,basic,2,14,negative,paypal,cancelled,UK,Hindi,15,6,67,5,False,poor,7,10,old,2,False,yes
3925,Female,Married,True,10,on,basic,4,8,negative,upi,cancelled,US,Hindi,29,15,175,10,False,good,11,8,old,16,True,yes
3926,Male,Single,False,1,off,gold,8,18,negative,card,active,India,Telugu,30,9,37,7,False,poor,20,1,recent,16,True,yes
3927,Male,Single,True,9,on,gold,4,1,negative,paypal,cancelled,US,English,48,9,116,7,False,good,1,5,old,16,False,yes
3928,Male,Single,True,3,on,gold,3,4,negative,paypal,active,UK,English,27,24,86,2,False,better,12,8,recent,17,False,no
3929,Female,Single,False,3,off,premium,10,20,negative,paypal,expired,UK,Hindi,21,8,153,1,True,poor,8,3,very_old,14,True,yes
3930,Female,Single,False,9,off,premium,9,10,negative,paypal,cancelled,US,English,16,23,189,1,True,poor,12,3,very_old,1,True,no
3931,Female,Married,False,9,on,basic,9,9,neutral,card,active,UK,English,26,7,38,5,True,better,2,6,very_old,15,False,no
3932,Female,Single,False,1,off,gold,8,1,negative,card,expired,India,English,21,15,13,6,False,good,1,0,recent,14,True,no
3933,Female,Married,True,10,on,premium,2,17,negative,paypal,cancelled,US,Hindi,42,23,176,7,False,good,10,1,old,13,False,yes
3934,Female,Married,True,5,off,premium,6,6,negative,upi,expired,India,Hindi,45,4,93,2,True,better,1,7,very_old,8,False,yes
3935,Male,Single,False,8,off,premium,7,2,neutral,paypal,expired,US,Telugu,43,10,29,1,True,better,16,9,recent,2,True,yes
3936,Female,Single,True,4,off,gold,9,18,positive,card,active,UK,Telugu,39,15,134,5,False,better,4,4,old,6,False,no
3937,Male,Single,False,6,off,basic,5,8,positive,card,cancelled,India,English,30,8,65,5,False,better,5,7,old,10,True,no
3938,Male,Married,True,1,on,basic,10,1,neutral,card,expired,UK,Hindi,29,22,11,3,True,good,20,4,old,10,True,no
3939,Female,Married,False,3,on,premium,10,12,neutral,upi,cancelled,UK,English,28,24,142,10,True,good,1,2,recent,6,True,yes
3940,Female,Single,False,3,off,premium,3,11,negative,card,expired,US,English,50,6,124,9,False,better,17,7,very_old,19,True,yes
3941,Male,Married,False,7,on,premium,5,18,positive,upi,active,Germany,English,17,22,35,6,True,better,11,8,old,2,True,no
3942,Female,Single,False,8,off,gold,3,16,negative,card,expired,UK,Hindi,3,15,88,5,False,better,8,7,old,0,True,yes
3943,Female,Single,False,5,off,gold,1,17,negative,card,expired,Germany,Hindi,26,0,157,4,True,poor,10,1,old,11,True,no
3944,Male,Married,True,2,off,premium,5,18,positive,card,cancelled,UK,Telugu,40,2,11,6,False,good,16,6,recent,9,False,yes
3945,Male,Married,True,1,on,gold,3,12,neutral,paypal,cancelled,US,Telugu,12,6,95,3,True,good,8,2,old,14,True,yes
3946,Female,Married,False,5,on,gold,4,8,neutral,card,cancelled,UK,Hindi,20,6,180,4,False,poor,4,1,recent,14,False,no
3947,Male,Married,True,6,on,premium,4,10,positive,paypal,expired,UK,English,42,2,104,2,True,poor,16,9,very_old,17,True,yes
3948,Male,Single,False,10,on,gold,2,14,neutral,card,expired,UK,English,36,24,80,9,True,better,14,7,recent,15,False,yes
3949,Male,Married,False,1,off,premium,9,20,neutral,upi,cancelled,US,Telugu,37,18,56,3,False,poor,8,5,very_old,4,True,no
3950,Male,Married,True,3,on,basic,8,14,negative,paypal,expired,Germany,English,4,16,16,3,True,good,2,2,recent,14,True,yes
3951,Female,Married,False,6,off,gold,9,1,negative,paypal,active,UK,English,23,15,91,4,False,good,14,9,old,4,True,no
3952,Male,Married,False,10,off,basic,10,15,negative,upi,cancelled,India,Hindi,3,7,157,6,True,better,7,7,recent,16,True,no
3953,Female,Single,False,10,on,gold,1,3,negative,card,active,US,Telugu,2,2,61,7,True,better,5,1,old,7,False,no
3954,Female,Married,True,10,on,gold,4,19,positive,paypal,cancelled,India,English,39,25,108,4,True,good,19,4,old,0,False,no
3955,Male,Single,False,6,on,premium,6,3,positive,upi,cancelled,India,Telugu,37,4,30,9,False,good,8,0,very_old,6,True,no
3956,Female,Married,True,6,on,premium,6,7,positive,card,cancelled,India,Hindi,40,5,61,3,False,better,16,6,very_old,14,True,yes
3957,Female,Single,False,8,off,basic,10,13,neutral,card,expired,India,Telugu,24,21,183,9,True,better,3,6,old,6,False,no
3958,Female,Married,False,8,off,basic,5,11,positive,paypal,expired,UK,Hindi,28,5,80,8,True,better,12,9,recent,16,False,no
3959,Male,Married,False,2,on,basic,7,2,negative,upi,active,UK,Hindi,29,10,47,1,False,poor,3,0,old,3,False,no
3960,Female,Married,False,3,off,basic,1,5,neutral,card,cancelled,Germany,English,49,16,79,4,True,good,1,9,very_old,7,False,yes
3961,Female,Married,True,5,on,gold,3,11,negative,paypal,expired,US,English,32,21,56,4,True,poor,14,1,old,14,True,no
3962,Female,Married,True,4,off,gold,8,8,positive,card,expired,India,Hindi,50,21,137,2,True,poor,20,4,old,13,False,yes
3963,Female,Single,False,6,on,gold,8,15,neutral,upi,cancelled,US,Telugu,22,5,151,8,False,good,19,0,recent,9,False,yes
3964,Female,Married,True,10,on,basic,5,18,neutral,card,cancelled,US,Telugu,20,3,47,5,False,poor,13,5,very_old,15,False,yes
3965,Male,Married,True,8,on,premium,5,11,positive,upi,cancelled,Germany,Hindi,49,13,190,6,True,good,2,8,old,14,False,no
3966,Female,Married,True,5,off,premium,3,1,positive,upi,cancelled,India,Hindi,23,10,118,6,True,poor,16,8,old,8,False,no
3967,Female,Married,True,7,off,premium,2,0,neutral,paypal,cancelled,UK,English,4,12,43,2,True,better,5,0,old,14,False,no
3968,Male,Married,True,7,on,basic,3,10,positive,paypal,active,UK,English,5,18,179,4,True,poor,7,0,recent,15,False,no
3969,Male,Single,False,7,off,basic,7,14,neutral,upi,expired,UK,Hindi,40,10,21,5,False,better,14,0,recent,15,True,yes
3970,Male,Married,False,4,on,basic,8,14,negative,card,active,UK,Telugu,40,20,43,2,False,better,14,5,very_old,9,False,yes
3971,Female,Married,True,8,on,basic,4,15,neutral,card,active,Germany,English,32,5,50,8,True,good,13,10,recent,2,True,no
3972,Female,Married,True,8,on,gold,1,1,neutral,card,expired,UK,Telugu,6,18,65,10,True,better,8,2,old,13,True,yes
3973,Male,Married,True,9,on,basic,5,1,neutral,paypal,active,US,Hindi,48,18,49,8,True,good,13,0,recent,14,True,yes
3974,Male,Married,True,2,off,basic,9,6,negative,paypal,cancelled,US,English,33,20,122,3,True,better,13,2,old,11,True,yes
3975,Female,Married,False,2,on,premium,4,10,neutral,upi,expired,India,Hindi,7,1,95,8,True,better,19,3,old,9,True,no
3976,Female,Married,False,5,on,basic,6,9,positive,paypal,active,Germany,Telugu,28,25,178,2,True,better,6,0,very_old,4,True,no
3977,Female,Single,True,2,off,premium,6,10,positive,card,cancelled,UK,English,44,10,140,3,True,good,12,1,recent,7,False,no
3978,Male,Single,True,5,on,premium,9,0,negative,upi,expired,India,Hindi,28,10,41,5,True,better,8,6,very_old,4,False,yes
3979,Female,Single,False,6,off,basic,8,0,neutral,paypal,active,UK,Telugu,7,3,65,9,False,poor,8,4,very_old,10,False,no
3980,Male,Married,False,9,off,premium,1,15,neutral,upi,cancelled,UK,English,34,7,74,8,True,better,12,8,recent,8,True,no
3981,Female,Single,False,9,on,basic,3,20,neutral,card,expired,India,English,16,25,55,2,False,better,8,3,old,14,False,no
3982,Female,Single,True,7,off,premium,9,18,neutral,paypal,active,US,Hindi,9,2,98,5,False,better,20,9,old,7,True,no
3983,Female,Single,False,7,off,gold,10,5,neutral,paypal,active,India,English,44,6,141,4,False,poor,19,5,old,1,False,no
3984,Female,Married,True,4,on,basic,8,12,positive,card,active,India,English,18,12,195,8,True,better,4,5,old,10,True,no
3985,Male,Married,True,9,off,premium,6,5,positive,card,cancelled,Germany,Telugu,44,3,135,1,False,poor,18,2,recent,15,True,yes
3986,Male,Single,True,4,on,basic,9,4,positive,upi,active,India,Telugu,9,6,45,10,True,good,16,6,very_old,5,True,no
3987,Female,Single,True,3,off,gold,9,18,positive,paypal,active,US,Telugu,2,8,195,9,True,poor,12,5,very_old,9,True,no
3988,Female,Married,False,3,on,basic,5,4,positive,paypal,cancelled,Germany,Hindi,9,16,165,5,True,poor,5,0,old,11,True,no
3989,Male,Single,False,5,on,basic,9,10,negative,paypal,cancelled,UK,English,32,17,31,4,True,better,5,2,recent,6,False,yes
3990,Male,Single,True,5,on,basic,5,1,negative,upi,cancelled,UK,English,11,13,191,8,True,better,19,1,old,16,True,no
3991,Male,Single,True,1,on,premium,8,12,neutral,upi,active,India,English,20,10,99,2,False,better,10,1,very_old,20,False,no
3992,Male,Single,True,10,off,premium,8,18,negative,card,expired,UK,English,30,7,71,1,True,good,14,2,old,7,False,yes
3993,Male,Married,False,5,on,basic,1,1,neutral,paypal,expired,Germany,English,16,8,139,2,False,poor,11,8,very_old,3,False,yes
3994,Male,Married,False,6,off,gold,9,20,positive,paypal,active,UK,English,21,16,107,9,False,good,11,3,very_old,11,False,no
3995,Female,Married,True,2,off,premium,9,13,neutral,card,cancelled,India,Hindi,32,23,161,1,True,poor,1,2,recent,12,True,yes
3996,Female,Single,True,2,off,premium,7,14,neutral,card,cancelled,US,English,3,17,117,5,True,poor,20,0,very_old,16,False,yes
3997,Female,Married,True,3,on,premium,1,3,negative,paypal,cancelled,UK,Hindi,0,19,124,10,False,poor,15,9,recent,6,False,no
3998,Female,Single,False,2,on,basic,1,13,positive,card,expired,India,Hindi,19,6,73,8,False,poor,13,6,very_old,7,True,no
3999,Male,Married,False,10,off,basic,10,18,positive,upi,expired,US,English,16,22,182,5,False,poor,13,4,very_old,15,False,no
4000,Male,Married,False,2,off,gold,1,19,neutral,paypal,active,US,Telugu,27,3,159,8,False,better,16,2,old,11,True,no
4001,Male,Married,False,10,off,premium,7,0,positive,paypal,expired,US,Telugu,14,19,86,6,True,poor,13,4,old,0,False,no
4002,Male,Married,True,3,on,premium,2,1,positive,paypal,active,US,English,25,3,135,7,False,poor,20,3,very_old,17,False,no
4003,Female,Married,True,5,on,gold,10,11,negative,paypal,cancelled,India,Hindi,8,11,157,2,False,poor,8,5,very_old,12,True,yes
4004,Female,Single,False,5,on,premium,9,7,negative,paypal,active,India,English,46,5,61,2,False,good,17,0,recent,14,True,no
4005,Male,Married,False,10,on,premium,10,6,positive,paypal,active,UK,Hindi,8,1,25,6,True,poor,15,7,recent,13,True,no
4006,Female,Married,True,10,off,basic,2,17,positive,paypal,expired,US,English,7,23,86,9,False,poor,19,2,old,8,False,no
4007,Male,Married,True,2,off,basic,10,1,positive,card,cancelled,Germany,Hindi,46,2,55,6,False,poor,2,5,recent,0,True,yes
4008,Male,Single,False,5,on,gold,4,2,negative,paypal,expired,Germany,Telugu,6,20,123,6,False,better,4,7,very_old,20,True,yes
4009,Male,Married,True,6,on,premium,2,18,negative,paypal,expired,UK,Hindi,10,21,11,6,False,poor,2,4,old,14,True,no
4010,Male,Single,False,5,off,premium,4,12,negative,upi,cancelled,US,Hindi,28,9,107,7,False,good,1,2,old,15,True,yes
4011,Male,Married,True,8,off,basic,2,1,negative,card,cancelled,UK,Hindi,20,21,32,8,False,poor,9,3,old,19,True,yes
4012,Male,Single,False,3,off,basic,3,11,negative,card,cancelled,India,Telugu,7,4,190,8,False,better,19,3,recent,6,True,yes
4013,Female,Married,False,3,off,premium,5,10,positive,paypal,active,US,English,3,22,12,4,True,poor,15,10,recent,14,False,no
4014,Male,Single,True,5,on,basic,3,5,negative,card,active,India,Hindi,41,2,169,1,True,poor,11,1,recent,18,True,yes
4015,Female,Married,False,2,off,gold,8,0,neutral,upi,expired,UK,Hindi,41,9,199,2,True,good,10,8,very_old,19,True,yes
4016,Male,Single,False,5,on,basic,5,6,positive,paypal,active,Germany,Telugu,27,12,37,1,False,better,19,4,old,1,False,no
4017,Female,Single,True,9,on,gold,1,18,neutral,paypal,active,US,Telugu,38,2,35,3,False,poor,5,8,very_old,6,True,yes
4018,Male,Single,False,9,on,gold,9,5,positive,paypal,active,US,Telugu,45,10,70,6,True,good,19,7,old,18,False,no
4019,Female,Single,True,5,on,basic,7,0,negative,upi,expired,Germany,Hindi,32,0,111,7,True,good,3,4,old,14,False,no
4020,Male,Married,True,3,off,premium,1,16,neutral,paypal,active,US,Hindi,42,22,61,9,True,good,8,1,very_old,14,False,no
4021,Female,Married,True,7,on,basic,7,0,positive,upi,expired,UK,English,40,21,193,3,False,poor,12,9,very_old,15,False,yes
4022,Female,Married,True,4,on,premium,8,4,neutral,card,expired,India,Hindi,50,18,123,9,False,poor,14,7,old,19,False,yes
4023,Male,Single,True,9,on,premium,8,8,positive,card,expired,Germany,English,28,17,103,10,False,better,6,1,recent,1,False,no
4024,Male,Married,False,2,off,basic,1,17,negative,upi,cancelled,UK,Telugu,13,7,181,9,True,good,7,0,very_old,19,True,yes
4025,Male,Married,False,2,on,gold,7,0,neutral,card,cancelled,UK,Hindi,31,22,96,9,False,good,18,6,very_old,7,False,yes
4026,Female,Single,False,1,on,gold,6,1,neutral,upi,active,UK,Hindi,9,1,66,9,True,better,1,9,old,20,True,no
4027,Male,Single,False,3,off,basic,5,11,negative,paypal,cancelled,India,Telugu,35,3,112,1,True,poor,2,2,very_old,17,False,yes
4028,Male,Married,False,8,on,gold,2,18,negative,card,cancelled,India,Hindi,15,23,13,6,True,better,11,10,very_old,19,True,yes
4029,Female,Married,True,2,off,basic,4,1,negative,upi,active,UK,Telugu,23,22,190,10,False,better,11,4,old,11,True,yes
4030,Male,Single,False,3,on,gold,1,20,positive,upi,cancelled,US,Telugu,47,3,68,5,False,poor,6,2,old,12,False,yes
4031,Female,Married,True,6,on,basic,8,14,negative,paypal,active,US,Hindi,6,0,168,3,True,better,5,10,old,3,True,no
4032,Female,Married,True,1,off,gold,4,0,neutral,paypal,expired,UK,Hindi,1,7,92,2,True,better,17,6,very_old,19,False,no
4033,Male,Single,True,1,off,premium,8,7,neutral,upi,active,UK,Hindi,33,15,86,7,True,good,16,10,very_old,4,True,no
4034,Female,Married,True,9,off,basic,1,17,neutral,card,expired,US,English,50,1,59,5,False,good,14,5,very_old,20,True,yes
4035,Female,Married,True,4,off,gold,10,0,neutral,paypal,cancelled,UK,Telugu,4,10,154,3,True,better,10,10,recent,19,True,yes
4036,Female,Married,True,6,off,gold,5,15,negative,card,cancelled,UK,Telugu,37,24,57,2,False,good,12,4,recent,20,False,yes
4037,Female,Married,False,7,on,gold,9,20,neutral,card,expired,UK,Telugu,29,6,120,4,False,good,2,2,very_old,0,False,no
4038,Female,Married,False,3,off,premium,8,10,negative,upi,expired,US,Hindi,33,7,103,6,False,poor,8,6,recent,19,False,yes
4039,Male,Married,False,2,off,gold,3,17,positive,upi,active,US,Telugu,24,0,33,4,False,good,10,4,recent,13,True,no
4040,Male,Single,False,4,off,premium,6,1,negative,upi,cancelled,Germany,Telugu,38,11,141,7,False,good,19,10,old,1,True,yes
4041,Male,Married,True,5,on,basic,10,5,negative,card,cancelled,India,English,22,12,124,2,True,good,16,1,old,19,False,yes
4042,Male,Married,False,8,off,premium,6,15,negative,upi,cancelled,US,Telugu,31,9,122,7,False,better,10,0,very_old,13,False,yes
4043,Male,Single,True,7,off,basic,10,8,neutral,paypal,cancelled,UK,Hindi,43,21,188,5,True,good,18,8,old,5,False,yes
4044,Female,Married,False,9,off,gold,10,15,positive,upi,active,India,Telugu,23,16,187,6,False,good,15,3,recent,19,True,no
4045,Female,Single,True,6,off,gold,2,6,neutral,paypal,cancelled,UK,Hindi,18,18,12,6,True,better,5,0,recent,15,True,no
4046,Male,Married,True,2,off,gold,1,20,neutral,card,cancelled,US,Hindi,9,20,184,8,True,poor,11,7,recent,16,False,no
4047,Female,Married,False,3,off,premium,2,8,neutral,card,cancelled,India,Telugu,17,13,122,2,True,better,18,1,old,11,False,no
4048,Female,Single,False,7,on,premium,4,9,positive,card,expired,India,Hindi,34,16,78,3,False,good,16,9,very_old,2,True,no
4049,Male,Married,True,5,on,gold,3,14,negative,upi,active,US,English,30,3,183,5,True,better,1,5,old,15,True,yes
4050,Male,Single,False,7,on,premium,1,17,negative,card,active,US,English,11,16,164,5,True,better,6,8,very_old,6,True,no
4051,Male,Single,True,10,on,premium,10,17,neutral,paypal,expired,Germany,Hindi,32,11,109,6,True,good,10,6,old,16,True,yes
4052,Female,Married,False,3,on,gold,7,12,negative,paypal,cancelled,UK,Hindi,32,23,76,3,True,better,12,3,recent,13,True,yes
4053,Male,Married,False,2,on,premium,8,10,negative,card,cancelled,Germany,Hindi,13,24,117,2,False,poor,1,1,recent,20,True,yes
4054,Male,Married,False,6,on,premium,3,6,positive,upi,expired,India,Telugu,37,0,62,3,False,good,15,7,recent,16,False,no
4055,Female,Married,False,5,on,basic,2,5,positive,upi,cancelled,Germany,Telugu,39,9,127,4,True,good,5,7,old,4,True,yes
4056,Male,Married,True,3,on,premium,5,14,positive,upi,active,Germany,English,22,17,74,3,False,good,1,9,recent,1,True,no
4057,Male,Single,False,3,on,premium,9,8,neutral,upi,expired,US,Telugu,26,3,89,9,False,poor,17,8,recent,13,True,yes
4058,Male,Single,False,4,off,gold,6,12,neutral,paypal,cancelled,India,English,6,9,48,7,True,better,19,10,recent,19,True,no
4059,Female,Married,False,6,off,basic,9,20,positive,card,cancelled,US,Hindi,7,7,178,7,True,better,16,5,old,3,True,no
4060,Female,Single,False,5,off,basic,8,12,negative,paypal,cancelled,US,Hindi,12,7,96,2,False,poor,14,2,very_old,9,False,yes
4061,Male,Single,False,1,off,basic,3,4,neutral,upi,active,US,Hindi,37,5,162,8,True,good,6,6,recent,15,True,yes
4062,Female,Married,False,5,on,premium,2,15,negative,card,cancelled,Germany,English,45,7,191,2,True,better,9,7,very_old,0,True,yes
4063,Female,Married,False,4,off,basic,4,10,neutral,card,cancelled,US,Telugu,25,13,137,6,False,better,5,7,old,20,True,no
4064,Female,Single,False,9,off,basic,2,18,negative,card,expired,UK,English,32,20,113,7,False,better,9,8,old,15,False,yes
4065,Male,Single,False,3,off,basic,10,12,neutral,upi,active,India,English,40,24,27,1,False,good,3,9,very_old,1,True,no
4066,Male,Married,False,4,off,basic,10,14,neutral,card,active,US,English,11,2,67,4,True,good,15,8,very_old,12,True,no
4067,Male,Married,True,5,on,premium,1,14,positive,card,active,India,Telugu,14,20,33,5,False,better,2,8,very_old,15,True,no
4068,Female,Married,False,1,on,gold,10,0,neutral,card,cancelled,Germany,English,34,14,125,1,True,better,5,6,very_old,16,False,yes
4069,Male,Single,False,9,off,basic,9,14,negative,upi,expired,India,Telugu,32,4,152,6,True,better,8,4,recent,7,True,yes
4070,Female,Married,False,1,on,basic,3,10,positive,upi,expired,UK,Telugu,7,23,42,10,False,better,13,10,old,19,True,no
4071,Female,Married,False,2,on,basic,1,19,neutral,upi,cancelled,US,Hindi,11,7,76,8,False,good,13,1,recent,6,False,no
4072,Female,Married,True,3,on,premium,3,16,negative,paypal,cancelled,Germany,Hindi,45,8,12,9,True,poor,12,8,old,14,True,yes
4073,Male,Single,False,9,on,basic,9,3,negative,upi,cancelled,US,English,11,17,153,6,True,poor,14,6,very_old,5,False,yes
4074,Female,Single,False,6,on,gold,8,9,neutral,upi,active,Germany,English,49,3,104,6,True,better,11,4,recent,10,False,no
4075,Female,Married,False,7,off,gold,8,16,neutral,card,cancelled,UK,Hindi,5,9,90,1,True,better,12,2,old,3,True,yes
4076,Female,Single,True,4,off,premium,10,3,positive,card,active,UK,English,23,24,41,2,True,poor,3,0,very_old,8,True,no
4077,Female,Single,True,2,off,gold,2,2,neutral,upi,cancelled,Germany,English,35,21,159,1,True,better,15,2,recent,6,True,no
4078,Female,Married,False,10,on,basic,6,10,positive,upi,expired,India,English,48,7,165,7,False,good,11,1,recent,6,False,no
4079,Male,Married,False,9,off,gold,8,3,neutral,paypal,active,Germany,Telugu,50,2,99,5,False,poor,14,2,old,19,False,yes
4080,Male,Married,True,7,off,basic,4,19,neutral,upi,active,UK,English,47,0,156,10,False,poor,6,3,recent,4,True,yes
4081,Male,Single,False,7,on,premium,10,2,neutral,upi,cancelled,India,Telugu,33,9,58,7,True,good,6,5,recent,20,True,no
4082,Female,Single,True,4,on,gold,5,19,neutral,paypal,cancelled,US,English,25,17,175,6,True,better,6,2,old,10,True,yes
4083,Female,Single,True,5,on,premium,5,5,neutral,upi,active,Germany,Hindi,3,8,74,2,False,poor,16,6,very_old,6,False,no
4084,Male,Single,True,6,on,gold,6,6,positive,paypal,cancelled,US,Telugu,46,22,112,1,False,poor,3,9,recent,15,True,no
4085,Male,Married,False,9,off,premium,4,15,positive,upi,expired,Germany,Telugu,20,12,195,2,False,better,16,9,very_old,19,True,yes
4086,Female,Married,False,3,on,basic,7,14,neutral,paypal,cancelled,Germany,Telugu,42,9,75,8,True,good,5,0,recent,4,False,yes
4087,Male,Single,False,10,off,gold,7,19,positive,paypal,active,India,Telugu,40,24,137,8,True,good,15,4,very_old,15,False,yes
4088,Male,Married,True,5,off,basic,9,5,negative,paypal,active,India,Telugu,46,4,165,8,True,good,1,5,very_old,13,True,no
4089,Female,Married,True,3,off,premium,2,2,positive,upi,expired,Germany,Telugu,32,20,119,7,True,poor,12,9,very_old,9,False,yes
4090,Male,Single,True,4,on,gold,4,15,negative,card,cancelled,Germany,English,45,12,95,4,True,poor,9,7,recent,7,True,yes
4091,Female,Single,True,5,off,premium,1,3,positive,upi,active,UK,Telugu,43,0,52,10,False,poor,16,1,old,1,True,yes
4092,Female,Married,True,2,on,basic,8,1,negative,card,expired,Germany,Hindi,16,24,182,3,True,good,1,1,recent,0,True,no
4093,Male,Single,False,4,on,gold,6,3,negative,card,cancelled,India,Hindi,35,17,116,1,True,poor,15,0,very_old,11,True,yes
4094,Male,Single,True,2,off,gold,6,2,positive,card,expired,Germany,English,26,5,71,4,False,better,1,3,old,15,True,yes
4095,Male,Married,True,1,off,basic,4,17,neutral,card,cancelled,UK,Telugu,38,1,78,4,False,better,1,9,recent,9,False,yes
4096,Male,Married,True,3,off,gold,3,1,neutral,upi,cancelled,UK,Telugu,0,15,111,6,True,better,11,9,old,19,False,yes
4097,Female,Single,False,6,on,premium,10,14,negative,card,expired,UK,Hindi,33,17,100,6,False,better,10,1,recent,1,False,yes
4098,Male,Single,True,5,on,basic,10,0,neutral,upi,expired,Germany,Telugu,31,13,130,10,True,poor,10,8,very_old,14,False,yes
4099,Female,Single,True,5,on,premium,8,20,negative,paypal,active,Germany,Hindi,45,3,57,4,False,better,13,1,old,15,True,yes
4100,Male,Single,False,2,on,basic,4,10,negative,card,expired,US,Hindi,22,3,11,3,True,better,9,0,very_old,5,True,yes
4101,Female,Married,False,1,on,gold,2,19,negative,upi,expired,US,Hindi,26,10,27,9,True,better,14,10,recent,18,True,yes
4102,Male,Married,True,9,off,premium,7,19,positive,card,cancelled,Germany,Hindi,33,23,82,1,False,better,5,2,recent,5,True,no
4103,Female,Married,True,7,off,premium,4,13,neutral,paypal,active,Germany,English,21,21,49,5,True,poor,17,9,recent,10,False,no
4104,Male,Married,False,1,off,gold,4,1,positive,paypal,expired,Germany,Telugu,17,20,50,6,True,better,5,10,very_old,4,True,no
4105,Female,Married,True,8,off,premium,10,11,neutral,paypal,cancelled,UK,English,27,1,73,4,True,better,5,2,very_old,20,False,yes
4106,Female,Single,False,2,on,basic,1,16,negative,paypal,cancelled,Germany,English,0,24,151,7,False,better,11,10,recent,1,False,no
4107,Female,Single,True,8,off,premium,5,6,positive,paypal,active,Germany,Telugu,10,23,34,7,True,good,10,7,very_old,12,False,no
4108,Female,Married,False,4,off,premium,2,19,neutral,upi,cancelled,US,Telugu,42,12,31,5,False,better,19,6,old,9,True,yes
4109,Male,Single,True,1,off,premium,3,4,negative,upi,expired,US,Hindi,38,12,171,10,True,poor,14,0,recent,1,True,no
4110,Male,Single,True,1,off,premium,1,4,positive,card,expired,Germany,Telugu,28,9,93,4,False,poor,5,2,old,1,False,yes
4111,Female,Single,False,5,off,gold,4,7,neutral,card,cancelled,Germany,Telugu,21,13,62,6,True,good,7,6,recent,17,False,no
4112,Female,Married,True,3,on,premium,8,14,positive,card,active,India,Hindi,49,19,24,8,True,better,14,8,very_old,1,True,no
4113,Female,Single,True,8,on,basic,8,13,negative,card,active,UK,Hindi,1,12,150,10,True,good,19,0,very_old,11,True,no
4114,Female,Single,False,6,off,basic,8,10,negative,paypal,active,US,English,48,10,155,2,False,good,9,3,recent,0,False,no
4115,Female,Single,False,10,off,premium,4,6,negative,upi,active,India,English,28,15,15,10,False,good,14,8,recent,20,True,yes
4116,Male,Married,False,6,on,basic,6,12,negative,card,active,Germany,English,9,6,160,10,True,good,18,3,very_old,17,True,no
4117,Male,Married,False,10,off,gold,7,9,neutral,upi,active,Germany,Hindi,33,15,29,4,False,better,20,0,very_old,7,False,yes
4118,Male,Single,False,3,off,gold,6,9,negative,paypal,active,UK,Hindi,29,14,95,7,False,better,6,6,old,10,False,yes
4119,Male,Married,False,10,off,premium,9,18,negative,upi,active,Germany,Telugu,41,19,127,9,False,good,11,8,very_old,0,True,yes
4120,Female,Single,False,4,off,gold,7,12,negative,card,expired,India,Telugu,10,21,73,8,False,better,18,1,old,12,True,no
4121,Male,Married,False,5,on,basic,1,12,positive,paypal,expired,Germany,English,33,13,197,7,True,better,5,2,recent,17,True,no
4122,Female,Married,True,8,on,gold,10,15,positive,card,cancelled,UK,Telugu,35,16,59,5,True,better,6,0,recent,6,True,no
4123,Male,Single,True,7,off,premium,7,12,neutral,card,active,UK,Hindi,43,13,30,9,True,better,20,5,very_old,16,True,no
4124,Male,Single,False,2,off,basic,6,3,neutral,upi,expired,Germany,Telugu,12,15,134,9,True,good,13,4,very_old,4,True,yes
4125,Male,Single,False,6,on,gold,3,20,positive,paypal,active,US,Telugu,34,16,59,6,True,poor,15,0,old,10,True,no
4126,Male,Single,False,10,on,gold,3,15,neutral,upi,cancelled,India,English,41,2,93,7,True,better,14,8,very_old,5,True,no
4127,Female,Married,False,3,on,gold,7,9,negative,card,cancelled,India,Hindi,19,19,97,6,False,poor,4,7,very_old,19,False,yes
4128,Female,Single,True,9,on,premium,10,12,neutral,paypal,cancelled,US,Telugu,14,5,79,3,False,good,18,6,old,4,False,yes
4129,Female,Single,True,6,on,premium,10,2,positive,upi,expired,US,English,25,11,197,8,True,poor,12,9,old,16,False,no
4130,Male,Single,True,10,off,basic,9,6,negative,paypal,active,US,Telugu,24,7,135,2,True,good,3,1,old,18,True,no
4131,Male,Single,True,9,off,premium,6,2,negative,paypal,cancelled,India,Telugu,46,20,32,8,True,poor,11,5,recent,5,False,yes
4132,Female,Single,True,10,off,gold,9,2,positive,card,cancelled,UK,Telugu,11,18,14,1,True,poor,6,7,recent,6,True,no
4133,Female,Single,False,9,off,premium,6,0,neutral,paypal,active,India,English,41,12,32,7,False,better,20,8,recent,19,True,no
4134,Male,Single,False,6,off,premium,3,17,negative,upi,cancelled,UK,Hindi,27,7,150,3,True,good,2,5,old,2,True,yes
4135,Male,Single,False,8,off,basic,10,10,negative,paypal,cancelled,India,Telugu,3,21,68,3,True,poor,13,2,recent,0,True,no
4136,Male,Married,True,4,off,gold,8,2,negative,upi,expired,India,English,40,25,145,6,True,good,13,10,old,16,False,yes
4137,Female,Single,True,2,on,basic,1,3,neutral,upi,active,UK,English,7,8,148,6,False,poor,14,5,old,6,False,no
4138,Female,Married,True,4,off,gold,8,16,neutral,card,cancelled,UK,Hindi,8,15,121,9,False,poor,2,8,recent,5,False,no
4139,Female,Married,True,2,on,gold,1,15,neutral,upi,expired,Germany,Telugu,0,13,66,7,False,poor,13,1,very_old,12,True,yes
4140,Male,Single,True,8,off,gold,7,16,positive,paypal,expired,US,Hindi,34,4,48,8,True,poor,8,4,recent,4,False,yes
4141,Female,Single,False,5,off,gold,3,11,neutral,upi,expired,Germany,Hindi,27,3,119,6,True,good,2,3,very_old,18,False,no
4142,Female,Single,False,1,off,premium,9,14,neutral,card,active,Germany,Telugu,48,22,41,2,True,poor,13,1,recent,20,False,no
4143,Male,Married,True,8,on,premium,5,20,positive,upi,expired,UK,English,38,13,14,5,True,good,3,7,old,1,True,yes
4144,Female,Single,False,9,on,premium,7,4,positive,paypal,cancelled,India,Telugu,47,18,54,8,False,poor,6,8,very_old,18,True,yes
4145,Male,Married,True,10,off,gold,4,14,negative,card,cancelled,Germany,Telugu,6,23,23,8,True,poor,3,4,recent,5,False,yes
4146,Male,Single,False,5,on,gold,10,16,neutral,paypal,expired,US,English,50,0,114,1,False,poor,3,8,very_old,10,False,yes
4147,Male,Married,True,5,on,basic,3,13,negative,card,cancelled,Germany,Telugu,24,7,98,1,True,better,15,5,recent,5,True,yes
4148,Female,Single,True,7,on,gold,9,13,negative,card,cancelled,UK,Telugu,35,1,38,8,True,better,17,8,recent,11,False,no
4149,Male,Single,True,10,off,gold,7,2,positive,upi,expired,US,Hindi,33,3,142,2,False,better,2,10,old,20,False,no
4150,Male,Single,True,10,off,premium,3,8,neutral,upi,expired,US,Hindi,6,23,147,5,False,good,14,10,old,14,False,yes
4151,Female,Married,False,1,on,gold,2,1,neutral,card,cancelled,Germany,English,5,7,183,4,True,better,7,6,old,16,True,no
4152,Male,Married,True,6,on,basic,8,15,neutral,card,active,Germany,English,45,19,123,10,True,poor,6,4,old,16,False,no
4153,Male,Single,True,8,off,premium,4,5,positive,card,active,US,Hindi,40,13,114,8,True,poor,20,3,very_old,14,False,yes
4154,Female,Married,False,1,off,basic,6,15,negative,paypal,expired,Germany,Hindi,22,5,147,3,False,better,3,0,very_old,9,False,yes
4155,Female,Married,True,9,on,premium,9,19,positive,upi,active,Germany,English,28,20,178,8,False,better,5,7,recent,16,True,no
4156,Female,Single,False,7,off,gold,7,13,positive,card,active,Germany,Telugu,18,1,114,4,False,poor,11,4,old,10,False,no
4157,Male,Single,True,5,off,gold,4,1,positive,upi,active,UK,Telugu,5,13,117,10,False,poor,16,3,recent,5,True,no
4158,Female,Married,False,2,on,gold,10,18,positive,card,cancelled,UK,Telugu,18,19,174,2,False,better,19,8,old,16,False,yes
4159,Male,Married,False,10,off,basic,9,5,negative,upi,active,US,English,9,0,72,2,False,better,20,9,recent,13,False,no
4160,Female,Single,False,3,on,basic,8,11,negative,upi,expired,India,Hindi,30,12,198,9,False,poor,14,9,very_old,9,False,yes
4161,Male,Married,False,4,off,basic,1,8,positive,card,cancelled,Germany,Telugu,3,16,166,5,False,poor,16,5,old,19,True,yes
4162,Male,Single,True,6,on,basic,1,1,neutral,upi,cancelled,India,English,44,23,80,9,True,good,8,4,very_old,14,False,yes
4163,Male,Single,True,4,on,gold,10,8,positive,paypal,active,Germany,Hindi,11,16,42,2,False,better,12,5,old,17,False,no
4164,Female,Married,False,3,on,gold,2,14,neutral,upi,cancelled,UK,Telugu,32,3,148,10,False,better,16,4,old,11,True,yes
4165,Male,Married,False,2,off,gold,1,4,negative,upi,active,India,Hindi,23,24,66,10,True,good,4,6,recent,12,True,no
4166,Female,Married,False,10,off,premium,6,12,positive,upi,expired,Germany,English,38,21,78,10,False,better,8,2,very_old,15,True,yes
4167,Female,Single,False,1,off,premium,5,12,negative,upi,expired,UK,Telugu,1,8,94,10,False,good,7,1,very_old,14,False,yes
4168,Male,Single,True,3,on,gold,1,12,negative,card,expired,India,Hindi,46,6,135,6,True,poor,2,5,recent,18,True,yes
4169,Female,Single,True,5,off,premium,2,14,negative,upi,expired,India,Telugu,38,16,73,9,False,better,20,2,old,3,False,yes
4170,Male,Single,True,6,on,premium,5,16,positive,card,cancelled,Germany,English,30,12,50,7,True,poor,8,2,recent,3,True,no
4171,Female,Married,False,9,on,basic,6,8,neutral,card,active,US,English,29,9,37,1,True,poor,5,4,very_old,18,False,no
4172,Male,Married,False,1,on,premium,2,6,neutral,upi,expired,India,Hindi,25,22,30,4,False,poor,13,6,very_old,16,False,yes
4173,Female,Single,True,9,on,gold,6,1,neutral,upi,cancelled,India,Hindi,29,25,51,9,False,better,17,8,very_old,18,False,yes
4174,Male,Single,True,10,off,gold,7,2,neutral,paypal,expired,UK,English,7,19,23,7,True,poor,16,1,old,3,False,yes
4175,Male,Single,False,10,on,gold,3,11,positive,upi,active,Germany,English,29,9,177,6,False,good,3,0,very_old,11,True,no
4176,Female,Married,True,2,off,premium,6,14,neutral,upi,expired,US,Hindi,4,25,112,10,False,good,7,2,recent,12,True,yes
4177,Male,Married,True,10,on,basic,1,17,negative,paypal,cancelled,UK,Telugu,40,9,23,5,False,good,20,7,very_old,14,True,yes
4178,Male,Single,False,1,on,premium,8,5,positive,upi,cancelled,UK,Telugu,11,0,130,8,False,better,18,3,very_old,5,True,yes
4179,Female,Single,False,9,on,premium,6,16,neutral,card,active,UK,English,38,16,167,10,False,better,13,1,recent,16,False,yes
4180,Female,Married,True,9,on,premium,7,17,neutral,paypal,expired,Germany,Hindi,23,15,23,7,False,good,18,3,very_old,11,False,no
4181,Female,Married,True,3,off,gold,4,10,neutral,card,cancelled,Germany,English,47,14,122,8,False,good,4,4,very_old,9,True,yes
4182,Male,Single,False,9,on,basic,9,18,negative,paypal,expired,Germany,Telugu,48,24,190,6,False,poor,9,10,very_old,2,True,yes
4183,Female,Married,True,4,off,gold,8,0,positive,card,cancelled,Germany,Telugu,48,13,40,2,False,good,17,10,old,20,False,yes
4184,Male,Married,False,1,on,premium,5,13,positive,paypal,active,Germany,English,21,14,160,6,False,better,5,10,recent,9,False,no
4185,Male,Single,True,7,off,basic,9,15,negative,card,cancelled,US,Telugu,9,5,154,7,False,good,20,2,recent,18,True,yes
4186,Male,Married,True,10,on,gold,4,15,positive,card,active,India,Telugu,16,4,48,4,True,good,6,0,old,14,True,no
4187,Female,Single,False,9,off,premium,3,17,neutral,upi,cancelled,UK,Hindi,47,0,46,1,True,good,19,1,recent,16,True,yes
4188,Male,Married,True,1,off,premium,4,10,positive,card,expired,UK,Hindi,42,17,51,9,True,better,4,4,very_old,8,False,yes
4189,Female,Married,False,5,on,gold,10,15,negative,card,cancelled,US,Telugu,18,11,192,5,False,better,20,6,very_old,13,True,yes
4190,Male,Married,False,8,off,gold,9,17,neutral,paypal,cancelled,US,English,43,17,137,1,False,poor,3,4,old,3,False,yes
4191,Male,Married,True,2,off,basic,5,4,neutral,card,cancelled,Germany,Telugu,12,1,112,7,False,good,15,4,very_old,14,True,yes
4192,Female,Married,False,9,off,premium,2,13,neutral,card,active,Germany,Telugu,3,12,124,6,True,poor,10,10,very_old,17,False,no
4193,Female,Single,False,7,off,gold,2,10,positive,upi,cancelled,UK,English,16,0,65,5,False,better,6,2,old,5,False,yes
4194,Female,Married,True,8,on,gold,9,17,positive,paypal,cancelled,Germany,Hindi,27,11,69,10,True,poor,3,6,very_old,15,True,yes
4195,Female,Married,False,3,on,gold,10,1,positive,upi,active,US,Hindi,43,3,130,4,False,better,8,0,recent,10,False,no
4196,Male,Married,False,9,off,basic,5,9,positive,card,cancelled,UK,Hindi,20,23,19,9,False,poor,6,6,recent,2,False,no
4197,Female,Married,False,3,on,gold,7,0,neutral,card,active,India,Hindi,28,5,98,7,True,poor,19,1,very_old,4,False,no
4198,Male,Married,True,2,off,basic,6,19,neutral,upi,cancelled,Germany,Hindi,1,2,75,2,False,poor,17,7,recent,8,True,no
4199,Female,Single,True,9,on,premium,7,1,positive,upi,expired,US,Hindi,39,11,30,2,False,better,16,1,old,16,True,yes
4200,Male,Single,False,1,on,basic,5,7,neutral,card,cancelled,India,English,13,13,182,2,False,better,15,10,recent,11,False,no
4201,Female,Single,True,9,off,premium,5,7,negative,upi,active,UK,Hindi,32,7,151,7,True,good,4,9,very_old,2,False,no
4202,Male,Married,True,10,on,basic,1,8,neutral,upi,active,US,English,31,8,97,5,True,good,10,6,very_old,7,False,no
4203,Male,Married,True,2,off,basic,8,15,positive,upi,cancelled,Germany,Telugu,24,12,163,5,False,good,20,2,very_old,2,True,yes
4204,Male,Married,False,2,on,basic,10,19,neutral,upi,cancelled,UK,English,41,5,156,8,True,good,16,4,old,18,True,no
4205,Female,Single,False,4,off,gold,6,14,positive,paypal,cancelled,Germany,English,6,2,187,5,True,good,5,10,old,18,False,no
4206,Female,Single,True,4,off,basic,1,7,negative,upi,active,US,English,23,4,34,1,True,better,5,6,very_old,0,True,yes
4207,Male,Single,True,3,off,gold,2,20,neutral,paypal,cancelled,India,Telugu,24,16,98,5,False,good,15,10,recent,3,True,yes
4208,Female,Married,True,6,off,basic,5,18,negative,paypal,cancelled,India,Hindi,8,2,148,8,True,good,6,8,recent,3,True,yes
4209,Female,Married,True,10,on,gold,2,5,negative,paypal,cancelled,UK,Telugu,27,13,145,7,True,poor,10,8,very_old,0,True,yes
4210,Female,Married,False,8,off,basic,4,11,negative,card,active,Germany,Hindi,30,7,45,3,True,poor,14,6,very_old,5,True,yes
4211,Female,Single,False,1,on,basic,5,7,negative,paypal,expired,India,Telugu,23,6,192,6,False,good,8,9,very_old,17,False,yes
4212,Female,Married,False,7,on,premium,6,12,negative,card,cancelled,US,Hindi,17,1,191,8,True,better,5,1,very_old,2,False,no
4213,Male,Single,False,2,on,premium,6,10,negative,upi,expired,UK,Telugu,45,10,89,1,False,better,10,0,old,13,True,yes
4214,Male,Married,False,6,off,premium,1,14,negative,paypal,expired,Germany,English,45,24,108,8,True,poor,6,3,old,9,True,yes
4215,Female,Single,False,1,off,gold,4,19,negative,paypal,cancelled,US,Telugu,2,9,153,9,False,better,19,5,very_old,14,False,yes
4216,Female,Married,True,3,on,basic,3,18,negative,paypal,active,US,English,9,12,147,2,False,better,12,9,old,6,False,no
4217,Female,Single,False,9,on,basic,7,20,neutral,paypal,expired,Germany,English,14,20,103,4,False,better,11,1,old,0,True,yes
4218,Male,Single,False,6,on,premium,10,16,negative,card,active,UK,Hindi,16,5,196,7,True,better,1,5,old,10,False,no
4219,Male,Married,False,1,on,basic,2,2,positive,card,active,Germany,English,14,1,148,3,False,good,4,3,very_old,0,False,no
4220,Female,Single,False,10,off,basic,10,16,negative,upi,active,Germany,English,41,0,46,9,True,good,12,6,recent,8,True,no
4221,Male,Married,False,6,on,premium,3,17,neutral,upi,active,US,Telugu,9,8,136,8,True,better,5,2,very_old,9,True,no
4222,Female,Single,True,2,off,premium,8,9,negative,upi,expired,Germany,Telugu,39,7,110,4,True,poor,5,2,old,0,True,yes
4223,Female,Single,True,9,off,gold,5,11,negative,upi,expired,UK,Hindi,46,10,41,7,False,good,16,5,very_old,14,True,yes
4224,Male,Married,True,9,off,basic,3,15,positive,upi,expired,India,Telugu,4,24,140,6,True,better,10,8,old,20,False,no
4225,Male,Married,True,5,off,gold,9,1,positive,card,active,UK,Telugu,23,17,152,1,True,better,7,9,recent,15,False,no
4226,Male,Married,True,10,on,gold,9,17,neutral,paypal,expired,Germany,English,18,4,10,2,False,better,5,7,very_old,17,False,yes
4227,Female,Single,True,1,on,gold,8,9,positive,upi,expired,US,English,11,6,161,1,True,better,13,7,old,14,True,no
4228,Female,Single,False,7,off,premium,7,3,positive,card,cancelled,India,Hindi,28,15,103,7,True,good,4,7,very_old,1,True,no
4229,Female,Single,False,6,on,basic,8,11,negative,upi,expired,US,Telugu,5,5,182,7,True,poor,16,1,very_old,4,True,no
4230,Female,Married,False,1,on,gold,4,3,negative,upi,active,UK,Telugu,39,20,83,1,True,good,5,0,old,7,False,yes
4231,Male,Married,True,2,on,basic,3,0,positive,upi,active,Germany,English,46,18,143,3,True,good,17,5,recent,12,True,no
4232,Female,Single,True,10,off,basic,10,5,neutral,upi,cancelled,UK,English,30,1,164,3,True,better,5,9,very_old,1,True,no
4233,Female,Married,True,9,off,basic,9,3,negative,card,active,US,Hindi,35,9,84,4,False,good,7,0,very_old,20,True,no
4234,Female,Married,True,1,off,premium,9,1,positive,card,cancelled,India,English,3,0,42,2,False,good,5,5,old,12,False,no
4235,Female,Single,False,7,off,basic,4,2,neutral,paypal,cancelled,US,Hindi,7,4,194,1,False,good,5,8,very_old,2,False,no
4236,Male,Married,True,9,off,gold,8,1,negative,card,expired,Germany,English,48,14,58,5,False,better,17,4,very_old,11,True,yes
4237,Male,Single,True,6,on,premium,4,13,negative,upi,expired,UK,Hindi,22,8,66,1,True,poor,2,5,old,2,True,yes
4238,Female,Married,False,1,on,gold,7,16,negative,paypal,active,US,Hindi,21,4,86,4,True,good,14,7,recent,6,True,no
4239,Female,Single,True,9,on,premium,1,7,positive,card,expired,India,English,21,25,187,8,False,poor,9,10,recent,11,False,no
4240,Female,Married,False,3,on,premium,2,16,negative,card,expired,US,English,22,0,34,1,True,poor,5,5,very_old,3,False,yes
4241,Female,Single,False,3,on,premium,2,1,negative,paypal,expired,UK,English,15,20,36,6,False,good,20,7,old,15,False,yes
4242,Female,Married,False,10,off,basic,5,14,positive,upi,active,UK,Hindi,18,8,86,6,True,good,19,1,old,9,False,no
4243,Female,Single,False,10,on,gold,9,14,positive,card,active,US,English,1,4,37,3,False,good,17,9,recent,19,True,no
4244,Male,Married,True,5,off,gold,6,2,negative,upi,cancelled,UK,English,43,9,42,3,True,poor,2,10,old,9,True,yes
4245,Male,Married,True,3,off,premium,3,4,positive,paypal,cancelled,Germany,Telugu,37,21,197,3,True,good,18,1,very_old,19,True,yes
4246,Male,Single,False,10,on,premium,9,18,neutral,upi,cancelled,UK,English,9,10,166,2,True,poor,1,4,old,6,True,no
4247,Female,Single,False,2,off,gold,4,8,neutral,paypal,cancelled,US,Telugu,37,3,13,1,False,poor,1,8,very_old,0,True,yes
4248,Male,Single,False,7,off,premium,8,6,neutral,upi,expired,UK,Hindi,38,25,101,10,False,good,18,7,very_old,20,False,yes
4249,Female,Married,False,9,off,premium,1,3,negative,card,expired,India,Hindi,47,14,172,4,True,poor,3,10,recent,3,False,yes
4250,Male,Married,False,8,on,basic,9,1,positive,paypal,expired,US,Telugu,10,24,160,8,True,better,8,9,recent,13,False,no
4251,Male,Single,False,8,off,gold,10,20,neutral,upi,active,UK,English,32,10,135,7,False,poor,15,8,recent,20,True,no
4252,Female,Single,False,10,off,basic,3,19,neutral,paypal,active,US,English,42,24,197,5,True,good,20,7,very_old,19,True,no
4253,Female,Married,False,5,on,premium,4,3,neutral,paypal,active,Germany,English,13,15,87,10,True,good,10,8,recent,11,True,no
4254,Male,Married,True,4,on,basic,1,9,negative,paypal,active,UK,Hindi,28,14,164,6,True,poor,6,10,old,11,False,no
4255,Female,Married,True,5,off,basic,7,16,positive,paypal,cancelled,UK,Hindi,2,23,79,1,False,better,12,4,old,10,True,no
4256,Female,Single,False,10,off,basic,2,19,positive,upi,cancelled,US,English,41,6,119,4,True,better,13,9,recent,11,True,yes
4257,Male,Married,False,3,off,gold,10,17,positive,card,expired,India,Hindi,32,17,163,1,False,better,10,7,old,8,True,no
4258,Female,Single,True,8,on,basic,6,13,positive,paypal,expired,Germany,Hindi,11,17,23,1,True,good,16,2,recent,19,True,yes
4259,Male,Married,False,5,off,gold,9,12,positive,card,expired,Germany,Hindi,15,25,180,7,False,good,1,0,very_old,3,False,yes
4260,Male,Married,True,9,on,premium,2,4,neutral,paypal,cancelled,India,English,17,12,128,9,True,better,5,3,very_old,2,True,yes
4261,Male,Married,True,10,on,basic,2,18,positive,upi,active,India,English,29,5,45,2,True,good,3,1,recent,20,False,no
4262,Female,Married,False,2,off,basic,7,13,negative,upi,cancelled,UK,English,32,1,61,4,True,good,20,3,very_old,18,False,yes
4263,Female,Single,False,1,on,gold,6,7,negative,paypal,expired,Germany,Hindi,16,0,69,7,True,good,15,7,old,19,False,no
4264,Male,Single,True,3,off,premium,10,5,neutral,upi,active,US,English,17,6,94,1,True,poor,5,7,old,10,False,no
4265,Male,Married,True,7,off,premium,5,4,positive,upi,expired,Germany,English,17,9,95,5,False,better,1,2,very_old,10,True,no
4266,Male,Single,True,7,off,gold,5,1,neutral,upi,cancelled,Germany,Hindi,25,9,118,3,False,good,11,8,recent,15,True,no
4267,Male,Married,False,1,on,gold,2,8,neutral,upi,expired,UK,English,12,13,93,2,False,poor,6,1,recent,6,True,no
4268,Female,Married,True,4,on,gold,7,10,negative,card,active,UK,Hindi,47,24,24,3,False,poor,2,0,very_old,4,False,yes
4269,Male,Single,False,7,on,premium,8,20,neutral,card,cancelled,Germany,English,20,3,156,6,False,good,20,6,very_old,2,False,no
4270,Female,Single,True,4,on,gold,6,5,neutral,card,active,UK,Hindi,4,21,182,2,True,better,5,6,very_old,15,False,no
4271,Female,Married,False,6,off,basic,6,3,positive,card,cancelled,Germany,Hindi,31,16,167,2,True,poor,16,10,very_old,16,False,no
4272,Female,Single,True,9,off,premium,2,13,positive,paypal,active,India,English,13,13,55,5,False,better,11,2,very_old,13,False,no
4273,Female,Married,True,9,on,gold,8,13,neutral,card,active,US,Telugu,6,22,191,1,True,better,1,8,old,18,False,no
4274,Male,Married,False,8,off,basic,8,15,neutral,card,active,UK,Hindi,24,5,175,9,False,poor,9,0,very_old,3,True,no
4275,Male,Married,False,4,off,premium,7,5,neutral,upi,active,India,Hindi,10,23,41,2,True,good,5,3,recent,20,True,no
4276,Female,Single,True,10,on,gold,6,19,neutral,paypal,active,Germany,Telugu,31,17,58,4,True,better,4,10,recent,13,False,no
4277,Male,Married,False,5,off,premium,3,13,negative,upi,expired,UK,English,27,24,77,6,True,good,14,9,very_old,15,False,yes
4278,Male,Married,False,10,off,gold,5,1,negative,upi,active,Germany,Telugu,22,12,178,9,False,good,4,4,very_old,16,True,yes
4279,Female,Single,True,7,off,gold,7,3,negative,upi,active,UK,English,28,5,67,5,True,better,4,3,recent,3,True,yes
4280,Female,Single,True,6,off,basic,6,10,negative,card,expired,US,Hindi,21,20,162,5,False,good,14,2,recent,0,True,yes
4281,Male,Married,True,10,on,basic,6,4,positive,card,expired,US,Telugu,35,17,124,4,True,poor,7,8,old,2,True,yes
4282,Male,Single,False,10,on,basic,3,11,neutral,card,active,UK,English,16,23,105,8,True,poor,10,0,old,15,False,no
4283,Male,Single,True,4,off,basic,10,8,positive,upi,active,UK,Hindi,36,14,10,4,True,better,15,5,recent,20,False,no
4284,Male,Single,False,3,off,gold,1,17,neutral,paypal,active,UK,Telugu,30,10,127,3,True,better,15,8,recent,17,True,no
4285,Male,Married,False,8,off,basic,9,11,neutral,upi,active,UK,Hindi,1,18,172,8,True,poor,18,3,old,0,True,no
4286,Female,Single,True,10,on,basic,7,10,negative,upi,expired,Germany,Telugu,19,7,153,9,False,good,1,2,very_old,6,False,no
4287,Male,Married,True,5,off,gold,8,18,positive,paypal,cancelled,Germany,English,49,6,188,8,True,good,14,3,very_old,15,True,yes
4288,Male,Single,False,5,off,premium,7,18,positive,upi,active,India,Hindi,16,17,174,6,False,better,2,0,very_old,18,True,no
4289,Male,Single,True,9,off,gold,1,15,positive,paypal,expired,US,Hindi,40,7,70,6,False,good,18,1,old,17,False,yes
4290,Female,Single,True,2,off,premium,7,20,positive,card,active,UK,Hindi,21,16,23,8,False,poor,5,10,recent,14,False,no
4291,Male,Single,True,4,on,gold,8,4,positive,paypal,active,UK,English,49,19,14,5,False,better,9,1,old,1,True,no
4292,Female,Married,False,4,off,gold,3,18,positive,card,active,India,Hindi,37,1,115,3,True,good,8,0,very_old,10,False,yes
4293,Female,Married,False,1,off,premium,4,1,negative,paypal,expired,India,English,49,25,93,4,True,better,18,1,old,13,False,yes
4294,Female,Single,False,8,on,premium,4,9,positive,paypal,expired,India,Telugu,11,21,122,7,False,better,9,7,very_old,8,True,no
4295,Female,Married,False,6,on,gold,1,10,positive,paypal,active,US,Telugu,25,23,198,4,False,good,8,8,old,1,False,no
4296,Female,Married,False,2,on,gold,1,17,positive,paypal,expired,Germany,Telugu,19,24,171,4,False,good,13,3,old,4,False,yes
4297,Male,Single,True,9,on,premium,8,4,negative,paypal,cancelled,UK,Telugu,13,17,133,8,False,better,19,1,recent,16,False,yes
4298,Male,Single,False,7,on,premium,9,7,positive,card,expired,UK,Hindi,13,18,148,6,True,good,20,0,old,4,True,no
4299,Male,Married,False,8,on,basic,10,19,positive,upi,cancelled,India,Hindi,17,12,13,5,False,poor,10,1,old,0,True,no
4300,Female,Single,True,2,on,basic,6,13,negative,paypal,active,UK,Telugu,50,8,63,4,True,poor,3,8,recent,5,False,no
4301,Male,Married,True,10,off,premium,10,18,negative,upi,active,US,English,13,16,66,3,True,poor,18,5,recent,12,True,no
4302,Male,Married,True,4,on,gold,6,16,negative,card,cancelled,UK,Hindi,45,17,168,4,True,poor,18,9,recent,4,False,yes
4303,Female,Single,True,3,on,basic,10,8,negative,card,expired,UK,Hindi,42,18,79,7,False,poor,12,3,recent,19,True,yes
4304,Male,Married,True,9,on,basic,2,18,neutral,card,active,Germany,English,21,6,75,3,False,good,7,6,recent,12,True,no
4305,Female,Married,False,4,on,gold,9,18,neutral,card,cancelled,India,English,11,4,98,7,True,better,18,0,recent,12,True,no
4306,Female,Single,False,10,off,basic,2,0,neutral,upi,cancelled,Germany,English,23,12,199,5,False,good,12,10,recent,18,False,yes
4307,Female,Married,True,8,on,basic,4,16,neutral,card,expired,UK,Telugu,42,19,184,10,False,poor,18,8,very_old,17,True,yes
4308,Female,Married,False,2,off,gold,1,9,positive,upi,expired,India,Telugu,40,0,156,3,True,better,14,10,very_old,14,False,yes
4309,Male,Married,False,8,on,premium,7,17,positive,paypal,expired,UK,Hindi,31,8,198,3,True,poor,16,2,old,9,False,no
4310,Female,Single,False,2,on,basic,10,4,neutral,paypal,cancelled,US,Hindi,25,11,183,9,True,good,19,6,very_old,18,False,no
4311,Female,Married,False,5,on,premium,3,18,positive,upi,expired,US,English,38,16,137,6,True,good,12,3,very_old,1,False,yes
4312,Male,Married,False,4,on,gold,6,17,neutral,upi,expired,Germany,Hindi,0,24,29,5,True,better,10,1,recent,14,True,no
4313,Female,Married,True,10,on,gold,6,4,neutral,card,cancelled,UK,Telugu,46,14,20,10,True,good,12,1,recent,2,True,yes
4314,Female,Single,True,10,on,premium,4,4,negative,paypal,active,India,English,7,11,24,10,False,good,5,6,very_old,15,False,no
4315,Male,Married,False,5,off,gold,2,3,positive,paypal,cancelled,India,Hindi,26,7,73,9,False,better,20,6,very_old,7,False,yes
4316,Male,Single,True,10,off,gold,10,16,positive,card,expired,US,English,10,18,23,6,True,better,3,1,very_old,16,True,no
4317,Male,Married,False,7,on,basic,10,1,neutral,card,active,Germany,English,12,6,65,3,True,good,20,6,old,9,True,no
4318,Male,Married,False,2,off,basic,4,19,neutral,card,cancelled,India,Telugu,31,3,113,9,True,better,8,3,recent,19,False,yes
4319,Female,Married,True,7,on,gold,3,16,neutral,upi,cancelled,UK,English,21,7,92,8,True,better,8,7,very_old,10,True,no
4320,Female,Single,False,7,off,premium,1,13,positive,upi,cancelled,US,Hindi,42,12,27,8,False,poor,7,2,very_old,0,False,no
4321,Female,Single,True,8,on,premium,10,16,negative,upi,active,UK,Telugu,17,15,193,2,True,good,6,5,very_old,14,True,no
4322,Female,Married,False,5,off,gold,3,11,positive,paypal,expired,Germany,Hindi,45,14,163,3,False,good,8,8,recent,11,True,no
4323,Male,Single,False,5,off,gold,3,17,positive,card,cancelled,UK,Hindi,25,2,89,4,True,good,10,2,old,4,True,yes
4324,Male,Married,False,3,off,premium,2,12,neutral,upi,expired,US,English,7,0,82,5,True,good,18,4,recent,6,False,yes
4325,Male,Married,False,9,off,basic,10,1,negative,upi,expired,India,Hindi,41,5,118,1,True,better,2,3,very_old,8,True,no
4326,Male,Married,False,10,on,basic,6,15,negative,upi,cancelled,UK,Telugu,2,18,147,3,True,good,12,5,old,11,False,yes
4327,Female,Single,True,8,on,basic,8,18,negative,paypal,cancelled,Germany,English,25,2,158,6,False,better,14,1,very_old,14,False,yes
4328,Male,Married,True,8,off,basic,7,13,neutral,upi,active,India,Telugu,21,15,40,1,False,good,4,9,recent,17,True,no
4329,Male,Married,False,9,off,basic,1,15,neutral,paypal,expired,Germany,Hindi,47,8,55,8,True,poor,10,3,recent,4,False,yes
4330,Female,Married,False,6,on,gold,3,15,positive,paypal,expired,Germany,Hindi,22,2,162,6,True,better,1,10,very_old,18,True,yes
4331,Female,Single,False,3,off,gold,3,6,negative,card,cancelled,UK,English,0,14,133,9,False,better,2,0,very_old,6,False,no
4332,Female,Married,True,7,off,premium,2,7,neutral,card,cancelled,UK,English,18,18,128,1,True,better,18,10,very_old,2,True,no
4333,Male,Single,True,6,off,premium,5,1,neutral,upi,cancelled,Germany,Hindi,17,12,159,9,False,poor,1,2,very_old,14,False,yes
4334,Female,Married,False,1,off,basic,8,13,negative,paypal,expired,US,Hindi,4,19,56,4,False,good,3,2,old,14,False,yes
4335,Female,Married,True,6,on,gold,5,17,neutral,paypal,expired,UK,Telugu,0,25,184,9,True,better,1,5,recent,18,False,yes
4336,Male,Married,True,8,on,gold,2,16,positive,card,cancelled,Germany,English,7,13,198,3,False,better,12,9,very_old,5,True,no
4337,Female,Married,True,8,on,premium,1,16,neutral,paypal,active,UK,Telugu,16,3,34,3,False,good,5,1,old,11,True,no
4338,Male,Married,True,8,off,basic,6,7,negative,card,active,India,Hindi,23,10,132,6,False,poor,9,3,recent,2,False,no
4339,Male,Single,True,9,off,gold,10,7,positive,paypal,expired,India,Telugu,14,7,175,3,True,better,13,1,old,12,True,no
4340,Male,Married,True,5,on,premium,5,18,positive,card,active,India,Telugu,34,2,155,8,False,better,9,10,recent,20,True,no
4341,Female,Married,True,2,on,gold,5,18,negative,card,expired,UK,Telugu,5,24,175,8,True,poor,4,8,old,6,True,no
4342,Female,Single,False,7,on,gold,3,5,neutral,card,active,US,English,45,16,15,1,True,good,10,6,old,5,True,no
4343,Female,Single,True,10,off,premium,5,7,neutral,upi,expired,UK,Telugu,10,3,174,4,False,better,1,9,recent,8,False,no
4344,Female,Married,True,9,off,premium,2,9,neutral,card,expired,Germany,Hindi,29,0,83,9,False,poor,19,3,very_old,11,False,yes
4345,Male,Married,False,2,off,premium,9,2,negative,upi,active,US,Hindi,38,12,131,10,False,poor,7,3,old,10,True,yes
4346,Male,Single,False,9,off,premium,7,6,positive,paypal,active,UK,English,8,21,143,8,True,better,10,5,old,4,False,no
4347,Female,Married,True,10,off,gold,9,6,negative,paypal,expired,US,Telugu,7,11,41,6,False,good,8,3,recent,8,False,no
4348,Female,Married,False,4,off,gold,5,13,negative,upi,cancelled,Germany,English,48,22,144,6,False,poor,11,8,very_old,7,True,yes
4349,Male,Single,True,2,off,premium,7,16,negative,upi,expired,UK,English,21,7,170,4,False,poor,4,4,recent,10,False,yes
4350,Female,Single,True,9,on,basic,1,14,neutral,card,expired,UK,Telugu,20,20,166,1,False,poor,13,7,old,1,True,no
4351,Female,Married,False,7,on,premium,6,5,positive,card,expired,UK,English,4,12,29,2,False,better,1,0,very_old,15,False,yes
4352,Male,Married,True,2,off,gold,6,6,neutral,paypal,active,India,English,11,17,160,5,False,good,15,8,very_old,8,True,no
4353,Male,Married,False,8,off,premium,5,11,positive,card,expired,India,English,5,20,66,2,True,better,18,7,recent,19,False,yes
4354,Male,Married,False,2,on,premium,5,15,negative,paypal,cancelled,India,Hindi,33,12,150,7,True,better,12,9,very_old,14,False,yes
4355,Female,Single,True,7,on,gold,2,20,positive,card,cancelled,India,Telugu,3,2,55,4,False,good,15,1,recent,4,False,yes
4356,Female,Married,True,9,on,gold,2,2,negative,card,active,Germany,Hindi,46,3,32,6,False,poor,14,2,recent,5,False,no
4357,Male,Single,True,9,on,gold,7,8,negative,paypal,active,UK,English,9,23,162,6,True,poor,1,0,old,17,True,no
4358,Female,Single,True,8,on,gold,10,13,neutral,paypal,cancelled,UK,Telugu,6,18,156,7,True,poor,13,0,very_old,18,True,no
4359,Female,Single,True,8,on,gold,8,2,neutral,paypal,cancelled,US,English,47,16,15,5,False,poor,16,5,very_old,0,True,yes
4360,Female,Single,False,10,on,gold,1,2,negative,card,expired,India,Telugu,30,2,146,5,True,good,14,7,recent,11,False,yes
4361,Male,Single,True,8,off,gold,8,18,negative,paypal,cancelled,UK,English,18,12,163,2,True,good,11,9,recent,3,False,no
4362,Female,Single,False,2,on,gold,1,7,positive,card,cancelled,India,English,43,12,169,9,False,good,17,0,very_old,8,True,yes
4363,Female,Single,False,2,off,gold,1,17,positive,paypal,active,India,English,3,19,94,7,True,poor,18,7,recent,7,True,no
4364,Female,Single,True,5,off,premium,3,5,negative,paypal,active,Germany,English,8,11,64,1,False,good,19,8,very_old,0,False,no
4365,Female,Married,False,2,on,premium,2,10,negative,paypal,expired,UK,Telugu,6,19,120,4,False,good,4,10,very_old,1,True,no
4366,Male,Single,False,9,on,premium,9,3,neutral,paypal,expired,US,Telugu,49,15,90,9,True,poor,15,10,old,1,True,yes
4367,Female,Married,True,8,on,basic,6,9,negative,paypal,cancelled,Germany,English,19,23,34,1,True,better,10,9,very_old,3,True,yes
4368,Male,Married,False,10,off,basic,7,9,neutral,card,cancelled,India,English,25,10,104,6,True,better,14,3,very_old,4,True,yes
4369,Male,Single,False,10,off,gold,6,9,neutral,paypal,expired,UK,Telugu,17,16,113,6,True,better,1,4,recent,11,True,no
4370,Male,Married,True,4,on,gold,1,2,negative,card,expired,India,English,6,22,156,3,False,better,11,0,old,15,True,no
4371,Female,Married,False,10,on,basic,9,18,positive,paypal,expired,Germany,Telugu,44,10,189,3,False,poor,5,9,recent,0,True,yes
4372,Female,Married,True,10,off,basic,3,10,neutral,upi,expired,UK,English,21,9,195,1,False,better,12,5,old,14,True,no
4373,Male,Married,False,8,off,premium,10,11,neutral,upi,expired,US,English,19,11,186,9,True,good,1,4,very_old,5,True,no
4374,Male,Married,True,10,on,premium,10,11,neutral,card,active,India,Telugu,47,13,29,6,True,better,5,9,old,2,True,no
4375,Male,Married,True,5,on,basic,3,20,negative,upi,active,India,Telugu,44,10,80,4,True,poor,2,9,recent,8,False,yes
4376,Male,Single,True,2,on,basic,9,6,neutral,card,cancelled,UK,Hindi,41,8,39,2,True,poor,18,1,recent,14,True,yes
4377,Female,Married,False,2,off,basic,3,18,positive,upi,cancelled,India,Telugu,20,0,88,9,True,good,7,1,recent,5,True,no
4378,Male,Single,True,7,off,premium,4,11,positive,upi,cancelled,India,English,9,21,16,7,True,poor,16,5,very_old,0,False,yes
4379,Male,Married,True,6,off,gold,5,16,positive,upi,expired,US,English,16,5,106,8,True,better,13,3,very_old,1,True,no
4380,Female,Single,False,4,on,premium,7,14,positive,upi,expired,India,Telugu,9,4,94,3,False,good,8,1,very_old,19,False,yes
4381,Male,Married,False,1,on,premium,10,4,negative,card,cancelled,India,English,24,6,187,6,True,poor,14,0,recent,2,False,yes
4382,Female,Single,False,1,on,basic,10,10,neutral,upi,expired,US,English,41,7,38,3,False,good,13,8,old,15,False,yes
4383,Male,Single,True,7,on,premium,1,18,negative,upi,active,UK,Hindi,30,22,117,9,False,poor,18,7,recent,19,False,yes
4384,Female,Single,False,4,on,premium,10,6,negative,card,expired,US,Hindi,34,19,32,8,False,good,19,1,recent,7,True,yes
4385,Female,Single,False,9,on,gold,1,15,positive,paypal,active,UK,English,18,7,136,7,False,better,7,8,recent,2,True,no
4386,Male,Married,False,2,off,basic,10,18,neutral,card,cancelled,UK,Telugu,5,3,104,4,True,better,14,0,recent,6,True,no
4387,Male,Single,True,2,off,premium,3,16,negative,card,expired,UK,English,25,24,54,9,True,good,2,0,recent,4,True,yes
4388,Male,Married,False,10,on,basic,2,8,neutral,upi,active,Germany,English,21,1,199,4,True,better,16,10,recent,4,False,no
4389,Male,Single,False,10,off,gold,10,17,neutral,upi,expired,UK,Telugu,23,15,43,2,False,better,7,4,recent,2,False,no
4390,Female,Married,True,2,off,gold,2,0,neutral,upi,active,Germany,English,47,23,80,8,True,good,5,5,very_old,16,False,yes
4391,Female,Single,True,3,on,premium,4,0,negative,paypal,cancelled,Germany,Hindi,45,6,90,2,True,good,9,9,very_old,9,False,yes
4392,Male,Single,True,4,on,premium,9,7,negative,card,active,US,Hindi,6,0,11,6,True,good,8,8,old,13,False,no
4393,Female,Married,False,7,on,basic,4,6,negative,upi,expired,US,English,9,11,122,5,True,poor,13,6,recent,9,False,yes
4394,Male,Single,True,9,on,premium,5,15,positive,upi,expired,Germany,Telugu,45,7,176,6,True,better,9,0,very_old,4,True,no
4395,Male,Married,False,2,off,premium,10,15,negative,card,active,Germany,English,21,18,159,3,True,better,1,9,old,16,False,yes
4396,Female,Married,False,7,on,gold,4,11,negative,paypal,cancelled,US,English,7,15,48,1,False,poor,15,9,old,13,True,yes
4397,Female,Married,False,6,off,gold,2,0,negative,upi,active,US,Hindi,29,3,135,3,True,poor,17,0,recent,11,True,yes
4398,Female,Single,True,8,off,premium,7,3,neutral,paypal,active,Germany,Telugu,19,18,15,1,True,better,13,0,very_old,1,False,no
4399,Female,Single,False,7,on,gold,9,19,neutral,paypal,expired,India,Telugu,46,14,32,8,True,better,8,5,very_old,18,True,yes
4400,Female,Single,True,1,on,premium,6,9,positive,card,active,India,Hindi,32,3,191,10,False,better,6,3,very_old,16,True,yes
4401,Male,Single,False,3,on,basic,4,13,negative,upi,active,US,English,4,11,143,8,False,poor,15,6,very_old,8,True,no
4402,Female,Single,False,1,on,premium,6,1,negative,paypal,expired,US,English,38,7,123,3,True,good,4,2,old,19,True,yes
4403,Male,Single,False,7,off,gold,8,13,neutral,paypal,expired,India,English,0,17,157,4,True,better,8,4,recent,11,True,no
4404,Female,Married,False,4,off,gold,3,20,negative,paypal,active,Germany,English,16,1,48,4,False,poor,13,0,old,20,False,yes
4405,Male,Single,False,4,off,gold,9,0,neutral,card,cancelled,UK,Hindi,29,2,168,7,True,better,7,4,very_old,18,False,no
4406,Male,Married,True,4,off,premium,6,13,negative,paypal,active,US,Hindi,38,16,15,7,False,poor,9,2,very_old,15,False,no
4407,Female,Married,False,7,on,basic,7,0,negative,card,active,UK,Hindi,11,24,160,1,False,good,10,9,very_old,15,False,yes
4408,Female,Single,True,1,on,premium,3,6,negative,card,expired,India,English,20,8,50,5,True,better,5,4,old,1,False,no
4409,Male,Single,False,3,off,premium,5,7,positive,paypal,cancelled,US,English,1,1,106,7,True,better,2,2,old,2,True,no
4410,Female,Married,False,6,on,gold,5,10,positive,upi,expired,India,English,45,23,34,10,False,poor,16,4,very_old,0,True,no
4411,Female,Married,False,1,off,basic,3,12,positive,paypal,active,UK,Hindi,39,10,94,2,False,poor,7,6,very_old,17,False,yes
4412,Male,Single,False,9,on,premium,8,4,negative,upi,cancelled,Germany,Telugu,37,15,68,6,False,better,5,10,very_old,7,True,yes
4413,Female,Single,False,2,off,gold,4,11,neutral,upi,expired,India,Telugu,7,21,145,5,False,good,5,9,old,8,True,yes
4414,Male,Single,True,1,on,gold,7,16,neutral,upi,active,UK,English,3,16,67,2,True,good,19,10,recent,0,True,no
4415,Male,Married,False,6,on,premium,2,12,neutral,paypal,active,India,Telugu,50,14,64,5,False,good,20,3,recent,3,True,no
4416,Female,Married,True,4,off,gold,8,5,neutral,card,expired,UK,Telugu,21,13,131,2,False,poor,6,8,very_old,13,False,no
4417,Female,Married,True,7,off,gold,7,13,positive,card,expired,India,English,22,15,59,8,True,poor,7,0,old,4,True,no
4418,Female,Single,True,7,on,gold,1,15,positive,upi,active,India,Hindi,19,23,45,6,False,good,11,8,old,0,False,no
4419,Male,Married,False,8,off,gold,6,5,neutral,upi,active,Germany,Hindi,44,10,70,9,False,good,7,7,old,17,False,yes
4420,Male,Married,False,5,on,basic,2,18,positive,card,cancelled,India,Telugu,38,16,70,5,False,good,10,4,old,1,True,no
4421,Female,Married,True,9,on,gold,7,3,negative,upi,active,US,Hindi,31,6,142,4,False,good,14,6,very_old,3,False,no
4422,Male,Married,True,2,on,premium,9,1,neutral,paypal,cancelled,UK,Telugu,41,7,163,2,True,poor,10,2,very_old,17,True,yes
4423,Male,Single,False,9,off,premium,6,20,positive,upi,expired,US,Hindi,39,12,38,5,False,good,15,3,recent,9,False,yes
4424,Female,Single,False,6,on,gold,9,16,negative,paypal,expired,Germany,English,41,9,144,5,True,better,17,7,very_old,0,False,no
4425,Male,Married,True,2,off,gold,6,11,neutral,card,cancelled,UK,Hindi,32,22,38,8,True,better,7,5,old,1,True,yes
4426,Female,Married,False,10,off,gold,2,9,negative,card,expired,US,Hindi,38,3,139,4,True,poor,12,8,old,19,False,yes
4427,Female,Single,False,1,on,premium,2,0,neutral,paypal,active,US,Hindi,34,23,109,8,True,better,14,3,old,12,True,no
4428,Male,Single,False,9,off,premium,7,11,positive,upi,expired,Germany,English,34,4,156,6,True,poor,2,9,recent,9,True,yes
4429,Female,Married,False,7,on,gold,9,11,positive,paypal,expired,Germany,Telugu,13,24,73,9,True,good,5,9,recent,20,False,yes
4430,Female,Married,False,6,on,basic,2,3,neutral,card,active,Germany,Telugu,49,24,96,9,True,good,13,5,recent,19,False,no
4431,Female,Married,False,4,on,premium,6,16,negative,upi,cancelled,US,Telugu,15,19,73,7,False,good,15,8,very_old,19,False,yes
4432,Female,Single,False,8,on,basic,8,0,negative,paypal,active,Germany,Telugu,50,19,190,9,False,better,17,2,recent,10,False,no
4433,Male,Married,False,6,on,premium,7,12,positive,paypal,cancelled,UK,Telugu,20,1,120,6,True,poor,1,7,old,6,False,no
4434,Female,Married,True,1,on,gold,8,3,positive,upi,active,India,Hindi,41,10,103,5,False,poor,8,7,recent,1,False,no
4435,Female,Married,False,4,off,premium,4,16,negative,paypal,active,US,Telugu,15,23,23,4,False,better,2,4,old,16,True,no
4436,Male,Married,True,9,on,gold,2,13,negative,paypal,cancelled,India,English,29,13,88,7,False,better,16,7,very_old,9,True,yes
4437,Female,Single,True,2,on,premium,9,19,negative,paypal,active,Germany,Hindi,18,8,146,8,False,good,15,10,recent,3,False,no
4438,Male,Married,True,8,on,basic,5,10,positive,card,active,Germany,Hindi,45,10,134,4,True,better,8,2,very_old,12,True,no
4439,Male,Married,False,3,on,premium,9,11,positive,upi,active,US,English,36,16,54,6,True,poor,4,5,old,0,True,no
4440,Male,Single,True,6,off,basic,7,0,neutral,paypal,expired,US,Telugu,36,12,52,8,True,good,9,2,old,14,True,no
4441,Male,Single,True,7,off,basic,5,15,positive,upi,active,Germany,English,11,5,94,10,False,better,15,2,old,11,True,no
4442,Female,Married,True,10,off,gold,10,4,negative,paypal,active,US,Telugu,41,19,27,1,True,poor,17,6,very_old,20,False,yes
4443,Female,Married,True,3,on,basic,1,5,positive,paypal,expired,Germany,Hindi,1,21,197,3,True,good,1,4,old,9,True,no
4444,Male,Single,True,7,on,gold,4,0,positive,upi,active,India,Hindi,47,24,47,6,True,poor,15,3,old,4,True,no
4445,Male,Married,False,3,on,basic,1,7,positive,upi,expired,Germany,Telugu,22,7,46,4,True,good,13,3,very_old,17,True,no
4446,Female,Married,False,3,on,basic,1,8,negative,upi,cancelled,UK,Hindi,47,20,180,8,False,better,1,9,old,12,True,yes
4447,Male,Single,False,5,on,gold,2,13,negative,card,active,UK,English,10,5,156,7,False,good,18,2,very_old,0,False,no
4448,Female,Single,False,3,off,gold,10,11,negative,card,expired,Germany,Hindi,40,18,24,4,True,poor,19,7,very_old,4,True,yes
4449,Female,Married,False,2,on,basic,9,19,negative,card,expired,Germany,English,2,24,59,9,False,poor,19,4,very_old,0,True,yes
4450,Female,Married,False,5,off,basic,9,16,positive,paypal,cancelled,US,English,30,5,182,2,True,better,9,3,old,7,False,no
4451,Female,Single,False,10,on,premium,4,19,neutral,upi,cancelled,UK,English,33,0,73,7,True,good,15,0,old,7,False,yes
4452,Male,Married,True,8,off,gold,8,17,negative,card,cancelled,India,English,23,17,29,5,True,good,15,2,recent,4,False,yes
4453,Female,Single,False,2,off,gold,8,0,negative,upi,expired,UK,English,36,9,178,7,True,poor,8,5,recent,14,True,yes
4454,Male,Single,True,8,off,gold,3,8,positive,paypal,active,UK,English,0,22,74,9,True,good,18,1,recent,9,False,no
4455,Female,Single,False,7,on,basic,5,9,negative,paypal,expired,India,English,7,15,137,8,False,poor,4,5,recent,3,False,yes
4456,Female,Married,True,5,on,premium,4,7,positive,card,cancelled,Germany,Telugu,21,14,164,4,False,better,14,6,recent,15,True,no
4457,Male,Married,False,5,on,basic,9,1,negative,card,cancelled,Germany,Hindi,26,25,16,1,True,better,17,10,old,16,False,yes
4458,Female,Married,True,8,off,premium,6,18,negative,paypal,cancelled,India,Telugu,33,1,33,3,False,good,12,9,old,12,False,yes
4459,Male,Married,False,3,off,basic,5,7,positive,upi,cancelled,US,Telugu,46,16,154,10,False,better,18,1,old,4,True,yes
4460,Female,Single,True,2,on,basic,9,14,negative,paypal,cancelled,Germany,Hindi,6,7,198,9,True,better,1,4,old,15,False,yes
4461,Male,Married,True,1,off,gold,3,10,neutral,upi,expired,India,English,17,12,109,9,False,poor,14,5,very_old,3,False,yes
4462,Female,Single,False,8,on,premium,1,13,positive,paypal,active,India,English,47,17,61,4,False,better,15,5,very_old,11,True,no
4463,Female,Married,False,6,on,premium,8,13,negative,paypal,expired,UK,English,47,21,148,3,False,poor,8,9,old,15,True,yes
4464,Male,Single,True,5,off,premium,5,1,negative,upi,expired,UK,Telugu,31,2,101,2,False,good,6,5,recent,7,False,yes
4465,Male,Single,False,9,off,gold,8,10,neutral,card,expired,US,English,5,6,28,6,False,poor,10,9,old,14,True,yes
4466,Female,Single,False,8,off,premium,3,10,positive,paypal,expired,India,Hindi,23,13,159,10,False,better,16,0,old,10,True,no
4467,Male,Married,False,10,off,gold,10,15,negative,card,cancelled,Germany,English,50,1,92,9,True,good,18,0,old,0,False,yes
4468,Male,Married,False,9,on,gold,1,5,positive,upi,expired,US,English,26,0,174,8,False,better,4,5,very_old,4,True,no
4469,Male,Married,False,6,on,gold,10,17,negative,upi,active,India,English,46,16,200,7,True,poor,2,9,very_old,13,False,no
4470,Female,Single,False,10,on,gold,5,16,neutral,paypal,active,Germany,English,22,4,61,8,False,poor,18,5,recent,18,False,yes
4471,Male,Married,True,1,on,gold,6,4,neutral,card,expired,UK,Hindi,21,6,114,5,False,good,10,7,very_old,0,True,yes
4472,Female,Single,False,7,on,gold,6,6,negative,paypal,expired,UK,Hindi,19,6,41,3,True,good,4,10,recent,20,False,no
4473,Female,Married,False,4,on,premium,6,3,positive,upi,cancelled,UK,English,23,4,71,7,True,better,13,0,recent,5,True,no
4474,Male,Single,False,9,off,gold,4,12,neutral,paypal,expired,US,Hindi,7,3,52,1,True,good,16,0,very_old,2,False,no
4475,Female,Married,False,4,off,gold,1,19,positive,upi,active,UK,English,32,20,191,2,True,poor,10,2,old,16,False,no
4476,Female,Single,False,3,off,basic,5,19,positive,card,active,Germany,English,44,19,132,8,False,poor,7,1,very_old,4,True,no
4477,Female,Single,True,3,on,gold,7,20,negative,paypal,cancelled,India,English,11,14,37,7,False,better,16,2,very_old,13,False,yes
4478,Female,Single,True,5,on,premium,9,4,neutral,paypal,active,India,Telugu,14,24,179,4,False,good,13,10,recent,2,True,no
4479,Male,Married,True,7,off,premium,7,16,negative,upi,cancelled,US,Telugu,13,21,30,10,False,good,6,8,old,19,True,yes
4480,Female,Single,False,7,on,gold,6,20,positive,card,cancelled,UK,Telugu,39,7,162,10,True,good,14,3,old,5,False,no
4481,Male,Married,True,10,off,basic,1,5,positive,upi,expired,US,Hindi,21,14,40,4,False,poor,19,1,old,19,True,yes
4482,Male,Single,True,5,on,basic,2,19,neutral,paypal,active,US,English,44,13,152,6,True,good,5,1,very_old,17,True,no
4483,Male,Single,False,9,on,premium,9,7,positive,paypal,active,UK,English,6,6,49,6,True,better,15,8,very_old,12,False,no
4484,Male,Single,False,5,on,premium,5,6,neutral,paypal,cancelled,UK,Telugu,50,0,133,4,True,good,2,9,very_old,16,True,yes
4485,Female,Married,False,2,on,basic,6,8,neutral,card,cancelled,US,Hindi,10,6,26,1,False,better,14,10,recent,14,False,no
4486,Male,Single,True,2,off,basic,9,20,positive,card,cancelled,UK,Telugu,33,17,138,1,True,poor,11,6,recent,1,False,no
4487,Female,Married,False,9,off,basic,3,0,neutral,paypal,expired,Germany,Hindi,8,22,12,2,True,better,8,5,very_old,7,True,yes
4488,Female,Single,False,6,off,premium,1,10,negative,upi,cancelled,Germany,Hindi,33,13,136,8,False,poor,4,4,old,17,False,yes
4489,Female,Married,False,6,on,basic,5,20,negative,paypal,active,India,English,27,10,180,8,True,better,12,6,very_old,14,True,no
4490,Male,Married,False,6,on,premium,10,12,neutral,card,expired,Germany,Hindi,28,1,106,10,False,better,8,1,very_old,3,False,no
4491,Female,Single,True,6,on,premium,2,12,negative,paypal,cancelled,Germany,English,29,10,196,5,True,better,1,6,very_old,4,True,no
4492,Male,Married,False,4,on,basic,3,16,negative,upi,expired,US,English,30,22,74,4,True,better,18,3,recent,11,True,yes
4493,Male,Single,True,4,on,gold,3,12,positive,card,active,Germany,Hindi,17,4,156,3,False,good,8,6,very_old,13,False,no
4494,Male,Single,True,8,off,basic,9,4,positive,paypal,expired,India,Hindi,25,20,44,7,False,poor,18,4,very_old,3,True,no
4495,Female,Single,False,9,off,premium,4,14,neutral,card,expired,India,English,40,13,170,2,True,good,2,8,recent,0,True,yes
4496,Male,Married,True,8,off,gold,4,5,positive,card,expired,India,Telugu,34,24,18,5,True,good,6,0,very_old,15,True,yes
4497,Male,Single,False,3,on,premium,3,12,negative,upi,cancelled,India,English,32,19,125,7,False,poor,6,5,old,0,True,no
4498,Male,Single,True,9,on,gold,3,8,positive,card,expired,India,English,40,25,116,3,True,good,3,6,very_old,10,False,no
4499,Female,Married,False,2,on,gold,3,1,positive,card,expired,US,Telugu,16,6,65,1,True,poor,7,8,very_old,16,True,no
4500,Female,Single,True,7,off,gold,7,4,negative,paypal,cancelled,India,English,36,18,116,3,False,better,15,10,old,6,True,yes
4501,Male,Single,False,9,off,basic,10,8,positive,card,cancelled,India,Telugu,42,17,106,4,True,poor,20,10,old,1,True,no
4502,Male,Single,True,10,on,premium,1,13,positive,paypal,expired,US,Hindi,27,10,184,10,True,good,13,10,recent,20,False,yes
4503,Female,Married,True,10,on,gold,1,18,neutral,card,cancelled,US,English,21,17,155,3,False,good,2,5,recent,13,True,yes
4504,Female,Single,True,9,off,basic,8,15,positive,card,expired,UK,English,50,22,115,2,True,good,11,5,recent,10,False,no
4505,Female,Married,True,2,on,premium,5,10,neutral,paypal,expired,UK,Telugu,39,20,123,7,False,poor,1,2,recent,1,True,no
4506,Male,Single,True,10,on,basic,8,8,negative,paypal,active,Germany,Hindi,4,17,78,2,False,better,1,9,very_old,8,True,no
4507,Male,Single,True,9,off,gold,3,12,positive,upi,cancelled,US,English,14,0,46,3,True,poor,4,0,very_old,16,False,no
4508,Male,Single,True,9,on,premium,5,20,negative,upi,cancelled,UK,English,26,15,89,9,True,better,19,0,old,18,True,yes
4509,Male,Married,False,4,off,premium,8,14,negative,card,active,Germany,English,32,12,83,5,False,good,20,6,very_old,20,True,yes
4510,Female,Single,True,10,on,premium,3,13,neutral,paypal,cancelled,India,English,11,24,14,5,True,poor,2,9,very_old,1,True,no
4511,Female,Single,True,4,off,basic,4,11,negative,upi,active,India,English,8,1,114,1,True,good,13,4,old,3,True,no
4512,Male,Single,True,3,off,basic,10,12,neutral,upi,cancelled,US,English,36,24,103,3,False,poor,4,7,very_old,8,False,yes
4513,Female,Single,False,10,on,basic,1,10,positive,upi,expired,UK,English,14,4,142,5,True,poor,20,10,old,4,True,yes
4514,Female,Single,True,8,off,premium,7,10,neutral,card,cancelled,UK,English,3,23,34,2,True,better,19,4,very_old,18,False,yes
4515,Female,Married,False,10,on,basic,6,7,neutral,card,cancelled,US,Telugu,33,7,137,4,False,better,5,8,recent,5,False,yes
4516,Female,Married,True,2,on,premium,3,8,neutral,upi,expired,US,English,46,9,166,6,False,better,4,5,very_old,4,False,no
4517,Female,Single,False,10,on,gold,3,12,negative,paypal,expired,India,Hindi,43,24,97,3,True,better,6,1,old,9,True,yes
4518,Female,Single,False,6,on,premium,3,17,negative,card,cancelled,US,English,21,17,20,4,True,better,5,0,old,13,False,yes
4519,Male,Single,True,10,off,gold,1,4,neutral,paypal,cancelled,Germany,Telugu,38,3,168,4,True,good,15,6,old,0,True,no
4520,Male,Married,True,3,on,gold,7,12,negative,upi,active,India,Telugu,2,17,117,5,True,good,17,7,recent,10,True,no
4521,Male,Single,True,3,off,premium,10,11,positive,upi,active,India,Telugu,16,14,85,3,False,better,17,6,recent,6,True,no
4522,Female,Married,True,10,off,gold,6,5,positive,card,expired,US,Telugu,14,25,132,7,False,poor,16,6,old,19,False,yes
4523,Male,Single,False,9,on,gold,8,18,negative,upi,cancelled,Germany,Hindi,17,24,185,9,True,poor,4,1,old,0,True,no
4524,Female,Single,True,10,on,gold,8,11,neutral,card,active,US,English,36,25,183,3,True,poor,4,9,old,16,False,yes
4525,Male,Married,False,5,off,premium,4,9,positive,card,active,India,Telugu,26,0,25,10,True,good,1,0,recent,8,False,no
4526,Male,Married,True,8,on,gold,5,0,positive,paypal,cancelled,Germany,Hindi,15,18,20,6,False,good,20,3,very_old,19,True,no
4527,Male,Single,False,4,off,premium,1,10,neutral,upi,cancelled,Germany,Hindi,31,0,135,4,False,good,13,9,old,11,True,no
4528,Male,Married,True,6,on,gold,1,13,neutral,upi,expired,UK,Telugu,11,8,30,10,True,good,20,10,very_old,7,False,yes
4529,Female,Single,True,4,on,basic,5,12,positive,upi,cancelled,UK,Telugu,19,14,25,1,False,better,5,4,old,12,True,no
4530,Female,Single,True,2,off,premium,1,4,neutral,paypal,expired,Germany,English,18,8,133,10,False,good,20,10,very_old,19,True,yes
4531,Female,Married,True,3,on,gold,7,9,positive,paypal,expired,US,English,6,6,15,8,False,good,15,4,old,9,True,no
4532,Male,Married,False,5,off,premium,3,10,positive,paypal,cancelled,India,English,17,18,152,7,True,better,2,1,old,11,False,no
4533,Male,Single,False,6,on,gold,9,20,negative,paypal,expired,US,English,6,3,30,10,False,good,13,4,old,1,False,yes
4534,Male,Single,False,6,off,basic,8,1,neutral,paypal,active,UK,Hindi,25,10,60,4,True,poor,5,9,very_old,9,True,no
4535,Male,Married,False,5,off,premium,3,10,positive,card,active,Germany,English,2,24,74,10,True,good,14,10,very_old,8,False,no
4536,Male,Single,False,4,on,basic,2,7,negative,card,expired,UK,Hindi,48,16,141,2,True,poor,6,4,very_old,8,False,yes
4537,Male,Married,True,6,off,premium,6,20,positive,card,expired,UK,Telugu,23,3,105,1,False,better,12,10,very_old,17,False,yes
4538,Male,Single,True,2,off,basic,4,0,neutral,upi,expired,India,English,47,14,74,3,True,good,12,10,recent,6,True,yes
4539,Male,Married,True,4,on,premium,7,9,negative,upi,expired,Germany,Hindi,11,10,13,10,True,better,1,8,very_old,12,True,yes
4540,Female,Married,False,1,off,premium,4,0,negative,card,expired,US,Hindi,2,19,173,1,False,poor,16,8,old,14,True,no
4541,Male,Single,False,2,off,basic,8,10,neutral,upi,expired,US,Hindi,1,5,164,8,True,better,9,5,recent,18,True,no
4542,Male,Married,True,3,off,premium,10,7,negative,paypal,cancelled,India,Hindi,45,21,135,6,True,poor,16,4,very_old,8,False,yes
4543,Female,Married,True,5,off,premium,8,5,positive,upi,cancelled,Germany,English,23,13,90,9,True,better,16,9,old,0,True,no
4544,Female,Married,False,9,on,basic,7,7,positive,paypal,cancelled,Germany,English,29,22,104,1,False,poor,3,3,very_old,5,False,yes
4545,Male,Married,True,2,on,basic,6,5,positive,upi,active,UK,English,7,2,133,4,True,better,19,7,old,8,False,no
4546,Female,Married,True,8,off,gold,2,3,negative,paypal,active,Germany,Hindi,36,6,33,8,False,poor,5,8,old,20,True,yes
4547,Female,Single,False,8,on,gold,5,5,positive,card,expired,US,English,11,20,112,9,False,good,16,6,old,17,False,no
4548,Female,Married,False,6,on,gold,7,17,negative,card,cancelled,US,Hindi,5,1,84,10,True,good,2,4,very_old,11,True,yes
4549,Female,Married,True,10,off,gold,1,14,negative,card,expired,US,Telugu,47,7,190,2,True,good,16,0,old,18,False,yes
4550,Male,Single,True,4,off,premium,2,2,negative,upi,cancelled,Germany,English,1,18,103,7,True,poor,7,2,recent,0,True,no
4551,Female,Single,False,9,off,gold,7,20,negative,card,cancelled,US,Telugu,3,3,161,3,True,good,6,2,very_old,1,True,no
4552,Male,Single,False,3,off,gold,6,4,negative,upi,expired,US,Hindi,38,5,161,4,False,better,16,10,old,15,False,yes
4553,Female,Married,False,6,on,gold,7,12,positive,paypal,active,UK,Hindi,7,6,127,1,True,good,16,5,very_old,20,False,no
4554,Male,Married,False,8,on,premium,10,7,positive,paypal,active,UK,English,11,15,197,9,False,poor,12,3,old,17,False,no
4555,Female,Married,False,6,off,gold,5,6,neutral,card,expired,UK,English,4,18,122,7,True,good,9,2,very_old,18,False,no
4556,Male,Single,False,5,on,basic,3,20,positive,card,expired,India,English,37,14,63,6,False,poor,20,7,very_old,3,True,yes
4557,Female,Single,False,4,off,gold,8,7,neutral,card,active,India,Hindi,14,0,78,9,False,good,17,2,recent,18,False,no
4558,Male,Single,True,9,on,gold,6,16,neutral,upi,active,India,Hindi,15,21,179,1,False,good,5,9,recent,5,True,no
4559,Female,Married,True,4,off,gold,4,10,negative,card,cancelled,US,English,1,8,88,3,True,poor,1,2,old,10,False,no
4560,Female,Married,True,10,on,premium,1,3,neutral,paypal,active,Germany,English,32,17,199,7,True,better,6,9,recent,6,True,no
4561,Female,Married,False,2,off,gold,2,7,positive,card,active,UK,English,17,16,86,7,False,good,15,6,old,6,False,no
4562,Male,Married,False,7,off,gold,6,4,neutral,card,cancelled,India,English,42,25,137,2,False,better,13,9,old,4,False,yes
4563,Female,Married,True,1,off,gold,7,5,negative,card,active,UK,Hindi,14,25,114,3,False,good,5,6,old,14,True,no
4564,Male,Single,False,1,on,premium,9,10,negative,paypal,expired,UK,Telugu,1,20,25,2,False,poor,7,2,recent,18,True,yes
4565,Female,Single,True,2,on,gold,5,12,positive,paypal,expired,US,English,16,20,106,10,True,better,7,1,very_old,18,True,no
4566,Female,Married,False,3,off,premium,9,6,positive,upi,active,US,English,37,20,45,10,True,better,9,4,old,11,True,no
4567,Male,Single,False,8,on,basic,5,17,negative,upi,expired,Germany,Telugu,50,12,109,8,True,better,11,3,old,2,False,yes
4568,Male,Single,False,1,off,basic,8,20,neutral,paypal,active,UK,Hindi,4,23,118,10,True,poor,5,2,old,17,False,no
4569,Female,Married,True,2,on,basic,1,13,neutral,card,cancelled,Germany,Telugu,4,0,125,9,True,good,5,2,very_old,3,False,no
4570,Female,Married,True,9,on,basic,10,18,negative,upi,active,India,English,4,13,26,1,True,better,2,4,very_old,5,True,no
4571,Female,Married,True,1,on,premium,9,20,positive,upi,expired,US,Telugu,31,19,118,3,True,poor,9,7,very_old,4,True,no
4572,Female,Single,True,6,off,gold,3,17,negative,paypal,active,US,Telugu,27,2,106,6,False,good,14,7,old,8,True,yes
4573,Female,Single,True,6,on,gold,8,0,positive,paypal,expired,US,Telugu,35,20,33,4,False,good,4,8,recent,16,True,no
4574,Male,Married,False,2,on,gold,2,5,neutral,card,expired,India,Hindi,29,12,50,7,True,good,19,4,very_old,5,True,no
4575,Male,Married,False,6,off,gold,10,4,negative,paypal,active,India,English,44,7,193,4,True,poor,14,7,old,11,True,no
4576,Female,Married,True,10,on,basic,4,20,positive,paypal,expired,India,English,18,14,132,3,True,good,1,2,very_old,19,False,no
4577,Female,Married,False,10,on,gold,5,10,neutral,paypal,expired,UK,English,19,6,200,3,False,poor,6,3,very_old,13,True,yes
4578,Female,Married,True,1,off,premium,4,9,neutral,upi,active,India,Telugu,17,4,167,1,False,better,17,4,recent,10,True,no
4579,Female,Married,True,6,on,basic,3,6,positive,card,expired,UK,English,2,4,76,2,False,poor,13,4,old,19,False,no
4580,Male,Married,False,8,off,basic,10,7,neutral,upi,active,UK,Telugu,13,0,21,3,False,good,11,4,very_old,8,False,no
4581,Male,Single,False,2,off,basic,7,14,positive,upi,cancelled,India,Telugu,24,0,139,10,False,better,10,1,recent,19,True,yes
4582,Female,Single,True,4,off,gold,6,4,negative,upi,cancelled,India,English,16,10,69,3,False,better,4,7,very_old,13,False,no
4583,Female,Married,False,4,on,basic,8,5,negative,upi,active,UK,English,7,17,64,3,True,poor,9,3,very_old,19,False,no
4584,Male,Single,True,4,off,basic,4,20,positive,card,expired,India,Telugu,42,9,46,6,False,good,4,7,old,20,False,no
4585,Male,Single,True,1,off,basic,4,6,negative,upi,active,UK,Hindi,19,14,112,7,False,better,19,6,very_old,19,True,no
4586,Male,Single,True,8,off,premium,1,19,neutral,upi,active,India,Telugu,7,12,131,4,False,better,19,5,old,16,True,no
4587,Male,Married,True,5,off,basic,1,3,positive,card,active,UK,Telugu,11,15,49,4,False,better,1,10,old,4,False,no
4588,Female,Married,True,6,on,premium,4,18,neutral,paypal,cancelled,India,Hindi,49,6,156,6,False,good,10,5,old,0,False,no
4589,Male,Married,True,2,off,gold,7,7,negative,upi,cancelled,US,Hindi,4,14,65,8,True,good,8,6,very_old,12,True,yes
4590,Male,Married,False,5,on,premium,10,12,negative,upi,active,India,Hindi,15,1,131,3,True,better,12,1,very_old,17,False,no
4591,Female,Married,False,8,on,basic,9,5,neutral,upi,cancelled,Germany,English,2,9,80,4,False,poor,9,3,recent,5,False,no
4592,Male,Single,False,3,off,gold,9,7,neutral,upi,cancelled,UK,English,15,15,17,3,False,poor,15,1,old,7,False,no
4593,Female,Married,False,5,on,premium,5,7,neutral,upi,cancelled,US,English,25,16,58,5,False,better,18,8,old,11,False,no
4594,Female,Single,True,5,on,basic,8,5,negative,card,cancelled,Germany,Telugu,43,10,22,6,True,poor,9,10,very_old,0,False,yes
4595,Female,Married,True,4,off,premium,7,6,neutral,paypal,expired,US,Hindi,10,8,33,5,True,good,12,2,recent,0,True,no
4596,Female,Single,False,4,off,gold,9,15,negative,card,active,US,English,48,20,125,8,True,poor,20,3,old,16,False,no
4597,Male,Married,False,9,off,basic,6,6,positive,card,expired,Germany,Hindi,18,17,25,7,True,better,19,10,old,7,True,no
4598,Female,Married,True,3,off,basic,5,11,neutral,paypal,cancelled,US,Hindi,31,15,157,10,False,better,17,4,very_old,16,False,yes
4599,Male,Married,False,9,on,premium,7,19,negative,paypal,expired,US,Hindi,45,24,13,7,False,better,16,9,old,1,False,yes
4600,Female,Single,True,1,on,premium,10,11,negative,card,expired,India,Telugu,38,4,124,5,False,good,7,7,very_old,2,True,yes
4601,Female,Married,False,7,on,gold,9,18,neutral,upi,active,UK,English,45,10,87,2,False,poor,16,8,very_old,6,True,no
4602,Male,Married,True,1,off,gold,9,1,neutral,upi,cancelled,India,Hindi,6,18,196,5,False,better,3,6,very_old,10,False,no
4603,Female,Single,True,1,on,basic,2,20,positive,card,expired,India,English,19,23,26,4,False,better,1,9,old,5,True,no
4604,Male,Married,False,8,off,gold,1,12,neutral,paypal,cancelled,US,English,20,25,112,8,True,poor,3,6,recent,17,False,yes
4605,Male,Married,True,3,on,premium,8,13,positive,paypal,cancelled,UK,Telugu,9,14,154,8,True,poor,10,10,very_old,15,True,yes
4606,Male,Married,True,7,off,basic,3,19,neutral,card,cancelled,Germany,English,48,13,37,2,True,poor,12,5,very_old,18,True,yes
4607,Female,Single,True,5,on,gold,9,18,positive,upi,cancelled,UK,Telugu,31,19,23,3,True,good,13,10,very_old,0,False,yes
4608,Female,Single,False,7,on,gold,1,7,positive,card,expired,UK,Hindi,14,23,97,4,False,good,13,1,recent,13,False,no
4609,Male,Married,True,7,off,gold,6,4,positive,upi,expired,US,Telugu,18,6,192,9,True,better,11,7,very_old,11,False,yes
4610,Male,Married,False,1,off,premium,5,6,negative,card,cancelled,India,Hindi,4,9,132,5,False,good,13,7,old,12,False,no
4611,Female,Married,False,3,off,premium,9,4,positive,paypal,active,Germany,Hindi,39,1,127,5,False,poor,11,6,very_old,18,True,no
4612,Male,Married,False,7,off,premium,8,5,negative,card,active,UK,Hindi,33,6,65,3,False,better,1,5,very_old,14,True,no
4613,Female,Single,False,3,off,premium,6,11,positive,upi,cancelled,Germany,English,1,4,83,1,True,poor,16,3,very_old,13,True,yes
4614,Male,Married,False,2,on,premium,1,1,neutral,upi,expired,UK,English,34,22,37,7,False,poor,14,8,old,1,False,no
4615,Male,Married,True,10,off,premium,8,11,neutral,card,expired,India,Telugu,22,24,195,7,False,poor,13,3,very_old,16,False,yes
4616,Male,Married,False,3,off,basic,8,10,neutral,upi,active,India,Hindi,41,20,101,3,True,better,6,1,recent,7,False,no
4617,Female,Married,True,6,off,gold,9,20,positive,paypal,active,India,Telugu,19,20,16,5,False,poor,10,0,very_old,0,True,no
4618,Female,Single,True,7,on,basic,10,6,neutral,card,active,US,Hindi,12,11,121,9,False,poor,15,9,old,7,True,no
4619,Male,Single,False,4,off,gold,3,13,negative,paypal,expired,US,Hindi,0,19,57,6,True,good,9,6,very_old,2,False,no
4620,Female,Married,True,10,off,gold,5,20,neutral,upi,cancelled,US,Hindi,7,24,89,8,True,good,12,8,recent,11,False,no
4621,Female,Single,False,10,on,basic,8,8,negative,upi,expired,India,English,1,3,127,9,False,better,10,8,recent,17,False,yes
4622,Female,Married,True,9,off,gold,1,17,neutral,paypal,active,US,Telugu,39,16,105,5,True,good,5,7,old,17,True,no
4623,Male,Single,True,8,on,basic,7,13,negative,upi,cancelled,India,English,50,6,95,1,True,good,9,8,recent,7,False,yes
4624,Male,Single,True,3,on,premium,8,6,positive,card,active,India,Hindi,34,2,130,4,False,better,8,5,old,10,False,no
4625,Female,Married,False,7,on,premium,4,20,negative,paypal,cancelled,India,Hindi,1,12,41,6,True,better,3,2,very_old,9,True,yes
4626,Female,Married,True,5,on,gold,5,12,neutral,card,active,US,English,6,18,29,6,True,good,4,7,recent,2,False,no
4627,Male,Married,False,7,off,basic,5,1,negative,upi,active,US,Telugu,16,3,130,10,False,good,10,1,old,10,False,no
4628,Female,Single,False,7,off,basic,7,7,neutral,paypal,active,UK,English,15,20,17,1,True,good,17,8,recent,14,True,no
4629,Male,Married,True,1,off,premium,2,9,negative,card,cancelled,US,Hindi,30,16,138,2,False,good,8,9,very_old,3,False,no
4630,Female,Single,False,4,on,gold,4,15,positive,paypal,expired,UK,English,47,23,145,6,False,poor,10,3,very_old,16,False,yes
4631,Female,Single,False,5,off,premium,6,20,positive,card,cancelled,India,English,46,12,37,9,False,better,8,5,recent,8,False,yes
4632,Female,Single,False,1,off,basic,3,2,negative,upi,expired,US,Telugu,38,14,174,3,True,better,3,8,recent,20,True,yes
4633,Female,Married,False,6,off,premium,6,9,negative,paypal,active,UK,Telugu,19,20,190,8,False,poor,12,3,old,7,True,yes
4634,Female,Married,True,6,off,premium,10,18,neutral,upi,active,Germany,Telugu,10,16,80,3,True,good,16,6,very_old,1,False,no
4635,Male,Single,False,6,on,basic,5,4,positive,paypal,expired,UK,Telugu,26,15,175,8,True,better,13,1,recent,14,True,no
4636,Female,Married,True,10,on,basic,5,3,negative,paypal,cancelled,India,English,2,17,85,9,False,poor,12,2,recent,15,True,yes
4637,Female,Single,True,9,on,premium,1,0,positive,upi,cancelled,UK,Telugu,2,23,174,6,True,better,13,10,old,20,False,no
4638,Male,Single,False,10,on,premium,8,10,neutral,paypal,expired,UK,Telugu,9,8,158,7,True,good,16,4,old,15,False,no
4639,Male,Single,False,10,on,basic,2,14,positive,paypal,cancelled,UK,Telugu,14,11,64,7,False,good,10,2,recent,15,True,no
4640,Female,Single,True,3,off,premium,6,1,neutral,card,cancelled,UK,Hindi,5,3,89,5,True,better,13,1,old,18,True,yes
4641,Female,Single,True,4,on,gold,10,12,neutral,card,cancelled,India,Hindi,24,15,90,4,True,poor,3,9,very_old,6,True,no
4642,Female,Single,False,9,on,premium,3,2,positive,upi,active,India,Telugu,18,23,60,9,False,good,9,6,old,1,False,no
4643,Male,Single,True,2,off,gold,7,14,positive,paypal,expired,India,English,40,13,131,5,False,good,8,9,old,20,True,no
4644,Female,Married,False,3,off,basic,4,18,positive,paypal,active,US,Hindi,36,12,145,8,False,poor,4,0,recent,17,False,yes
4645,Female,Married,True,4,on,gold,7,20,neutral,paypal,expired,Germany,Hindi,14,21,177,10,True,poor,18,10,very_old,15,True,yes
4646,Female,Single,True,6,on,basic,5,16,negative,upi,expired,India,Hindi,26,4,69,3,True,poor,6,4,very_old,15,False,yes
4647,Female,Single,False,9,on,premium,8,15,negative,paypal,cancelled,US,Hindi,31,23,101,9,False,better,5,0,recent,14,True,yes
4648,Female,Single,True,4,on,gold,3,1,neutral,card,active,UK,Hindi,49,9,183,10,True,better,5,9,recent,10,True,yes
4649,Male,Single,False,8,off,basic,9,3,negative,upi,active,India,English,40,1,155,3,False,good,12,3,old,16,True,yes
4650,Female,Married,False,5,off,basic,10,9,neutral,upi,expired,UK,Hindi,8,19,178,10,False,poor,18,6,very_old,0,False,no
4651,Female,Married,True,3,on,gold,1,0,positive,card,active,Germany,English,42,0,56,5,True,better,12,7,old,5,False,no
4652,Female,Single,False,4,on,gold,1,5,neutral,upi,active,US,Hindi,21,16,71,7,False,good,19,3,old,13,True,no
4653,Male,Single,False,9,off,basic,1,7,negative,upi,cancelled,Germany,Hindi,2,13,96,1,False,poor,3,5,very_old,18,True,yes
4654,Male,Single,False,4,off,premium,8,14,neutral,card,active,UK,Telugu,20,22,32,9,True,poor,10,0,very_old,19,True,yes
4655,Female,Married,True,6,off,basic,4,18,neutral,paypal,expired,Germany,English,30,21,175,5,False,better,1,2,old,9,False,yes
4656,Female,Single,False,8,off,basic,9,9,neutral,paypal,expired,Germany,Hindi,34,10,110,3,False,better,11,0,old,9,False,no
4657,Female,Single,True,7,off,basic,6,5,positive,card,expired,UK,Telugu,44,18,64,10,True,better,7,5,recent,9,False,no
4658,Female,Married,True,5,on,basic,7,5,negative,card,expired,US,Telugu,9,13,182,5,False,better,2,3,very_old,16,True,yes
4659,Female,Married,True,5,on,premium,4,1,negative,paypal,cancelled,Germany,Telugu,3,13,18,9,True,poor,16,6,old,5,False,yes
4660,Female,Married,True,5,off,gold,3,5,negative,upi,cancelled,India,English,44,3,161,10,True,better,1,7,old,10,True,yes
4661,Female,Single,True,10,on,premium,5,16,positive,card,expired,Germany,Hindi,23,10,78,8,True,poor,16,2,old,16,False,yes
4662,Female,Married,False,9,off,gold,9,4,negative,card,active,Germany,English,32,3,191,6,True,poor,9,7,very_old,6,False,no
4663,Male,Single,True,8,off,basic,10,4,negative,upi,active,UK,Hindi,47,15,189,10,True,better,17,0,old,10,False,yes
4664,Female,Single,True,6,on,premium,6,4,positive,upi,cancelled,India,Telugu,22,21,25,5,True,better,4,6,recent,16,False,no
4665,Female,Married,True,1,on,gold,8,16,negative,card,expired,US,Telugu,50,15,82,6,True,better,18,2,very_old,3,False,yes
4666,Male,Single,True,2,off,gold,3,10,neutral,paypal,cancelled,US,English,29,5,65,3,True,good,19,8,old,1,False,no
4667,Female,Married,False,6,on,premium,8,7,neutral,card,active,Germany,English,35,17,118,8,True,good,13,2,very_old,4,True,no
4668,Male,Single,False,5,off,premium,7,20,neutral,upi,cancelled,Germany,Hindi,40,0,140,7,True,better,16,8,old,20,True,yes
4669,Male,Single,True,6,off,gold,4,11,neutral,upi,cancelled,US,Telugu,37,2,128,1,False,good,13,2,recent,7,True,yes
4670,Male,Married,False,7,off,basic,10,5,positive,upi,cancelled,UK,Telugu,7,24,54,4,True,poor,14,7,old,18,True,yes
4671,Female,Single,True,4,off,basic,7,17,negative,upi,active,India,English,36,10,174,6,True,poor,5,10,old,8,False,yes
4672,Female,Single,True,6,off,gold,6,4,negative,upi,active,US,English,37,8,39,1,False,better,11,3,old,16,True,no
4673,Female,Married,True,7,on,basic,2,2,positive,upi,cancelled,India,Telugu,5,16,130,1,True,good,18,9,old,0,False,no
4674,Male,Single,True,7,off,premium,9,2,neutral,card,cancelled,Germany,Hindi,47,13,44,7,True,poor,15,1,recent,10,True,yes
4675,Female,Single,True,2,off,gold,7,17,negative,paypal,cancelled,Germany,Hindi,10,11,74,5,False,good,4,1,recent,19,True,no
4676,Female,Single,True,4,on,premium,2,10,positive,upi,cancelled,India,English,19,3,26,6,False,better,8,2,very_old,20,True,yes
4677,Female,Single,True,1,on,gold,9,3,positive,upi,active,India,English,34,6,116,8,False,poor,6,8,old,19,True,yes
4678,Female,Married,True,2,off,premium,6,10,neutral,upi,cancelled,US,English,27,16,90,2,True,better,2,3,recent,5,True,yes
4679,Male,Married,False,2,off,basic,1,6,positive,card,cancelled,India,Telugu,13,8,132,2,True,better,18,5,old,6,False,no
4680,Male,Married,False,4,off,gold,3,15,negative,card,active,UK,Telugu,35,14,11,9,False,good,15,6,recent,13,True,yes
4681,Male,Single,False,1,on,basic,3,9,neutral,paypal,active,US,Telugu,48,10,114,8,False,good,20,5,very_old,2,False,no
4682,Male,Single,False,6,on,premium,6,18,negative,card,cancelled,Germany,English,15,9,60,6,False,better,5,7,very_old,1,False,yes
4683,Female,Married,False,9,off,premium,3,8,positive,upi,active,US,English,43,14,22,4,True,good,7,5,old,6,False,no
4684,Male,Married,True,10,off,gold,5,4,negative,upi,cancelled,UK,English,39,23,14,8,False,poor,13,4,very_old,6,True,yes
4685,Male,Single,True,10,on,basic,2,10,positive,upi,expired,UK,Telugu,4,10,126,4,True,poor,14,10,very_old,4,False,no
4686,Female,Single,True,5,off,premium,2,0,positive,card,expired,UK,English,23,15,179,3,False,better,16,10,very_old,0,False,yes
4687,Male,Married,True,5,on,basic,9,16,negative,upi,cancelled,US,English,5,15,179,1,False,good,5,2,very_old,6,False,yes
4688,Male,Married,True,3,off,gold,4,6,neutral,upi,cancelled,India,Telugu,25,13,99,7,True,poor,2,6,very_old,20,False,yes
4689,Male,Single,True,2,off,premium,5,12,negative,upi,expired,US,Hindi,26,10,187,9,False,good,2,9,recent,14,False,yes
4690,Female,Single,False,9,on,premium,9,20,positive,card,cancelled,US,Hindi,2,22,189,10,False,poor,10,5,recent,19,False,no
4691,Female,Single,True,5,on,basic,5,11,neutral,paypal,active,US,Telugu,16,23,85,2,False,better,6,5,old,19,True,no
4692,Female,Single,False,8,on,basic,4,15,negative,card,cancelled,UK,Hindi,23,25,36,3,False,poor,13,6,very_old,10,False,yes
4693,Female,Single,False,8,on,gold,7,4,positive,card,cancelled,Germany,Hindi,18,18,71,9,False,good,1,7,old,16,False,no
4694,Male,Single,False,3,off,basic,1,18,positive,paypal,active,India,English,10,5,170,9,True,better,18,8,very_old,2,False,no
4695,Male,Married,True,7,on,premium,7,19,positive,paypal,active,Germany,Hindi,12,9,79,4,False,good,3,7,old,14,False,no
4696,Male,Married,False,3,off,premium,8,12,negative,upi,expired,UK,Telugu,36,13,163,6,False,poor,18,9,recent,4,False,no
4697,Male,Married,False,6,on,gold,7,18,positive,upi,cancelled,Germany,English,46,5,55,8,False,good,3,10,old,8,True,no
4698,Male,Married,True,1,off,gold,1,18,negative,upi,cancelled,UK,Hindi,29,10,158,5,True,poor,8,7,recent,12,True,no
4699,Female,Single,True,2,on,gold,2,14,positive,paypal,expired,UK,Telugu,33,24,47,8,False,better,2,2,recent,4,False,no
4700,Male,Married,False,5,on,gold,5,8,positive,upi,active,US,Hindi,38,6,50,10,True,good,1,5,very_old,2,True,no
4701,Female,Married,True,4,on,basic,3,9,positive,upi,active,India,Telugu,21,4,39,9,False,poor,15,10,very_old,12,False,no
4702,Female,Married,False,1,off,gold,1,11,positive,paypal,cancelled,UK,English,38,18,56,10,False,poor,6,0,very_old,3,False,yes
4703,Female,Single,False,3,off,basic,6,18,positive,card,active,Germany,English,33,9,156,8,False,better,15,8,old,5,True,no
4704,Female,Single,False,2,off,premium,3,10,positive,card,cancelled,UK,English,17,19,98,4,True,better,18,5,very_old,4,True,no
4705,Male,Single,False,10,off,premium,4,20,positive,upi,expired,US,Telugu,1,2,55,7,True,good,3,3,old,20,True,yes
4706,Female,Single,False,8,on,premium,6,10,positive,card,active,US,Telugu,6,10,113,8,False,poor,5,9,very_old,6,True,no
4707,Male,Single,True,8,off,basic,8,1,positive,card,active,UK,Hindi,1,6,140,2,True,good,13,3,recent,18,False,no
4708,Female,Married,False,10,on,basic,1,10,negative,upi,cancelled,UK,English,34,12,50,8,False,good,2,3,recent,11,False,yes
4709,Female,Married,False,9,off,gold,9,7,negative,card,expired,Germany,Telugu,31,11,169,1,True,better,16,0,very_old,11,True,yes
4710,Male,Married,True,5,off,gold,2,15,neutral,upi,cancelled,US,Telugu,39,10,19,5,True,poor,12,3,very_old,12,True,yes
4711,Female,Single,False,7,on,gold,6,4,neutral,card,expired,US,Telugu,34,23,191,8,True,good,3,2,recent,17,False,no
4712,Male,Married,False,8,on,gold,7,19,positive,paypal,cancelled,US,Hindi,33,20,73,4,False,poor,18,5,old,5,False,yes
4713,Female,Married,True,4,on,basic,4,13,neutral,upi,expired,India,Telugu,30,13,171,6,True,good,4,6,recent,20,True,yes
4714,Female,Single,False,8,on,gold,7,3,neutral,card,expired,US,English,32,6,54,3,True,better,12,6,recent,1,True,no
4715,Female,Single,True,8,on,basic,10,14,neutral,card,expired,UK,Telugu,18,0,59,9,True,good,20,5,very_old,16,True,yes
4716,Female,Single,False,4,off,gold,2,6,neutral,paypal,expired,UK,English,1,13,167,8,True,poor,10,6,very_old,3,True,yes
4717,Female,Married,True,3,on,gold,1,0,positive,upi,expired,US,Telugu,5,19,35,2,False,better,14,4,very_old,16,True,no
4718,Male,Single,False,7,off,basic,3,14,negative,card,cancelled,India,Telugu,10,14,106,6,True,poor,13,2,recent,11,False,yes
4719,Female,Single,True,4,on,basic,8,1,positive,paypal,cancelled,UK,Hindi,35,6,12,6,False,good,19,2,old,0,False,yes
4720,Female,Married,True,2,off,gold,8,9,neutral,paypal,expired,US,Telugu,7,22,80,2,False,poor,3,0,recent,20,True,no
4721,Female,Married,False,5,off,premium,9,20,negative,upi,cancelled,US,Hindi,50,7,48,5,True,better,10,10,very_old,9,False,yes
4722,Male,Single,True,9,off,basic,3,4,neutral,upi,active,India,English,9,9,135,2,True,poor,14,2,recent,13,True,no
4723,Female,Single,False,8,off,gold,1,10,positive,paypal,active,Germany,Hindi,4,10,165,8,False,good,1,9,recent,11,False,no
4724,Female,Single,False,1,on,premium,7,4,positive,upi,active,UK,Hindi,50,12,67,3,True,better,15,8,very_old,6,True,no
4725,Male,Married,False,1,on,gold,7,6,neutral,card,expired,US,Telugu,41,8,28,1,True,good,15,4,very_old,9,True,yes
4726,Male,Married,False,1,on,premium,6,8,neutral,upi,active,US,English,41,15,64,3,False,poor,14,4,old,7,True,yes
4727,Female,Married,False,3,on,basic,3,3,neutral,card,expired,UK,English,33,14,172,2,True,good,15,1,recent,8,True,yes
4728,Female,Married,False,10,off,gold,4,2,negative,card,expired,India,English,26,15,114,1,True,better,20,6,very_old,6,False,yes
4729,Male,Married,False,4,off,basic,1,10,positive,upi,expired,Germany,English,50,8,194,5,True,good,5,4,old,2,True,no
4730,Male,Single,True,6,on,basic,8,15,neutral,card,expired,India,Hindi,47,7,164,2,True,poor,8,10,very_old,2,True,yes
4731,Female,Single,True,7,on,premium,6,7,negative,paypal,active,Germany,English,14,9,192,2,False,better,12,10,old,18,True,no
4732,Female,Single,False,10,off,gold,10,2,neutral,paypal,expired,India,English,27,15,162,10,False,poor,10,4,old,17,False,yes
4733,Female,Single,True,1,on,premium,9,11,neutral,paypal,cancelled,UK,Hindi,23,23,90,8,True,good,12,7,old,19,False,yes
4734,Male,Married,False,5,off,gold,1,10,positive,card,expired,India,English,41,13,143,6,False,poor,20,9,very_old,16,False,no
4735,Male,Single,False,5,off,gold,3,10,positive,card,active,Germany,Telugu,39,0,125,8,False,better,20,6,old,10,False,no
4736,Female,Married,False,9,on,gold,8,16,neutral,paypal,expired,UK,Hindi,0,8,33,5,False,poor,18,10,recent,4,True,no
4737,Male,Single,True,9,on,premium,8,1,positive,upi,cancelled,UK,Hindi,33,19,150,3,True,poor,13,8,recent,8,False,no
4738,Male,Married,False,10,off,premium,9,6,neutral,card,cancelled,UK,Hindi,49,20,44,4,True,good,16,6,old,14,True,no
4739,Male,Married,True,9,on,basic,5,12,neutral,paypal,expired,Germany,English,43,1,146,2,True,better,4,7,old,20,False,yes
4740,Female,Married,False,9,on,gold,5,17,neutral,upi,cancelled,UK,Telugu,22,0,142,6,False,better,9,0,old,3,True,no
4741,Female,Married,False,10,on,gold,5,20,neutral,upi,cancelled,Germany,Hindi,37,23,151,9,False,good,7,10,very_old,11,True,yes
4742,Female,Single,True,7,off,premium,1,19,positive,card,cancelled,Germany,Hindi,2,25,106,10,True,good,7,4,very_old,13,True,no
4743,Male,Married,False,3,on,premium,3,8,neutral,card,active,India,Telugu,39,2,61,7,False,poor,10,1,very_old,16,False,yes
4744,Male,Married,True,8,on,basic,1,18,positive,card,active,UK,Hindi,33,5,74,10,False,poor,10,7,very_old,7,True,yes
4745,Male,Single,False,8,on,premium,5,3,negative,paypal,active,UK,English,13,7,18,2,True,better,10,1,very_old,8,True,no
4746,Male,Single,False,3,off,premium,2,15,negative,paypal,cancelled,UK,English,26,23,149,5,True,poor,11,4,old,1,False,yes
4747,Male,Single,False,2,off,basic,7,11,negative,card,expired,India,Telugu,32,15,145,5,True,poor,3,8,very_old,11,False,yes
4748,Male,Single,True,10,off,premium,6,19,neutral,card,active,UK,Hindi,32,9,32,1,True,better,10,8,very_old,11,False,no
4749,Male,Married,True,7,off,premium,4,0,positive,paypal,active,US,Hindi,1,4,49,4,True,better,4,6,very_old,10,False,no
4750,Male,Single,False,5,off,gold,7,13,positive,upi,cancelled,India,Telugu,33,13,160,9,False,poor,11,8,old,1,False,yes
4751,Female,Married,False,4,on,basic,8,14,neutral,paypal,active,Germany,Telugu,11,21,128,8,True,better,19,3,very_old,18,True,no
4752,Male,Single,True,3,on,premium,6,2,neutral,card,expired,India,English,4,25,31,5,False,good,5,5,recent,10,False,yes
4753,Female,Married,True,5,off,basic,2,16,positive,upi,expired,UK,English,35,4,116,4,False,better,14,5,old,15,False,yes
4754,Female,Single,True,9,on,gold,6,6,neutral,paypal,active,Germany,English,14,8,155,7,False,good,10,2,recent,17,True,no
4755,Female,Single,False,5,on,basic,9,11,negative,card,cancelled,Germany,English,2,12,92,3,False,poor,17,10,recent,9,False,no
4756,Male,Married,False,7,off,gold,4,13,negative,paypal,expired,UK,Telugu,37,15,181,10,True,good,10,0,old,19,True,yes
4757,Female,Married,False,1,on,gold,6,6,neutral,paypal,active,US,English,23,4,178,8,True,better,18,7,old,2,False,no
4758,Male,Single,True,3,on,gold,5,20,negative,paypal,active,UK,Telugu,11,11,108,6,True,good,13,9,very_old,0,True,no
4759,Male,Single,True,1,on,gold,3,17,positive,card,active,Germany,Telugu,49,19,194,2,True,poor,3,4,old,1,True,no
4760,Male,Married,False,6,on,basic,7,13,positive,upi,expired,India,Telugu,1,2,19,8,True,good,13,3,old,9,True,no
4761,Female,Single,False,10,off,basic,1,12,positive,upi,active,UK,English,9,5,89,2,True,poor,9,8,recent,9,False,no
4762,Female,Married,True,9,off,gold,5,6,neutral,upi,cancelled,Germany,Telugu,6,21,99,2,False,good,1,2,very_old,6,False,no
4763,Male,Single,True,8,off,basic,6,5,neutral,upi,active,India,Telugu,3,13,49,9,True,poor,18,2,recent,12,False,no
4764,Male,Married,False,8,on,gold,8,19,negative,card,active,India,Hindi,45,23,148,10,True,poor,6,1,old,13,False,no
4765,Male,Married,False,9,off,premium,10,13,neutral,card,expired,UK,Telugu,15,21,68,10,False,poor,4,7,old,10,False,yes
4766,Female,Married,True,1,on,gold,2,1,negative,upi,cancelled,US,Hindi,43,17,115,10,True,poor,20,5,old,3,False,yes
4767,Female,Single,False,4,off,gold,5,20,negative,upi,cancelled,UK,Hindi,37,12,154,3,True,poor,11,8,recent,14,False,yes
4768,Male,Single,True,3,on,gold,3,2,negative,card,expired,India,English,42,2,121,3,False,poor,5,3,very_old,11,True,yes
4769,Male,Single,True,7,on,premium,7,4,neutral,upi,cancelled,Germany,English,11,12,67,2,True,better,16,1,recent,3,False,no
4770,Female,Single,False,3,off,basic,8,15,negative,paypal,active,Germany,Hindi,16,15,77,2,False,poor,17,2,recent,4,True,no
4771,Male,Single,False,9,off,premium,1,9,positive,upi,active,US,Hindi,16,23,118,6,True,good,5,0,old,3,False,no
4772,Female,Married,False,5,off,premium,2,11,positive,card,active,US,Hindi,21,2,97,9,True,poor,17,4,very_old,16,True,no
4773,Male,Married,True,2,off,basic,9,13,negative,upi,expired,UK,Hindi,30,24,200,6,True,better,18,3,very_old,5,True,yes
4774,Male,Married,False,6,off,gold,5,7,positive,card,active,UK,Telugu,29,25,192,1,False,better,20,9,very_old,2,False,no
4775,Male,Married,False,2,off,basic,10,6,positive,upi,cancelled,US,English,34,6,24,4,True,better,4,10,old,14,False,yes
4776,Female,Single,False,3,off,basic,9,2,neutral,paypal,expired,US,English,35,5,59,7,False,poor,15,2,old,3,False,no
4777,Female,Single,False,10,off,gold,4,18,neutral,paypal,cancelled,Germany,English,20,20,95,10,True,better,20,6,recent,13,False,yes
4778,Female,Married,True,3,off,gold,7,3,negative,paypal,expired,US,Hindi,9,11,22,5,False,good,18,1,very_old,1,True,no
4779,Female,Married,False,4,on,basic,6,1,positive,upi,cancelled,US,English,5,17,185,6,False,better,5,7,very_old,9,True,no
4780,Female,Single,True,4,off,basic,8,0,neutral,card,active,US,English,29,10,132,2,False,good,20,10,old,15,False,no
4781,Male,Married,True,8,on,basic,2,1,neutral,paypal,expired,Germany,Telugu,20,23,146,9,False,good,11,0,recent,6,False,yes
4782,Female,Married,False,1,on,gold,4,8,negative,paypal,active,US,Hindi,1,13,56,8,True,better,19,0,very_old,19,True,no
4783,Male,Single,False,9,off,premium,7,11,negative,paypal,expired,US,Telugu,6,4,149,9,True,better,9,1,very_old,13,True,yes
4784,Female,Single,True,1,on,premium,3,0,positive,card,active,UK,English,0,17,127,4,False,poor,3,2,very_old,2,True,no
4785,Male,Single,False,7,on,basic,6,2,positive,upi,cancelled,India,Telugu,39,18,15,8,True,good,1,4,recent,18,True,yes
4786,Female,Single,False,7,on,gold,2,18,positive,card,expired,India,Hindi,8,25,164,7,True,good,4,7,very_old,10,True,no
4787,Female,Married,True,4,off,premium,6,5,negative,paypal,cancelled,India,Hindi,19,21,161,10,False,poor,9,6,old,19,True,yes
4788,Female,Married,True,10,on,premium,9,7,negative,card,cancelled,India,Telugu,10,20,48,1,False,better,19,10,old,4,True,no
4789,Female,Single,True,10,on,premium,6,3,negative,paypal,active,India,English,48,22,131,7,False,poor,12,8,very_old,2,True,yes
4790,Female,Single,False,2,on,basic,8,14,negative,paypal,expired,UK,Telugu,21,12,95,8,True,good,3,8,recent,3,False,no
4791,Female,Married,True,7,on,basic,4,4,negative,upi,expired,UK,English,19,20,20,2,True,good,18,10,very_old,12,True,yes
4792,Male,Single,True,8,off,premium,6,10,positive,upi,expired,US,Hindi,32,15,138,1,True,better,1,10,old,7,False,yes
4793,Female,Married,False,10,off,basic,3,15,neutral,upi,active,UK,English,22,7,100,10,False,good,3,6,old,0,True,no
4794,Female,Married,True,7,off,basic,5,5,negative,upi,cancelled,US,Hindi,35,0,35,9,True,better,13,6,very_old,9,False,yes
4795,Female,Married,True,8,on,premium,7,6,positive,card,cancelled,US,Hindi,15,10,74,9,True,better,8,5,old,2,False,no
4796,Male,Married,True,8,off,premium,6,20,neutral,upi,cancelled,UK,Telugu,17,0,147,2,False,better,7,1,recent,7,True,yes
4797,Female,Married,True,10,off,basic,8,4,neutral,paypal,cancelled,India,Telugu,37,18,88,7,False,better,3,9,very_old,5,False,no
4798,Male,Single,True,4,off,premium,6,20,negative,paypal,active,US,Hindi,12,6,106,3,True,poor,2,1,old,10,True,yes
4799,Male,Single,True,4,on,premium,5,16,neutral,paypal,active,Germany,English,15,16,78,7,True,poor,1,3,old,17,True,no
4800,Male,Married,False,6,on,premium,1,3,neutral,card,expired,UK,English,23,4,141,1,False,better,20,10,old,15,True,no
4801,Female,Single,True,8,off,gold,1,10,negative,card,active,US,Telugu,28,24,162,1,False,good,7,1,old,8,True,no
4802,Female,Single,False,4,off,gold,5,13,negative,upi,expired,India,Hindi,14,21,98,4,False,good,7,6,old,14,True,no
4803,Female,Married,False,7,off,gold,5,13,positive,upi,active,UK,Hindi,41,20,194,5,False,better,17,2,very_old,9,False,no
4804,Male,Married,True,8,off,basic,8,12,positive,card,active,Germany,English,31,9,167,3,True,poor,15,9,very_old,19,True,no
4805,Female,Married,True,8,off,basic,2,13,negative,card,expired,UK,English,39,7,76,7,True,better,11,0,recent,5,True,yes
4806,Female,Married,True,9,off,premium,9,4,negative,upi,active,US,Telugu,21,19,73,10,True,better,18,10,recent,10,False,no
4807,Female,Single,True,4,on,premium,4,10,negative,paypal,expired,India,English,19,18,189,6,False,good,19,3,recent,12,False,yes
4808,Male,Single,False,1,off,premium,4,10,negative,paypal,active,US,English,22,12,105,8,True,good,11,0,recent,7,False,no
4809,Male,Married,True,3,off,gold,6,11,positive,paypal,active,Germany,Telugu,10,19,30,7,True,good,18,5,recent,7,False,no
4810,Male,Single,True,5,on,gold,7,19,positive,upi,expired,Germany,Hindi,41,0,181,8,True,better,13,5,recent,2,False,yes
4811,Male,Single,False,1,off,basic,7,18,neutral,card,cancelled,Germany,Telugu,18,16,79,7,False,good,4,8,old,12,True,yes
4812,Male,Single,False,2,on,basic,8,3,neutral,upi,expired,US,English,40,15,96,4,False,better,19,6,recent,15,False,yes
4813,Female,Married,False,5,off,premium,8,18,neutral,upi,cancelled,UK,English,45,18,138,2,False,better,7,9,recent,15,False,yes
4814,Female,Married,False,10,on,premium,2,0,neutral,card,expired,India,English,29,0,199,3,False,poor,5,0,old,16,True,yes
4815,Male,Married,True,3,off,gold,5,12,positive,upi,expired,US,Hindi,43,18,42,3,False,poor,2,7,recent,14,False,yes
4816,Male,Single,False,5,off,premium,10,10,negative,card,cancelled,US,English,31,6,106,4,True,good,2,9,very_old,12,True,yes
4817,Male,Married,False,8,off,basic,2,5,positive,paypal,expired,Germany,English,33,17,197,5,True,poor,18,0,very_old,4,False,yes
4818,Female,Married,False,4,off,premium,9,14,positive,upi,active,US,Telugu,33,16,157,4,False,good,4,10,very_old,3,True,no
4819,Female,Married,True,1,off,basic,7,16,neutral,paypal,cancelled,US,Hindi,19,13,119,4,False,better,6,6,very_old,18,True,no
4820,Male,Married,False,5,on,basic,9,14,neutral,paypal,cancelled,Germany,Telugu,23,24,101,2,False,good,12,5,very_old,8,True,no
4821,Female,Married,True,6,on,premium,9,3,neutral,upi,cancelled,UK,Hindi,48,14,151,6,True,poor,16,3,very_old,9,True,yes
4822,Male,Married,True,2,off,premium,5,16,negative,card,cancelled,Germany,Telugu,15,0,153,3,True,poor,6,1,recent,0,False,yes
4823,Female,Single,True,9,on,premium,9,7,negative,upi,expired,US,Hindi,17,2,115,2,True,poor,6,3,old,12,False,yes
4824,Male,Single,True,5,off,gold,10,11,positive,paypal,expired,Germany,Hindi,40,22,26,1,True,good,4,3,old,3,True,no
4825,Male,Married,True,7,on,gold,9,4,positive,card,active,Germany,English,2,12,77,8,True,good,7,9,recent,7,True,no
4826,Female,Married,False,6,off,basic,3,16,positive,upi,cancelled,US,Hindi,42,7,134,8,False,good,20,8,very_old,19,False,yes
4827,Female,Single,False,10,off,premium,3,5,neutral,upi,active,India,English,45,25,131,3,False,poor,7,9,very_old,15,True,no
4828,Male,Single,False,5,on,basic,9,17,positive,card,expired,UK,Hindi,33,18,12,1,False,better,9,1,recent,2,True,no
4829,Male,Single,True,2,off,premium,8,6,neutral,paypal,active,US,Telugu,17,23,120,4,True,poor,15,4,very_old,19,True,no
4830,Male,Single,False,7,off,premium,1,2,positive,upi,expired,Germany,Telugu,37,9,16,4,False,better,1,0,old,15,False,yes
4831,Male,Single,False,7,on,premium,10,1,positive,paypal,active,Germany,Hindi,9,18,145,5,False,poor,16,10,very_old,3,False,no
4832,Male,Married,True,1,off,premium,5,0,neutral,card,active,India,Telugu,0,1,114,2,True,good,3,8,very_old,5,True,no
4833,Female,Single,True,3,off,premium,6,13,negative,card,active,UK,Hindi,43,4,52,9,True,good,20,5,old,8,True,no
4834,Male,Single,False,8,on,premium,5,6,neutral,card,expired,Germany,Hindi,37,5,133,9,False,better,5,4,very_old,7,False,yes
4835,Male,Married,False,7,on,gold,7,7,negative,upi,expired,US,Telugu,32,4,51,3,True,good,13,5,recent,18,True,yes
4836,Female,Married,False,8,on,premium,4,18,positive,card,active,India,Hindi,0,4,133,6,False,poor,14,1,recent,18,True,no
4837,Female,Single,False,6,off,premium,8,12,neutral,paypal,expired,Germany,Telugu,17,18,162,5,True,poor,4,10,recent,13,True,yes
4838,Male,Married,False,9,on,premium,6,2,negative,paypal,cancelled,India,English,46,11,197,1,False,poor,8,9,old,2,False,yes
4839,Female,Single,False,5,off,basic,2,14,positive,paypal,expired,India,English,38,4,20,10,False,good,13,7,recent,19,False,yes
4840,Male,Single,False,1,on,basic,8,10,positive,card,expired,India,Telugu,12,23,139,7,True,better,16,1,very_old,1,True,no
4841,Female,Married,True,3,on,basic,5,5,positive,paypal,cancelled,US,English,19,13,66,10,True,poor,11,7,very_old,16,True,no
4842,Male,Married,True,10,on,gold,8,18,neutral,card,active,India,Telugu,40,13,133,5,False,good,14,1,very_old,19,False,no
4843,Female,Single,True,9,on,premium,10,16,negative,paypal,active,US,Hindi,30,23,71,4,False,poor,19,4,old,13,False,no
4844,Male,Single,False,10,on,premium,5,3,negative,card,active,India,Telugu,15,15,171,10,True,better,6,8,old,0,False,no
4845,Female,Single,True,3,on,gold,9,7,positive,upi,active,Germany,English,47,16,95,4,True,good,5,10,recent,17,True,no
4846,Male,Married,False,7,off,basic,4,17,positive,card,cancelled,US,Telugu,29,2,128,4,True,better,3,9,recent,14,True,yes
4847,Female,Married,True,7,on,premium,5,6,neutral,card,active,UK,Telugu,9,12,188,9,False,better,8,6,recent,10,False,no
4848,Female,Married,False,3,on,gold,3,12,positive,card,expired,Germany,Hindi,42,9,125,9,True,better,8,5,very_old,1,False,yes
4849,Male,Married,False,4,on,premium,9,14,positive,upi,expired,US,Telugu,33,6,70,2,True,poor,13,9,old,19,False,yes
4850,Female,Married,True,10,on,basic,8,4,neutral,card,active,US,Hindi,50,20,107,1,False,poor,13,5,old,12,True,no
4851,Male,Single,True,2,on,gold,10,9,positive,paypal,cancelled,Germany,Telugu,44,18,87,9,True,better,10,3,recent,17,True,yes
4852,Female,Single,False,6,on,basic,1,5,neutral,card,cancelled,US,Hindi,4,16,181,5,False,good,16,9,old,10,True,no
4853,Female,Married,False,3,off,basic,7,20,negative,card,expired,UK,Hindi,33,0,199,7,False,poor,14,8,very_old,7,True,no
4854,Male,Married,False,2,off,basic,9,15,negative,upi,cancelled,India,English,4,21,84,10,True,better,19,4,old,17,False,yes
4855,Female,Married,True,3,on,premium,5,11,positive,card,active,UK,Hindi,44,6,33,5,False,poor,20,7,very_old,11,True,no
4856,Male,Married,True,6,off,premium,4,10,neutral,upi,active,US,English,20,14,122,10,True,better,5,0,old,16,True,yes
4857,Male,Single,True,8,on,gold,7,14,positive,paypal,expired,Germany,Telugu,7,12,37,1,True,poor,2,1,old,6,False,no
4858,Male,Married,True,2,on,premium,1,15,positive,paypal,active,UK,Telugu,6,13,200,9,True,good,3,3,old,12,True,no
4859,Male,Married,False,10,off,gold,9,18,negative,card,active,India,English,27,12,110,10,False,poor,14,6,old,19,True,no
4860,Male,Single,True,5,off,premium,6,13,positive,paypal,active,Germany,Telugu,32,7,183,8,False,better,3,7,old,6,False,no
4861,Male,Married,False,4,on,premium,4,9,positive,upi,active,US,Hindi,4,3,63,6,True,poor,11,5,recent,13,True,no
4862,Male,Single,False,2,on,gold,1,15,negative,card,expired,Germany,Hindi,44,2,72,10,True,better,13,3,old,1,True,yes
4863,Male,Single,True,9,off,gold,10,11,neutral,paypal,cancelled,US,Telugu,35,10,89,7,True,good,20,5,very_old,7,False,yes
4864,Female,Single,True,1,on,premium,8,4,neutral,paypal,cancelled,Germany,Telugu,3,18,131,2,False,good,18,3,old,6,False,no
4865,Female,Single,False,10,on,premium,5,3,positive,card,cancelled,US,Telugu,0,9,149,3,False,better,5,4,very_old,11,False,yes
4866,Female,Single,True,6,off,premium,5,2,neutral,paypal,cancelled,Germany,English,23,18,180,7,False,poor,12,0,recent,4,False,no
4867,Male,Single,True,4,off,premium,7,12,neutral,upi,cancelled,UK,English,13,20,161,9,True,better,3,2,old,6,True,no
4868,Female,Single,True,8,on,gold,2,11,positive,card,cancelled,India,Hindi,8,6,43,3,False,better,12,9,recent,12,False,no
4869,Male,Single,False,1,on,premium,10,13,negative,card,active,India,Telugu,15,24,26,5,True,good,11,10,old,0,False,no
4870,Female,Single,True,7,on,basic,9,15,negative,card,cancelled,US,Telugu,19,20,22,1,False,poor,19,1,old,15,False,yes
4871,Female,Married,False,2,on,premium,7,3,neutral,upi,expired,UK,Telugu,20,11,150,8,True,better,4,3,recent,7,True,no
4872,Female,Married,True,3,off,basic,10,3,neutral,card,cancelled,Germany,English,8,6,164,10,True,better,7,9,very_old,17,True,no
4873,Female,Married,False,8,off,basic,5,20,negative,card,cancelled,Germany,English,18,11,60,4,False,better,20,0,very_old,11,False,yes
4874,Female,Single,True,8,off,basic,2,17,neutral,card,expired,US,Hindi,3,25,114,9,False,better,15,4,very_old,15,True,no
4875,Male,Single,False,3,off,gold,4,14,neutral,paypal,expired,Germany,English,8,0,12,10,True,good,9,4,recent,4,True,no
4876,Male,Single,False,9,off,premium,9,1,positive,card,active,Germany,Hindi,35,25,128,9,False,good,4,1,very_old,6,False,no
4877,Male,Single,False,9,off,gold,3,5,positive,card,expired,Germany,English,21,6,171,9,True,good,1,1,old,7,False,no
4878,Male,Single,False,6,off,gold,10,4,negative,upi,cancelled,US,Telugu,14,11,11,4,False,poor,20,4,old,3,True,yes
4879,Female,Married,False,8,on,basic,1,15,negative,paypal,active,UK,English,14,1,20,4,False,poor,18,7,recent,16,True,yes
4880,Female,Single,True,5,on,gold,6,20,neutral,card,active,Germany,Hindi,31,7,45,5,False,better,16,4,recent,6,False,no
4881,Female,Single,False,8,off,gold,6,2,positive,upi,cancelled,UK,Telugu,25,4,36,8,False,poor,3,5,recent,12,True,yes
4882,Female,Married,True,4,on,gold,6,2,positive,card,expired,UK,Telugu,33,19,75,3,False,better,13,1,old,2,True,yes
4883,Female,Single,True,6,on,premium,10,15,neutral,card,cancelled,US,Telugu,27,5,161,10,True,poor,1,7,recent,11,True,no
4884,Male,Single,False,1,off,premium,1,7,neutral,upi,expired,India,Telugu,28,0,148,9,False,poor,1,1,recent,20,True,no
4885,Female,Married,False,10,off,premium,5,18,neutral,upi,cancelled,US,Hindi,49,22,76,4,True,good,11,1,old,17,False,yes
4886,Female,Married,True,4,on,premium,1,10,negative,paypal,cancelled,US,Hindi,9,12,41,9,False,good,8,9,recent,14,True,no
4887,Male,Married,False,1,off,premium,7,17,positive,upi,active,Germany,English,35,16,88,4,True,good,18,1,very_old,10,False,no
4888,Female,Single,True,9,on,basic,5,3,positive,card,expired,UK,Telugu,17,24,163,5,False,poor,12,8,old,12,False,yes
4889,Female,Single,True,5,on,gold,9,18,negative,card,active,India,Telugu,49,12,80,10,False,poor,13,10,very_old,13,False,yes
4890,Female,Single,False,10,off,basic,3,12,positive,paypal,expired,Germany,English,27,12,139,4,True,better,7,2,very_old,4,True,no
4891,Male,Married,True,6,on,basic,5,19,positive,paypal,expired,Germany,English,20,4,23,1,False,poor,10,0,old,11,False,no
4892,Male,Single,True,4,on,gold,10,5,negative,paypal,active,Germany,English,39,8,116,8,True,better,6,4,very_old,0,False,no
4893,Male,Married,False,4,on,gold,7,3,negative,upi,active,UK,English,37,21,84,2,True,good,18,10,old,20,True,no
4894,Female,Single,False,6,on,basic,1,0,negative,card,cancelled,India,Telugu,27,12,113,1,True,better,17,4,recent,2,False,no
4895,Male,Single,True,4,on,basic,4,5,neutral,card,active,UK,English,6,14,132,6,False,good,8,0,recent,3,False,no
4896,Male,Single,True,3,on,premium,2,18,negative,paypal,expired,US,English,20,8,160,4,False,better,19,1,old,10,True,no
4897,Female,Married,True,1,on,premium,7,4,positive,card,active,India,Telugu,49,23,46,10,True,good,12,6,old,20,True,no
4898,Male,Married,False,5,off,premium,6,15,neutral,card,active,India,Telugu,37,8,190,5,False,better,17,0,recent,14,True,no
4899,Male,Single,True,7,off,gold,3,12,neutral,card,cancelled,India,Telugu,1,13,186,7,True,poor,12,3,recent,15,True,yes
4900,Female,Single,False,10,off,premium,7,7,negative,upi,expired,Germany,English,32,20,63,1,True,better,12,0,recent,20,False,yes
4901,Male,Married,True,1,off,premium,5,14,positive,paypal,active,Germany,English,44,16,192,6,True,better,12,5,old,10,False,no
4902,Male,Married,True,4,on,premium,7,17,negative,upi,cancelled,US,Telugu,10,20,196,10,False,poor,13,6,very_old,11,True,no
4903,Male,Married,True,8,off,basic,1,20,positive,upi,active,UK,English,7,20,87,4,False,good,13,6,old,18,False,no
4904,Male,Married,False,3,off,gold,7,5,neutral,card,expired,UK,English,34,25,110,4,True,better,11,5,recent,20,True,yes
4905,Female,Single,True,4,on,basic,9,13,positive,upi,active,UK,Hindi,6,20,36,6,False,poor,17,6,recent,15,False,no
4906,Female,Single,False,10,off,basic,7,8,negative,paypal,expired,India,Telugu,45,21,114,3,False,good,13,10,recent,19,False,yes
4907,Female,Single,False,8,off,basic,5,20,negative,upi,cancelled,Germany,Telugu,27,10,181,1,False,better,11,9,very_old,19,True,yes
4908,Female,Single,True,8,off,basic,5,18,positive,upi,cancelled,UK,Telugu,34,14,122,4,True,good,17,0,recent,6,True,no
4909,Female,Married,False,2,off,premium,2,11,neutral,paypal,cancelled,US,Hindi,16,3,52,4,True,poor,14,1,very_old,15,True,yes
4910,Male,Married,False,9,on,premium,6,9,negative,upi,expired,UK,Telugu,28,20,50,9,True,good,10,0,old,17,True,yes
4911,Female,Single,False,9,on,premium,10,20,positive,card,active,Germany,English,25,10,156,8,True,better,3,6,recent,13,False,no
4912,Female,Married,True,1,off,gold,8,12,neutral,paypal,cancelled,India,English,3,25,76,7,False,poor,17,5,very_old,6,False,no
4913,Female,Married,False,5,on,gold,7,15,positive,upi,active,US,Hindi,24,15,44,2,False,good,4,10,recent,13,False,no
4914,Female,Single,True,2,off,gold,3,17,neutral,upi,cancelled,India,Telugu,17,1,39,5,False,poor,11,0,very_old,9,True,yes
4915,Female,Married,False,9,off,premium,9,8,negative,card,cancelled,Germany,English,4,17,128,8,True,poor,10,7,old,8,False,no
4916,Male,Married,True,10,off,premium,7,9,negative,upi,cancelled,India,English,39,4,153,9,False,better,17,5,old,14,False,yes
4917,Female,Single,True,2,on,premium,8,14,positive,upi,expired,Germany,Hindi,22,21,44,3,False,poor,7,9,old,10,False,yes
4918,Female,Married,False,5,off,premium,6,7,neutral,upi,expired,India,Hindi,2,2,44,4,False,better,20,9,recent,13,True,yes
4919,Male,Married,False,1,off,gold,4,4,neutral,upi,active,Germany,Telugu,4,9,176,1,True,better,11,8,very_old,7,True,no
4920,Female,Married,False,6,on,basic,9,16,positive,upi,active,UK,English,38,11,114,5,True,better,20,2,recent,17,True,no
4921,Female,Married,False,1,on,gold,3,16,negative,upi,expired,Germany,Hindi,18,23,134,3,False,better,13,7,recent,2,False,no
4922,Female,Married,True,6,on,basic,10,15,negative,upi,cancelled,Germany,Telugu,14,24,84,5,False,better,7,2,old,9,True,no
4923,Female,Single,False,7,off,premium,9,3,negative,card,expired,US,English,7,14,145,5,False,good,19,10,very_old,18,True,yes
4924,Female,Married,False,10,on,basic,6,2,negative,paypal,cancelled,UK,Hindi,19,7,117,2,True,better,1,2,old,10,False,yes
4925,Female,Single,True,10,off,basic,2,11,negative,upi,active,US,Telugu,42,10,137,6,True,better,7,6,old,12,True,yes
4926,Male,Married,True,7,off,basic,3,2,neutral,upi,expired,UK,Hindi,37,22,193,2,True,good,6,10,recent,13,False,yes
4927,Male,Single,False,4,on,premium,10,12,positive,paypal,active,US,Hindi,33,23,99,9,True,good,17,3,old,7,True,no
4928,Male,Married,False,5,on,gold,9,5,negative,paypal,cancelled,India,Hindi,21,10,17,6,False,poor,7,4,very_old,12,True,yes
4929,Female,Single,False,3,off,basic,6,19,negative,paypal,expired,Germany,Hindi,49,8,27,2,True,good,6,3,recent,18,False,yes
4930,Male,Married,True,10,on,gold,1,18,negative,upi,expired,Germany,Telugu,22,11,188,1,True,good,16,10,old,15,True,no
4931,Female,Married,True,5,on,gold,9,0,neutral,card,expired,Germany,Hindi,25,0,68,7,True,good,20,2,very_old,5,True,no
4932,Male,Married,False,6,off,basic,8,6,positive,card,cancelled,UK,Telugu,22,15,192,9,True,good,19,5,old,2,False,yes
4933,Male,Married,False,2,off,premium,10,15,positive,upi,active,UK,Hindi,0,20,97,5,True,good,13,7,old,2,False,no
4934,Male,Married,True,3,on,gold,6,11,negative,upi,expired,Germany,English,21,12,78,8,True,good,16,3,old,20,True,yes
4935,Female,Married,True,9,off,gold,8,14,neutral,paypal,cancelled,US,Telugu,6,9,147,8,True,better,9,9,old,13,False,no
4936,Female,Married,False,5,off,premium,1,10,negative,card,expired,Germany,English,8,16,158,1,True,good,15,4,very_old,15,False,no
4937,Female,Married,False,7,on,gold,1,5,positive,card,active,UK,Hindi,32,0,92,1,True,good,18,6,recent,11,True,no
4938,Male,Single,False,4,off,premium,5,6,positive,card,expired,UK,Hindi,37,1,55,6,True,better,16,0,recent,3,False,no
4939,Female,Single,True,4,off,gold,7,7,neutral,paypal,active,India,Hindi,43,6,108,9,False,better,10,10,old,2,False,no
4940,Female,Married,True,10,off,gold,10,1,positive,upi,expired,UK,Telugu,22,0,187,7,True,poor,11,8,old,14,False,yes
4941,Female,Married,False,3,on,gold,8,14,positive,paypal,cancelled,India,Telugu,25,25,138,4,True,poor,13,8,old,19,False,yes
4942,Male,Married,True,10,off,gold,1,3,neutral,card,expired,India,Telugu,17,17,150,3,False,better,3,5,very_old,14,True,yes
4943,Female,Single,False,6,off,gold,4,6,neutral,card,cancelled,Germany,Telugu,40,4,17,8,True,good,15,3,recent,12,False,yes
4944,Male,Single,True,1,off,premium,1,11,negative,card,expired,Germany,English,20,24,69,9,True,better,2,6,recent,1,False,yes
4945,Female,Single,False,7,on,premium,2,15,negative,upi,active,Germany,Telugu,36,0,11,7,True,good,17,3,old,13,True,no
4946,Male,Single,True,5,on,gold,1,11,negative,paypal,active,US,Hindi,32,8,15,1,False,poor,3,8,very_old,9,False,no
4947,Female,Single,False,1,on,basic,6,1,neutral,upi,active,UK,Hindi,1,5,170,9,True,poor,8,8,very_old,7,True,no
4948,Male,Married,True,7,on,basic,9,10,positive,paypal,expired,Germany,Hindi,17,13,87,3,False,better,1,5,recent,18,True,no
4949,Female,Married,False,6,off,gold,1,0,negative,paypal,active,Germany,Telugu,34,4,135,10,True,better,1,2,very_old,17,False,yes
4950,Female,Married,True,4,on,gold,8,14,neutral,upi,active,UK,Telugu,48,16,125,8,True,good,4,0,very_old,11,True,yes
4951,Male,Single,False,8,on,gold,3,0,negative,card,expired,Germany,English,34,18,155,1,True,poor,2,3,very_old,1,True,no
4952,Male,Married,True,3,off,basic,7,10,neutral,upi,expired,India,Hindi,1,4,113,2,False,good,4,6,old,6,True,no
4953,Male,Married,False,9,off,gold,1,20,positive,card,active,India,Telugu,17,14,113,8,True,poor,8,5,recent,2,True,no
4954,Female,Single,True,10,off,premium,5,5,positive,paypal,active,Germany,Hindi,46,0,196,3,True,better,12,8,very_old,9,False,no
4955,Male,Married,True,9,off,basic,7,16,negative,upi,active,US,Telugu,27,20,77,2,True,poor,4,6,very_old,3,True,yes
4956,Female,Married,True,2,on,gold,4,7,neutral,paypal,expired,Germany,English,7,14,159,2,True,better,19,6,recent,4,True,no
4957,Male,Single,True,8,on,basic,4,4,neutral,paypal,active,UK,English,31,14,159,4,True,better,19,3,very_old,0,True,no
4958,Male,Single,False,10,off,basic,6,5,negative,card,active,UK,Hindi,3,11,22,2,True,poor,7,7,very_old,3,False,no
4959,Male,Married,False,1,off,gold,2,10,neutral,paypal,expired,Germany,English,49,0,114,1,True,poor,16,3,very_old,11,False,yes
4960,Female,Single,False,1,off,gold,9,9,neutral,card,active,US,Hindi,21,7,199,4,False,better,1,7,very_old,17,False,no
4961,Female,Single,False,3,on,gold,5,16,positive,card,cancelled,US,English,30,5,46,5,True,poor,15,2,very_old,8,True,yes
4962,Female,Married,False,4,off,premium,1,3,negative,upi,cancelled,UK,Telugu,44,13,128,3,False,better,12,5,old,7,False,no
4963,Male,Single,False,1,off,premium,9,18,positive,card,active,UK,Hindi,33,11,165,9,False,good,2,9,old,8,False,yes
4964,Male,Single,True,7,off,basic,9,5,positive,card,expired,Germany,Hindi,4,8,36,4,False,better,19,8,recent,12,True,no
4965,Male,Married,True,9,off,gold,5,4,neutral,upi,cancelled,Germany,Telugu,40,15,51,9,False,poor,15,3,old,5,False,no
4966,Male,Single,True,5,off,premium,10,4,neutral,paypal,cancelled,India,Hindi,49,15,64,1,False,good,13,8,old,0,False,yes
4967,Male,Single,False,1,off,basic,3,2,positive,upi,cancelled,UK,English,0,0,46,3,True,better,15,7,old,8,True,no
4968,Male,Single,True,1,on,basic,3,3,positive,card,expired,Germany,English,26,9,134,7,True,poor,17,0,very_old,11,False,yes
4969,Male,Single,False,4,off,basic,1,6,neutral,card,cancelled,UK,Telugu,47,14,29,1,True,better,1,8,very_old,17,False,yes
4970,Male,Married,False,1,on,basic,6,6,positive,upi,active,Germany,English,49,0,31,3,True,better,1,6,very_old,15,True,no
4971,Female,Single,True,2,on,gold,2,8,negative,upi,active,UK,English,7,0,68,2,False,good,5,8,very_old,9,True,no
4972,Female,Married,False,10,on,basic,4,6,negative,upi,active,Germany,English,0,19,76,7,False,good,8,5,recent,9,False,no
4973,Male,Single,True,5,off,gold,6,8,positive,card,expired,India,Hindi,14,22,48,5,True,good,5,7,very_old,19,False,no
4974,Female,Single,True,3,on,basic,1,4,negative,card,expired,US,Hindi,0,7,19,9,True,better,7,0,very_old,4,False,yes
4975,Male,Married,False,6,on,gold,6,18,neutral,upi,cancelled,India,Hindi,16,2,81,2,True,better,9,0,old,8,False,no
4976,Female,Single,False,3,on,basic,6,15,neutral,upi,cancelled,Germany,Hindi,10,9,139,10,True,better,3,0,very_old,20,False,yes
4977,Male,Married,True,4,on,premium,6,18,positive,upi,cancelled,US,Telugu,33,18,121,8,False,better,4,3,very_old,18,True,yes
4978,Female,Married,False,10,on,basic,5,13,positive,card,cancelled,Germany,English,30,17,49,1,False,better,1,5,recent,7,False,yes
4979,Male,Married,False,7,on,basic,3,16,positive,paypal,active,India,Telugu,49,5,122,10,True,poor,14,7,very_old,4,False,no
4980,Male,Married,False,3,on,premium,8,1,negative,upi,expired,India,English,2,25,188,5,False,better,13,7,very_old,14,True,no
4981,Female,Married,True,3,off,premium,2,20,negative,paypal,active,Germany,Hindi,39,22,110,4,True,good,18,6,old,20,False,no
4982,Female,Married,False,4,off,basic,4,4,positive,upi,cancelled,UK,English,5,7,168,2,False,poor,11,5,old,12,True,no
4983,Female,Single,False,6,off,basic,4,9,neutral,paypal,active,India,Hindi,33,0,145,3,True,good,7,7,very_old,5,False,no
4984,Male,Single,False,5,on,gold,1,3,positive,paypal,cancelled,Germany,Hindi,7,0,77,8,False,good,17,3,recent,14,False,yes
4985,Female,Married,False,8,on,premium,6,12,positive,upi,active,India,Telugu,19,23,78,4,True,poor,10,8,recent,18,False,no
4986,Male,Married,False,10,on,premium,7,11,neutral,card,active,Germany,Hindi,13,25,179,2,False,good,6,8,old,5,True,no
4987,Female,Married,False,1,off,basic,8,15,neutral,upi,cancelled,India,Hindi,50,9,12,10,False,good,11,1,recent,18,True,yes
4988,Male,Single,True,4,on,gold,9,15,positive,upi,cancelled,India,Hindi,47,13,132,5,False,good,15,8,very_old,7,True,yes
4989,Female,Single,True,4,on,basic,7,0,negative,upi,expired,UK,Hindi,43,20,12,2,True,better,2,9,recent,12,False,yes
4990,Male,Married,True,2,on,premium,8,0,neutral,paypal,expired,India,Telugu,0,7,163,10,False,poor,6,1,recent,9,False,no
4991,Female,Married,False,10,off,basic,9,19,negative,upi,cancelled,US,Hindi,4,18,27,2,False,good,5,8,old,17,False,yes
4992,Female,Single,True,2,off,premium,6,19,neutral,upi,active,UK,English,24,13,150,8,False,better,1,1,old,7,True,no
4993,Male,Married,False,10,on,basic,9,13,negative,card,expired,India,Hindi,0,4,107,3,False,good,18,1,old,7,False,no
4994,Male,Single,True,2,on,gold,6,4,positive,paypal,cancelled,Germany,English,9,2,116,10,True,poor,2,10,recent,14,True,no
4995,Female,Single,True,1,on,gold,10,8,negative,paypal,cancelled,Germany,English,10,2,125,4,False,better,10,2,old,12,False,yes
4996,Female,Married,False,10,on,basic,2,5,neutral,upi,expired,Germany,Telugu,40,16,16,1,False,better,17,0,recent,6,True,yes
4997,Male,Single,True,4,on,gold,8,7,negative,card,expired,US,Telugu,34,1,21,10,False,poor,15,3,recent,10,True,yes
4998,Male,Single,False,6,off,basic,5,20,negative,upi,cancelled,UK,English,23,1,103,10,True,poor,11,9,old,20,False,yes
4999,Male,Single,False,3,on,premium,7,9,positive,paypal,cancelled,US,Hindi,7,14,181,9,True,poor,20,7,old,16,True,yes
5000,Female,Married,False,9,on,gold,7,6,positive,paypal,expired,UK,Hindi,41,7,43,6,True,better,18,6,old,20,False,no
5001,Female,Single,True,10,off,gold,10,10,negative,paypal,cancelled,UK,Telugu,6,11,85,10,True,good,11,3,recent,10,False,yes
5002,Female,Single,False,5,on,basic,3,11,neutral,paypal,active,UK,Hindi,13,4,97,4,False,poor,5,0,recent,4,True,no
5003,Male,Married,True,6,off,premium,4,12,neutral,paypal,expired,Germany,Hindi,40,24,153,3,True,good,9,9,very_old,8,False,no
5004,Female,Single,False,6,on,gold,4,6,negative,card,expired,US,English,50,22,16,7,False,good,19,2,very_old,1,False,yes
5005,Male,Single,True,9,off,premium,5,0,negative,paypal,expired,India,English,26,24,11,8,True,good,15,10,recent,17,True,yes
5006,Female,Single,False,7,off,gold,4,2,neutral,paypal,expired,Germany,Hindi,31,8,103,3,True,good,19,2,very_old,8,False,no
5007,Male,Single,False,8,off,basic,3,14,negative,paypal,expired,India,Telugu,20,12,163,3,False,good,16,3,very_old,19,True,yes
5008,Male,Married,False,5,on,basic,2,7,neutral,paypal,expired,US,Hindi,37,18,62,9,False,good,18,10,old,15,True,yes
5009,Female,Single,False,9,on,gold,6,17,negative,card,active,US,Telugu,22,0,68,2,False,better,5,1,old,6,False,no
5010,Female,Married,True,10,on,basic,7,20,neutral,card,expired,Germany,Hindi,49,4,185,1,False,good,8,0,old,19,False,yes
5011,Male,Married,True,10,on,premium,9,18,negative,paypal,expired,US,English,38,7,52,8,True,better,6,3,very_old,19,False,yes
5012,Male,Married,False,7,on,premium,9,8,positive,paypal,active,UK,Hindi,7,9,108,8,False,poor,16,1,very_old,11,True,no
5013,Male,Single,False,1,on,basic,5,0,negative,upi,active,UK,English,8,11,125,7,False,poor,15,5,old,5,True,no
5014,Female,Single,False,6,on,basic,10,14,neutral,upi,cancelled,India,English,45,21,144,3,True,good,19,0,old,13,False,yes
5015,Male,Single,False,7,off,premium,1,0,neutral,paypal,expired,Germany,English,11,4,194,1,True,poor,18,6,old,11,False,yes
5016,Female,Married,False,1,off,basic,8,15,positive,paypal,expired,US,Telugu,7,20,95,2,True,poor,4,9,recent,4,False,no
5017,Male,Single,True,2,off,gold,8,12,positive,card,active,Germany,English,12,6,109,8,True,better,18,4,very_old,5,True,no
5018,Male,Single,False,10,on,basic,2,12,neutral,upi,active,Germany,Hindi,6,5,129,3,True,better,12,5,recent,4,True,no
5019,Male,Married,False,8,off,premium,9,1,positive,paypal,active,India,Hindi,2,17,101,2,True,good,5,1,old,11,True,no
5020,Female,Single,False,2,off,premium,2,2,positive,upi,active,India,Telugu,20,14,24,1,False,poor,15,3,very_old,1,True,no
5021,Female,Single,True,9,off,premium,8,14,negative,card,active,UK,Telugu,32,16,89,10,False,poor,6,8,recent,8,True,no
5022,Female,Married,False,3,off,basic,5,10,negative,paypal,active,Germany,English,46,18,30,8,False,better,6,8,very_old,9,True,no
5023,Male,Single,False,9,on,gold,7,0,positive,card,cancelled,UK,English,46,13,187,6,True,better,10,3,old,5,True,yes
5024,Male,Married,False,10,on,premium,2,18,neutral,paypal,active,India,Telugu,14,24,117,7,True,better,7,10,very_old,12,True,no
5025,Female,Married,True,10,off,gold,6,7,neutral,paypal,expired,UK,English,43,3,11,3,True,good,15,9,old,12,True,no
5026,Male,Married,False,9,off,premium,4,0,positive,paypal,cancelled,India,Telugu,13,2,191,7,True,good,9,5,old,9,True,no
5027,Male,Single,True,5,on,basic,6,17,neutral,card,active,US,Telugu,17,6,146,1,True,poor,17,7,very_old,11,True,no
5028,Female,Married,True,4,on,basic,10,16,positive,card,active,Germany,English,3,22,179,7,False,better,20,9,old,20,False,no
5029,Female,Married,False,5,on,basic,8,13,positive,card,cancelled,Germany,Telugu,48,12,28,8,True,good,18,6,old,10,False,no
5030,Male,Single,True,9,on,premium,2,13,negative,paypal,active,US,English,24,21,137,9,False,poor,2,9,recent,8,False,no
5031,Male,Single,True,4,off,gold,7,14,positive,paypal,active,UK,Telugu,40,2,56,4,False,better,2,4,recent,0,False,no
5032,Male,Married,False,6,off,premium,6,20,neutral,card,expired,US,Hindi,46,10,42,10,False,better,2,7,old,1,True,no
5033,Female,Married,False,8,on,basic,3,3,negative,card,cancelled,Germany,Hindi,36,4,181,1,False,good,15,2,very_old,14,True,yes
5034,Female,Single,True,9,on,premium,5,7,negative,paypal,active,Germany,Telugu,24,3,176,5,False,poor,12,3,recent,6,False,yes
5035,Male,Married,False,8,off,premium,2,17,neutral,card,expired,UK,Telugu,38,10,194,4,True,good,16,2,recent,15,True,yes
5036,Female,Married,True,3,on,premium,3,9,neutral,upi,cancelled,UK,Telugu,19,14,182,2,False,better,11,1,old,12,False,no
5037,Male,Married,False,8,off,basic,10,3,positive,upi,cancelled,Germany,Hindi,24,12,120,3,True,better,14,0,old,14,False,yes
5038,Male,Single,False,10,on,premium,5,13,positive,paypal,active,US,English,11,24,163,6,True,poor,18,5,very_old,0,True,no
5039,Female,Single,False,7,on,gold,7,5,negative,card,cancelled,US,English,46,5,155,5,True,poor,13,8,very_old,1,True,yes
5040,Male,Single,False,5,off,basic,5,19,negative,card,cancelled,US,Hindi,27,17,54,2,False,poor,16,10,very_old,8,True,yes
5041,Female,Married,True,3,on,premium,7,17,neutral,card,expired,UK,Hindi,20,15,117,2,True,poor,14,2,very_old,8,False,yes
5042,Male,Single,False,7,off,premium,1,0,positive,card,active,India,Hindi,41,4,185,8,True,better,11,5,old,8,True,no
5043,Male,Single,False,10,off,gold,1,11,neutral,upi,cancelled,Germany,Telugu,46,23,147,5,False,better,14,10,recent,4,True,no
5044,Male,Single,True,1,off,gold,8,14,neutral,paypal,expired,Germany,Hindi,50,11,195,6,True,good,4,8,very_old,19,False,yes
5045,Female,Single,True,5,off,gold,8,7,neutral,paypal,active,India,Telugu,41,21,48,1,False,good,3,4,recent,20,False,no
5046,Male,Married,False,6,on,premium,5,1,positive,upi,expired,UK,English,7,10,141,2,True,poor,3,7,old,7,False,no
5047,Female,Single,False,5,on,gold,10,20,negative,paypal,cancelled,India,English,11,0,54,8,False,better,10,6,recent,11,True,yes
5048,Female,Married,True,2,on,basic,6,18,neutral,paypal,expired,Germany,Telugu,10,0,145,9,False,better,11,4,old,6,True,yes
5049,Male,Single,True,5,off,premium,4,10,positive,card,expired,US,Hindi,5,25,153,5,False,good,5,9,very_old,6,False,no
5050,Male,Married,True,4,on,gold,4,4,negative,paypal,cancelled,US,English,9,10,87,4,False,better,19,5,recent,2,True,no
5051,Male,Single,True,3,on,basic,8,2,neutral,paypal,cancelled,US,Telugu,37,1,81,2,True,poor,8,0,recent,18,True,yes
5052,Female,Single,False,6,on,premium,2,12,negative,paypal,active,Germany,Telugu,45,25,104,7,False,better,4,0,very_old,19,True,no
5053,Female,Single,True,6,on,basic,4,5,negative,upi,active,Germany,Telugu,21,4,199,6,True,good,20,10,very_old,5,True,no
5054,Male,Single,False,1,off,gold,1,4,negative,upi,expired,India,English,1,11,125,5,True,poor,2,8,old,2,False,no
5055,Male,Single,False,1,on,premium,10,17,positive,paypal,active,Germany,Hindi,30,16,168,2,True,good,15,6,very_old,7,False,no
5056,Female,Single,False,7,on,premium,7,10,neutral,card,expired,UK,English,35,13,135,8,False,better,6,1,old,17,True,yes
5057,Male,Married,False,9,off,gold,4,0,negative,card,active,UK,Hindi,13,2,43,3,False,good,14,6,very_old,3,False,no
5058,Female,Married,False,6,off,gold,4,14,negative,paypal,expired,Germany,Telugu,39,6,72,3,True,good,8,2,very_old,17,True,yes
5059,Male,Married,False,2,off,basic,2,11,negative,upi,cancelled,India,Telugu,41,19,18,5,True,good,16,2,old,14,False,yes
5060,Female,Single,False,4,on,basic,9,14,positive,paypal,cancelled,UK,Hindi,47,9,26,6,True,good,14,10,recent,20,True,yes
5061,Male,Single,False,10,off,gold,3,9,negative,upi,expired,Germany,Hindi,16,5,163,10,True,good,7,9,old,2,False,yes
5062,Female,Single,False,8,on,premium,5,10,neutral,paypal,active,India,English,3,18,196,2,False,better,6,8,recent,14,True,no
5063,Male,Married,True,7,on,basic,4,9,neutral,upi,active,Germany,Hindi,28,20,46,3,True,poor,19,7,recent,0,False,no
5064,Female,Married,False,9,off,gold,4,0,positive,upi,active,US,Telugu,0,12,78,1,False,poor,12,3,old,13,True,no
5065,Female,Married,False,2,on,basic,3,12,neutral,upi,cancelled,UK,English,50,13,13,3,True,poor,14,1,very_old,17,True,yes
5066,Male,Single,True,2,off,premium,6,15,neutral,paypal,cancelled,India,English,3,7,113,10,True,poor,5,4,very_old,17,False,yes
5067,Female,Single,True,5,off,premium,9,15,positive,paypal,expired,Germany,Telugu,38,9,19,4,False,poor,11,5,old,4,False,no
5068,Male,Married,True,10,on,premium,2,7,neutral,paypal,expired,UK,English,34,8,137,4,True,poor,10,6,old,1,False,no
5069,Female,Single,True,3,off,premium,4,20,neutral,card,expired,UK,Telugu,21,3,98,6,True,better,8,5,old,10,True,yes
5070,Female,Single,False,9,off,gold,5,1,negative,paypal,cancelled,UK,Hindi,43,6,116,8,True,good,10,9,very_old,1,True,yes
5071,Male,Married,False,1,on,basic,4,17,neutral,upi,active,Germany,English,9,18,34,4,True,better,20,1,recent,17,True,no
5072,Male,Married,True,10,on,gold,2,14,neutral,card,expired,UK,Telugu,5,5,180,9,False,poor,15,10,recent,3,False,no
5073,Female,Single,False,6,off,basic,2,19,negative,paypal,expired,US,Telugu,33,7,75,9,True,better,3,3,old,19,False,yes
5074,Male,Single,False,9,off,basic,10,17,neutral,paypal,expired,Germany,Telugu,29,0,184,6,True,good,12,0,very_old,11,False,no
5075,Male,Married,False,9,off,basic,2,10,neutral,paypal,cancelled,UK,Telugu,50,18,87,10,True,better,11,5,old,8,False,yes
5076,Male,Married,False,3,off,basic,2,2,neutral,paypal,cancelled,US,Telugu,44,23,86,8,True,poor,8,1,recent,14,False,yes
5077,Male,Single,False,5,on,basic,3,14,neutral,card,cancelled,UK,English,47,5,33,5,True,good,19,9,old,5,False,no
5078,Male,Single,True,3,on,premium,2,3,neutral,paypal,cancelled,India,Hindi,26,6,55,6,True,better,12,9,very_old,18,True,yes
5079,Male,Single,True,6,on,premium,5,15,neutral,upi,expired,Germany,Hindi,38,17,70,8,False,better,8,4,old,15,True,yes
5080,Female,Single,False,10,off,premium,5,3,negative,card,cancelled,UK,Hindi,34,6,117,1,False,better,15,0,old,17,True,yes
5081,Male,Married,False,3,on,premium,1,0,negative,card,cancelled,US,English,46,20,69,3,True,better,14,4,very_old,19,True,yes
5082,Male,Married,False,7,on,gold,7,8,negative,card,active,UK,English,16,21,156,5,False,good,11,1,recent,15,False,no
5083,Female,Married,True,5,off,premium,10,3,positive,paypal,cancelled,UK,Hindi,0,16,176,4,True,better,12,7,recent,8,True,no
5084,Female,Married,True,3,off,basic,8,18,positive,upi,cancelled,US,Telugu,42,24,103,10,True,poor,14,3,recent,8,False,no
5085,Female,Single,False,7,on,gold,10,10,negative,card,active,Germany,Telugu,40,7,140,1,False,good,13,4,recent,5,True,no
5086,Male,Single,False,9,on,basic,3,6,neutral,card,expired,US,Hindi,30,1,158,10,False,poor,7,6,recent,7,True,yes
5087,Female,Married,False,6,off,premium,7,11,neutral,card,active,US,Telugu,38,3,144,7,False,better,12,7,recent,2,True,no
5088,Female,Single,True,10,on,premium,10,18,neutral,paypal,active,Germany,English,39,6,72,3,True,good,15,10,old,11,True,no
5089,Male,Married,False,3,on,basic,8,20,negative,card,active,India,Telugu,23,15,156,2,False,poor,20,3,old,4,True,no
5090,Male,Married,True,7,off,premium,2,1,positive,card,cancelled,Germany,Telugu,25,24,170,1,False,poor,12,6,old,19,True,yes
5091,Male,Married,True,8,on,basic,7,20,positive,card,expired,UK,Telugu,20,8,98,8,True,good,16,10,very_old,8,True,yes
5092,Male,Married,False,8,off,gold,6,2,positive,upi,expired,US,English,22,23,51,10,True,good,12,8,old,8,False,yes
5093,Female,Married,True,5,off,basic,1,11,negative,upi,cancelled,India,Hindi,42,6,64,7,True,poor,4,1,recent,5,False,yes
5094,Male,Married,True,9,on,gold,10,6,negative,upi,cancelled,India,Hindi,23,11,199,10,True,better,16,3,very_old,8,False,no
5095,Female,Married,False,9,off,gold,5,2,neutral,paypal,expired,US,Telugu,44,8,135,2,True,poor,7,7,recent,16,False,yes
5096,Female,Single,False,10,off,gold,7,14,neutral,upi,expired,India,English,40,16,58,2,False,good,16,10,very_old,3,True,yes
5097,Male,Single,True,3,off,basic,2,13,negative,card,cancelled,US,Telugu,50,13,180,4,False,poor,15,9,recent,19,False,yes
5098,Female,Married,True,9,on,gold,4,19,neutral,upi,expired,India,Hindi,36,0,43,8,False,good,19,6,very_old,19,True,yes
5099,Male,Single,False,3,on,premium,4,1,positive,card,cancelled,Germany,English,5,18,113,9,False,better,3,9,very_old,12,False,yes
5100,Male,Single,True,4,on,premium,4,9,positive,upi,cancelled,Germany,Hindi,16,10,79,7,True,better,4,0,very_old,19,False,yes
5101,Female,Single,False,5,on,basic,5,4,positive,paypal,active,UK,Hindi,44,8,188,9,False,good,14,1,very_old,7,False,no
5102,Female,Married,False,1,on,basic,4,14,neutral,paypal,active,Germany,Telugu,42,1,11,3,True,good,20,6,very_old,6,True,yes
5103,Female,Single,False,2,off,basic,4,19,positive,paypal,active,India,Telugu,0,0,14,9,False,poor,6,5,old,15,False,no
5104,Male,Married,False,10,off,gold,7,13,negative,card,active,UK,Telugu,19,23,131,10,True,poor,8,10,very_old,8,True,yes
5105,Male,Married,True,1,off,basic,1,3,neutral,card,expired,Germany,Hindi,49,13,103,6,True,better,6,4,recent,4,True,no
5106,Male,Single,False,3,off,gold,7,0,negative,paypal,cancelled,UK,Telugu,30,13,53,1,True,better,19,10,old,16,True,yes
5107,Male,Married,True,8,on,gold,2,18,positive,upi,active,India,Hindi,22,19,144,5,False,poor,5,7,old,4,False,no
5108,Male,Married,True,4,off,basic,1,17,negative,card,cancelled,UK,Hindi,30,22,139,8,True,good,16,4,recent,14,True,yes
5109,Male,Married,True,2,on,gold,1,1,positive,upi,active,India,English,17,7,116,7,False,poor,6,10,very_old,4,True,no
5110,Female,Single,False,5,on,gold,4,16,neutral,upi,cancelled,US,Hindi,34,20,69,10,False,poor,12,8,recent,10,True,yes
5111,Female,Married,False,7,off,gold,3,5,neutral,card,active,US,English,3,9,108,6,True,good,8,9,recent,13,True,no
5112,Female,Single,False,9,on,premium,8,7,negative,upi,active,US,Hindi,44,9,12,8,True,good,6,8,old,11,False,yes
5113,Male,Single,True,2,off,gold,9,19,neutral,upi,expired,Germany,English,37,8,82,3,False,poor,5,10,recent,1,False,yes
5114,Male,Single,True,10,on,premium,5,3,positive,upi,active,US,English,9,9,157,1,True,better,18,9,old,18,False,no
5115,Male,Married,True,10,on,premium,8,17,negative,upi,expired,UK,English,0,1,175,3,False,better,13,10,old,14,False,yes
5116,Female,Single,False,1,on,basic,1,14,positive,card,expired,UK,Telugu,3,10,184,9,False,poor,20,0,very_old,5,True,no
5117,Female,Single,False,5,off,gold,4,19,negative,card,active,India,Hindi,14,3,161,1,False,good,3,5,old,10,True,no
5118,Male,Married,False,8,off,basic,8,2,neutral,paypal,expired,India,Hindi,31,15,38,2,True,better,15,6,recent,6,True,no
5119,Male,Married,True,8,on,premium,7,20,negative,paypal,active,Germany,English,23,10,170,5,True,good,7,10,recent,16,True,no
5120,Male,Single,False,3,off,gold,9,9,negative,card,expired,India,English,14,24,117,6,True,poor,7,9,recent,10,False,yes
5121,Male,Single,False,9,off,premium,8,16,neutral,upi,cancelled,US,Telugu,7,4,164,2,True,better,13,0,old,1,False,yes
5122,Male,Single,False,9,on,gold,7,3,negative,upi,expired,US,Telugu,19,25,133,3,True,better,9,9,recent,20,False,yes
5123,Female,Married,False,5,off,gold,1,12,positive,card,cancelled,India,Hindi,39,15,73,10,True,good,3,2,old,4,False,yes
5124,Female,Single,True,6,off,premium,1,17,positive,paypal,expired,Germany,Hindi,9,16,92,4,False,good,8,9,very_old,9,False,no
5125,Male,Married,True,1,on,basic,10,5,neutral,card,active,US,English,15,19,40,6,True,poor,18,8,very_old,16,False,no
5126,Female,Married,True,3,off,basic,5,5,negative,paypal,active,UK,Hindi,36,4,94,1,True,good,5,6,recent,20,True,yes
5127,Female,Married,True,10,on,basic,2,16,negative,upi,expired,Germany,English,46,22,16,5,True,good,13,8,recent,9,True,yes
5128,Male,Married,False,2,on,premium,2,3,neutral,paypal,active,India,English,18,13,23,4,False,good,2,7,old,17,True,no
5129,Female,Single,True,10,on,premium,9,15,negative,paypal,expired,UK,English,32,22,57,9,False,better,18,8,very_old,13,True,yes
5130,Male,Single,False,8,off,gold,9,2,neutral,paypal,expired,UK,Hindi,31,23,38,2,True,better,16,3,old,5,False,no
5131,Female,Married,False,4,on,premium,6,9,negative,card,active,US,English,22,12,83,7,False,good,1,5,old,12,False,no
5132,Male,Married,True,8,on,gold,8,2,positive,card,expired,Germany,Hindi,43,11,53,6,True,good,17,1,very_old,14,True,yes
5133,Male,Single,False,7,on,gold,4,12,neutral,card,expired,Germany,Telugu,18,14,198,2,False,poor,8,0,old,15,False,no
5134,Male,Married,False,3,on,basic,9,6,positive,upi,active,India,English,3,23,177,5,True,poor,11,2,old,15,True,no
5135,Female,Married,False,7,on,gold,3,12,negative,card,active,UK,Telugu,16,5,26,5,False,better,8,9,recent,12,True,no
5136,Male,Single,False,10,on,basic,4,7,negative,card,cancelled,UK,Telugu,45,0,92,3,True,good,10,9,old,16,False,yes
5137,Female,Single,True,2,off,premium,2,0,positive,upi,expired,India,Telugu,15,18,155,4,True,poor,19,2,recent,15,False,yes
5138,Female,Single,False,2,off,basic,4,20,negative,paypal,active,UK,English,14,0,36,9,True,good,1,7,very_old,17,False,yes
5139,Female,Married,True,10,on,gold,7,5,negative,upi,expired,India,English,43,8,179,8,False,poor,3,6,old,7,True,yes
5140,Female,Single,False,9,off,premium,4,5,negative,paypal,expired,UK,Telugu,44,2,10,8,False,better,19,9,very_old,16,True,yes
5141,Male,Single,True,1,on,gold,6,7,positive,upi,expired,Germany,English,31,6,100,4,False,poor,14,7,recent,8,True,yes
5142,Female,Single,False,4,on,premium,10,2,neutral,card,expired,US,English,24,6,138,9,False,better,5,10,old,5,True,yes
5143,Male,Married,True,10,on,gold,9,8,negative,paypal,cancelled,US,Telugu,31,16,192,9,True,poor,14,0,recent,15,False,yes
5144,Female,Single,False,3,off,basic,4,6,neutral,card,expired,Germany,English,50,8,139,9,False,better,16,6,very_old,11,False,yes
5145,Male,Married,True,8,on,basic,5,0,positive,paypal,cancelled,US,Telugu,2,24,35,10,True,better,18,7,very_old,13,True,no
5146,Female,Married,False,5,on,gold,2,0,neutral,upi,active,Germany,Telugu,29,2,160,10,True,better,17,2,old,13,True,yes
5147,Female,Married,True,6,off,basic,9,2,neutral,card,active,UK,Hindi,10,3,188,8,True,poor,10,9,recent,0,False,no
5148,Female,Married,False,10,off,gold,8,5,neutral,paypal,expired,UK,Hindi,32,9,139,2,True,poor,12,5,recent,13,True,yes
5149,Female,Single,False,3,on,basic,7,1,neutral,upi,active,India,Hindi,18,8,159,5,False,good,17,1,recent,9,True,no
5150,Female,Single,True,3,off,premium,6,18,negative,paypal,cancelled,India,Hindi,43,17,70,2,False,good,8,0,very_old,11,False,yes
5151,Female,Single,True,8,on,gold,8,15,negative,card,cancelled,US,English,7,12,165,2,False,poor,18,10,old,20,True,yes
5152,Female,Married,True,4,off,gold,5,14,positive,card,active,US,English,9,19,168,6,True,better,13,6,recent,17,False,no
5153,Female,Single,True,5,on,basic,6,14,neutral,card,expired,Germany,Hindi,16,20,50,2,False,better,11,2,recent,16,True,no
5154,Male,Married,False,6,off,basic,4,8,negative,paypal,cancelled,UK,Hindi,20,6,191,2,True,good,6,7,old,11,False,no
5155,Female,Married,True,5,on,basic,5,2,negative,upi,active,India,Telugu,44,7,149,9,True,better,6,10,old,17,False,no
5156,Male,Married,True,3,off,premium,4,7,neutral,card,expired,Germany,Hindi,41,6,191,9,True,better,18,9,recent,1,True,no
5157,Male,Married,True,8,on,gold,7,12,neutral,paypal,expired,Germany,Hindi,1,8,29,5,True,better,2,5,recent,14,True,no
5158,Male,Married,False,7,off,basic,9,8,positive,paypal,active,US,Hindi,44,2,46,9,False,poor,19,7,very_old,19,False,yes
5159,Male,Married,False,5,off,gold,10,7,neutral,paypal,expired,India,English,24,6,61,4,False,poor,1,10,old,18,True,yes
5160,Female,Single,False,6,on,premium,5,19,negative,card,active,India,English,32,23,12,6,False,poor,2,1,very_old,16,False,yes
5161,Male,Single,True,2,on,basic,7,9,positive,upi,expired,US,English,46,21,116,3,False,better,9,5,recent,16,False,yes
5162,Male,Married,False,8,off,basic,7,4,negative,upi,active,UK,Hindi,23,21,145,2,True,poor,20,5,recent,0,False,no
5163,Male,Married,False,4,off,premium,6,20,positive,card,expired,India,English,2,25,154,6,True,good,1,8,very_old,2,True,no
5164,Female,Single,False,5,off,premium,5,9,neutral,card,expired,US,Hindi,18,22,162,10,True,good,8,4,recent,5,False,yes
5165,Female,Single,True,4,off,basic,9,13,neutral,card,active,US,Hindi,28,25,96,1,False,poor,19,5,old,6,True,no
5166,Female,Married,False,10,off,basic,10,5,neutral,card,expired,UK,Telugu,25,14,63,1,True,better,16,5,very_old,7,True,yes
5167,Male,Married,False,7,off,gold,9,16,negative,upi,expired,India,Telugu,10,13,148,2,False,poor,17,4,old,17,False,no
5168,Male,Married,True,2,off,gold,6,8,negative,upi,active,Germany,English,32,8,19,7,False,good,14,4,old,7,False,no
5169,Male,Single,True,5,off,basic,6,14,negative,card,active,India,Hindi,5,7,42,4,True,poor,3,1,recent,20,False,yes
5170,Male,Married,True,4,off,premium,1,6,positive,card,active,India,English,33,10,192,2,False,better,3,5,very_old,8,True,no
5171,Male,Single,True,1,on,premium,1,9,negative,card,cancelled,US,English,8,17,142,7,True,better,8,10,very_old,1,False,yes
5172,Female,Married,False,2,on,premium,7,10,neutral,paypal,active,US,Telugu,7,4,79,5,False,better,17,10,very_old,14,True,no
5173,Female,Single,True,7,on,premium,1,2,neutral,card,expired,UK,Hindi,12,1,103,1,False,better,5,9,very_old,18,True,yes
5174,Female,Single,True,10,off,premium,5,0,positive,paypal,active,Germany,English,23,11,77,4,True,good,10,1,old,11,False,no
5175,Female,Single,False,4,off,basic,3,14,neutral,card,active,UK,English,1,5,189,2,True,poor,7,0,old,3,True,no
5176,Female,Single,True,4,off,premium,4,5,negative,paypal,cancelled,Germany,Telugu,17,0,69,4,False,better,15,1,old,10,False,no
5177,Male,Single,True,7,on,basic,4,6,negative,card,cancelled,Germany,Telugu,12,9,157,9,False,better,8,7,recent,18,True,yes
5178,Male,Married,True,6,on,gold,9,13,negative,paypal,expired,Germany,English,7,0,142,9,True,better,5,10,very_old,2,False,no
5179,Male,Married,False,10,off,gold,10,10,positive,paypal,active,UK,Telugu,42,5,84,8,False,better,6,5,old,18,True,no
5180,Female,Married,False,5,on,gold,9,6,positive,upi,cancelled,India,Hindi,35,0,19,3,True,better,7,10,old,9,False,yes
5181,Female,Single,False,1,on,gold,3,16,neutral,paypal,expired,India,English,27,2,176,6,True,better,2,5,old,19,False,yes
5182,Female,Single,True,7,on,basic,6,4,negative,upi,active,India,English,28,7,194,1,True,poor,3,4,very_old,8,False,no
5183,Female,Single,False,4,off,premium,4,8,positive,upi,expired,US,Hindi,24,23,36,7,True,good,16,1,very_old,19,False,yes
5184,Male,Married,True,4,off,premium,5,20,neutral,card,cancelled,India,Hindi,36,13,80,10,True,better,19,9,recent,11,True,yes
5185,Male,Single,True,10,off,gold,8,13,negative,paypal,cancelled,India,English,22,0,35,3,False,better,7,0,very_old,7,False,yes
5186,Male,Single,True,2,on,gold,6,15,neutral,card,expired,UK,Telugu,26,15,147,2,False,poor,6,7,recent,2,True,yes
5187,Female,Single,False,9,off,gold,1,8,negative,paypal,expired,India,Telugu,32,3,44,5,True,poor,17,10,recent,19,True,yes
5188,Male,Married,True,1,on,gold,9,14,negative,paypal,active,India,English,47,17,164,2,False,poor,14,5,recent,9,False,yes
5189,Male,Single,True,4,off,basic,7,19,negative,card,expired,UK,English,48,23,63,10,False,good,8,1,recent,16,False,yes
5190,Male,Single,False,1,off,gold,8,9,neutral,card,expired,UK,Telugu,48,8,94,9,True,good,9,3,recent,4,False,yes
5191,Male,Single,True,9,on,basic,3,13,neutral,upi,active,Germany,Telugu,47,8,189,1,False,poor,9,10,very_old,8,False,no
5192,Male,Single,True,3,on,basic,8,7,negative,upi,cancelled,Germany,English,16,12,32,2,True,poor,16,2,old,17,False,yes
5193,Male,Married,True,9,off,gold,2,2,neutral,card,cancelled,Germany,English,11,19,116,2,False,poor,1,3,old,17,False,yes
5194,Male,Single,True,2,off,basic,8,1,neutral,paypal,active,Germany,Telugu,11,10,97,5,False,better,4,3,old,0,True,no
5195,Male,Single,True,10,off,gold,7,12,negative,paypal,expired,India,English,18,1,91,10,False,poor,7,6,very_old,5,True,no
5196,Male,Single,True,6,off,basic,9,10,positive,paypal,active,US,Hindi,10,11,55,3,True,better,8,5,very_old,11,True,no
5197,Male,Single,True,9,off,premium,10,16,neutral,paypal,expired,US,Telugu,42,6,173,1,False,good,19,3,old,20,True,yes
5198,Female,Married,False,6,off,premium,7,7,neutral,paypal,active,India,Hindi,44,1,79,9,False,good,20,6,very_old,13,True,no
5199,Female,Single,True,9,on,gold,9,9,negative,paypal,expired,Germany,English,45,15,169,10,True,good,3,2,old,9,True,yes
5200,Female,Married,False,8,off,basic,1,1,negative,upi,expired,India,Telugu,9,24,173,2,False,better,11,6,very_old,5,False,yes
5201,Male,Single,False,8,on,basic,9,1,neutral,card,cancelled,UK,English,4,1,15,10,True,better,9,0,old,17,True,yes
5202,Male,Single,True,5,off,basic,10,6,neutral,paypal,expired,UK,English,14,23,75,6,False,poor,14,3,old,17,False,no
5203,Female,Married,True,3,on,premium,8,19,negative,paypal,expired,UK,English,9,7,31,2,False,good,18,3,recent,8,True,no
5204,Male,Single,True,5,off,basic,1,9,negative,paypal,expired,Germany,English,46,14,125,4,False,good,20,5,old,12,True,yes
5205,Female,Married,True,4,off,premium,7,2,positive,paypal,cancelled,Germany,English,28,22,193,4,True,poor,2,7,very_old,6,True,yes
5206,Female,Married,True,7,on,gold,6,16,neutral,card,expired,UK,Hindi,37,19,160,7,True,better,6,0,very_old,16,True,no
5207,Female,Single,True,2,off,gold,4,12,positive,card,active,Germany,English,49,24,80,9,True,better,4,9,recent,5,False,no
5208,Female,Married,False,9,on,gold,5,14,neutral,upi,active,Germany,Hindi,19,25,107,4,True,poor,4,0,very_old,1,True,no
5209,Male,Single,True,5,off,basic,3,16,neutral,upi,active,Germany,Hindi,25,3,175,1,False,better,18,7,very_old,7,True,no
5210,Female,Single,False,2,on,premium,7,3,positive,paypal,active,India,Hindi,26,16,79,6,True,better,7,4,recent,3,True,no
5211,Male,Married,True,8,off,basic,3,7,positive,card,expired,Germany,Hindi,17,3,194,7,False,better,1,7,old,18,False,yes
5212,Male,Married,True,9,off,basic,10,12,positive,paypal,active,Germany,Hindi,29,1,96,7,True,better,17,0,very_old,6,False,no
5213,Female,Single,True,9,off,gold,4,15,neutral,paypal,cancelled,India,Telugu,11,12,44,3,False,poor,8,0,very_old,15,False,yes
5214,Male,Married,False,8,on,gold,1,3,negative,upi,active,US,English,49,22,81,8,True,poor,11,2,very_old,11,False,no
5215,Male,Married,True,9,on,basic,3,19,negative,card,active,US,Telugu,11,3,107,6,False,good,5,4,recent,15,True,no
5216,Female,Married,True,3,off,basic,9,12,neutral,card,cancelled,India,Telugu,45,25,69,2,False,better,14,5,old,3,False,yes
5217,Male,Married,True,10,on,basic,1,6,positive,card,cancelled,US,Telugu,6,21,82,4,True,poor,19,6,recent,16,True,no
5218,Female,Married,False,2,on,premium,8,8,neutral,upi,cancelled,US,Hindi,1,0,164,8,False,good,6,3,old,5,True,no
5219,Male,Single,False,2,off,gold,10,6,positive,card,active,US,Telugu,30,21,196,10,False,better,3,7,recent,8,True,no
5220,Male,Married,False,5,off,gold,1,9,positive,card,cancelled,Germany,Hindi,43,6,194,6,True,good,6,4,very_old,13,True,no
5221,Female,Married,False,10,on,gold,10,4,positive,card,expired,India,Hindi,44,8,78,7,True,good,6,9,recent,0,True,no
5222,Female,Married,False,10,off,basic,6,10,positive,upi,cancelled,US,Telugu,28,21,75,9,False,poor,3,4,very_old,9,False,yes
5223,Male,Married,False,8,on,basic,7,12,negative,paypal,active,UK,Telugu,44,21,42,5,False,poor,14,0,very_old,18,False,yes
5224,Female,Single,False,2,on,premium,1,12,negative,card,cancelled,Germany,English,8,5,14,1,False,better,4,10,old,4,False,yes
5225,Male,Single,False,9,on,gold,9,8,neutral,paypal,expired,India,Hindi,4,2,129,4,False,good,6,5,old,1,False,no
5226,Male,Married,True,3,off,premium,1,12,positive,paypal,cancelled,India,Telugu,15,17,138,5,True,better,2,6,old,4,True,yes
5227,Female,Married,True,1,off,premium,4,17,neutral,card,active,UK,Hindi,24,18,77,3,False,poor,18,9,very_old,2,True,no
5228,Male,Married,False,8,off,basic,8,1,negative,card,cancelled,Germany,Telugu,3,12,39,3,False,poor,17,10,recent,3,False,no
5229,Female,Married,False,9,on,premium,7,8,negative,upi,cancelled,US,English,33,11,162,10,False,good,19,7,old,5,True,yes
5230,Female,Single,True,3,on,basic,9,12,negative,upi,active,US,Telugu,28,6,77,1,False,better,4,8,old,6,True,no
5231,Male,Married,False,5,on,basic,4,19,negative,paypal,active,India,Telugu,41,6,164,9,True,good,11,9,old,5,False,no
5232,Female,Single,True,10,on,gold,10,15,negative,upi,active,US,English,43,0,166,8,False,good,5,5,old,19,False,yes
5233,Male,Married,True,1,on,premium,9,11,neutral,card,cancelled,UK,Telugu,44,25,96,2,False,good,8,0,very_old,10,False,yes
5234,Male,Single,True,5,on,basic,1,12,neutral,upi,active,Germany,Hindi,21,15,73,7,True,better,3,4,very_old,2,False,no
5235,Male,Married,False,3,on,gold,8,14,negative,paypal,expired,US,Hindi,28,2,133,10,False,good,16,10,old,11,False,yes
5236,Male,Married,True,9,on,basic,2,6,positive,card,expired,UK,Hindi,16,12,149,10,True,good,8,5,recent,9,True,yes
5237,Male,Married,False,7,off,gold,7,10,positive,paypal,expired,India,Telugu,30,9,103,6,True,poor,9,6,recent,16,True,yes
5238,Male,Single,True,8,on,gold,10,1,negative,upi,active,India,English,15,2,63,2,False,poor,1,4,old,18,False,no
5239,Female,Married,False,2,off,basic,1,0,neutral,paypal,expired,India,Hindi,18,11,82,10,False,good,16,10,recent,14,True,no
5240,Female,Single,True,3,off,basic,3,2,neutral,card,cancelled,US,Hindi,24,13,175,2,True,good,16,4,old,3,True,yes
5241,Female,Married,False,7,off,basic,7,4,neutral,card,expired,Germany,Telugu,8,20,128,1,True,better,18,7,old,20,False,no
5242,Female,Single,False,9,off,gold,6,17,neutral,card,cancelled,Germany,English,16,24,160,5,False,good,19,9,very_old,9,False,no
5243,Male,Single,True,1,on,gold,2,5,negative,card,active,US,English,8,22,100,8,True,poor,8,8,very_old,5,False,no
5244,Female,Single,True,9,off,basic,6,1,neutral,card,expired,US,Hindi,7,18,36,3,True,better,19,4,very_old,1,True,no
5245,Female,Single,False,10,on,gold,5,17,negative,card,cancelled,US,Hindi,31,24,182,7,True,poor,5,0,old,8,True,yes
5246,Male,Married,False,6,off,gold,2,17,positive,paypal,expired,US,Hindi,30,25,31,1,False,better,11,6,very_old,12,True,yes
5247,Female,Married,True,8,off,gold,1,20,neutral,paypal,cancelled,India,Hindi,12,21,32,9,False,good,17,3,very_old,8,True,no
5248,Female,Single,False,9,on,premium,8,8,neutral,paypal,cancelled,Germany,Hindi,46,22,113,2,False,better,2,6,old,9,True,no
5249,Female,Single,True,1,off,premium,6,15,neutral,upi,active,India,Hindi,26,13,167,7,True,better,6,1,recent,20,True,no
5250,Female,Single,True,8,on,premium,5,13,positive,upi,cancelled,India,English,25,8,171,1,True,poor,15,6,recent,15,False,no
5251,Female,Single,False,10,on,premium,5,8,neutral,card,expired,UK,English,0,8,180,9,False,poor,17,7,very_old,17,False,no
5252,Female,Single,True,4,on,gold,9,10,neutral,card,active,US,Telugu,31,2,173,6,False,better,7,3,very_old,0,False,no
5253,Female,Single,False,8,off,premium,3,10,neutral,paypal,cancelled,UK,Hindi,41,4,187,4,True,better,1,2,recent,5,True,no
5254,Female,Married,True,4,on,gold,3,6,neutral,upi,active,Germany,Telugu,20,5,190,1,True,better,13,5,very_old,16,True,no
5255,Female,Single,True,9,off,basic,3,6,negative,upi,expired,US,English,33,2,17,10,True,better,2,4,very_old,2,False,yes
5256,Male,Married,False,4,off,gold,1,12,negative,upi,cancelled,India,Telugu,30,15,24,2,True,poor,6,8,recent,2,True,no
5257,Female,Married,True,5,off,premium,6,1,neutral,upi,cancelled,US,Hindi,15,23,37,7,False,poor,5,3,very_old,5,True,yes
5258,Female,Married,True,10,off,basic,4,11,neutral,card,active,UK,Hindi,47,11,62,1,True,better,5,1,recent,8,False,no
5259,Male,Single,False,8,on,premium,1,10,positive,upi,active,Germany,Telugu,4,13,138,5,False,better,20,10,recent,9,False,no
5260,Male,Married,True,7,on,basic,8,15,positive,paypal,active,UK,English,18,10,159,3,False,good,10,8,old,2,False,no
5261,Male,Married,True,1,off,premium,4,18,neutral,paypal,active,India,English,29,7,123,4,False,good,15,3,recent,10,False,no
5262,Female,Married,True,7,off,basic,10,7,negative,paypal,active,US,Telugu,18,15,10,8,True,poor,3,7,old,8,True,no
5263,Male,Single,False,1,on,basic,1,5,positive,paypal,cancelled,India,Hindi,36,11,174,7,False,better,1,8,old,10,True,yes
5264,Male,Married,False,1,off,basic,3,7,neutral,card,cancelled,Germany,English,34,17,157,9,False,better,13,9,very_old,10,False,yes
5265,Female,Married,False,2,off,gold,3,10,neutral,upi,expired,India,Hindi,8,17,131,8,False,better,5,9,old,4,True,no
5266,Female,Single,False,3,off,basic,3,8,positive,card,expired,Germany,English,50,13,158,1,False,poor,14,8,recent,9,False,yes
5267,Male,Single,True,7,off,premium,3,2,positive,upi,expired,Germany,English,15,7,129,7,False,better,13,7,recent,7,False,no
5268,Male,Single,False,6,on,premium,1,0,negative,card,expired,US,English,24,21,61,4,False,better,19,9,very_old,7,True,yes
5269,Female,Single,True,10,off,basic,1,5,neutral,card,expired,India,English,17,3,117,9,True,poor,10,2,old,5,False,no
5270,Male,Single,True,8,off,basic,9,7,neutral,paypal,active,Germany,Hindi,27,14,182,9,False,better,18,4,old,6,False,no
5271,Male,Single,False,10,off,premium,6,7,negative,paypal,active,US,Telugu,14,15,150,1,True,good,10,1,very_old,13,False,yes
5272,Male,Married,True,10,on,gold,3,4,positive,card,expired,Germany,English,29,0,189,2,False,poor,15,9,old,16,True,yes
5273,Male,Married,False,5,off,premium,6,15,positive,paypal,expired,Germany,English,28,20,152,2,True,better,16,1,recent,1,False,no
5274,Female,Married,False,8,off,gold,5,5,negative,upi,active,Germany,English,17,12,117,4,True,better,20,3,very_old,20,True,no
5275,Female,Single,False,2,off,basic,1,6,positive,upi,expired,Germany,Telugu,41,22,48,4,True,poor,6,8,old,12,False,no
5276,Female,Married,False,9,on,premium,1,15,negative,upi,active,India,Hindi,48,15,54,4,True,good,19,3,very_old,11,False,no
5277,Female,Married,True,2,on,basic,10,19,neutral,paypal,cancelled,Germany,Telugu,48,2,164,5,True,poor,11,6,very_old,0,False,no
5278,Male,Single,True,10,on,basic,4,16,neutral,upi,expired,Germany,English,34,18,159,3,False,better,19,4,old,6,False,yes
5279,Male,Married,False,9,on,premium,3,8,positive,upi,active,Germany,Hindi,16,24,132,10,True,good,11,6,recent,0,False,no
5280,Female,Married,True,3,on,gold,6,18,positive,paypal,cancelled,UK,Hindi,38,24,134,1,False,good,12,1,very_old,18,True,yes
5281,Female,Single,True,3,on,basic,1,8,neutral,upi,cancelled,Germany,Telugu,17,0,154,2,False,better,20,9,recent,9,False,no
5282,Female,Single,False,9,on,premium,8,20,negative,paypal,cancelled,Germany,English,29,11,185,2,True,better,7,0,very_old,2,True,yes
5283,Male,Single,False,1,off,basic,8,8,neutral,upi,active,India,Hindi,14,17,87,5,False,poor,4,1,recent,19,False,no
5284,Female,Married,False,3,on,gold,5,19,negative,paypal,active,India,Hindi,31,0,38,4,True,good,6,5,old,13,True,no
5285,Male,Single,True,7,off,premium,10,20,positive,card,active,Germany,Telugu,4,22,39,5,False,poor,7,8,old,20,False,no
5286,Male,Single,True,4,off,basic,10,12,neutral,card,cancelled,UK,English,43,25,12,4,True,better,1,8,old,2,False,no
5287,Female,Single,True,5,off,basic,8,19,negative,upi,active,Germany,Telugu,22,2,21,5,True,better,12,10,old,14,False,yes
5288,Female,Single,True,2,on,basic,4,18,neutral,card,active,UK,English,33,22,132,3,False,poor,19,10,recent,16,False,no
5289,Male,Married,True,10,on,premium,1,7,neutral,paypal,expired,India,English,16,11,157,10,True,poor,3,1,recent,5,False,no
5290,Male,Single,False,2,on,basic,1,19,neutral,card,expired,Germany,Telugu,15,5,125,3,False,better,16,2,old,9,True,no
5291,Male,Married,False,3,off,premium,7,13,neutral,paypal,expired,India,English,42,14,46,2,True,poor,13,4,recent,9,True,no
5292,Male,Single,False,2,off,premium,10,10,neutral,card,active,US,English,13,4,68,1,False,good,19,0,recent,7,True,no
5293,Male,Married,True,5,off,gold,7,14,negative,card,active,UK,Telugu,26,25,100,2,False,good,6,5,very_old,6,False,no
5294,Male,Married,False,4,off,basic,1,15,positive,upi,expired,Germany,Telugu,1,25,178,10,False,better,7,2,recent,2,False,no
5295,Male,Married,False,1,off,gold,2,0,positive,paypal,expired,US,Hindi,26,21,76,3,True,good,20,3,very_old,2,True,no
5296,Male,Married,False,6,off,premium,5,2,positive,upi,cancelled,Germany,Telugu,18,14,70,3,True,poor,15,1,recent,11,False,no
5297,Female,Married,False,9,off,premium,1,8,positive,paypal,expired,UK,Telugu,17,11,96,10,True,good,10,0,very_old,6,True,yes
5298,Male,Married,False,8,on,gold,5,11,negative,paypal,active,US,Hindi,44,25,153,3,True,better,5,8,old,8,False,no
5299,Male,Married,False,7,off,basic,5,5,negative,upi,expired,UK,English,49,2,165,7,False,good,14,3,recent,15,False,yes
5300,Male,Married,True,7,off,basic,3,3,positive,card,expired,UK,Hindi,15,12,71,5,False,poor,3,6,old,4,False,no
5301,Female,Single,True,2,on,premium,7,9,positive,paypal,expired,India,English,0,9,16,1,False,poor,18,4,very_old,1,True,no
5302,Female,Single,False,1,off,premium,2,9,negative,upi,expired,US,Telugu,40,14,51,7,True,poor,13,3,recent,11,True,yes
5303,Male,Married,True,4,off,basic,4,15,positive,paypal,cancelled,UK,English,11,15,164,3,False,better,8,8,recent,14,True,yes
5304,Female,Married,True,9,on,basic,1,16,neutral,card,active,UK,English,24,17,92,5,False,good,4,5,very_old,9,False,no
5305,Male,Single,False,5,off,gold,5,11,positive,upi,expired,UK,Hindi,19,1,186,3,True,poor,14,9,recent,9,False,no
5306,Male,Single,False,8,on,premium,10,0,negative,card,active,UK,Hindi,41,8,43,9,False,poor,4,5,recent,2,False,yes
5307,Female,Single,False,9,on,gold,3,15,neutral,upi,active,Germany,Hindi,2,18,37,8,True,good,18,6,old,2,True,no
5308,Female,Married,True,2,off,gold,4,7,positive,card,active,US,English,13,2,148,10,False,better,3,1,old,2,False,no
5309,Male,Single,True,2,off,gold,2,12,positive,upi,active,US,Hindi,6,21,121,4,True,better,4,9,old,10,False,no
5310,Male,Married,False,2,on,premium,2,19,positive,card,expired,US,Hindi,49,2,38,10,False,good,6,1,very_old,14,False,yes
5311,Female,Married,True,8,on,gold,10,1,positive,upi,active,India,English,14,14,81,8,True,poor,18,8,recent,17,True,no
5312,Male,Single,True,2,on,basic,5,6,negative,card,expired,US,English,49,11,85,9,True,better,6,4,recent,17,False,yes
5313,Female,Single,False,3,off,gold,3,20,neutral,card,active,UK,Telugu,32,18,14,3,False,poor,4,4,old,0,False,no
5314,Female,Married,False,5,on,premium,1,5,neutral,upi,active,India,Hindi,11,22,53,6,True,good,3,0,very_old,1,True,no
5315,Female,Married,True,1,on,gold,9,1,neutral,paypal,expired,UK,Telugu,16,12,68,8,True,good,7,5,very_old,2,True,yes
5316,Male,Single,False,10,off,basic,1,14,neutral,card,cancelled,US,Hindi,24,20,93,5,False,better,10,6,old,16,False,no
5317,Male,Married,True,10,on,gold,8,15,neutral,paypal,active,UK,Telugu,50,20,52,4,True,better,20,2,old,4,True,no
5318,Male,Single,False,10,on,basic,7,8,neutral,paypal,cancelled,India,Hindi,45,24,169,4,False,poor,1,0,very_old,8,True,yes
5319,Male,Married,True,6,on,gold,7,19,neutral,paypal,active,US,Hindi,44,16,198,6,True,good,9,6,very_old,10,True,no
5320,Female,Married,True,5,off,premium,10,17,positive,card,expired,India,English,24,1,21,7,True,good,17,9,old,10,False,yes
5321,Female,Single,True,1,off,premium,9,19,positive,upi,cancelled,UK,Hindi,4,14,71,1,False,good,2,8,recent,10,False,yes
5322,Female,Married,False,8,off,gold,7,16,positive,paypal,expired,India,Hindi,19,18,42,8,True,better,9,7,very_old,11,True,no
5323,Female,Single,True,9,off,basic,8,7,negative,paypal,expired,UK,English,22,3,154,8,False,better,13,0,very_old,0,True,yes
5324,Female,Single,False,8,on,basic,8,17,neutral,upi,cancelled,India,Telugu,17,15,84,10,False,good,9,10,very_old,2,False,no
5325,Female,Married,False,3,off,gold,6,18,negative,upi,expired,Germany,Telugu,28,9,122,3,False,poor,14,10,very_old,11,False,yes
5326,Male,Married,False,3,on,basic,2,1,negative,upi,cancelled,UK,Telugu,32,13,43,6,True,poor,15,9,recent,11,True,yes
5327,Male,Single,False,6,on,basic,4,5,negative,upi,expired,India,Hindi,8,18,119,7,False,poor,5,9,very_old,13,True,no
5328,Male,Married,True,9,on,gold,7,2,neutral,upi,cancelled,US,Hindi,17,2,52,4,True,better,5,6,very_old,9,True,yes
5329,Male,Married,False,7,off,premium,10,13,neutral,card,cancelled,Germany,Telugu,7,20,61,3,False,good,20,7,very_old,11,False,yes
5330,Female,Married,True,9,on,gold,6,1,positive,paypal,active,UK,English,47,7,21,7,False,good,8,4,recent,12,False,yes
5331,Female,Married,False,6,off,basic,3,4,negative,paypal,cancelled,Germany,English,9,12,118,9,True,better,5,10,old,19,True,no
5332,Female,Single,False,8,off,gold,5,18,positive,upi,expired,Germany,English,39,19,194,10,False,good,18,1,old,10,False,yes
5333,Female,Single,True,8,off,basic,1,18,negative,paypal,cancelled,Germany,Telugu,50,17,111,4,True,good,19,6,recent,14,True,yes
5334,Female,Single,False,8,off,premium,10,16,positive,card,active,India,Telugu,29,12,150,4,True,better,11,9,recent,12,True,no
5335,Female,Single,True,8,on,basic,2,8,negative,card,cancelled,UK,English,38,10,152,6,False,poor,6,5,old,11,True,yes
5336,Female,Married,True,1,on,gold,2,15,neutral,upi,expired,Germany,Hindi,14,15,126,9,True,poor,11,10,recent,18,False,yes
5337,Male,Married,False,7,on,premium,3,16,positive,paypal,cancelled,UK,Telugu,37,16,87,7,False,good,17,6,recent,11,False,no
5338,Female,Single,True,2,off,gold,10,10,neutral,upi,cancelled,US,English,21,19,146,4,True,better,12,2,old,16,True,no
5339,Male,Single,False,6,on,basic,8,14,negative,paypal,active,India,Hindi,12,22,94,10,True,poor,1,4,recent,16,True,no
5340,Male,Single,True,9,on,basic,1,11,neutral,upi,active,India,Telugu,46,10,150,1,True,better,7,7,recent,6,True,no
5341,Female,Married,True,3,off,premium,7,13,negative,paypal,expired,US,Telugu,47,12,162,4,False,good,12,8,recent,13,False,yes
5342,Female,Married,False,4,off,basic,9,6,neutral,upi,cancelled,India,Hindi,36,13,64,7,False,poor,11,4,very_old,8,False,yes
5343,Male,Married,False,10,off,premium,1,9,negative,paypal,active,Germany,Telugu,4,25,182,1,True,better,18,9,old,9,True,no
5344,Male,Married,False,8,off,premium,3,9,neutral,upi,cancelled,India,Telugu,2,10,14,10,True,good,8,3,very_old,17,False,yes
5345,Male,Married,True,7,off,premium,2,13,neutral,card,active,US,Hindi,8,25,109,4,False,good,14,6,recent,6,True,no
5346,Male,Single,False,9,on,premium,3,2,positive,upi,expired,India,Telugu,13,14,107,6,False,good,4,7,very_old,2,True,no
5347,Female,Single,True,6,off,premium,7,17,neutral,upi,active,India,English,40,6,108,1,False,good,15,8,recent,2,True,no
5348,Male,Single,True,4,off,basic,4,3,positive,upi,cancelled,UK,Telugu,4,18,117,3,False,better,20,1,old,10,False,no
5349,Male,Married,False,4,off,gold,4,8,positive,upi,expired,UK,English,16,20,67,5,False,poor,9,7,very_old,17,False,yes
5350,Male,Single,True,10,on,premium,2,17,positive,card,cancelled,Germany,Telugu,17,0,66,4,False,poor,3,5,recent,4,True,no
5351,Female,Married,False,8,on,basic,10,17,positive,upi,expired,UK,Hindi,25,1,60,7,False,good,18,3,old,11,True,no
5352,Female,Single,False,8,on,premium,1,17,neutral,card,expired,UK,Telugu,44,18,149,10,False,better,3,5,very_old,18,True,yes
5353,Male,Married,True,1,on,gold,10,8,negative,card,cancelled,Germany,Telugu,24,13,69,6,True,better,11,3,very_old,0,False,no
5354,Female,Single,False,1,on,gold,5,15,negative,card,cancelled,India,English,6,14,46,10,False,better,19,8,old,7,True,yes
5355,Male,Single,False,10,off,gold,1,7,negative,card,cancelled,UK,English,25,23,59,1,True,poor,7,0,very_old,6,True,no
5356,Female,Married,False,2,on,gold,3,5,negative,card,expired,UK,English,42,9,103,3,True,better,9,8,very_old,20,True,yes
5357,Male,Single,True,6,on,basic,6,8,neutral,paypal,active,India,Telugu,12,9,154,4,False,poor,13,0,old,14,True,no
5358,Female,Single,False,2,on,basic,6,4,positive,upi,expired,US,Hindi,44,21,25,9,False,good,18,4,old,0,False,yes
5359,Male,Single,True,3,on,gold,2,13,positive,card,active,US,Hindi,14,2,163,1,True,good,10,5,very_old,16,False,no
5360,Male,Single,False,6,on,gold,5,16,neutral,card,expired,US,Telugu,13,20,181,1,False,poor,5,5,very_old,17,True,yes
5361,Female,Married,False,4,off,premium,4,4,positive,paypal,expired,UK,Hindi,11,20,33,5,False,good,10,5,very_old,2,True,no
5362,Female,Married,False,8,off,gold,6,11,positive,upi,expired,India,Hindi,22,22,198,10,True,poor,1,7,recent,3,False,yes
5363,Male,Married,False,10,off,premium,1,4,positive,card,expired,UK,English,45,24,186,8,True,good,19,0,old,13,True,yes
5364,Male,Married,False,8,off,premium,5,16,negative,paypal,expired,India,English,49,17,186,9,False,good,17,8,very_old,6,True,yes
5365,Male,Married,False,1,on,gold,8,20,neutral,card,expired,US,Hindi,38,14,44,1,False,poor,13,2,recent,6,True,no
5366,Male,Single,False,1,on,premium,3,6,positive,paypal,expired,India,English,16,5,75,4,True,better,1,6,recent,13,True,yes
5367,Female,Married,False,2,off,gold,2,18,neutral,card,expired,UK,English,25,3,48,2,False,better,2,3,recent,8,True,no
5368,Male,Single,True,10,on,premium,9,18,negative,upi,expired,UK,Telugu,16,10,154,7,True,poor,20,0,recent,14,False,yes
5369,Female,Married,True,6,on,gold,8,14,positive,card,active,US,Hindi,50,22,82,4,True,poor,5,9,old,4,True,no
5370,Male,Single,True,6,off,premium,5,15,neutral,paypal,active,India,Hindi,48,9,172,4,False,good,13,0,very_old,2,True,no
5371,Female,Married,False,1,on,basic,6,3,positive,upi,cancelled,Germany,English,2,22,112,3,True,better,8,8,recent,11,False,no
5372,Female,Married,False,5,off,basic,8,20,negative,upi,active,UK,Telugu,33,18,191,9,False,poor,3,5,recent,15,False,no
5373,Female,Married,True,6,off,premium,6,1,positive,card,cancelled,India,English,4,9,123,8,False,better,6,0,recent,5,False,yes
5374,Male,Single,False,6,off,basic,9,19,positive,paypal,active,India,Hindi,46,6,131,1,True,good,20,1,recent,7,False,yes
5375,Female,Married,True,10,off,gold,5,11,positive,card,cancelled,Germany,Telugu,3,2,152,4,False,poor,14,0,old,7,True,no
5376,Female,Married,True,2,on,basic,1,2,neutral,card,active,US,Telugu,31,3,96,6,False,good,2,6,recent,19,True,no
5377,Male,Married,True,10,on,gold,3,8,positive,card,cancelled,Germany,Hindi,8,22,190,8,True,good,6,8,very_old,18,False,no
5378,Female,Married,True,1,off,gold,8,18,negative,paypal,cancelled,US,Telugu,26,14,193,7,True,good,14,3,very_old,13,True,yes
5379,Female,Single,False,10,off,gold,7,20,neutral,paypal,cancelled,India,Telugu,14,11,179,7,True,better,11,3,recent,19,True,no
5380,Female,Married,False,7,off,gold,1,12,neutral,upi,expired,UK,Telugu,11,13,172,6,True,poor,6,0,old,7,True,yes
5381,Female,Married,True,8,on,gold,1,6,negative,upi,active,UK,English,4,24,170,5,True,poor,12,6,recent,3,False,no
5382,Male,Single,True,4,on,gold,1,4,negative,card,expired,India,Hindi,21,2,199,5,True,good,18,3,recent,9,True,yes
5383,Female,Single,True,1,on,gold,6,14,neutral,card,active,India,Telugu,48,0,194,8,False,better,6,9,recent,8,True,yes
5384,Female,Single,False,7,on,premium,7,7,negative,card,expired,Germany,Hindi,30,7,101,5,False,poor,15,7,recent,3,True,no
5385,Female,Married,False,1,off,premium,1,13,positive,paypal,active,India,Telugu,50,5,54,3,True,good,20,3,old,3,True,no
5386,Female,Married,False,10,off,gold,1,2,positive,upi,active,UK,Telugu,42,7,74,2,False,poor,1,6,old,1,True,no
5387,Male,Single,True,5,off,basic,9,4,neutral,upi,active,UK,Hindi,41,10,103,10,True,better,13,6,old,8,False,yes
5388,Female,Married,True,4,on,gold,4,8,negative,paypal,cancelled,Germany,Telugu,32,24,39,5,False,better,16,0,old,5,True,yes
5389,Female,Married,False,3,off,basic,10,2,positive,upi,cancelled,India,Hindi,2,5,45,7,True,good,16,0,recent,10,True,yes
5390,Female,Single,False,8,on,gold,6,15,negative,upi,active,India,English,29,8,101,7,True,better,4,6,old,0,False,yes
5391,Female,Married,False,4,off,gold,10,9,positive,card,active,UK,English,38,10,190,10,True,poor,12,7,old,15,True,no
5392,Female,Single,True,9,off,premium,6,4,negative,paypal,expired,India,English,7,17,77,4,False,poor,12,2,recent,16,False,no
5393,Male,Single,True,5,on,premium,2,17,neutral,upi,expired,US,Telugu,37,16,191,3,False,poor,15,1,very_old,11,True,no
5394,Female,Single,True,8,on,basic,8,10,negative,upi,active,US,English,17,24,76,5,False,good,1,3,very_old,4,True,no
5395,Female,Married,True,2,on,gold,10,0,neutral,paypal,expired,US,English,5,3,94,10,True,poor,19,8,recent,14,True,no
5396,Female,Married,False,10,on,basic,2,13,neutral,upi,active,US,English,5,23,56,1,True,good,18,5,recent,16,True,no
5397,Female,Single,True,2,on,gold,7,3,positive,card,expired,India,Telugu,20,18,85,2,False,poor,2,4,old,8,False,no
5398,Male,Single,False,6,on,gold,7,15,positive,upi,active,Germany,Telugu,45,1,144,4,True,poor,11,5,old,11,False,yes
5399,Female,Married,True,2,off,gold,1,10,positive,upi,expired,UK,Hindi,6,1,68,5,True,better,19,3,very_old,17,False,no
5400,Female,Single,False,8,on,gold,6,17,positive,card,active,India,English,7,8,172,8,False,better,13,3,recent,18,True,no
5401,Female,Single,False,2,off,basic,6,16,positive,upi,cancelled,Germany,English,35,4,28,9,True,better,9,5,old,20,True,yes
5402,Male,Single,False,2,off,gold,8,11,positive,upi,expired,US,Hindi,23,5,89,3,True,better,9,3,very_old,1,True,no
5403,Male,Married,True,3,off,gold,8,16,negative,card,cancelled,US,English,31,13,117,4,False,better,17,7,very_old,0,False,no
5404,Female,Single,False,9,on,gold,2,15,positive,upi,cancelled,Germany,English,22,8,10,9,True,good,15,6,old,5,False,no
5405,Female,Married,True,2,on,premium,6,17,positive,card,expired,India,Hindi,3,15,18,7,False,good,15,0,old,15,False,no
5406,Male,Married,False,4,on,basic,6,0,negative,upi,cancelled,UK,Hindi,39,5,44,4,False,good,3,10,very_old,2,False,yes
5407,Male,Single,True,2,off,premium,7,5,neutral,card,cancelled,UK,Hindi,13,14,38,9,True,poor,3,2,recent,18,True,yes
5408,Female,Single,False,6,off,gold,7,13,neutral,upi,active,Germany,English,10,18,73,1,False,good,6,2,very_old,6,True,no
5409,Female,Married,False,2,off,gold,9,15,positive,paypal,cancelled,India,Hindi,4,4,161,2,False,poor,6,6,old,12,False,no
5410,Male,Single,False,2,on,gold,6,6,neutral,upi,active,US,English,18,18,109,3,True,poor,19,2,very_old,2,True,no
5411,Female,Single,True,8,on,premium,5,3,neutral,paypal,cancelled,US,English,45,20,127,4,False,poor,9,7,old,5,False,yes
5412,Male,Married,False,2,off,premium,9,17,neutral,card,expired,US,Hindi,38,8,21,7,True,better,9,0,old,1,False,yes
5413,Female,Married,False,4,off,premium,10,17,negative,paypal,cancelled,Germany,English,42,1,176,7,True,better,19,1,old,17,False,yes
5414,Female,Married,True,2,on,basic,6,17,negative,paypal,cancelled,Germany,Telugu,39,20,64,5,True,better,7,9,old,2,True,yes
5415,Male,Single,True,1,off,premium,9,10,neutral,paypal,expired,US,English,20,4,155,1,True,better,8,9,recent,8,True,no
5416,Male,Married,True,10,on,gold,3,20,positive,paypal,expired,Germany,English,32,0,190,5,False,poor,9,5,old,16,False,yes
5417,Male,Single,False,8,off,gold,2,10,negative,upi,expired,UK,English,22,25,179,6,False,better,15,10,old,0,False,no
5418,Male,Single,True,3,off,premium,7,13,neutral,upi,expired,Germany,Hindi,16,16,154,10,False,better,15,1,very_old,12,False,no
5419,Male,Married,False,10,off,premium,6,6,negative,upi,active,Germany,Telugu,5,19,79,1,True,better,18,6,old,9,False,no
5420,Female,Married,False,4,on,basic,3,1,negative,upi,active,Germany,Hindi,24,12,55,1,True,good,16,5,recent,19,True,yes
5421,Male,Single,True,8,off,gold,2,9,neutral,card,expired,US,Telugu,50,24,99,7,True,good,1,6,recent,14,True,yes
5422,Male,Single,True,9,off,premium,2,1,positive,card,cancelled,US,Telugu,7,17,28,8,True,better,9,5,recent,2,True,no
5423,Female,Single,False,3,off,gold,2,4,neutral,upi,cancelled,US,English,11,25,177,3,True,poor,14,8,old,8,False,no
5424,Female,Married,True,1,on,gold,2,9,neutral,paypal,cancelled,Germany,Hindi,5,7,149,7,False,poor,10,1,old,19,True,no
5425,Female,Single,False,9,on,premium,2,17,negative,paypal,active,Germany,Hindi,29,11,95,6,False,poor,9,0,recent,6,True,no
5426,Male,Married,False,5,off,gold,10,6,positive,card,active,US,Hindi,0,23,128,5,False,good,16,7,recent,13,False,no
5427,Male,Single,False,6,on,basic,10,7,neutral,paypal,active,UK,English,26,6,37,3,True,poor,8,10,old,9,True,no
5428,Female,Single,True,3,on,premium,5,16,negative,card,expired,India,Telugu,15,19,122,9,False,poor,5,7,very_old,17,False,yes
5429,Male,Married,True,5,on,premium,10,14,negative,card,active,US,Telugu,44,13,14,9,False,better,20,0,old,20,False,no
5430,Male,Single,True,5,off,basic,1,8,negative,paypal,cancelled,UK,Hindi,0,21,11,5,True,better,1,4,old,8,True,yes
5431,Male,Single,True,4,off,premium,1,3,neutral,card,expired,US,Telugu,30,16,156,4,True,poor,16,6,old,5,True,yes
5432,Female,Married,False,6,on,basic,6,20,negative,paypal,cancelled,Germany,Hindi,35,1,105,3,True,better,3,6,old,14,True,yes
5433,Female,Single,False,2,on,gold,3,9,neutral,card,expired,US,English,13,4,111,6,True,good,16,2,recent,1,True,yes
5434,Female,Married,True,2,off,premium,1,1,negative,card,active,India,English,0,22,119,2,True,poor,6,7,very_old,12,False,no
5435,Female,Married,True,3,on,gold,6,4,neutral,card,expired,US,Telugu,28,16,26,8,True,good,19,10,very_old,10,False,yes
5436,Male,Single,False,2,off,premium,8,18,neutral,upi,cancelled,US,Telugu,43,24,49,4,True,good,8,9,old,9,False,no
5437,Male,Married,False,5,off,gold,8,16,negative,card,cancelled,US,Hindi,12,13,189,6,False,good,17,5,recent,5,False,yes
5438,Male,Married,False,6,off,basic,3,0,negative,upi,active,UK,English,4,15,101,5,True,good,6,8,recent,9,False,no
5439,Male,Single,True,3,off,premium,3,13,positive,card,cancelled,US,Hindi,38,1,128,9,False,good,20,6,old,2,False,yes
5440,Male,Single,False,10,off,premium,10,15,negative,card,expired,UK,Telugu,20,9,140,7,False,better,3,6,old,2,False,yes
5441,Female,Single,False,3,on,premium,6,15,neutral,card,expired,India,Telugu,27,9,164,3,True,good,2,2,very_old,17,True,yes
5442,Male,Married,True,4,off,gold,7,7,negative,card,active,India,Telugu,8,7,176,4,False,better,2,2,recent,2,False,no
5443,Male,Single,False,1,on,basic,7,5,negative,card,expired,US,English,36,8,14,5,False,poor,7,2,old,10,True,yes
5444,Male,Single,True,2,off,basic,9,6,negative,card,active,UK,English,37,22,183,8,False,poor,18,0,very_old,7,False,no
5445,Male,Single,True,9,on,premium,3,4,neutral,paypal,active,India,Telugu,8,19,174,8,False,poor,20,8,old,14,False,no
5446,Male,Single,False,7,on,basic,8,7,positive,upi,cancelled,India,English,23,4,52,8,True,poor,3,2,recent,9,False,yes
5447,Female,Married,False,2,off,basic,8,17,neutral,upi,cancelled,US,English,28,9,30,7,False,good,5,3,recent,11,False,yes
5448,Female,Single,True,6,on,basic,1,15,neutral,card,expired,Germany,Hindi,23,9,15,3,True,good,7,5,old,10,True,yes
5449,Male,Single,True,7,on,basic,7,7,neutral,upi,cancelled,Germany,English,9,14,126,1,True,poor,9,5,recent,20,True,yes
5450,Male,Married,False,2,off,premium,8,19,neutral,upi,cancelled,UK,English,2,3,37,7,False,good,7,0,very_old,5,False,no
5451,Female,Married,True,5,off,premium,6,16,neutral,upi,active,Germany,English,47,24,12,8,True,better,14,6,very_old,2,False,no
5452,Female,Single,True,6,off,gold,3,12,neutral,upi,active,India,English,15,2,161,10,True,good,17,1,old,3,True,no
5453,Male,Single,True,4,on,gold,9,11,neutral,card,active,India,English,7,1,150,9,False,poor,17,8,very_old,20,True,no
5454,Female,Married,True,10,on,premium,5,9,positive,card,expired,US,English,2,22,93,2,False,good,12,2,very_old,11,False,no
5455,Male,Married,False,10,on,basic,3,2,positive,paypal,active,US,English,42,18,117,5,True,better,14,10,recent,10,True,no
5456,Male,Married,False,9,off,basic,2,15,neutral,card,cancelled,UK,English,1,16,35,2,False,poor,5,7,recent,11,False,yes
5457,Male,Married,False,4,off,basic,5,16,positive,paypal,cancelled,Germany,English,13,22,106,8,True,poor,15,7,recent,19,False,no
5458,Female,Single,True,6,off,premium,4,2,positive,card,cancelled,Germany,Hindi,28,22,193,5,False,good,3,0,recent,4,False,no
5459,Male,Married,False,10,on,gold,4,13,positive,card,expired,UK,Hindi,22,16,45,6,False,good,3,9,very_old,5,True,no
5460,Male,Married,False,9,on,gold,2,8,neutral,card,expired,India,English,33,3,177,10,True,good,4,9,very_old,0,False,no
5461,Male,Single,False,10,on,gold,5,13,positive,card,active,Germany,Hindi,6,17,169,1,True,better,5,10,very_old,8,False,no
5462,Female,Single,False,8,on,premium,10,18,neutral,upi,expired,UK,Hindi,31,4,18,4,True,poor,20,6,old,8,True,yes
5463,Male,Single,False,8,off,gold,6,20,positive,upi,cancelled,India,Telugu,50,15,66,6,False,poor,8,10,old,8,True,yes
5464,Male,Married,True,2,off,basic,4,7,neutral,paypal,active,Germany,English,29,3,189,4,True,good,12,8,old,19,True,no
5465,Male,Single,True,5,on,premium,8,3,negative,upi,expired,Germany,Telugu,21,1,42,9,True,better,19,8,recent,8,True,yes
5466,Female,Married,False,2,off,basic,10,13,neutral,card,expired,Germany,English,20,21,77,9,False,better,10,7,old,6,True,yes
5467,Female,Single,False,8,on,premium,1,16,positive,paypal,active,India,Hindi,39,24,103,4,True,better,5,2,very_old,16,True,no
5468,Female,Married,False,3,on,basic,6,8,negative,upi,expired,US,Telugu,7,3,168,8,False,better,6,6,recent,5,False,no
5469,Male,Married,True,6,off,premium,5,14,neutral,paypal,cancelled,UK,Telugu,50,17,147,8,True,poor,19,10,old,16,True,no
5470,Female,Single,False,5,off,premium,8,18,positive,paypal,cancelled,UK,Hindi,40,10,146,3,False,good,1,6,old,2,True,no
5471,Male,Single,True,10,on,premium,9,4,neutral,card,cancelled,US,English,48,23,68,5,False,better,8,7,old,15,True,yes
5472,Female,Single,False,9,off,basic,1,1,negative,card,cancelled,India,Telugu,31,9,69,7,False,good,13,6,very_old,3,True,no
5473,Female,Married,True,8,on,gold,8,13,positive,paypal,expired,UK,Hindi,36,19,85,10,False,better,5,7,very_old,19,True,yes
5474,Male,Married,False,1,off,premium,9,6,neutral,card,expired,India,English,26,7,39,9,False,poor,20,9,recent,13,False,no
5475,Male,Married,True,2,on,premium,9,2,negative,upi,cancelled,India,Hindi,36,1,192,3,False,poor,10,0,very_old,15,True,yes
5476,Male,Single,False,3,off,premium,5,6,negative,upi,cancelled,India,Telugu,21,19,88,9,True,poor,17,5,very_old,9,True,yes
5477,Male,Married,False,9,off,basic,8,18,positive,paypal,cancelled,US,Telugu,46,9,72,3,True,poor,3,1,very_old,14,False,no
5478,Male,Married,False,2,on,gold,2,9,positive,card,active,US,English,44,16,140,6,True,good,5,9,very_old,4,False,no
5479,Male,Married,False,5,off,basic,9,12,positive,card,expired,India,English,22,2,177,2,False,good,13,3,old,9,False,yes
5480,Male,Married,False,1,off,gold,4,10,neutral,upi,expired,UK,English,39,13,80,4,False,good,16,2,old,4,True,no
5481,Female,Single,True,6,on,gold,3,12,negative,paypal,expired,Germany,Telugu,36,17,75,3,False,better,10,5,old,8,False,yes
5482,Female,Married,False,2,off,basic,4,1,positive,paypal,expired,Germany,Hindi,27,3,31,8,True,poor,11,5,very_old,18,False,yes
5483,Male,Single,False,5,on,basic,4,13,neutral,paypal,cancelled,UK,English,14,22,151,6,True,better,14,5,recent,18,False,yes
5484,Male,Married,False,3,off,gold,6,3,neutral,upi,expired,UK,Telugu,31,8,88,5,True,better,10,8,recent,19,False,yes
5485,Female,Married,True,9,off,basic,7,16,positive,card,cancelled,India,Telugu,35,2,166,5,True,good,3,10,old,9,False,no
5486,Male,Single,False,2,off,basic,7,19,positive,paypal,cancelled,UK,Hindi,4,15,37,8,False,better,7,2,old,20,False,yes
5487,Male,Married,True,9,off,gold,6,15,positive,upi,cancelled,India,Telugu,34,17,78,9,False,good,18,7,recent,1,True,yes
5488,Female,Married,True,5,off,gold,4,6,negative,paypal,active,Germany,Telugu,11,11,19,10,True,good,7,0,very_old,18,False,no
5489,Male,Single,False,5,on,premium,3,9,neutral,card,active,US,Hindi,17,7,129,4,True,poor,10,0,recent,16,True,yes
5490,Male,Single,True,1,off,premium,9,13,positive,paypal,cancelled,India,English,46,14,195,4,False,poor,9,9,recent,17,False,yes
5491,Male,Married,False,10,on,gold,4,7,neutral,upi,active,India,Telugu,39,8,73,10,False,good,13,1,very_old,17,False,no
5492,Female,Married,True,9,off,gold,1,5,neutral,upi,expired,India,English,46,3,12,2,True,good,15,3,very_old,1,False,no
5493,Male,Single,True,7,off,gold,2,11,negative,paypal,active,UK,Hindi,14,16,76,2,True,poor,17,1,old,5,True,no
5494,Male,Married,True,6,on,basic,7,2,negative,card,expired,US,Telugu,0,7,20,7,False,poor,4,2,recent,14,True,yes
5495,Male,Single,True,7,off,basic,10,2,neutral,upi,expired,US,English,6,9,108,7,True,good,1,1,old,4,False,yes
5496,Female,Married,True,5,on,premium,6,0,neutral,card,expired,Germany,Hindi,31,1,186,9,True,poor,7,10,recent,8,True,yes
5497,Female,Married,False,2,on,gold,6,14,negative,upi,active,Germany,Telugu,26,8,70,10,False,good,14,10,recent,3,True,no
5498,Male,Married,True,5,on,basic,1,5,positive,paypal,expired,UK,Telugu,13,9,47,7,True,good,17,2,old,20,True,no
5499,Male,Married,False,5,off,gold,1,16,positive,upi,cancelled,India,Telugu,12,2,30,1,True,good,11,4,very_old,4,True,no
5500,Female,Married,False,5,off,basic,3,17,neutral,card,cancelled,UK,English,41,0,48,7,False,good,13,0,very_old,1,False,yes
5501,Female,Single,True,2,on,gold,3,12,neutral,paypal,expired,UK,English,11,22,138,7,True,good,14,6,very_old,5,False,no
5502,Male,Single,False,3,on,gold,10,2,positive,card,expired,UK,Telugu,49,6,175,5,True,poor,17,5,very_old,16,True,no
5503,Male,Married,True,1,on,gold,7,11,negative,card,active,US,Telugu,41,15,81,3,True,good,19,2,very_old,20,False,no
5504,Male,Single,False,1,off,gold,1,19,neutral,paypal,expired,India,Hindi,3,14,150,5,False,good,8,8,old,1,True,yes
5505,Male,Single,True,1,off,gold,2,5,negative,paypal,expired,Germany,Hindi,19,1,52,3,False,poor,11,1,recent,0,False,yes
5506,Female,Married,False,2,off,premium,9,5,positive,paypal,expired,UK,Hindi,27,19,38,8,False,good,6,8,very_old,13,True,no
5507,Female,Single,False,9,off,premium,1,4,neutral,card,active,US,English,31,1,10,2,False,poor,9,1,old,12,False,no
5508,Female,Married,False,5,off,premium,9,6,positive,upi,active,UK,English,13,15,67,10,True,good,3,7,very_old,0,False,no
5509,Female,Single,True,5,off,basic,5,10,negative,upi,expired,Germany,Telugu,50,5,169,8,False,better,4,5,old,2,True,yes
5510,Female,Married,False,2,off,gold,4,14,neutral,upi,active,UK,Hindi,48,22,165,6,True,good,4,8,old,3,True,no
5511,Male,Married,True,6,off,gold,2,10,neutral,card,active,Germany,Hindi,41,0,75,1,True,poor,12,4,old,1,False,no
5512,Male,Single,False,8,on,gold,2,13,neutral,card,active,India,Telugu,34,1,15,1,False,good,9,10,very_old,18,True,yes
5513,Female,Single,True,8,on,premium,10,12,neutral,upi,cancelled,US,Hindi,28,14,192,7,True,good,20,0,old,7,False,no
5514,Male,Married,True,1,on,basic,5,18,negative,paypal,active,UK,Telugu,23,17,106,7,False,good,14,10,very_old,1,True,no
5515,Female,Single,True,8,on,gold,5,5,negative,paypal,cancelled,UK,Telugu,32,16,156,7,True,good,18,1,recent,8,False,yes
5516,Female,Single,True,5,on,basic,4,0,positive,card,active,US,Telugu,5,14,119,7,True,poor,1,4,very_old,14,False,no
5517,Male,Single,True,8,off,gold,3,11,neutral,paypal,cancelled,UK,Hindi,21,5,170,9,True,poor,17,1,recent,4,True,yes
5518,Female,Single,False,7,off,basic,3,1,neutral,card,cancelled,India,Hindi,28,11,184,4,True,good,4,1,very_old,3,True,yes
5519,Female,Single,True,6,on,gold,5,13,negative,card,active,India,English,16,14,187,5,True,good,19,3,recent,20,True,yes
5520,Male,Married,False,7,off,premium,8,9,positive,upi,active,India,Telugu,22,6,79,6,False,good,13,4,old,5,True,no
5521,Male,Married,True,4,on,basic,5,1,negative,card,expired,UK,English,41,8,113,2,True,poor,10,3,very_old,12,False,yes
5522,Male,Single,False,5,on,premium,1,5,positive,upi,active,Germany,English,29,3,192,8,True,poor,9,7,old,15,True,no
5523,Male,Married,False,5,on,basic,5,19,neutral,paypal,active,UK,Hindi,15,19,170,2,False,good,11,4,recent,2,True,no
5524,Male,Married,False,1,on,basic,7,8,neutral,card,active,US,Hindi,38,23,96,3,False,better,12,2,recent,5,True,no
5525,Male,Married,True,2,off,basic,10,11,positive,paypal,cancelled,US,Telugu,25,5,165,4,False,poor,5,9,old,8,False,no
5526,Female,Married,False,10,off,premium,6,15,neutral,card,expired,US,Hindi,23,4,151,6,False,poor,15,1,old,0,False,no
5527,Male,Single,True,9,off,premium,5,0,negative,card,cancelled,India,English,36,24,82,5,True,poor,3,10,old,8,False,yes
5528,Female,Married,True,8,off,gold,9,18,negative,upi,cancelled,UK,English,23,17,131,7,True,better,11,7,very_old,14,False,yes
5529,Female,Married,True,6,on,gold,4,4,negative,paypal,cancelled,Germany,Hindi,49,14,10,6,True,better,20,6,very_old,20,True,yes
5530,Male,Married,True,7,off,premium,9,14,negative,card,cancelled,India,Hindi,24,13,20,4,True,good,3,6,very_old,14,True,yes
5531,Male,Single,True,10,off,premium,1,3,neutral,paypal,expired,UK,Hindi,25,3,131,10,True,good,13,10,very_old,0,True,no
5532,Female,Married,True,5,on,basic,4,7,negative,upi,expired,Germany,Telugu,6,14,24,3,False,poor,17,2,very_old,14,False,yes
5533,Male,Married,True,5,on,gold,8,20,neutral,upi,active,India,English,40,6,173,10,False,poor,14,5,recent,13,False,yes
5534,Female,Single,True,2,off,basic,10,0,negative,upi,cancelled,India,Telugu,44,8,195,5,True,better,9,3,old,2,False,yes
5535,Female,Married,True,8,on,basic,5,4,positive,card,expired,India,Hindi,30,11,42,4,True,better,12,2,recent,0,False,no
5536,Female,Married,True,1,off,basic,9,12,neutral,card,cancelled,Germany,Hindi,8,5,62,3,False,good,13,2,old,15,True,no
5537,Male,Single,False,6,off,basic,7,17,negative,upi,active,India,Telugu,33,15,115,8,False,better,8,4,recent,3,True,no
5538,Female,Married,False,8,off,basic,4,2,negative,card,cancelled,US,English,9,23,92,7,True,poor,18,10,very_old,0,True,no
5539,Female,Single,False,5,off,basic,5,13,neutral,card,expired,US,Telugu,43,2,115,8,True,poor,12,7,very_old,0,False,yes
5540,Male,Married,True,5,off,basic,1,8,negative,paypal,expired,UK,English,44,24,49,10,False,good,11,5,recent,7,True,yes
5541,Male,Married,False,8,on,premium,7,11,positive,upi,expired,US,Hindi,36,15,141,1,False,good,16,6,recent,11,True,no
5542,Male,Single,False,1,off,premium,1,18,neutral,card,active,India,Hindi,49,9,131,1,False,better,6,6,very_old,14,False,yes
5543,Female,Single,False,5,on,gold,2,20,neutral,paypal,active,UK,Telugu,16,17,18,10,True,poor,10,7,recent,15,False,no
5544,Female,Married,True,8,off,premium,4,11,negative,card,expired,UK,Hindi,23,6,127,6,False,good,14,0,very_old,6,True,yes
5545,Female,Single,True,5,on,basic,10,9,positive,upi,cancelled,US,Hindi,4,15,76,1,False,better,13,8,old,1,False,no
5546,Female,Married,False,6,off,premium,1,3,negative,upi,active,India,English,45,23,21,8,False,good,7,8,recent,7,False,no
5547,Male,Single,True,6,off,premium,7,18,negative,paypal,cancelled,US,Hindi,50,15,49,3,False,better,19,4,old,9,False,yes
5548,Male,Single,False,9,off,basic,6,1,positive,upi,cancelled,US,English,49,16,104,2,False,good,16,0,very_old,14,False,yes
5549,Female,Married,True,7,on,gold,8,1,neutral,upi,active,US,Hindi,35,9,126,10,False,poor,15,8,very_old,19,False,no
5550,Female,Married,False,10,on,basic,3,9,positive,card,cancelled,UK,Hindi,34,9,25,1,True,good,8,10,old,12,False,no
5551,Female,Married,True,2,on,premium,9,15,negative,paypal,expired,US,Hindi,3,15,156,9,False,good,14,7,recent,10,True,no
5552,Female,Single,True,9,on,basic,10,10,neutral,upi,expired,Germany,Telugu,26,11,69,8,False,better,13,5,old,11,True,no
5553,Female,Single,True,2,on,gold,5,11,positive,paypal,cancelled,Germany,Hindi,10,1,132,8,False,good,18,8,recent,16,False,yes
5554,Female,Single,False,10,off,gold,6,4,neutral,upi,expired,Germany,English,21,8,163,5,True,poor,8,7,old,3,True,no
5555,Male,Married,True,7,on,basic,6,0,neutral,card,active,UK,English,35,13,190,4,False,better,16,7,very_old,13,False,yes
5556,Male,Married,True,8,on,gold,4,20,negative,card,expired,India,Hindi,11,12,38,8,True,good,10,1,old,6,False,yes
5557,Female,Single,False,8,on,gold,6,14,neutral,card,active,Germany,English,13,2,181,5,False,good,19,7,recent,9,False,no
5558,Male,Married,True,3,on,premium,2,12,positive,paypal,active,India,English,6,12,136,8,True,good,6,7,old,4,False,no
5559,Male,Married,True,8,on,basic,6,10,neutral,paypal,expired,India,English,11,13,82,8,True,poor,5,10,very_old,6,False,no
5560,Female,Married,False,4,off,basic,10,7,positive,upi,expired,UK,English,11,20,148,7,False,better,5,2,old,9,False,no
5561,Male,Married,False,5,on,basic,5,13,positive,paypal,cancelled,Germany,Hindi,41,8,134,9,False,better,20,6,old,1,False,no
5562,Male,Married,False,7,off,gold,4,16,neutral,upi,cancelled,UK,English,32,2,15,1,True,better,20,5,recent,5,True,yes
5563,Female,Married,True,9,on,gold,9,12,neutral,card,active,US,Hindi,19,5,198,9,False,poor,20,0,old,20,True,no
5564,Female,Married,True,7,off,basic,7,15,positive,card,cancelled,UK,English,40,5,179,6,True,poor,10,1,recent,10,True,no
5565,Male,Married,False,1,off,premium,6,14,negative,upi,active,US,Hindi,4,23,193,5,True,good,1,7,very_old,14,False,no
5566,Female,Single,False,1,on,premium,3,10,negative,paypal,cancelled,India,Telugu,34,21,195,6,False,good,12,5,old,12,False,yes
5567,Female,Single,True,8,on,gold,8,13,neutral,card,cancelled,India,English,35,13,165,8,False,good,15,8,very_old,8,True,no
5568,Male,Married,False,6,off,basic,1,4,neutral,paypal,cancelled,India,English,28,1,159,2,False,better,13,5,old,6,False,no
5569,Male,Single,True,8,on,premium,2,14,neutral,card,cancelled,UK,Telugu,33,19,133,4,False,better,8,3,recent,14,True,yes
5570,Female,Married,True,2,on,gold,2,1,positive,paypal,active,UK,English,21,21,133,9,True,good,8,5,old,15,False,no
5571,Male,Single,True,1,on,gold,2,16,neutral,upi,active,UK,Hindi,43,7,155,5,True,good,16,6,old,9,False,yes
5572,Female,Single,False,7,on,premium,5,13,negative,card,active,US,Hindi,7,18,73,2,False,good,7,6,very_old,15,True,no
5573,Female,Married,False,10,off,premium,9,11,positive,upi,active,India,Telugu,7,0,143,6,True,better,17,10,old,11,False,no
5574,Female,Married,True,9,on,gold,9,16,positive,card,active,US,English,28,25,102,5,False,good,16,1,very_old,1,False,no
5575,Female,Single,False,7,off,premium,5,15,positive,card,cancelled,India,Telugu,43,21,124,2,False,good,19,8,recent,9,False,yes
5576,Female,Married,False,6,on,premium,5,18,neutral,paypal,active,US,Hindi,21,16,78,10,False,poor,3,0,old,17,False,no
5577,Male,Married,False,4,off,basic,5,0,negative,upi,expired,US,Hindi,14,3,108,5,False,poor,5,1,very_old,10,False,no
5578,Female,Married,False,5,on,basic,7,14,neutral,upi,cancelled,Germany,English,13,18,195,4,False,good,9,5,very_old,19,False,no
5579,Female,Married,True,4,off,premium,5,2,neutral,upi,active,Germany,English,41,11,191,3,False,better,13,4,recent,3,False,no
5580,Female,Married,False,5,off,premium,2,8,positive,upi,cancelled,UK,Hindi,27,10,119,10,True,poor,19,8,recent,20,True,yes
5581,Female,Single,True,4,off,gold,10,17,negative,paypal,expired,UK,English,15,13,43,1,False,good,13,2,very_old,1,False,no
5582,Male,Married,True,3,on,basic,9,12,positive,card,cancelled,UK,Hindi,30,2,85,8,True,good,12,10,recent,13,False,no
5583,Female,Married,True,2,on,gold,2,8,positive,card,expired,US,Telugu,23,23,200,2,False,good,5,6,recent,10,False,no
5584,Female,Married,True,7,off,gold,9,16,positive,card,cancelled,India,Hindi,4,19,170,7,False,poor,5,0,recent,7,True,yes
5585,Female,Single,True,7,on,basic,4,19,negative,card,expired,India,Hindi,33,5,142,8,False,poor,4,4,recent,3,False,no
5586,Male,Married,True,5,off,gold,1,18,neutral,paypal,expired,US,Telugu,43,6,137,1,False,poor,17,2,very_old,0,False,yes
5587,Male,Married,True,5,on,premium,3,18,negative,upi,expired,US,Telugu,15,2,18,4,False,poor,19,9,very_old,19,True,yes
5588,Male,Single,True,7,on,gold,6,16,positive,upi,expired,India,English,22,18,189,5,True,better,14,2,old,12,False,yes
5589,Male,Married,True,6,on,basic,7,12,negative,paypal,expired,India,Telugu,47,25,197,8,True,good,9,8,old,15,True,yes
5590,Male,Married,True,8,off,basic,9,19,positive,paypal,active,UK,Telugu,1,20,105,10,True,poor,17,9,old,8,True,no
5591,Male,Married,False,8,on,premium,9,14,positive,card,active,UK,English,37,0,84,8,True,better,19,10,old,16,True,no
5592,Male,Married,True,6,off,basic,9,3,negative,paypal,expired,US,Hindi,38,3,93,9,False,good,12,7,recent,10,False,yes
5593,Female,Single,False,1,off,gold,2,19,positive,card,expired,India,Hindi,21,21,164,5,False,better,11,3,old,14,False,no
5594,Male,Married,False,1,on,basic,9,1,neutral,paypal,active,US,Hindi,5,0,62,4,True,better,20,10,very_old,16,False,no
5595,Female,Single,True,2,on,basic,10,6,neutral,card,expired,UK,Hindi,14,12,168,8,False,good,10,1,old,18,True,yes
5596,Male,Married,False,8,off,basic,8,0,positive,paypal,active,UK,Hindi,48,5,55,4,True,better,1,2,very_old,11,False,yes
5597,Male,Single,True,7,on,premium,10,10,neutral,card,expired,US,Hindi,24,6,83,2,True,poor,10,3,old,17,False,yes
5598,Female,Single,True,3,off,basic,7,16,neutral,card,cancelled,India,Telugu,47,21,75,10,False,poor,10,5,recent,8,True,no
5599,Female,Married,False,8,off,premium,5,14,neutral,upi,cancelled,US,Telugu,36,18,20,1,False,poor,1,8,old,9,False,yes
5600,Male,Single,True,9,off,gold,9,8,negative,paypal,active,Germany,Telugu,49,25,89,5,False,poor,3,7,recent,3,False,no
5601,Female,Married,False,1,on,basic,9,17,negative,paypal,expired,UK,Telugu,13,22,163,7,True,poor,4,9,very_old,20,True,yes
5602,Male,Single,False,3,on,gold,5,11,neutral,upi,expired,UK,Telugu,38,11,157,9,False,poor,8,6,old,3,False,yes
5603,Male,Single,False,6,on,premium,5,1,negative,paypal,cancelled,US,Hindi,42,1,21,6,True,good,13,9,old,2,False,yes
5604,Male,Single,True,3,on,gold,7,0,positive,upi,cancelled,Germany,English,49,12,195,6,False,poor,4,4,recent,10,True,yes
5605,Male,Single,True,10,on,gold,9,19,neutral,paypal,cancelled,US,English,16,10,76,3,False,better,10,2,recent,12,False,no
5606,Female,Married,False,4,off,premium,2,0,positive,upi,cancelled,UK,Telugu,50,22,20,8,True,better,18,7,very_old,17,False,yes
5607,Female,Married,False,10,on,gold,5,3,neutral,upi,cancelled,Germany,Hindi,22,13,120,2,False,good,3,3,old,7,True,yes
5608,Female,Married,False,8,off,gold,7,2,neutral,upi,cancelled,US,Hindi,21,4,92,6,True,better,19,10,old,3,True,no
5609,Male,Single,False,8,on,basic,3,9,positive,paypal,expired,US,English,39,5,146,7,False,good,12,4,old,18,False,yes
5610,Male,Married,False,9,off,premium,3,8,neutral,card,expired,US,Hindi,3,11,20,8,True,good,9,0,recent,18,False,yes
5611,Female,Single,False,7,off,premium,9,17,positive,paypal,expired,UK,Telugu,9,12,21,4,False,poor,17,6,recent,0,True,no
5612,Female,Married,True,9,on,premium,8,14,positive,paypal,expired,UK,Hindi,18,10,42,2,False,poor,14,9,very_old,18,False,yes
5613,Male,Married,False,2,on,premium,1,14,positive,paypal,expired,India,Telugu,13,17,96,5,False,good,13,4,recent,12,True,no
5614,Male,Married,True,3,on,premium,10,1,positive,paypal,active,India,Hindi,20,21,80,4,False,good,6,7,old,10,True,no
5615,Male,Married,False,4,on,basic,4,15,negative,paypal,cancelled,UK,English,36,4,174,4,False,poor,15,1,very_old,13,False,yes
5616,Female,Married,True,9,off,gold,4,1,negative,paypal,expired,India,Hindi,11,6,120,5,False,good,14,7,recent,3,False,yes
5617,Male,Single,True,2,off,basic,9,1,positive,card,expired,Germany,Hindi,40,1,84,7,False,better,20,2,recent,12,False,yes
5618,Female,Married,False,9,on,premium,9,8,positive,upi,cancelled,US,Hindi,48,15,114,7,False,poor,8,4,recent,11,True,yes
5619,Female,Single,True,2,on,basic,8,12,positive,card,active,UK,Hindi,16,10,122,6,False,good,2,3,recent,13,True,no
5620,Female,Married,False,10,on,gold,10,17,negative,upi,expired,UK,English,17,0,65,1,False,good,15,10,old,5,True,yes
5621,Female,Single,True,4,on,gold,9,17,neutral,upi,expired,US,English,19,3,180,2,True,good,15,5,recent,18,False,yes
5622,Male,Married,False,3,on,gold,5,14,neutral,paypal,expired,Germany,Hindi,20,0,132,2,True,good,20,6,old,19,False,no
5623,Female,Married,False,4,on,basic,4,11,positive,card,cancelled,US,Hindi,8,14,85,8,True,poor,19,3,old,2,False,no
5624,Male,Married,False,9,off,gold,4,12,negative,paypal,cancelled,US,Hindi,8,2,148,1,True,good,16,2,very_old,1,True,yes
5625,Male,Single,True,7,off,gold,2,12,negative,card,expired,US,Telugu,37,24,162,1,True,better,3,2,recent,20,True,yes
5626,Male,Married,False,4,off,gold,9,1,negative,paypal,active,US,Telugu,38,16,87,9,False,better,8,1,recent,18,True,no
5627,Male,Married,True,4,off,basic,2,13,neutral,card,active,Germany,English,13,5,21,1,True,poor,1,2,very_old,13,True,no
5628,Male,Single,True,2,off,gold,10,0,negative,paypal,active,India,English,8,2,80,8,True,better,16,9,recent,14,True,no
5629,Male,Married,True,9,on,basic,7,19,neutral,card,cancelled,India,Telugu,50,5,58,6,True,better,16,4,recent,19,True,yes
5630,Female,Single,True,7,on,premium,2,9,neutral,paypal,expired,UK,Hindi,15,12,57,4,False,good,11,10,very_old,6,False,yes
5631,Male,Married,True,8,off,premium,6,11,negative,upi,active,UK,Telugu,31,19,150,1,True,good,4,10,old,1,True,yes
5632,Male,Single,False,2,on,basic,10,20,positive,upi,cancelled,UK,Telugu,1,11,22,2,False,better,19,3,very_old,5,False,yes
5633,Female,Single,True,7,on,basic,8,5,positive,upi,active,UK,Telugu,31,6,135,7,True,poor,16,8,old,3,False,no
5634,Male,Married,True,4,on,gold,10,18,negative,paypal,expired,US,Telugu,29,2,53,2,False,good,4,10,old,3,True,no
5635,Female,Single,True,1,off,gold,9,6,negative,upi,active,US,English,32,16,10,5,True,poor,1,3,recent,13,False,yes
5636,Male,Married,True,7,on,premium,3,19,neutral,paypal,cancelled,UK,Telugu,1,25,42,3,True,good,2,4,very_old,10,False,no
5637,Female,Single,False,6,on,basic,3,19,positive,paypal,cancelled,India,Telugu,30,0,12,2,False,good,13,7,very_old,8,False,yes
5638,Male,Married,False,3,off,premium,6,5,positive,card,expired,India,English,32,11,111,4,True,good,7,7,old,5,True,no
5639,Female,Married,True,7,on,gold,10,2,positive,card,expired,India,Telugu,7,16,60,4,False,good,15,4,very_old,12,True,no
5640,Male,Single,False,2,off,basic,4,12,negative,upi,expired,UK,Hindi,14,3,158,5,True,good,19,9,recent,0,True,yes
5641,Female,Single,False,5,off,basic,10,6,negative,card,expired,US,Telugu,16,4,33,8,True,poor,10,10,recent,1,False,yes
5642,Female,Single,False,3,off,premium,4,20,positive,upi,active,India,Telugu,22,22,185,2,True,better,19,4,old,5,False,no
5643,Female,Single,True,10,on,gold,6,19,neutral,card,active,Germany,Telugu,50,1,137,8,False,better,17,9,recent,13,False,no
5644,Female,Married,True,8,on,premium,5,8,positive,card,active,India,Hindi,1,5,81,7,True,poor,9,10,recent,7,True,no
5645,Male,Single,True,6,on,premium,1,19,neutral,paypal,cancelled,US,English,30,20,38,3,False,better,10,9,recent,6,True,no
5646,Male,Single,False,3,on,basic,7,12,neutral,card,active,Germany,Telugu,36,19,13,3,True,good,13,1,recent,8,True,no
5647,Male,Married,False,9,off,premium,8,11,neutral,upi,active,India,English,34,17,167,5,False,good,3,0,very_old,0,False,no
5648,Male,Single,True,10,on,premium,2,10,neutral,paypal,cancelled,UK,English,48,1,195,3,True,good,10,5,recent,14,True,no
5649,Female,Single,True,1,on,basic,3,20,neutral,paypal,expired,Germany,English,13,14,117,2,False,better,9,2,recent,14,True,yes
5650,Male,Married,True,4,on,gold,2,12,neutral,card,expired,Germany,Telugu,38,15,56,9,True,better,20,8,very_old,11,True,yes
5651,Female,Single,False,1,off,basic,3,14,negative,upi,expired,UK,Telugu,25,11,157,3,True,poor,12,5,recent,2,True,no
5652,Female,Married,True,6,on,basic,2,6,neutral,paypal,active,US,Telugu,47,1,197,10,True,better,12,3,old,12,True,no
5653,Female,Single,True,5,off,basic,5,8,positive,upi,expired,UK,English,22,2,34,3,False,better,18,2,very_old,7,True,yes
5654,Female,Married,False,8,off,premium,9,10,neutral,paypal,cancelled,UK,Hindi,27,21,112,1,True,good,4,8,very_old,16,False,yes
5655,Male,Married,False,9,on,basic,2,4,negative,upi,expired,Germany,Telugu,26,15,39,8,True,good,1,5,recent,3,False,yes
5656,Male,Married,False,2,on,basic,6,17,positive,paypal,cancelled,Germany,Hindi,3,25,168,1,True,good,12,10,recent,12,True,no
5657,Male,Single,False,1,on,gold,4,8,neutral,upi,active,India,English,4,21,107,5,True,poor,12,9,very_old,1,True,no
5658,Female,Single,False,5,on,basic,3,18,positive,paypal,active,US,Telugu,42,21,135,5,False,poor,3,7,old,12,False,no
5659,Female,Married,True,5,on,basic,7,2,neutral,upi,expired,India,English,50,11,33,3,False,poor,7,10,very_old,10,False,yes
5660,Male,Married,False,1,off,premium,4,16,negative,card,active,India,Telugu,23,3,127,4,False,good,6,5,very_old,0,True,no
5661,Male,Married,False,7,off,basic,7,19,negative,upi,active,US,Telugu,28,5,15,10,True,good,17,6,very_old,11,False,no
5662,Male,Married,True,1,on,premium,4,8,neutral,card,active,US,English,11,18,157,8,True,better,19,4,recent,12,False,no
5663,Male,Married,False,3,off,basic,8,9,positive,upi,expired,UK,Telugu,7,8,185,9,True,good,3,0,old,15,True,yes
5664,Female,Single,True,10,off,gold,5,12,negative,upi,cancelled,US,Hindi,10,25,91,10,True,better,7,7,recent,1,False,no
5665,Female,Married,False,2,off,premium,1,13,negative,upi,expired,Germany,Telugu,1,10,71,9,True,good,2,8,old,1,False,yes
5666,Female,Single,False,8,off,basic,9,16,positive,paypal,expired,Germany,English,3,5,124,6,True,better,9,8,very_old,8,True,no
5667,Male,Married,True,10,off,premium,7,8,neutral,upi,expired,India,Telugu,39,16,22,8,False,good,1,4,recent,14,True,yes
5668,Male,Single,False,5,off,premium,9,1,negative,paypal,active,UK,Telugu,7,9,152,6,True,good,5,10,recent,1,False,no
5669,Female,Married,True,9,on,premium,10,5,negative,paypal,active,US,Hindi,46,10,111,2,True,good,12,10,old,19,False,no
5670,Male,Single,False,3,off,premium,6,16,neutral,upi,cancelled,US,Hindi,32,14,121,8,True,good,10,8,old,5,False,yes
5671,Female,Married,False,4,on,premium,10,11,positive,paypal,cancelled,India,English,16,13,86,8,True,better,20,4,very_old,18,False,no
5672,Male,Married,False,2,off,premium,5,8,positive,paypal,cancelled,US,English,30,8,61,2,False,poor,16,10,old,17,False,yes
5673,Female,Married,False,10,on,basic,8,13,neutral,card,active,Germany,Telugu,48,8,122,3,False,good,14,8,recent,11,False,no
5674,Male,Married,True,7,on,basic,6,11,neutral,card,active,India,Telugu,11,23,49,8,True,poor,19,7,very_old,14,False,no
5675,Male,Single,False,3,on,gold,7,2,positive,upi,cancelled,India,English,17,6,116,9,False,good,3,8,old,11,False,no
5676,Male,Married,True,2,off,basic,1,10,negative,card,active,India,Hindi,25,3,118,7,False,poor,18,3,very_old,9,True,yes
5677,Male,Married,False,7,on,gold,6,18,neutral,card,cancelled,India,Hindi,39,20,63,2,False,good,15,1,recent,10,False,no
5678,Female,Married,True,10,on,basic,8,2,neutral,card,expired,UK,English,17,19,175,7,True,good,16,7,recent,8,False,yes
5679,Male,Single,False,9,on,premium,1,6,negative,card,expired,India,Telugu,40,19,148,6,True,poor,15,4,recent,4,False,yes
5680,Female,Married,False,2,off,premium,7,13,neutral,upi,cancelled,Germany,Telugu,9,14,61,9,True,better,4,0,old,8,True,yes
5681,Female,Married,False,4,on,gold,3,11,negative,card,cancelled,UK,English,9,11,53,6,True,better,20,8,old,12,False,yes
5682,Female,Single,True,6,on,basic,3,17,positive,paypal,active,Germany,Telugu,48,2,76,8,True,poor,1,2,recent,17,False,yes
5683,Female,Single,False,2,on,premium,6,11,neutral,paypal,expired,Germany,Telugu,49,20,152,3,False,poor,2,7,recent,8,False,yes
5684,Female,Single,True,2,off,basic,1,3,neutral,upi,expired,India,English,38,4,73,9,True,better,6,4,very_old,11,True,yes
5685,Male,Single,True,4,off,premium,7,11,neutral,card,active,US,Hindi,42,14,184,1,True,poor,7,1,very_old,1,True,no
5686,Female,Married,True,10,on,gold,8,0,neutral,upi,expired,US,Hindi,26,24,22,5,False,poor,7,8,recent,0,False,yes
5687,Male,Single,False,5,on,basic,6,2,negative,upi,cancelled,India,Telugu,44,7,31,2,True,good,16,4,very_old,0,True,yes
5688,Male,Married,True,3,off,premium,1,0,negative,upi,expired,UK,Telugu,36,16,58,6,False,good,13,10,recent,17,False,yes
5689,Male,Married,False,7,off,gold,3,1,positive,paypal,cancelled,US,Telugu,44,20,73,4,False,poor,3,2,recent,2,False,yes
5690,Male,Married,True,8,on,gold,10,10,neutral,upi,expired,India,English,30,8,188,9,False,better,15,0,old,14,True,yes
5691,Male,Single,True,5,off,premium,4,13,negative,paypal,cancelled,Germany,Hindi,27,17,150,10,False,good,15,3,old,14,True,yes
5692,Female,Married,False,2,off,premium,10,6,negative,paypal,active,US,English,48,7,78,3,False,poor,7,5,very_old,10,False,yes
5693,Female,Married,False,2,on,basic,7,5,neutral,card,expired,US,English,37,5,143,10,False,good,2,5,recent,4,True,no
5694,Male,Married,True,9,on,gold,6,6,positive,card,cancelled,Germany,Hindi,39,20,101,9,False,good,14,5,recent,8,True,yes
5695,Female,Married,False,6,on,basic,9,9,positive,upi,expired,UK,Telugu,5,18,58,4,True,better,4,10,old,20,True,no
5696,Female,Married,False,3,on,premium,4,20,negative,card,active,India,Telugu,18,23,149,3,True,good,16,0,recent,2,True,no
5697,Male,Single,False,2,off,gold,4,3,neutral,paypal,expired,US,Telugu,12,8,64,7,False,better,16,8,very_old,18,False,yes
5698,Male,Married,False,8,on,gold,4,12,neutral,upi,expired,UK,Hindi,43,5,150,3,True,better,1,5,very_old,17,False,yes
5699,Male,Single,True,2,off,basic,7,8,positive,card,active,Germany,English,48,24,75,3,True,good,3,9,recent,3,False,no
5700,Female,Married,True,3,on,premium,9,0,neutral,card,active,India,Telugu,5,5,114,10,False,good,12,10,recent,5,False,no
5701,Female,Single,True,8,on,gold,7,13,positive,card,active,UK,Telugu,42,7,154,2,True,better,19,2,recent,16,False,no
5702,Female,Single,True,7,off,premium,6,17,positive,card,expired,India,Telugu,29,14,148,10,True,poor,14,4,very_old,16,True,yes
5703,Male,Single,True,3,off,basic,10,13,positive,card,active,Germany,Hindi,30,5,158,4,False,good,7,3,old,20,True,yes
5704,Male,Single,True,9,off,gold,7,5,negative,upi,expired,UK,English,35,3,102,8,False,better,6,7,old,5,False,yes
5705,Female,Married,False,2,off,gold,6,16,negative,upi,active,Germany,Telugu,43,18,24,6,False,better,16,2,recent,18,True,yes
5706,Female,Single,True,7,off,basic,5,15,positive,card,cancelled,India,English,4,25,33,3,False,good,6,10,very_old,3,False,no
5707,Female,Married,False,9,on,gold,2,3,positive,upi,expired,India,Telugu,6,1,58,4,False,poor,15,7,recent,5,True,no
5708,Female,Single,False,5,on,premium,2,10,neutral,card,expired,UK,English,35,21,83,2,False,better,16,6,recent,6,False,yes
5709,Male,Married,False,4,on,gold,5,17,positive,paypal,active,India,Telugu,39,15,81,5,True,good,8,1,recent,8,True,no
5710,Female,Married,False,2,on,basic,3,9,neutral,upi,expired,UK,Hindi,22,13,45,10,True,better,7,6,very_old,12,False,no
5711,Male,Single,False,3,off,basic,9,11,positive,paypal,active,UK,English,24,8,109,1,False,good,3,0,very_old,16,False,no
5712,Male,Single,False,6,off,premium,1,4,neutral,paypal,active,Germany,English,46,5,200,8,True,better,20,7,recent,3,False,no
5713,Female,Single,True,7,on,premium,7,6,negative,upi,expired,US,Hindi,4,4,159,3,True,better,13,1,recent,2,True,no
5714,Male,Married,False,9,off,basic,4,19,negative,card,expired,India,Hindi,43,22,127,8,True,poor,8,10,old,1,True,yes
5715,Female,Single,True,8,off,premium,4,2,neutral,paypal,cancelled,Germany,Hindi,45,24,17,9,True,good,17,6,old,5,False,yes
5716,Female,Single,False,2,on,premium,4,15,neutral,upi,cancelled,UK,English,36,18,58,5,True,better,13,7,very_old,9,True,yes
5717,Male,Single,False,5,off,gold,3,10,neutral,card,cancelled,US,Hindi,13,23,97,8,False,good,7,4,recent,9,False,no
5718,Male,Single,True,2,off,premium,9,16,negative,paypal,expired,India,Hindi,47,14,122,2,True,better,15,9,recent,14,False,yes
5719,Female,Single,False,9,off,premium,4,5,positive,card,active,US,English,37,17,55,6,True,poor,16,8,very_old,11,True,no
5720,Male,Married,True,6,off,premium,1,12,negative,card,active,US,Hindi,15,7,35,4,True,good,2,3,very_old,8,False,no
5721,Female,Single,True,9,off,gold,2,10,neutral,paypal,active,UK,Telugu,45,13,130,2,True,good,16,8,very_old,11,True,no
5722,Female,Married,False,2,on,gold,4,13,positive,paypal,active,Germany,Telugu,26,5,15,1,False,better,19,4,very_old,18,False,yes
5723,Female,Single,False,3,off,basic,4,6,positive,upi,cancelled,Germany,Telugu,13,1,17,2,True,better,19,7,recent,7,True,no
5724,Female,Married,False,1,off,basic,1,12,neutral,card,expired,US,English,13,1,27,1,True,poor,11,5,very_old,2,False,no
5725,Female,Married,False,9,off,gold,3,4,positive,upi,cancelled,US,English,1,13,27,10,True,good,15,1,very_old,17,True,no
5726,Male,Married,False,7,off,gold,9,5,neutral,upi,expired,US,Hindi,11,12,36,6,True,good,13,4,recent,6,False,yes
5727,Male,Single,True,8,off,gold,4,1,positive,upi,active,US,Hindi,47,3,34,8,False,good,1,0,very_old,0,False,no
5728,Female,Single,False,9,on,premium,4,20,negative,upi,active,US,Telugu,44,4,166,9,False,good,17,5,old,6,True,no
5729,Female,Married,True,7,on,premium,5,10,negative,card,cancelled,US,English,44,25,53,6,True,poor,20,2,very_old,17,True,yes
5730,Female,Married,False,8,off,basic,1,13,negative,card,active,US,Telugu,13,6,96,7,True,good,13,0,recent,20,True,no
5731,Female,Married,True,5,on,gold,9,20,negative,card,expired,India,Hindi,4,17,78,4,False,better,1,4,recent,11,False,yes
5732,Female,Married,False,6,off,premium,9,3,neutral,paypal,cancelled,India,Hindi,4,2,138,10,True,good,19,10,old,7,True,yes
5733,Male,Married,False,8,on,gold,6,1,negative,card,active,UK,Telugu,5,25,65,4,False,better,17,7,very_old,9,True,no
5734,Female,Single,False,6,on,basic,8,10,positive,card,expired,India,Hindi,16,8,106,9,False,better,9,7,recent,10,True,yes
5735,Female,Single,False,2,off,basic,5,17,negative,card,cancelled,UK,English,19,6,46,4,False,better,13,6,old,4,True,no
5736,Female,Married,True,3,on,basic,1,18,positive,paypal,active,US,Telugu,30,7,154,7,False,better,3,4,recent,15,False,no
5737,Female,Single,True,4,on,gold,7,14,positive,paypal,cancelled,UK,Telugu,36,12,167,2,False,good,18,7,recent,9,False,yes
5738,Female,Married,True,7,off,basic,1,12,neutral,paypal,cancelled,US,Telugu,29,14,85,10,True,good,4,3,recent,17,False,yes
5739,Female,Married,True,4,off,premium,5,5,neutral,upi,cancelled,India,Hindi,9,4,34,7,True,poor,10,0,very_old,5,True,no
5740,Male,Single,True,6,on,gold,2,17,negative,paypal,expired,US,Hindi,50,1,169,9,False,good,11,3,recent,2,False,no
5741,Male,Married,False,7,off,gold,7,13,positive,card,active,India,Hindi,3,25,71,5,False,better,9,2,recent,16,True,no
5742,Male,Married,False,9,off,gold,6,6,positive,paypal,active,US,Telugu,19,24,84,6,True,poor,4,8,old,19,False,no
5743,Male,Single,True,10,off,gold,5,20,negative,card,expired,UK,Telugu,42,18,103,5,False,good,1,5,old,18,True,yes
5744,Male,Married,False,3,on,premium,7,10,neutral,paypal,active,Germany,English,50,22,94,3,True,poor,16,0,old,1,True,no
5745,Male,Single,False,5,on,premium,4,7,neutral,paypal,active,India,English,30,12,22,3,False,better,19,4,old,5,False,no
5746,Female,Married,False,5,on,premium,1,18,positive,upi,cancelled,US,Telugu,45,18,157,3,False,better,11,10,very_old,1,True,yes
5747,Female,Married,True,2,off,premium,9,20,positive,upi,expired,US,English,42,12,124,10,True,good,12,1,very_old,6,False,yes
5748,Female,Single,False,3,off,basic,9,9,neutral,card,expired,US,Telugu,39,0,46,6,True,good,8,3,very_old,11,False,yes
5749,Male,Married,False,7,off,gold,10,13,positive,card,expired,US,Telugu,45,10,26,7,False,good,10,1,very_old,19,False,yes
5750,Male,Married,True,9,on,premium,2,12,negative,card,active,Germany,Telugu,27,10,194,10,False,better,12,10,recent,16,False,no
5751,Female,Married,False,9,on,gold,7,16,positive,card,active,US,English,23,16,59,5,False,poor,1,9,recent,17,False,no
5752,Male,Single,True,1,off,basic,10,14,negative,paypal,expired,India,Hindi,1,18,62,9,False,better,9,5,recent,2,True,no
5753,Female,Married,False,8,off,basic,2,2,positive,upi,cancelled,UK,Hindi,16,2,198,8,False,good,6,9,very_old,10,True,yes
5754,Male,Single,False,8,off,premium,6,16,neutral,paypal,active,Germany,English,17,12,82,2,False,good,16,9,recent,18,True,yes
5755,Female,Married,False,9,off,premium,8,6,neutral,upi,cancelled,Germany,Hindi,5,5,105,2,False,poor,5,5,recent,18,False,yes
5756,Male,Single,True,7,on,gold,9,6,positive,paypal,expired,US,Hindi,26,2,39,8,False,good,5,3,very_old,5,True,yes
5757,Female,Single,False,10,on,basic,9,4,positive,upi,expired,US,Hindi,26,3,117,9,False,good,17,7,old,13,True,yes
5758,Male,Single,False,3,on,basic,5,12,negative,upi,cancelled,India,Hindi,35,9,195,5,False,good,8,2,old,11,False,yes
5759,Male,Single,False,3,on,basic,1,4,neutral,card,cancelled,Germany,Hindi,24,8,130,4,False,good,18,9,old,11,False,no
5760,Female,Single,False,7,off,premium,7,19,neutral,upi,expired,Germany,English,29,24,10,1,False,good,8,10,recent,19,False,no
5761,Female,Married,False,7,on,gold,9,3,positive,card,active,India,Telugu,20,24,52,9,False,good,13,6,recent,6,True,no
5762,Male,Married,False,5,on,gold,1,9,neutral,upi,active,US,Telugu,45,21,140,9,True,poor,13,1,recent,6,False,no
5763,Female,Married,True,5,on,gold,2,6,positive,paypal,cancelled,Germany,Telugu,22,13,12,8,False,good,5,4,very_old,20,True,no
5764,Female,Single,True,1,off,gold,7,3,negative,upi,cancelled,India,English,38,17,186,4,False,better,8,9,recent,11,True,yes
5765,Female,Married,False,9,on,basic,7,19,positive,paypal,expired,US,Telugu,10,23,84,9,True,poor,4,7,recent,18,False,yes
5766,Female,Single,False,2,on,basic,2,11,neutral,upi,expired,UK,English,25,6,17,2,False,good,10,1,very_old,1,True,yes
5767,Female,Married,True,6,on,basic,4,6,negative,upi,active,Germany,Hindi,25,25,95,1,False,better,8,1,recent,10,False,no
5768,Female,Single,True,5,on,premium,8,20,positive,upi,active,Germany,Hindi,24,12,84,1,False,good,17,0,old,1,True,no
5769,Female,Married,False,8,off,basic,4,18,negative,card,active,India,Telugu,43,22,138,10,True,better,17,4,recent,18,False,no
5770,Female,Single,True,7,off,premium,4,5,neutral,card,cancelled,UK,English,24,2,74,7,False,poor,7,9,recent,18,False,yes
5771,Female,Single,True,1,off,gold,8,1,positive,card,cancelled,US,Telugu,29,20,126,6,False,poor,20,7,very_old,4,True,no
5772,Male,Married,True,8,off,premium,6,14,neutral,paypal,expired,Germany,English,19,17,105,6,False,better,11,0,recent,13,False,yes
5773,Male,Married,False,3,off,gold,8,16,positive,upi,expired,Germany,Hindi,30,1,38,3,True,better,7,7,old,4,False,yes
5774,Male,Married,True,4,off,basic,8,5,negative,paypal,expired,UK,Hindi,50,7,16,8,True,good,5,10,recent,13,True,yes
5775,Male,Married,True,6,on,premium,10,7,neutral,upi,cancelled,US,Hindi,15,0,135,2,False,better,18,1,recent,19,False,no
5776,Female,Single,True,4,on,premium,5,14,negative,card,expired,India,English,38,14,78,9,False,good,5,2,recent,20,True,yes
5777,Male,Married,False,3,off,basic,8,19,negative,paypal,expired,Germany,English,38,14,123,9,True,better,10,9,recent,17,True,yes
5778,Female,Married,True,7,off,gold,7,3,positive,card,active,UK,Hindi,19,18,95,8,True,better,1,10,recent,5,True,no
5779,Male,Married,False,4,off,basic,8,0,negative,upi,cancelled,UK,English,44,18,101,10,True,good,1,7,very_old,4,False,yes
5780,Male,Married,False,4,on,basic,8,10,neutral,upi,expired,Germany,Telugu,44,18,143,10,False,better,16,1,recent,7,False,yes
5781,Female,Single,True,7,off,gold,1,11,neutral,upi,cancelled,Germany,Hindi,22,21,86,3,False,better,5,8,recent,6,False,yes
5782,Female,Married,False,1,on,premium,1,9,positive,paypal,cancelled,India,Hindi,15,25,131,9,False,good,17,5,very_old,14,False,yes
5783,Male,Married,True,8,off,gold,1,20,positive,paypal,cancelled,US,Hindi,23,5,159,6,False,good,16,10,old,0,True,no
5784,Female,Single,False,1,on,gold,3,18,neutral,paypal,expired,India,Telugu,17,23,118,9,True,good,10,9,old,19,False,no
5785,Male,Married,False,3,on,premium,2,8,neutral,card,expired,India,Telugu,46,9,192,9,False,poor,7,8,very_old,13,False,yes
5786,Female,Married,False,1,off,basic,7,15,positive,paypal,cancelled,India,Telugu,34,13,23,7,False,better,4,10,old,1,True,no
5787,Male,Single,False,7,on,gold,9,1,negative,card,expired,India,English,3,11,187,8,False,poor,6,2,recent,14,False,no
5788,Male,Married,True,1,off,gold,10,15,negative,paypal,expired,UK,Telugu,50,24,107,5,True,better,7,6,very_old,15,False,yes
5789,Male,Single,False,1,on,gold,4,19,positive,paypal,active,India,Telugu,13,23,107,6,True,good,4,0,recent,6,False,no
5790,Male,Married,False,2,on,gold,5,5,positive,paypal,cancelled,Germany,English,32,9,123,1,False,poor,2,2,old,4,True,yes
5791,Male,Married,False,8,on,premium,6,20,negative,upi,cancelled,US,Telugu,41,13,172,7,True,better,5,6,old,2,True,no
5792,Male,Married,True,10,on,gold,6,15,positive,paypal,expired,UK,Hindi,7,22,147,2,True,poor,15,4,recent,19,False,no
5793,Female,Single,True,7,on,premium,4,5,positive,upi,cancelled,Germany,English,42,17,33,5,True,poor,10,0,very_old,10,True,no
5794,Male,Single,True,6,on,basic,10,11,positive,card,active,India,English,41,24,195,10,False,good,16,10,recent,6,True,no
5795,Female,Single,False,8,on,premium,6,1,neutral,upi,active,UK,Telugu,19,23,127,5,True,good,18,9,old,17,True,no
5796,Male,Married,False,6,on,premium,7,2,negative,card,active,UK,English,22,8,153,3,True,good,12,5,recent,6,True,no
5797,Female,Married,False,7,on,basic,10,16,negative,upi,active,India,English,37,23,40,4,False,poor,6,6,very_old,13,True,no
5798,Female,Married,False,2,on,basic,8,20,neutral,card,cancelled,India,Hindi,21,15,29,10,True,good,2,9,recent,6,True,no
5799,Male,Married,False,10,off,gold,7,5,neutral,upi,expired,Germany,Hindi,44,14,117,6,True,better,16,8,very_old,4,True,yes
5800,Male,Married,False,8,off,basic,9,8,positive,card,expired,UK,Telugu,24,25,190,10,True,good,14,5,old,19,False,yes
5801,Male,Married,False,6,off,premium,2,14,negative,card,active,India,Hindi,42,4,158,4,True,better,20,6,old,9,True,yes
5802,Male,Married,False,1,on,premium,2,13,negative,card,active,US,Telugu,50,19,191,8,False,good,11,4,recent,9,True,no
5803,Male,Married,False,9,off,gold,2,15,negative,paypal,cancelled,India,Hindi,27,13,74,7,False,good,14,1,recent,14,True,yes
5804,Male,Married,False,3,off,premium,9,15,negative,paypal,expired,UK,Telugu,27,21,112,8,False,better,17,1,recent,4,True,no
5805,Male,Single,False,7,off,basic,5,5,neutral,card,active,Germany,Telugu,28,18,139,8,True,better,15,6,very_old,14,True,no
5806,Male,Single,False,1,off,basic,1,9,neutral,paypal,expired,US,English,17,1,125,2,False,better,9,1,very_old,16,True,yes
5807,Female,Single,False,2,on,premium,1,6,negative,upi,expired,India,English,22,2,200,6,False,good,5,9,very_old,20,True,yes
5808,Female,Single,False,9,on,premium,5,13,neutral,paypal,active,Germany,Hindi,35,16,36,1,False,poor,3,1,recent,6,False,no
5809,Male,Married,False,4,on,premium,9,0,negative,paypal,expired,UK,Hindi,32,17,13,7,True,poor,17,7,very_old,11,True,no
5810,Female,Single,False,3,off,premium,3,17,negative,upi,cancelled,India,Telugu,8,9,145,3,True,better,5,0,old,10,False,yes
5811,Female,Single,True,1,off,premium,8,15,positive,upi,cancelled,India,Hindi,21,17,183,2,False,good,8,3,very_old,6,False,yes
5812,Female,Married,False,6,off,basic,5,19,neutral,paypal,expired,India,Telugu,35,22,47,1,False,good,5,0,old,15,True,yes
5813,Male,Married,False,7,on,basic,6,9,neutral,paypal,expired,UK,Telugu,35,15,196,6,True,good,13,2,recent,6,True,yes
5814,Female,Single,True,2,off,gold,9,4,neutral,upi,cancelled,UK,Telugu,18,18,85,9,True,better,7,6,old,9,True,yes
5815,Female,Single,True,4,off,premium,5,9,positive,card,cancelled,UK,Hindi,49,19,72,6,False,good,11,5,recent,8,True,yes
5816,Female,Single,False,2,off,basic,4,10,neutral,card,cancelled,India,English,30,23,200,5,True,good,10,10,very_old,16,True,no
5817,Male,Single,True,7,on,premium,8,16,positive,card,expired,US,Telugu,39,3,67,6,True,poor,1,4,old,12,True,yes
5818,Male,Married,True,5,on,premium,3,11,negative,upi,cancelled,UK,English,2,3,69,1,False,poor,20,2,very_old,10,True,yes
5819,Male,Married,True,2,off,gold,1,15,neutral,paypal,expired,Germany,English,44,4,60,9,True,good,3,9,old,3,True,yes
5820,Female,Married,True,7,on,gold,3,14,negative,upi,cancelled,India,Telugu,12,8,198,4,False,poor,8,4,old,11,False,yes
5821,Female,Married,False,2,off,basic,8,5,positive,upi,expired,US,Hindi,7,12,192,5,False,poor,13,4,very_old,20,False,yes
5822,Male,Single,True,8,off,basic,3,19,negative,paypal,active,US,English,19,3,151,7,False,good,6,2,recent,9,False,no
5823,Female,Single,False,4,off,gold,5,13,negative,paypal,expired,US,English,9,22,120,3,False,good,3,5,recent,3,True,no
5824,Male,Single,False,3,on,basic,6,5,positive,upi,expired,US,English,37,23,18,6,True,better,2,0,very_old,17,True,no
5825,Female,Married,True,9,off,premium,2,8,neutral,paypal,active,UK,Hindi,27,4,154,8,True,poor,16,9,very_old,9,True,no
5826,Female,Single,False,7,off,gold,7,12,negative,upi,active,India,Hindi,21,10,132,1,True,poor,2,2,recent,11,False,no
5827,Male,Single,False,5,on,gold,2,20,neutral,card,cancelled,India,English,45,20,200,5,True,poor,15,7,very_old,13,True,yes
5828,Male,Single,True,10,off,basic,7,10,neutral,upi,cancelled,UK,English,24,25,21,5,True,better,15,7,recent,5,False,yes
5829,Female,Married,True,2,on,basic,5,7,neutral,card,active,US,English,26,3,57,3,False,better,7,5,old,8,False,no
5830,Male,Single,False,10,off,basic,10,0,negative,upi,cancelled,UK,Telugu,26,7,200,6,True,better,19,4,recent,11,True,yes
5831,Female,Single,False,9,on,gold,6,0,negative,card,active,India,Hindi,39,2,164,8,False,poor,3,5,recent,17,True,yes
5832,Female,Married,True,4,off,basic,6,15,positive,paypal,active,US,Telugu,24,6,200,5,True,poor,16,1,old,18,False,no
5833,Female,Single,False,8,off,gold,1,20,positive,paypal,cancelled,Germany,English,16,11,13,8,False,poor,12,8,recent,7,False,yes
5834,Male,Married,True,7,on,gold,5,3,neutral,paypal,cancelled,India,Hindi,10,2,40,6,False,better,13,2,recent,12,True,yes
5835,Male,Married,True,9,on,gold,1,2,positive,card,active,Germany,Hindi,38,4,23,5,False,better,7,1,very_old,15,True,yes
5836,Female,Single,True,6,off,premium,4,12,neutral,paypal,cancelled,UK,English,12,7,62,5,False,poor,19,5,old,18,True,yes
5837,Male,Single,False,10,off,gold,4,14,positive,paypal,expired,UK,Hindi,34,3,149,10,False,good,19,2,recent,16,True,yes
5838,Female,Single,True,6,off,premium,8,18,negative,card,active,India,Telugu,30,9,124,2,True,better,20,9,old,13,False,yes
5839,Female,Married,False,2,on,premium,3,5,negative,card,cancelled,Germany,Hindi,30,9,111,10,True,poor,11,2,old,3,False,yes
5840,Female,Married,False,8,off,premium,4,13,positive,paypal,active,UK,Telugu,24,0,114,7,False,good,8,1,recent,11,True,no
5841,Male,Married,True,2,on,premium,3,13,neutral,paypal,cancelled,US,Hindi,8,11,178,6,False,good,19,1,recent,14,False,yes
5842,Female,Married,False,7,on,premium,4,5,neutral,upi,cancelled,UK,Telugu,0,18,146,6,False,better,1,3,recent,17,False,no
5843,Male,Married,False,6,off,gold,7,5,positive,card,active,UK,English,43,5,54,3,False,better,14,6,old,14,False,yes
5844,Female,Married,False,2,off,basic,4,17,neutral,card,cancelled,India,Hindi,25,6,59,2,False,good,6,1,old,15,False,yes
5845,Male,Single,False,8,on,basic,5,3,positive,card,expired,US,Telugu,26,15,152,10,False,better,10,8,recent,12,True,no
5846,Male,Married,False,7,on,premium,9,14,neutral,card,active,US,Telugu,30,8,35,5,True,better,14,0,recent,17,True,yes
5847,Male,Single,True,10,off,premium,9,0,negative,upi,active,India,English,49,15,192,2,False,good,12,4,recent,0,True,no
5848,Female,Married,True,1,off,premium,7,3,negative,card,cancelled,UK,Telugu,46,15,136,9,True,poor,17,8,very_old,14,True,yes
5849,Male,Single,False,5,on,gold,9,3,negative,card,expired,UK,English,49,0,91,7,True,better,16,0,recent,8,True,yes
5850,Male,Single,False,10,on,gold,3,4,positive,card,active,Germany,English,1,9,198,1,False,better,19,10,recent,10,True,no
5851,Male,Single,False,7,off,premium,1,1,negative,card,cancelled,India,English,34,25,69,2,False,poor,8,7,very_old,4,False,yes
5852,Female,Single,True,4,off,premium,7,5,neutral,paypal,expired,Germany,Telugu,36,6,38,2,False,poor,1,0,recent,8,False,no
5853,Female,Single,False,1,on,premium,8,4,negative,upi,expired,Germany,Telugu,20,24,16,8,True,better,7,6,very_old,7,True,yes
5854,Male,Married,False,9,off,gold,6,18,neutral,card,cancelled,US,Telugu,39,14,54,10,True,good,9,10,very_old,1,False,yes
5855,Male,Single,False,8,on,premium,4,20,positive,upi,active,US,English,33,16,101,6,True,better,12,7,recent,15,True,no
5856,Male,Married,False,2,off,gold,7,17,neutral,card,cancelled,US,Hindi,21,9,150,3,False,poor,15,5,recent,3,True,no
5857,Female,Married,False,10,on,basic,3,2,neutral,upi,expired,Germany,Telugu,19,15,139,10,True,better,10,1,old,5,False,no
5858,Female,Married,False,10,off,gold,1,11,positive,paypal,expired,US,Telugu,5,8,141,1,True,poor,14,1,old,9,False,no
5859,Male,Single,False,5,off,gold,5,16,positive,card,active,US,English,11,16,93,4,False,better,9,6,recent,16,True,no
5860,Male,Single,True,10,on,basic,6,6,negative,paypal,expired,India,Hindi,5,8,51,9,True,poor,20,2,very_old,9,False,no
5861,Male,Married,True,8,off,basic,9,2,negative,card,active,UK,Telugu,14,3,58,3,True,poor,7,4,recent,2,False,no
5862,Male,Single,False,1,on,premium,6,12,negative,paypal,active,Germany,English,41,15,105,8,True,good,2,4,very_old,11,True,no
5863,Male,Married,True,10,off,gold,2,3,negative,upi,expired,UK,English,1,4,31,2,False,poor,5,10,recent,18,False,yes
5864,Male,Single,False,4,on,premium,8,7,neutral,upi,cancelled,India,English,31,25,21,2,False,better,11,8,very_old,1,False,yes
5865,Female,Single,True,3,off,basic,9,13,neutral,paypal,cancelled,US,English,22,23,122,5,False,better,7,5,old,8,False,yes
5866,Male,Single,True,1,on,basic,10,5,positive,paypal,expired,India,English,6,5,146,4,True,good,7,2,very_old,5,True,no
5867,Female,Married,True,10,on,basic,1,18,positive,upi,cancelled,India,Telugu,23,12,104,2,True,poor,12,8,recent,13,True,no
5868,Male,Single,False,9,off,premium,10,7,negative,card,active,India,Telugu,18,17,46,6,False,better,1,2,very_old,13,False,no
5869,Male,Single,True,5,off,gold,2,8,neutral,card,cancelled,India,English,50,20,21,7,False,better,4,8,old,2,False,yes
5870,Male,Married,True,2,on,premium,7,14,positive,card,expired,Germany,English,18,16,167,9,True,good,6,0,old,13,False,no
5871,Female,Single,False,6,on,basic,4,1,neutral,paypal,expired,US,Telugu,31,23,186,6,True,poor,5,8,old,8,True,yes
5872,Male,Single,False,3,off,premium,5,17,neutral,card,expired,India,Hindi,50,6,131,2,False,poor,4,7,recent,9,False,yes
5873,Male,Married,False,3,off,basic,4,10,neutral,upi,active,India,Hindi,24,18,107,4,True,poor,15,9,recent,9,True,no
5874,Male,Married,False,8,off,basic,6,13,negative,paypal,cancelled,Germany,Telugu,21,21,174,8,False,poor,7,10,recent,13,True,yes
5875,Female,Married,False,7,off,basic,7,13,negative,card,active,UK,English,8,25,84,7,True,better,17,5,very_old,20,True,no
5876,Male,Married,False,7,off,premium,10,6,negative,paypal,expired,Germany,Telugu,20,9,20,3,True,poor,9,2,old,1,False,no
5877,Male,Single,True,5,off,basic,8,11,negative,paypal,cancelled,UK,Telugu,4,25,28,3,False,good,1,5,recent,18,False,no
5878,Male,Married,False,7,off,gold,8,4,negative,upi,expired,India,English,13,6,146,3,False,good,16,4,recent,17,False,yes
5879,Female,Single,False,2,on,basic,5,10,neutral,paypal,cancelled,UK,English,14,4,175,8,False,better,2,3,old,0,False,yes
5880,Male,Married,False,6,off,gold,4,3,negative,upi,expired,UK,English,27,19,46,3,False,poor,10,8,old,18,False,yes
5881,Female,Married,True,6,on,basic,2,9,positive,paypal,expired,US,Telugu,19,9,30,8,False,better,7,9,old,3,False,no
5882,Male,Single,False,2,on,premium,1,3,negative,upi,active,Germany,Hindi,3,12,81,7,False,better,14,8,very_old,6,True,no
5883,Male,Single,True,3,on,gold,5,17,neutral,card,expired,US,English,24,18,168,1,False,poor,2,10,very_old,7,True,yes
5884,Female,Married,False,3,on,premium,2,12,positive,upi,cancelled,India,Telugu,9,11,157,8,True,poor,2,0,recent,17,False,yes
5885,Male,Single,True,3,on,premium,2,14,negative,paypal,active,Germany,English,24,1,64,8,False,good,15,8,recent,13,False,no
5886,Female,Single,True,2,off,gold,9,15,positive,paypal,active,UK,Telugu,46,22,18,5,True,better,3,1,very_old,14,False,no
5887,Female,Single,True,6,on,premium,8,2,negative,card,cancelled,US,Telugu,6,23,146,7,True,good,18,6,very_old,5,True,yes
5888,Male,Single,True,4,on,premium,9,1,positive,card,active,India,Hindi,40,2,43,3,False,poor,12,8,recent,5,True,no
5889,Male,Single,False,7,on,gold,8,15,negative,upi,active,India,English,13,24,91,4,True,poor,12,4,very_old,4,False,no
5890,Male,Single,False,7,on,gold,6,5,positive,paypal,cancelled,US,Telugu,50,15,62,6,True,poor,12,3,recent,11,True,yes
5891,Male,Married,False,7,on,basic,8,20,negative,paypal,active,UK,Hindi,10,5,59,4,False,better,11,1,very_old,14,True,no
5892,Female,Married,False,4,off,basic,3,5,negative,upi,expired,US,Telugu,12,16,112,3,True,better,10,1,recent,13,False,yes
5893,Female,Single,True,7,off,basic,2,13,negative,upi,active,UK,English,47,21,58,10,False,good,13,0,recent,1,True,yes
5894,Female,Married,False,6,on,gold,6,19,negative,paypal,expired,Germany,Hindi,50,16,107,2,True,good,1,2,old,0,False,yes
5895,Female,Single,True,9,on,premium,5,16,positive,upi,active,UK,Hindi,2,22,119,1,False,better,1,4,recent,20,False,no
5896,Male,Married,True,5,off,gold,6,11,negative,paypal,active,India,Hindi,20,14,164,5,True,good,19,8,very_old,13,True,no
5897,Female,Married,False,5,off,basic,5,13,negative,paypal,cancelled,India,Hindi,42,12,135,5,True,poor,7,6,old,1,False,yes
5898,Male,Married,False,4,on,gold,3,16,negative,upi,expired,Germany,Hindi,4,9,76,6,False,better,19,1,very_old,11,False,yes
5899,Female,Married,True,2,off,premium,2,19,positive,card,expired,Germany,Telugu,28,23,140,6,True,good,19,10,recent,10,False,no
5900,Male,Single,True,2,on,gold,2,20,negative,upi,active,India,English,15,16,71,3,True,good,7,1,old,10,True,no
5901,Female,Married,False,4,on,gold,5,16,negative,upi,active,US,English,26,21,159,1,True,good,5,5,very_old,10,True,yes
5902,Female,Married,False,7,off,premium,5,4,negative,paypal,cancelled,UK,Hindi,45,16,54,4,True,good,18,5,recent,2,False,yes
5903,Female,Married,True,8,off,gold,3,14,positive,card,cancelled,India,Telugu,50,16,100,9,True,better,17,7,very_old,5,True,yes
5904,Male,Married,False,7,off,gold,2,15,negative,paypal,cancelled,US,Hindi,44,24,22,8,False,poor,19,1,recent,3,True,yes
5905,Female,Single,False,4,off,basic,8,2,positive,card,cancelled,India,Telugu,31,0,100,5,False,better,12,8,very_old,16,True,no
5906,Female,Single,False,8,on,premium,5,12,neutral,paypal,cancelled,Germany,Telugu,3,25,175,8,False,poor,16,7,recent,11,True,no
5907,Female,Married,False,1,on,basic,6,17,negative,upi,expired,Germany,English,25,21,70,3,True,poor,4,3,recent,3,False,yes
5908,Female,Married,True,2,on,gold,10,0,neutral,upi,cancelled,India,Telugu,48,25,186,8,False,good,7,4,recent,2,True,yes
5909,Female,Married,False,4,off,basic,10,11,positive,card,active,India,Hindi,3,22,194,9,True,poor,13,9,recent,8,True,no
5910,Female,Single,False,10,off,premium,8,2,negative,card,active,US,English,38,2,71,6,True,poor,7,2,old,13,False,no
5911,Female,Single,False,4,off,premium,8,8,positive,card,cancelled,Germany,Hindi,3,3,194,10,True,poor,8,5,very_old,17,True,no
5912,Male,Single,True,1,off,gold,6,20,neutral,upi,expired,India,Telugu,4,14,144,9,False,good,14,4,old,5,True,no
5913,Male,Married,True,2,on,premium,9,14,neutral,upi,active,US,Telugu,11,19,92,4,False,poor,15,1,very_old,11,True,no
5914,Male,Married,True,6,on,basic,7,8,positive,card,expired,UK,Hindi,31,11,133,5,False,good,19,7,recent,16,False,no
5915,Female,Single,False,2,on,premium,3,7,positive,card,expired,India,English,18,21,118,2,False,better,4,2,recent,1,True,no
5916,Female,Single,False,8,off,premium,9,18,positive,paypal,cancelled,UK,Telugu,25,22,196,7,False,poor,1,8,very_old,16,False,yes
5917,Female,Single,False,8,on,gold,7,1,neutral,paypal,active,India,English,11,19,102,5,False,good,2,1,old,15,False,no
5918,Female,Married,True,5,on,gold,2,9,positive,paypal,cancelled,Germany,Hindi,10,6,169,4,True,better,16,7,old,20,False,no
5919,Female,Married,False,4,on,gold,6,10,negative,card,active,India,English,41,11,79,9,True,good,13,5,recent,6,True,no
5920,Male,Single,True,4,off,premium,8,7,neutral,upi,active,US,Telugu,16,8,147,10,False,poor,1,2,recent,17,True,no
5921,Male,Married,True,1,off,premium,4,9,positive,card,active,India,Hindi,14,18,107,4,True,good,18,0,old,20,False,no
5922,Female,Married,False,9,on,gold,6,10,neutral,card,expired,UK,English,5,6,156,8,False,better,11,3,recent,4,True,no
5923,Male,Single,False,10,off,premium,10,9,negative,upi,cancelled,Germany,English,50,25,23,1,True,poor,10,3,recent,8,True,yes
5924,Male,Single,False,3,on,basic,6,1,neutral,upi,expired,US,English,44,4,69,5,False,good,10,10,very_old,8,False,yes
5925,Female,Married,False,10,on,gold,7,18,positive,upi,active,UK,Hindi,9,0,24,10,True,poor,12,6,old,5,False,no
5926,Female,Single,True,5,on,premium,8,17,negative,card,cancelled,Germany,Telugu,28,21,78,2,True,poor,5,5,very_old,6,False,yes
5927,Female,Single,True,9,off,gold,7,16,negative,paypal,expired,UK,English,23,19,120,8,True,better,13,10,recent,18,False,yes
5928,Female,Single,False,1,on,premium,6,11,negative,card,active,UK,English,32,5,64,6,True,good,7,4,very_old,1,True,no
5929,Male,Single,False,5,off,basic,10,4,neutral,upi,expired,India,English,14,14,53,10,True,better,9,10,old,13,True,no
5930,Female,Single,False,7,on,premium,7,14,negative,card,expired,Germany,Hindi,10,1,165,8,True,better,7,3,recent,16,True,yes
5931,Male,Single,False,3,off,premium,2,6,neutral,card,active,Germany,English,5,25,21,4,True,good,20,7,very_old,16,False,no
5932,Female,Married,False,5,off,basic,2,10,neutral,paypal,active,Germany,Telugu,7,18,171,1,False,better,5,0,old,6,False,no
5933,Female,Single,True,7,off,premium,6,5,positive,paypal,expired,Germany,Telugu,17,8,52,9,False,better,4,5,recent,5,True,yes
5934,Male,Married,False,5,off,basic,10,0,negative,card,active,UK,Telugu,13,4,116,7,False,better,11,1,very_old,16,False,no
5935,Female,Single,True,9,off,basic,9,9,neutral,card,active,UK,Hindi,44,4,56,9,False,better,3,2,recent,12,False,no
5936,Male,Married,False,3,on,premium,7,20,positive,paypal,expired,India,Hindi,30,15,74,1,False,better,17,9,old,1,False,no
5937,Male,Married,True,1,off,gold,8,6,neutral,upi,expired,UK,Hindi,37,21,177,2,True,good,9,3,very_old,18,True,yes
5938,Male,Single,True,3,off,premium,6,9,negative,card,active,UK,Hindi,1,7,164,5,True,poor,20,9,recent,8,False,no
5939,Female,Married,False,10,off,premium,7,1,negative,upi,cancelled,UK,English,49,24,70,5,True,poor,1,9,very_old,17,True,yes
5940,Male,Single,False,1,on,premium,8,18,negative,card,expired,US,English,25,3,53,3,False,good,12,2,very_old,3,True,yes
5941,Male,Single,True,3,off,gold,6,12,neutral,paypal,active,India,English,15,22,166,10,True,better,13,7,very_old,2,True,no
5942,Female,Married,False,8,on,basic,1,7,negative,paypal,active,UK,English,28,10,177,2,False,good,19,9,recent,8,False,no
5943,Male,Single,True,6,on,premium,2,14,negative,paypal,cancelled,US,Telugu,14,23,177,5,False,good,20,6,recent,2,False,no
5944,Male,Single,False,7,off,gold,10,6,neutral,card,active,Germany,English,46,18,97,4,True,good,18,7,very_old,1,False,yes
5945,Female,Single,True,6,on,premium,9,0,neutral,paypal,expired,Germany,Hindi,18,1,12,9,True,poor,4,4,very_old,1,True,yes
5946,Female,Single,True,8,on,premium,7,18,neutral,paypal,cancelled,US,English,18,21,189,6,False,better,14,2,very_old,17,False,yes
5947,Female,Married,False,6,on,gold,3,18,neutral,upi,active,Germany,English,39,17,26,1,False,poor,11,0,old,5,False,no
5948,Male,Single,True,5,off,gold,3,10,neutral,paypal,expired,UK,English,45,22,93,9,True,poor,2,8,very_old,8,True,yes
5949,Male,Single,True,2,on,premium,6,20,negative,card,active,India,Hindi,44,15,134,3,False,good,15,4,recent,11,False,yes
5950,Male,Single,True,6,on,gold,4,5,neutral,upi,active,UK,Hindi,48,12,147,5,False,better,15,2,recent,0,False,no
5951,Male,Single,True,7,on,basic,7,2,neutral,paypal,active,UK,English,38,18,102,6,True,better,12,3,very_old,3,False,no
5952,Male,Married,False,8,on,basic,6,17,positive,card,active,UK,Hindi,21,1,152,4,True,poor,16,9,very_old,15,True,no
5953,Female,Single,False,2,on,basic,3,19,neutral,paypal,active,Germany,Hindi,28,10,109,9,False,better,16,2,recent,20,False,no
5954,Female,Single,False,4,on,basic,7,8,neutral,paypal,cancelled,US,Hindi,11,6,138,4,False,poor,6,8,very_old,12,False,no
5955,Female,Married,False,5,off,basic,3,20,negative,upi,cancelled,US,Hindi,41,20,154,3,False,better,2,9,old,15,True,yes
5956,Female,Single,False,6,on,gold,6,20,negative,paypal,expired,UK,English,5,13,160,8,False,better,6,6,very_old,2,True,no
5957,Male,Single,True,9,on,gold,6,2,neutral,paypal,expired,India,Telugu,25,21,87,9,False,better,11,7,very_old,12,True,no
5958,Male,Single,False,1,on,gold,10,14,negative,card,cancelled,Germany,Telugu,41,23,68,6,True,better,15,8,old,17,True,no
5959,Female,Single,False,8,off,basic,7,16,positive,card,expired,Germany,English,35,18,99,3,False,good,1,2,very_old,16,False,yes
5960,Male,Single,False,9,off,premium,3,20,positive,upi,expired,Germany,Hindi,17,2,200,1,True,better,12,3,old,3,False,no
5961,Female,Married,True,8,on,gold,6,1,positive,upi,active,UK,Telugu,19,24,183,2,False,better,11,10,old,13,True,no
5962,Male,Married,False,8,off,premium,5,12,positive,card,expired,India,English,43,12,58,8,False,poor,18,1,very_old,12,True,no
5963,Female,Married,False,10,on,premium,3,1,neutral,paypal,active,US,Hindi,37,16,35,7,True,good,4,0,very_old,6,True,no
5964,Male,Married,True,3,off,basic,3,4,neutral,paypal,expired,India,English,32,21,111,2,True,good,6,4,recent,13,True,no
5965,Male,Single,False,5,off,basic,8,6,negative,paypal,expired,UK,English,5,8,43,8,False,better,1,9,old,15,False,yes
5966,Female,Married,True,4,off,basic,4,4,neutral,paypal,cancelled,US,English,40,14,161,9,False,better,8,3,old,17,True,yes
5967,Male,Married,True,8,off,gold,1,20,positive,paypal,active,UK,Hindi,37,14,149,5,True,better,5,2,old,19,True,no
5968,Female,Married,False,8,off,basic,10,8,positive,card,expired,Germany,English,44,13,33,7,False,better,3,3,very_old,3,False,yes
5969,Female,Single,False,2,on,basic,8,5,negative,card,cancelled,India,English,19,14,138,7,True,good,9,1,recent,15,True,yes
5970,Female,Single,True,4,off,gold,9,12,positive,upi,expired,Germany,Telugu,48,20,76,1,False,good,14,1,old,13,False,yes
5971,Female,Married,False,5,off,premium,5,12,negative,paypal,cancelled,UK,English,20,19,152,2,False,good,4,4,recent,19,False,yes
5972,Female,Married,False,7,on,gold,7,20,positive,upi,active,US,Telugu,10,4,175,1,False,poor,16,5,old,3,False,no
5973,Female,Married,False,5,off,basic,10,6,neutral,upi,expired,UK,Telugu,0,14,149,6,True,poor,9,1,very_old,20,True,yes
5974,Male,Single,False,5,on,basic,2,7,positive,upi,expired,US,Hindi,20,20,70,9,False,better,8,0,very_old,6,False,no
5975,Male,Single,False,8,on,premium,6,16,positive,upi,cancelled,US,English,25,11,88,7,False,better,10,1,recent,8,True,no
5976,Female,Single,True,4,off,premium,6,14,positive,card,expired,India,Hindi,43,8,31,7,False,good,16,3,old,20,True,yes
5977,Male,Married,True,6,on,premium,1,12,positive,upi,cancelled,Germany,Hindi,23,8,183,1,True,good,7,10,old,2,False,no
5978,Male,Single,False,9,on,premium,7,2,positive,upi,cancelled,US,English,22,6,157,1,True,poor,19,1,old,10,False,no
5979,Male,Married,True,5,off,premium,1,0,neutral,upi,expired,Germany,Telugu,1,13,185,5,True,better,12,9,old,6,False,no
5980,Male,Married,False,7,on,premium,7,12,neutral,card,active,UK,Hindi,2,6,60,9,True,good,2,5,recent,20,True,no
5981,Female,Married,False,7,off,basic,10,7,neutral,paypal,cancelled,UK,English,0,13,26,10,False,better,3,8,recent,11,False,no
5982,Male,Single,False,10,off,basic,1,1,neutral,card,cancelled,UK,English,44,4,55,2,True,better,4,6,old,10,True,yes
5983,Male,Married,False,5,on,premium,1,19,neutral,upi,cancelled,Germany,English,45,5,151,4,True,good,15,3,old,8,False,yes
5984,Male,Single,True,9,off,premium,6,11,positive,card,expired,India,Hindi,27,10,191,7,False,poor,15,3,old,9,True,yes
5985,Female,Married,False,2,off,premium,9,0,neutral,card,active,Germany,Telugu,49,20,76,5,False,poor,11,6,recent,3,False,no
5986,Female,Single,True,9,on,gold,8,16,neutral,card,expired,Germany,Telugu,27,10,31,5,False,good,14,10,very_old,3,True,no
5987,Female,Single,True,8,off,premium,2,13,negative,upi,expired,Germany,Hindi,42,12,154,10,False,poor,19,8,very_old,7,False,yes
5988,Male,Married,False,6,off,premium,5,13,positive,paypal,active,India,English,13,13,127,9,False,better,2,3,very_old,16,False,no
5989,Male,Single,True,2,off,gold,9,9,negative,upi,active,India,Telugu,43,17,99,9,False,better,18,3,recent,16,True,yes
5990,Female,Married,False,3,off,premium,3,7,positive,paypal,active,Germany,English,28,2,196,7,True,poor,17,6,old,17,True,no
5991,Male,Married,True,3,on,gold,8,12,positive,paypal,active,US,Hindi,28,1,66,1,True,poor,15,1,very_old,10,False,no
5992,Female,Married,False,8,on,premium,2,13,negative,card,active,India,Hindi,34,1,152,6,True,good,20,6,recent,12,False,no
5993,Male,Married,True,6,on,basic,6,7,negative,paypal,cancelled,India,Hindi,8,13,46,6,False,good,16,6,recent,11,False,yes
5994,Male,Married,True,8,off,basic,9,13,negative,upi,expired,Germany,Telugu,3,22,87,7,False,good,1,8,very_old,2,True,yes
5995,Female,Single,True,6,off,premium,6,9,positive,paypal,active,US,Hindi,40,19,73,5,False,poor,16,5,old,19,False,no
5996,Male,Single,False,3,on,basic,6,5,negative,paypal,expired,US,Telugu,0,19,95,5,False,better,2,3,recent,14,True,yes
5997,Female,Single,False,9,off,premium,10,8,positive,upi,active,India,English,21,0,149,3,True,better,5,9,old,19,False,no
5998,Male,Single,True,1,on,basic,1,2,negative,card,expired,Germany,Telugu,38,12,103,7,True,poor,20,10,recent,9,False,no
5999,Female,Single,False,3,off,premium,7,19,neutral,upi,active,India,English,12,13,26,8,True,poor,2,6,old,13,True,no
