gmail_id,gender,marital_status,seniorcitizen,tenure,auto_renewal,subscription_type,devices_connected,tickets_raised,feedback_sentiment,payment_method,subscription_status,country,language,failed_login_attempts,login_frequency,monthly_usage_hours,server_switch_frequency,streaming_access,average_speed_mbps,connection_success_rate,plan_upgrade_attempts,last_login,unresolved_tickets,discount_used,churn
chris.nguyen494@gmail.com,Male,Married,False,8,off,basic,1,7,negative,card,expired,US,Telugu,13,11,61,4,True,poor,14,7,old,14,False,yes
tiffany.brown998@gmail.com,Male,Single,False,7,off,gold,1,1,positive,upi,expired,India,Hindi,8,4,200,7,True,good,3,4,old,20,True,no
heather.smith457@gmail.com,Female,Married,False,4,on,basic,8,10,negative,card,active,Germany,Telugu,6,15,195,1,False,poor,7,0,recent,11,True,no
timothy.young13@gmail.com,Male,Single,False,4,on,gold,4,17,negative,upi,expired,Germany,Hindi,45,12,48,7,True,better,7,7,very_old,18,False,yes
donald.perry713@gmail.com,Male,Married,False,1,off,premium,3,17,neutral,card,expired,Germany,Telugu,34,13,63,8,False,poor,5,5,recent,4,False,no
laura.bryant113@gmail.com,Female,Single,False,4,off,gold,7,14,negative,card,cancelled,India,Hindi,47,18,52,7,False,better,14,10,old,9,False,yes
melinda.gonzales425@gmail.com,Female,Single,False,5,on,basic,2,16,negative,card,active,Germany,English,18,12,52,8,True,poor,7,2,old,16,False,yes
alex.davis126@gmail.com,Female,Married,True,2,off,basic,5,9,negative,upi,active,UK,English,19,23,143,2,False,better,17,0,recent,2,False,yes
hector.miranda282@gmail.com,Male,Single,True,4,off,basic,3,5,neutral,paypal,expired,Germany,Hindi,46,9,166,10,False,better,4,5,old,15,True,yes
edward.ellis151@gmail.com,Male,Single,False,9,off,gold,2,2,neutral,card,cancelled,Germany,Telugu,8,8,158,7,False,good,4,6,old,5,True,no
jacqueline.bates75@gmail.com,Male,Single,True,4,on,premium,2,15,positive,card,cancelled,US,Telugu,10,11,10,3,True,poor,4,9,very_old,9,True,yes
brandon.williams575@gmail.com,Female,Single,False,7,on,premium,9,14,positive,card,active,Germany,Hindi,35,19,43,5,True,good,15,9,old,8,True,no
becky.lewis672@gmail.com,Male,Married,True,10,off,premium,6,0,negative,paypal,cancelled,UK,Hindi,27,16,65,6,False,better,16,3,old,3,False,yes
priscilla.white613@gmail.com,Male,Married,True,9,on,premium,6,19,neutral,paypal,cancelled,Germany,Hindi,4,1,179,7,False,good,10,4,recent,14,False,yes
latoya.richmond652@gmail.com,Male,Married,False,10,on,basic,7,1,neutral,paypal,expired,India,English,36,19,136,3,True,good,3,5,recent,6,True,no
raymond.anderson903@gmail.com,Male,Married,False,3,off,basic,4,2,neutral,paypal,active,UK,English,31,1,130,3,True,better,5,0,recent,0,False,no
dorothy.chavez271@gmail.com,Female,Married,True,5,off,premium,3,16,negative,upi,expired,UK,Telugu,46,23,143,5,False,better,15,9,recent,11,True,no
betty.watson635@gmail.com,Male,Married,False,6,on,premium,7,15,neutral,upi,cancelled,Germany,Hindi,26,15,130,1,False,poor,3,0,very_old,20,False,yes
ann.wilson477@gmail.com,Male,Single,False,8,off,basic,6,17,negative,upi,cancelled,Germany,Telugu,29,8,69,2,True,poor,16,9,recent,18,False,yes
erika.brown984@gmail.com,Male,Married,False,7,off,basic,3,3,neutral,upi,expired,India,Telugu,20,7,79,1,False,better,15,3,very_old,16,True,no
kristina.jennings571@gmail.com,Male,Married,False,7,off,basic,5,2,negative,upi,active,Germany,English,48,0,165,7,False,good,16,5,old,1,False,no
tiffany.osborne799@gmail.com,Male,Married,True,10,on,gold,6,6,negative,paypal,active,Germany,Hindi,44,15,137,5,True,good,14,3,very_old,19,False,no
jeffrey.luna962@gmail.com,Male,Married,False,4,on,premium,3,9,neutral,paypal,active,India,English,35,9,11,10,False,better,8,9,recent,20,False,no
stephen.carlson109@gmail.com,Female,Single,False,4,on,premium,5,11,negative,upi,active,India,Telugu,2,6,112,6,False,better,7,3,recent,19,False,yes
shelia.powell857@gmail.com,Female,Married,False,9,off,basic,7,4,negative,card,active,US,English,21,1,120,1,True,good,4,8,recent,4,False,yes
diane.thomas248@gmail.com,Female,Single,True,5,on,gold,3,19,negative,paypal,cancelled,Germany,English,45,9,93,2,True,poor,18,3,old,0,True,yes
lori.parker419@gmail.com,Male,Married,False,4,on,premium,2,5,neutral,paypal,expired,UK,Telugu,36,6,140,3,False,poor,8,9,very_old,2,False,yes
keith.smith189@gmail.com,Female,Single,True,8,on,gold,5,15,neutral,upi,active,Germany,Telugu,4,10,159,9,True,better,5,4,old,13,False,no
billy.ruiz787@gmail.com,Male,Single,False,9,off,gold,6,2,negative,card,expired,Germany,Telugu,50,9,42,4,False,better,1,10,very_old,12,False,yes
evan.lewis410@gmail.com,Female,Single,False,4,on,premium,1,5,positive,paypal,cancelled,Germany,Telugu,1,17,152,3,False,poor,3,8,very_old,0,False,no
robert.washington78@gmail.com,Male,Single,True,2,on,gold,7,13,negative,card,expired,Germany,Telugu,16,5,138,2,False,poor,1,8,very_old,16,True,yes
virginia.howard31@gmail.com,Female,Single,False,7,off,basic,1,16,positive,paypal,cancelled,Germany,English,10,11,157,3,True,poor,3,2,old,11,False,no
melissa.finley590@gmail.com,Male,Married,False,10,off,gold,1,16,negative,card,active,UK,English,36,0,65,8,False,good,17,4,recent,17,True,yes
james.vega784@gmail.com,Male,Single,False,3,on,gold,8,6,positive,paypal,expired,US,English,23,24,179,8,True,better,1,4,very_old,5,True,no
stacey.wilson735@gmail.com,Male,Single,True,7,off,basic,6,20,neutral,card,active,India,Telugu,42,24,21,8,True,good,19,3,recent,7,True,no
joshua.aguirre892@gmail.com,Female,Married,False,10,off,gold,8,9,neutral,card,cancelled,UK,Hindi,44,9,174,8,True,better,5,7,old,17,True,yes
danielle.moody58@gmail.com,Male,Married,False,9,off,basic,8,18,positive,card,cancelled,India,English,17,9,182,1,False,better,17,1,old,17,True,yes
troy.williams281@gmail.com,Female,Married,False,8,on,basic,7,8,positive,upi,expired,India,English,27,15,65,9,True,better,11,5,recent,0,False,yes
mckenzie.mills302@gmail.com,Male,Married,True,5,off,premium,1,10,neutral,card,active,India,Telugu,24,21,144,7,False,better,6,7,very_old,0,False,no
anna.baker598@gmail.com,Male,Single,True,4,off,basic,3,19,positive,upi,active,Germany,English,31,0,85,6,False,good,8,0,very_old,7,False,no
lindsay.hernandez47@gmail.com,Female,Married,False,4,off,gold,1,10,negative,card,active,US,Hindi,29,3,149,6,True,good,15,5,very_old,2,False,no
michele.taylor803@gmail.com,Female,Single,True,9,on,gold,9,14,neutral,upi,active,India,Hindi,9,9,58,10,True,poor,11,1,very_old,20,False,no
daniel.moyer406@gmail.com,Female,Married,False,7,off,gold,5,14,positive,paypal,expired,UK,Telugu,27,7,165,3,True,better,18,2,recent,3,False,no
jason.martin648@gmail.com,Male,Married,True,8,on,basic,1,10,positive,card,cancelled,US,Telugu,11,21,10,2,True,good,13,0,very_old,15,False,no
tyler.jimenez946@gmail.com,Male,Married,False,6,off,basic,10,4,positive,paypal,active,India,Hindi,17,2,146,4,True,good,2,5,old,7,True,no
jacob.james567@gmail.com,Female,Married,False,2,off,basic,6,8,neutral,upi,expired,India,English,45,25,124,3,True,poor,12,6,very_old,15,False,yes
matthew.wilson409@gmail.com,Male,Married,True,8,off,gold,7,11,neutral,upi,active,India,Hindi,23,1,106,1,False,poor,19,8,recent,17,True,no
lori.jones953@gmail.com,Male,Married,True,7,on,gold,9,16,negative,card,cancelled,India,Hindi,1,1,171,3,True,good,11,8,old,8,True,yes
james.rodgers688@gmail.com,Female,Single,False,3,on,gold,4,14,neutral,upi,active,India,Telugu,33,1,166,2,True,poor,19,3,old,9,False,no
andrew.clark550@gmail.com,Male,Single,True,9,on,basic,9,16,negative,paypal,cancelled,India,Hindi,28,17,195,6,False,good,18,4,old,9,False,yes
christine.rowe389@gmail.com,Male,Married,True,1,on,basic,7,15,negative,upi,cancelled,India,Telugu,14,7,66,9,False,better,2,8,very_old,17,True,yes
michael.moore667@gmail.com,Female,Married,False,6,off,basic,1,8,negative,card,cancelled,India,English,37,8,16,3,False,poor,10,7,old,6,True,yes
wayne.wolfe440@gmail.com,Female,Single,False,1,on,basic,6,19,neutral,paypal,active,US,English,42,24,19,10,True,poor,11,8,old,12,False,no
donald.rodriguez752@gmail.com,Male,Married,True,7,off,premium,4,4,positive,card,expired,UK,Telugu,27,21,175,4,False,better,17,3,very_old,16,True,yes
kathleen.collins464@gmail.com,Male,Married,False,4,off,premium,9,13,positive,card,active,Germany,Hindi,42,2,190,6,True,better,6,5,old,3,False,no
raymond.burns676@gmail.com,Female,Married,False,7,on,basic,6,8,negative,upi,active,UK,Hindi,21,25,65,2,False,poor,9,6,old,9,False,no
kenneth.flores974@gmail.com,Female,Married,False,6,off,basic,3,20,neutral,paypal,active,UK,Hindi,48,3,41,1,True,good,10,1,old,19,False,no
ryan.brandt242@gmail.com,Female,Single,True,9,on,premium,5,10,neutral,upi,expired,UK,Hindi,38,10,154,2,True,better,20,1,old,4,True,yes
anna.myers621@gmail.com,Male,Single,False,5,on,basic,1,17,neutral,paypal,expired,India,Hindi,45,17,106,8,False,poor,17,8,old,16,True,no
joshua.obrien199@gmail.com,Male,Married,False,7,on,basic,3,15,neutral,paypal,expired,UK,English,46,14,135,2,False,better,5,6,very_old,7,True,yes
joseph.schmidt700@gmail.com,Male,Married,False,4,on,premium,10,6,positive,upi,expired,UK,Hindi,44,11,25,4,False,better,17,5,old,19,False,yes
tommy.walker173@gmail.com,Female,Married,False,1,off,premium,4,11,negative,upi,cancelled,Germany,Telugu,45,12,87,10,False,good,12,3,old,10,True,yes
caroline.gonzalez26@gmail.com,Female,Married,True,1,off,basic,7,4,negative,card,expired,India,Hindi,15,11,126,10,True,poor,6,9,recent,3,False,yes
lisa.owens910@gmail.com,Female,Single,False,9,on,premium,2,19,negative,upi,cancelled,India,Telugu,47,11,143,4,False,better,19,7,recent,11,True,no
edward.robinson466@gmail.com,Female,Married,True,10,off,premium,3,5,positive,upi,expired,India,Hindi,46,9,33,7,False,poor,5,7,very_old,14,False,yes
oscar.olsen95@gmail.com,Male,Married,False,1,on,premium,6,3,neutral,paypal,cancelled,UK,Hindi,26,11,77,9,False,good,8,8,recent,19,True,yes
nancy.smith581@gmail.com,Female,Single,True,5,on,premium,1,4,neutral,card,expired,Germany,Hindi,5,6,112,1,True,good,14,4,very_old,15,True,no
brandon.gomez466@gmail.com,Male,Married,True,9,on,basic,6,8,positive,upi,expired,US,Telugu,6,5,162,2,False,poor,20,3,recent,4,True,no
shannon.wright596@gmail.com,Male,Married,True,5,off,premium,9,19,neutral,upi,active,US,Telugu,6,3,147,6,False,good,14,9,recent,12,False,no
christina.cole766@gmail.com,Female,Single,True,3,off,premium,5,19,positive,upi,expired,India,Telugu,34,25,71,1,False,poor,16,9,very_old,8,False,yes
dakota.schmitt648@gmail.com,Female,Single,False,8,off,premium,2,3,negative,upi,active,UK,English,31,18,23,9,True,poor,18,3,old,13,False,no
kevin.camacho254@gmail.com,Male,Single,True,10,on,basic,8,2,positive,paypal,active,UK,English,47,19,12,7,False,good,15,4,recent,16,False,yes
casey.henderson702@gmail.com,Male,Married,False,10,off,premium,5,14,positive,paypal,expired,Germany,Telugu,0,24,146,8,True,good,2,0,recent,14,True,no
john.peters319@gmail.com,Female,Married,False,10,off,gold,1,19,positive,card,cancelled,US,Hindi,41,20,74,2,False,good,3,5,recent,0,True,no
linda.baker379@gmail.com,Male,Single,True,3,off,premium,8,2,negative,paypal,cancelled,UK,English,49,19,114,6,True,good,4,8,recent,19,True,yes
donald.lee737@gmail.com,Male,Single,False,7,on,basic,2,17,negative,upi,expired,Germany,Telugu,29,8,117,1,False,better,14,7,very_old,16,True,yes
sarah.anderson881@gmail.com,Female,Married,True,9,off,basic,5,16,positive,paypal,expired,US,Telugu,26,19,19,6,False,poor,13,10,recent,12,False,yes
julie.johnson776@gmail.com,Female,Married,False,3,on,gold,6,1,positive,upi,active,UK,Hindi,17,17,48,1,True,better,14,4,very_old,15,False,no
alex.jefferson953@gmail.com,Female,Married,True,5,off,premium,7,20,neutral,upi,expired,UK,English,45,3,51,1,False,good,6,0,old,12,True,yes
john.sheppard803@gmail.com,Male,Single,True,7,off,premium,10,15,positive,paypal,cancelled,US,Telugu,5,7,175,7,True,better,17,10,old,13,True,yes
kyle.brown899@gmail.com,Female,Single,False,9,on,gold,9,10,negative,paypal,cancelled,Germany,Telugu,18,10,52,2,True,good,15,3,recent,3,False,yes
brandon.evans465@gmail.com,Female,Married,False,10,on,gold,3,17,neutral,card,expired,India,Hindi,36,17,39,7,True,better,10,4,very_old,8,True,yes
mark.wallace621@gmail.com,Female,Single,False,2,on,premium,8,11,neutral,upi,cancelled,UK,Telugu,13,6,70,1,True,good,10,8,old,15,True,no
erika.stanton391@gmail.com,Male,Married,False,6,off,gold,3,11,negative,upi,expired,Germany,Telugu,42,7,85,9,False,poor,2,2,very_old,6,False,yes
gregory.lang889@gmail.com,Male,Married,True,1,on,basic,3,20,negative,paypal,active,India,English,44,17,15,6,False,poor,8,4,recent,8,True,no
jesus.rowe44@gmail.com,Female,Single,True,8,off,premium,3,13,neutral,upi,cancelled,US,Hindi,6,13,199,7,False,better,7,7,old,19,False,yes
colleen.brown660@gmail.com,Male,Married,False,2,off,gold,3,11,positive,paypal,expired,US,English,15,23,97,9,False,better,17,0,recent,16,True,yes
lisa.peterson517@gmail.com,Male,Married,True,7,off,gold,8,10,negative,upi,active,UK,Telugu,43,1,146,1,True,poor,3,10,recent,1,False,no
jon.smith807@gmail.com,Male,Single,False,1,off,gold,10,10,positive,upi,expired,US,Hindi,46,5,142,8,False,poor,18,6,recent,11,True,yes
susan.king419@gmail.com,Female,Married,False,6,on,basic,2,8,neutral,card,active,UK,English,5,9,166,2,True,better,19,2,old,0,True,no
john.tran316@gmail.com,Male,Single,True,6,off,gold,10,20,positive,paypal,cancelled,India,English,3,16,81,7,False,poor,18,0,recent,9,False,yes
carrie.johnson203@gmail.com,Female,Married,True,4,on,premium,5,10,neutral,paypal,cancelled,Germany,Telugu,6,4,40,1,True,poor,10,7,old,1,True,no
gregory.taylor323@gmail.com,Female,Single,False,6,on,basic,1,19,negative,paypal,cancelled,Germany,Hindi,28,10,190,9,False,poor,17,3,old,14,True,yes
kathleen.anderson432@gmail.com,Female,Single,False,5,on,premium,6,20,negative,upi,expired,India,English,12,11,70,6,True,better,12,1,very_old,0,True,yes
eric.robinson764@gmail.com,Female,Married,False,6,on,gold,1,11,positive,paypal,expired,Germany,Hindi,10,5,12,1,False,poor,9,8,old,13,True,no
catherine.mosley174@gmail.com,Female,Single,False,3,on,premium,8,2,positive,card,cancelled,Germany,Telugu,21,14,164,9,False,poor,7,9,old,10,False,yes
david.pierce362@gmail.com,Female,Married,False,9,off,basic,10,9,positive,paypal,active,India,Telugu,20,16,89,7,True,good,15,5,old,7,False,no
julia.anderson464@gmail.com,Female,Married,False,6,on,premium,6,15,negative,paypal,cancelled,UK,English,35,8,123,3,True,good,14,7,recent,0,False,no
carolyn.mcdaniel29@gmail.com,Male,Married,False,7,on,basic,8,16,neutral,paypal,active,Germany,English,9,18,31,6,True,poor,18,0,recent,3,True,no
kathy.obrien809@gmail.com,Female,Single,True,8,off,premium,9,15,negative,upi,active,UK,English,31,9,63,1,False,poor,3,3,recent,7,False,yes
glenda.morse135@gmail.com,Female,Married,False,3,off,gold,3,9,positive,paypal,cancelled,UK,Hindi,42,5,158,9,True,poor,7,7,old,8,False,yes
michael.oconnor281@gmail.com,Male,Married,False,6,on,basic,7,2,neutral,paypal,expired,US,Hindi,30,18,17,10,True,better,2,8,very_old,12,False,yes
justin.simon986@gmail.com,Female,Single,True,4,on,premium,2,1,positive,card,active,UK,Telugu,5,21,103,7,False,better,11,1,recent,19,True,no
monica.smith949@gmail.com,Female,Married,True,9,off,gold,2,16,negative,upi,active,Germany,Hindi,11,9,88,6,True,better,10,5,recent,8,True,no
debra.sparks545@gmail.com,Male,Single,False,2,off,premium,6,11,neutral,card,expired,India,Hindi,18,14,80,10,True,good,19,0,old,3,False,yes
alexander.mitchell490@gmail.com,Female,Single,True,5,off,premium,9,0,positive,upi,cancelled,US,Hindi,48,13,110,3,False,poor,15,8,very_old,14,False,yes
andrew.clements263@gmail.com,Male,Married,True,10,on,basic,9,7,neutral,card,expired,UK,Hindi,22,16,180,7,True,poor,15,1,very_old,0,True,no
ronnie.oliver103@gmail.com,Female,Married,False,8,on,basic,9,14,positive,card,active,India,Hindi,41,17,75,10,True,poor,8,1,old,18,False,no
shawn.coleman839@gmail.com,Female,Single,False,4,on,premium,5,3,negative,upi,active,Germany,Telugu,45,17,133,10,True,poor,1,9,very_old,0,True,no
tyler.graham976@gmail.com,Female,Single,True,7,off,basic,3,12,positive,paypal,expired,UK,Telugu,16,13,13,2,True,poor,11,4,old,10,True,no
erin.davis985@gmail.com,Female,Single,True,3,on,gold,1,15,neutral,paypal,active,Germany,Hindi,24,8,121,1,False,better,1,0,old,11,True,no
stephanie.morgan191@gmail.com,Male,Single,True,4,on,premium,5,6,negative,upi,active,UK,Hindi,40,15,157,4,False,good,18,9,old,1,True,no
sarah.davis940@gmail.com,Female,Single,False,7,on,gold,7,12,positive,card,cancelled,India,Telugu,42,11,23,3,True,good,5,2,recent,5,False,yes
john.cruz246@gmail.com,Female,Married,True,9,on,basic,5,2,neutral,card,expired,US,Hindi,25,14,176,8,True,good,15,9,recent,15,True,no
christopher.ward208@gmail.com,Female,Single,True,9,on,basic,4,5,neutral,card,cancelled,US,Telugu,14,16,154,3,False,poor,4,3,very_old,4,False,yes
stephanie.weeks358@gmail.com,Female,Single,True,9,off,basic,7,2,neutral,upi,expired,Germany,English,19,12,168,3,True,poor,17,2,old,19,True,yes
kimberly.gregory428@gmail.com,Female,Married,True,2,on,gold,6,12,negative,paypal,expired,Germany,English,48,13,86,7,False,better,4,4,recent,0,True,yes
shawn.hines184@gmail.com,Male,Single,False,7,off,premium,1,17,positive,upi,cancelled,Germany,Hindi,30,23,188,7,True,better,8,3,recent,15,True,yes
jennifer.wagner850@gmail.com,Male,Single,True,4,off,basic,3,2,positive,paypal,active,US,Telugu,43,4,124,2,True,better,2,8,old,11,True,yes
meghan.mason801@gmail.com,Male,Married,False,7,off,gold,8,11,negative,card,cancelled,Germany,Telugu,42,7,10,4,True,good,13,10,very_old,6,False,yes
deborah.small119@gmail.com,Male,Married,False,1,off,basic,1,5,positive,paypal,cancelled,US,English,37,17,78,3,False,good,9,10,very_old,15,False,yes
shirley.rhodes962@gmail.com,Female,Single,False,3,off,gold,10,10,neutral,card,cancelled,India,Telugu,44,17,80,10,False,poor,19,1,old,18,True,yes
margaret.freeman621@gmail.com,Male,Single,False,3,on,premium,4,10,positive,upi,active,US,Telugu,9,20,21,2,False,poor,20,2,old,18,True,no
brett.horn411@gmail.com,Male,Married,True,4,on,gold,8,16,neutral,upi,cancelled,Germany,Telugu,15,7,40,4,False,better,2,5,very_old,16,False,no
lucas.dudley984@gmail.com,Male,Single,True,3,off,premium,8,6,neutral,paypal,cancelled,US,Hindi,45,23,59,8,False,poor,2,2,very_old,4,True,yes
daniel.valentine663@gmail.com,Female,Married,True,5,off,gold,7,14,neutral,paypal,active,Germany,Hindi,13,10,191,8,True,poor,8,7,very_old,17,True,no
eric.fitzgerald891@gmail.com,Male,Married,True,10,on,basic,2,17,positive,paypal,expired,India,Telugu,23,4,191,6,True,good,12,0,old,2,False,no
william.conley879@gmail.com,Female,Single,False,7,on,premium,8,5,neutral,upi,expired,India,Hindi,2,22,84,3,True,poor,3,1,old,6,False,yes
laura.collins497@gmail.com,Female,Married,False,9,off,basic,4,8,neutral,upi,active,Germany,English,37,2,148,5,True,good,18,8,old,18,False,yes
angela.smith749@gmail.com,Female,Single,True,7,off,gold,2,12,neutral,paypal,cancelled,Germany,English,25,0,171,8,False,good,18,0,old,10,True,yes
jamie.norris946@gmail.com,Male,Single,True,3,on,basic,2,4,neutral,paypal,active,Germany,Hindi,0,6,96,8,True,better,19,4,very_old,19,True,no
anthony.long577@gmail.com,Female,Single,False,3,on,basic,8,20,neutral,paypal,cancelled,Germany,Telugu,30,3,154,10,False,poor,10,8,very_old,5,False,yes
zachary.booker850@gmail.com,Male,Single,False,9,on,gold,3,0,neutral,paypal,cancelled,India,English,22,19,28,6,False,better,6,9,old,2,False,yes
amy.king771@gmail.com,Female,Single,True,2,on,gold,2,12,negative,upi,cancelled,US,English,42,6,90,4,True,better,13,1,recent,15,False,yes
michael.young683@gmail.com,Male,Single,False,8,on,premium,5,18,neutral,upi,active,UK,Hindi,33,1,116,4,False,poor,3,0,very_old,17,False,no
juan.conway723@gmail.com,Male,Married,False,4,on,premium,6,17,negative,upi,cancelled,Germany,Telugu,24,24,30,1,True,good,12,5,recent,6,True,no
scott.brown124@gmail.com,Male,Married,False,8,off,premium,2,1,negative,paypal,active,UK,Hindi,3,13,129,6,False,better,5,8,recent,13,False,no
devon.raymond943@gmail.com,Female,Married,False,3,on,basic,5,4,positive,upi,expired,India,Telugu,40,14,89,10,True,good,12,1,very_old,9,True,yes
hannah.mendoza431@gmail.com,Female,Single,True,10,off,gold,6,10,positive,upi,cancelled,US,Hindi,33,17,180,5,False,poor,15,1,recent,17,True,yes
donna.johnson15@gmail.com,Male,Single,True,9,on,premium,5,14,neutral,card,active,US,English,36,19,200,6,True,good,18,9,recent,10,True,no
jose.huffman540@gmail.com,Male,Married,True,4,off,gold,2,19,neutral,upi,active,US,Telugu,14,25,61,5,True,poor,12,3,old,9,False,no
patrick.parker421@gmail.com,Female,Single,True,4,on,premium,2,3,positive,paypal,cancelled,Germany,Telugu,38,15,23,2,True,poor,2,4,recent,2,True,yes
julie.thompson135@gmail.com,Male,Single,True,10,off,premium,7,18,neutral,upi,active,US,English,46,6,157,4,True,poor,15,10,old,4,False,no
leonard.johnson423@gmail.com,Male,Married,False,5,on,premium,6,14,negative,card,cancelled,UK,Hindi,23,5,63,3,False,good,12,9,recent,7,False,yes
kelly.harris567@gmail.com,Female,Single,False,6,on,basic,7,12,negative,upi,cancelled,UK,Telugu,47,7,159,2,False,good,12,7,recent,14,True,yes
kimberly.king10@gmail.com,Male,Single,True,4,on,basic,8,12,positive,paypal,active,India,Hindi,8,12,154,10,True,good,7,5,recent,19,False,no
ashley.hughes702@gmail.com,Male,Married,False,6,off,gold,5,13,positive,card,cancelled,Germany,Hindi,0,10,141,3,True,poor,17,4,old,3,False,no
jenny.martinez774@gmail.com,Female,Single,True,2,off,basic,9,11,neutral,paypal,cancelled,India,English,18,13,121,5,False,poor,20,3,recent,9,True,no
daniel.lee251@gmail.com,Female,Married,True,9,on,premium,4,8,neutral,upi,active,India,Telugu,6,7,167,7,False,poor,20,4,very_old,19,False,no
carlos.allen672@gmail.com,Male,Married,False,4,off,premium,8,12,neutral,upi,cancelled,US,Telugu,11,12,100,6,False,good,12,5,recent,2,True,no
craig.wise855@gmail.com,Female,Single,False,10,off,gold,5,17,negative,upi,cancelled,India,Telugu,42,2,38,8,False,better,17,5,recent,12,True,yes
lauren.lawson675@gmail.com,Male,Single,False,8,on,premium,10,9,positive,card,cancelled,UK,Hindi,23,10,146,8,False,good,4,7,recent,13,False,no
scott.flowers384@gmail.com,Female,Single,True,9,off,basic,5,3,negative,paypal,active,Germany,Telugu,37,7,21,9,False,poor,17,2,recent,6,True,no
thomas.coffey801@gmail.com,Female,Single,True,6,on,premium,10,10,neutral,upi,cancelled,UK,Hindi,29,19,146,6,False,poor,4,7,very_old,4,True,no
kristen.thomas486@gmail.com,Male,Married,True,6,off,premium,4,3,negative,upi,active,Germany,Hindi,39,4,61,3,True,good,12,5,very_old,16,False,yes
jennifer.miles528@gmail.com,Female,Married,True,10,off,basic,5,14,negative,card,active,India,Hindi,14,17,172,4,True,better,9,6,recent,0,False,no
jessica.gallagher374@gmail.com,Male,Single,True,4,off,gold,1,19,positive,card,cancelled,India,English,9,4,148,10,True,better,16,3,old,3,True,yes
jeanne.miller572@gmail.com,Female,Single,True,8,on,premium,5,2,positive,card,active,India,Hindi,40,6,96,7,True,better,12,4,recent,12,True,no
garrett.garcia65@gmail.com,Male,Married,False,10,on,basic,1,15,positive,upi,active,Germany,Hindi,50,4,113,10,True,poor,9,3,very_old,11,True,yes
jessica.turner727@gmail.com,Male,Married,True,8,on,premium,3,0,negative,upi,cancelled,US,English,12,1,16,9,True,better,17,1,very_old,0,True,no
juan.morse366@gmail.com,Male,Married,True,1,on,premium,9,0,negative,paypal,expired,India,Telugu,14,9,30,3,False,good,12,0,very_old,5,False,yes
kevin.montes206@gmail.com,Male,Single,True,8,on,premium,3,19,negative,paypal,cancelled,US,Telugu,38,5,68,4,True,poor,14,2,recent,10,False,yes
tiffany.thompson925@gmail.com,Male,Married,False,9,on,basic,5,3,neutral,upi,active,Germany,Hindi,43,5,193,10,False,poor,5,0,very_old,2,False,no
amanda.burnett500@gmail.com,Female,Married,True,8,off,premium,8,5,neutral,card,expired,UK,English,45,24,174,9,True,good,8,4,old,6,False,yes
christopher.patterson953@gmail.com,Male,Single,True,5,off,basic,10,15,negative,paypal,active,UK,Hindi,45,1,198,8,True,good,6,3,recent,12,False,no
laura.williams60@gmail.com,Female,Single,True,8,off,premium,2,18,neutral,card,active,UK,Hindi,45,14,82,5,False,better,1,2,old,7,True,no
richard.gonzalez308@gmail.com,Male,Single,True,5,on,premium,10,11,positive,paypal,active,US,Hindi,4,10,85,5,False,better,16,1,very_old,18,False,no
jennifer.marshall237@gmail.com,Male,Single,False,6,off,premium,5,13,neutral,upi,expired,Germany,English,40,11,20,9,False,poor,9,3,very_old,10,True,yes
shelley.rowland638@gmail.com,Male,Married,False,6,off,basic,8,2,neutral,upi,expired,Germany,Hindi,49,23,14,5,False,poor,16,0,old,5,True,yes
tiffany.hodges720@gmail.com,Male,Single,False,2,off,basic,7,0,negative,card,cancelled,Germany,English,10,25,101,7,True,better,2,10,very_old,20,True,no
mark.brown640@gmail.com,Male,Single,False,7,off,gold,10,0,neutral,card,cancelled,India,Telugu,37,8,12,9,True,better,7,9,recent,20,False,yes
jonathan.davis60@gmail.com,Male,Single,True,5,off,gold,8,2,positive,upi,expired,Germany,Telugu,19,13,135,9,True,poor,16,10,recent,10,True,no
christina.blankenship214@gmail.com,Male,Married,False,6,off,gold,8,8,negative,paypal,active,India,Telugu,7,2,129,8,True,good,20,10,very_old,3,False,no
cody.kelly724@gmail.com,Female,Single,False,9,off,gold,1,14,neutral,card,cancelled,India,English,37,19,89,2,False,poor,8,7,old,17,False,yes
jo.goodwin892@gmail.com,Female,Married,False,10,on,gold,2,9,neutral,card,active,India,Telugu,9,0,59,4,True,poor,11,10,old,17,True,no
desiree.diaz669@gmail.com,Female,Married,False,8,on,gold,1,8,neutral,upi,expired,US,English,25,21,173,10,False,better,11,5,old,2,True,yes
patricia.stevens156@gmail.com,Female,Married,False,3,off,gold,7,16,positive,upi,expired,India,English,31,25,151,5,False,good,9,3,recent,11,False,yes
monica.morales855@gmail.com,Female,Single,False,3,on,gold,6,4,negative,card,expired,UK,Telugu,13,2,115,5,True,better,16,9,old,17,False,yes
lisa.rivera748@gmail.com,Female,Married,True,3,on,basic,8,9,neutral,card,expired,UK,English,24,13,188,9,False,better,3,2,very_old,15,True,yes
renee.mccoy758@gmail.com,Female,Single,True,5,off,premium,7,7,neutral,paypal,expired,Germany,Telugu,13,3,174,4,True,good,7,2,recent,9,False,no
robert.smith739@gmail.com,Female,Single,True,2,off,gold,9,7,neutral,paypal,active,US,Hindi,15,12,133,4,True,good,4,6,recent,18,False,no
christopher.may425@gmail.com,Male,Single,True,1,off,basic,3,15,neutral,upi,expired,US,Hindi,12,5,68,10,True,poor,17,2,very_old,9,False,no
melissa.silva786@gmail.com,Male,Single,True,1,on,premium,4,15,positive,card,expired,India,Telugu,23,25,135,8,False,better,17,10,very_old,1,False,no
monique.parks427@gmail.com,Male,Married,True,10,off,basic,6,18,neutral,paypal,active,Germany,English,39,13,89,2,False,poor,17,7,very_old,19,True,yes
benjamin.harris810@gmail.com,Female,Single,True,7,off,premium,4,20,negative,paypal,active,Germany,English,36,25,127,9,True,better,7,8,recent,5,True,no
ann.reed374@gmail.com,Female,Single,False,9,off,premium,9,0,positive,paypal,cancelled,India,Hindi,24,18,114,2,False,better,9,6,recent,1,True,yes
donna.gibson978@gmail.com,Male,Married,False,2,off,premium,9,9,positive,card,expired,Germany,Hindi,7,11,115,9,False,poor,4,1,very_old,8,False,no
michael.mejia765@gmail.com,Female,Single,True,10,off,gold,10,7,negative,upi,cancelled,UK,Hindi,39,12,130,3,True,good,3,5,old,8,False,yes
gina.thompson999@gmail.com,Female,Single,False,5,off,gold,7,14,negative,card,expired,Germany,Telugu,10,8,195,5,True,poor,6,9,very_old,7,True,no
christian.orr731@gmail.com,Female,Single,True,3,on,premium,7,1,neutral,upi,expired,UK,Telugu,33,1,62,9,True,good,14,4,recent,9,False,yes
amanda.hall572@gmail.com,Female,Single,False,10,on,basic,10,8,neutral,card,expired,UK,Telugu,17,5,160,3,True,better,11,0,recent,1,False,no
richard.massey535@gmail.com,Female,Married,False,1,off,gold,7,13,neutral,upi,active,Germany,Telugu,24,25,74,10,True,good,16,9,very_old,9,True,no
anthony.alexander863@gmail.com,Female,Single,True,5,off,premium,7,16,neutral,card,expired,Germany,Telugu,25,8,158,5,True,better,14,2,very_old,11,False,no
cassandra.cortez734@gmail.com,Female,Single,False,7,on,gold,2,4,negative,card,cancelled,US,Hindi,18,14,120,4,False,poor,8,3,very_old,12,True,yes
jason.hahn897@gmail.com,Female,Married,True,3,on,basic,3,5,negative,card,cancelled,US,Telugu,29,21,173,9,False,poor,7,8,very_old,7,True,yes
david.gates133@gmail.com,Female,Single,False,9,off,basic,8,11,negative,card,cancelled,Germany,Telugu,41,22,176,3,True,better,15,6,recent,5,False,yes
kevin.rasmussen658@gmail.com,Female,Married,True,6,on,premium,8,19,negative,card,expired,US,Telugu,17,15,193,9,True,better,19,5,recent,12,True,no
caitlin.bell291@gmail.com,Female,Married,True,7,off,premium,6,4,neutral,paypal,expired,UK,Telugu,38,10,34,6,True,better,9,2,old,13,False,no
brandon.bennett206@gmail.com,Female,Single,False,1,off,gold,10,19,negative,upi,active,Germany,Hindi,23,8,90,4,True,good,16,5,very_old,1,True,no
sara.young166@gmail.com,Female,Married,False,2,off,basic,5,9,neutral,paypal,cancelled,India,Hindi,44,12,51,1,False,better,20,1,old,1,True,no
timothy.merritt214@gmail.com,Male,Single,False,8,off,gold,5,11,positive,card,expired,US,Hindi,9,19,10,2,True,poor,13,0,recent,2,True,yes
breanna.murray691@gmail.com,Male,Married,False,10,on,premium,8,11,neutral,upi,active,US,English,29,15,39,8,False,good,4,1,old,7,False,no
hunter.cruz326@gmail.com,Female,Single,False,6,on,premium,6,4,positive,paypal,cancelled,US,English,23,16,122,9,True,poor,13,10,recent,2,True,no
ryan.cook451@gmail.com,Male,Married,False,9,off,premium,1,10,positive,card,cancelled,India,Telugu,4,9,190,2,False,good,5,8,very_old,3,True,no
patricia.quinn21@gmail.com,Male,Single,True,6,off,gold,5,0,negative,card,active,India,Hindi,21,25,136,1,True,poor,11,5,very_old,12,False,yes
kenneth.jenkins563@gmail.com,Female,Married,False,1,on,premium,3,3,positive,card,cancelled,US,English,26,11,144,1,False,better,8,4,recent,2,False,no
tamara.holden700@gmail.com,Male,Married,True,3,off,gold,6,1,neutral,upi,cancelled,US,Telugu,32,6,122,6,False,good,13,8,old,3,True,yes
mark.francis872@gmail.com,Male,Single,True,1,on,premium,3,9,negative,card,active,India,English,49,22,185,2,False,better,14,10,very_old,2,True,no
adam.hensley747@gmail.com,Female,Married,False,10,on,premium,3,10,neutral,card,expired,India,English,0,18,178,2,False,better,10,8,old,1,True,no
lance.gray293@gmail.com,Female,Single,True,6,off,gold,10,5,negative,paypal,cancelled,UK,English,44,14,88,4,True,good,4,7,very_old,16,False,yes
lisa.rodriguez509@gmail.com,Male,Married,False,1,off,premium,6,9,neutral,paypal,cancelled,UK,English,16,21,153,5,True,poor,1,7,old,20,True,no
rhonda.bush663@gmail.com,Male,Single,False,9,off,basic,6,4,negative,card,cancelled,India,Telugu,13,7,104,5,True,poor,14,6,old,15,True,no
kristin.sanchez128@gmail.com,Female,Married,True,1,on,premium,1,16,neutral,card,active,Germany,English,28,25,25,6,True,better,9,1,recent,17,False,yes
jonathan.perez871@gmail.com,Female,Single,True,3,on,premium,9,11,neutral,upi,cancelled,India,Telugu,26,10,51,8,True,better,17,8,old,7,False,no
richard.hill196@gmail.com,Male,Single,True,4,on,gold,6,8,neutral,upi,cancelled,US,English,6,22,92,5,True,good,5,7,recent,3,True,no
samuel.burgess796@gmail.com,Female,Married,True,10,off,premium,6,15,negative,paypal,expired,Germany,Telugu,31,19,172,9,True,poor,9,4,very_old,2,False,yes
paul.hardin902@gmail.com,Female,Single,True,8,on,gold,3,16,negative,paypal,active,India,English,37,18,169,5,True,good,18,1,old,2,True,no
grace.lopez146@gmail.com,Female,Single,False,2,on,premium,4,9,positive,upi,cancelled,Germany,English,20,21,16,10,False,better,7,3,old,12,True,yes
david.parker415@gmail.com,Female,Single,False,5,on,premium,5,4,neutral,upi,expired,India,Hindi,39,8,172,8,True,better,5,10,old,6,False,no
brandy.bray474@gmail.com,Male,Married,True,6,off,premium,2,12,neutral,card,expired,US,English,48,21,185,5,False,good,7,2,old,6,False,no
chad.mccarty290@gmail.com,Female,Single,False,3,off,premium,8,13,positive,paypal,expired,Germany,Hindi,21,6,188,3,False,poor,5,7,very_old,7,True,yes
jillian.spencer222@gmail.com,Female,Single,True,7,off,gold,4,20,positive,card,expired,India,Telugu,3,19,75,7,True,better,20,9,very_old,9,True,no
jennifer.stafford305@gmail.com,Male,Married,False,1,off,basic,3,2,neutral,upi,expired,Germany,English,20,25,188,4,True,poor,13,1,old,1,False,no
james.kerr804@gmail.com,Female,Married,False,2,off,premium,2,16,negative,card,cancelled,US,Telugu,4,5,152,1,True,good,5,9,very_old,2,False,no
ashley.henry473@gmail.com,Female,Married,True,5,on,premium,9,3,positive,paypal,active,US,Telugu,1,3,111,7,True,good,11,8,very_old,3,False,no
gina.smith669@gmail.com,Male,Single,True,4,on,premium,1,16,neutral,card,active,Germany,Hindi,17,16,127,8,True,poor,20,6,old,13,True,no
jonathan.rivas92@gmail.com,Male,Married,True,9,on,premium,6,20,positive,card,active,UK,Hindi,32,24,40,7,False,better,4,4,recent,14,True,no
samuel.taylor452@gmail.com,Male,Married,False,6,off,premium,8,17,negative,card,active,US,English,33,23,181,10,True,poor,3,10,recent,0,False,yes
jason.johnson516@gmail.com,Female,Married,False,2,off,gold,1,20,positive,upi,active,Germany,English,44,17,173,9,False,poor,6,5,recent,15,False,no
samantha.mcneil820@gmail.com,Female,Married,False,7,off,premium,1,1,positive,upi,cancelled,UK,English,32,17,46,10,False,poor,1,5,recent,17,True,yes
derek.jones791@gmail.com,Male,Married,False,3,off,basic,8,3,negative,card,cancelled,US,English,26,21,39,10,False,better,20,0,old,12,False,yes
erica.moore452@gmail.com,Male,Married,False,8,on,gold,5,11,neutral,card,expired,Germany,English,46,17,63,2,False,poor,9,2,very_old,3,False,yes
mary.hamilton119@gmail.com,Male,Single,True,8,on,premium,4,2,neutral,upi,expired,UK,Hindi,43,9,56,10,True,poor,16,6,recent,13,True,yes
destiny.lee721@gmail.com,Female,Single,False,6,off,premium,10,9,negative,paypal,cancelled,UK,English,41,18,183,10,True,poor,14,4,old,3,True,yes
cassandra.simmons184@gmail.com,Male,Single,False,3,on,gold,5,10,negative,upi,cancelled,UK,Hindi,35,22,39,9,True,good,17,6,recent,3,False,no
chelsey.white503@gmail.com,Male,Married,True,8,on,basic,10,7,neutral,card,active,India,English,50,11,118,4,False,poor,9,5,old,19,True,no
joshua.bean431@gmail.com,Male,Married,False,6,on,premium,6,3,neutral,card,cancelled,India,English,42,15,103,9,False,poor,5,0,recent,3,True,yes
denise.johnson874@gmail.com,Female,Married,False,7,on,premium,2,16,negative,card,cancelled,US,Hindi,27,18,172,8,True,poor,4,8,old,5,True,yes
brenda.brown57@gmail.com,Female,Single,True,8,off,premium,10,9,negative,upi,active,Germany,Telugu,21,18,177,4,False,good,7,9,very_old,11,True,no
lisa.hernandez186@gmail.com,Female,Married,False,7,on,basic,10,19,negative,paypal,active,Germany,Hindi,35,12,180,5,True,better,12,0,very_old,1,True,no
jason.stone588@gmail.com,Male,Single,False,6,off,basic,8,2,positive,card,cancelled,India,Telugu,45,9,88,2,True,better,16,2,recent,14,True,no
mary.golden684@gmail.com,Female,Single,False,8,off,gold,6,9,neutral,card,cancelled,UK,English,24,19,107,5,True,better,17,7,recent,15,True,yes
derek.gutierrez461@gmail.com,Male,Single,True,3,on,gold,1,19,positive,upi,cancelled,US,English,36,3,186,10,True,poor,14,9,very_old,10,True,no
matthew.wong102@gmail.com,Female,Married,False,5,on,gold,9,0,positive,paypal,cancelled,UK,Hindi,48,16,73,6,False,good,17,2,very_old,12,True,no
kristina.williams224@gmail.com,Male,Single,True,9,off,gold,5,17,negative,card,expired,Germany,Telugu,1,14,165,8,False,poor,11,10,old,15,True,yes
blake.richardson663@gmail.com,Male,Married,False,5,on,gold,10,13,negative,card,expired,India,Hindi,47,19,25,2,True,poor,8,2,very_old,14,False,yes
danielle.sherman207@gmail.com,Male,Single,True,1,off,premium,4,1,negative,upi,active,US,Hindi,27,9,59,8,True,poor,11,4,old,5,True,yes
tammy.bishop132@gmail.com,Female,Single,True,3,off,basic,10,3,neutral,paypal,active,Germany,English,12,7,185,4,False,poor,19,9,very_old,8,True,no
john.ryan928@gmail.com,Female,Single,True,3,off,basic,1,9,negative,paypal,active,Germany,Telugu,4,6,191,1,True,poor,14,4,very_old,2,False,no
jennifer.morgan732@gmail.com,Female,Single,True,9,off,basic,3,15,neutral,paypal,active,US,Hindi,1,0,164,4,False,good,19,8,recent,9,False,no
charles.garcia784@gmail.com,Male,Married,True,5,off,basic,2,14,positive,paypal,active,Germany,Telugu,25,8,57,6,True,good,19,1,old,16,False,no
caroline.davis432@gmail.com,Male,Married,False,10,on,premium,1,0,positive,paypal,cancelled,UK,Telugu,33,17,38,7,True,good,13,2,recent,13,True,no
evelyn.wells135@gmail.com,Male,Married,False,6,on,basic,8,9,positive,card,cancelled,Germany,English,3,21,181,1,False,poor,4,0,old,7,False,yes
russell.king92@gmail.com,Female,Single,True,6,off,basic,1,11,neutral,upi,active,India,Hindi,8,13,112,7,False,poor,17,5,recent,12,False,no
linda.thomas470@gmail.com,Female,Married,False,8,off,premium,5,14,neutral,paypal,active,Germany,Telugu,3,20,102,1,False,poor,4,10,old,14,True,no
laura.pearson155@gmail.com,Male,Single,False,6,on,basic,7,15,neutral,upi,active,Germany,Telugu,25,4,177,4,True,better,18,5,old,9,False,no
michael.castaneda348@gmail.com,Male,Married,True,9,off,gold,7,2,positive,paypal,active,UK,Telugu,36,8,197,7,True,better,6,6,very_old,8,True,no
christine.reynolds393@gmail.com,Male,Married,False,1,on,gold,3,8,negative,upi,cancelled,India,Hindi,50,11,35,6,True,better,6,8,very_old,14,True,yes
richard.smith706@gmail.com,Female,Married,False,5,on,gold,1,2,positive,upi,expired,Germany,English,8,16,154,1,False,better,14,1,very_old,7,False,no
brandy.scott338@gmail.com,Female,Single,True,8,off,basic,9,6,neutral,upi,cancelled,India,Telugu,2,1,33,4,True,better,4,1,old,18,False,yes
rodney.diaz282@gmail.com,Male,Single,True,2,on,premium,4,5,positive,card,active,Germany,English,41,18,44,1,True,poor,17,8,very_old,15,True,no
david.villarreal337@gmail.com,Female,Single,True,3,on,gold,6,3,neutral,paypal,active,UK,English,45,18,90,9,False,better,6,7,very_old,11,True,no
kyle.bentley669@gmail.com,Male,Single,False,8,off,basic,3,8,negative,upi,cancelled,US,Telugu,36,3,117,10,False,better,17,1,recent,2,True,yes
amanda.martinez675@gmail.com,Female,Married,True,2,on,gold,9,17,positive,upi,active,India,Hindi,39,13,37,2,True,poor,17,7,recent,4,False,no
megan.villegas838@gmail.com,Male,Single,True,9,on,gold,6,10,positive,paypal,active,UK,English,36,25,41,9,False,better,12,9,old,20,True,no
patrick.yu627@gmail.com,Male,Single,True,8,off,premium,7,15,neutral,paypal,active,Germany,Hindi,18,4,162,4,True,poor,15,6,recent,2,False,no
ashley.smith45@gmail.com,Male,Married,True,6,on,gold,5,10,neutral,paypal,active,Germany,Hindi,4,12,88,7,False,poor,12,10,very_old,3,False,no
richard.george701@gmail.com,Male,Married,False,2,off,basic,2,9,negative,upi,expired,US,Telugu,7,7,66,1,False,better,9,3,recent,15,False,yes
cynthia.conley243@gmail.com,Female,Married,True,8,off,basic,2,10,positive,card,expired,India,Telugu,13,11,43,2,False,better,3,4,old,15,True,no
daniel.alvarez425@gmail.com,Female,Single,False,7,on,gold,8,9,negative,paypal,cancelled,Germany,Hindi,6,18,137,3,True,good,4,2,very_old,18,True,yes
jason.barron759@gmail.com,Male,Single,False,5,off,gold,8,4,positive,paypal,expired,UK,Telugu,37,10,79,7,False,good,17,6,recent,14,True,yes
kevin.stevens102@gmail.com,Female,Married,False,9,off,premium,10,3,positive,upi,cancelled,UK,Telugu,29,22,140,1,True,poor,14,7,very_old,0,False,no
matthew.stevens613@gmail.com,Female,Single,True,4,off,premium,1,3,negative,paypal,active,India,English,1,20,61,7,False,better,5,4,old,2,False,no
donald.sanchez684@gmail.com,Male,Married,True,5,off,gold,2,2,negative,card,cancelled,India,Hindi,45,3,161,4,False,poor,8,0,very_old,3,False,yes
karen.chambers230@gmail.com,Male,Married,False,2,off,gold,3,20,neutral,upi,expired,Germany,Hindi,34,14,191,6,False,good,8,5,very_old,13,False,yes
april.smith737@gmail.com,Female,Married,True,1,on,premium,8,6,negative,upi,active,US,Hindi,0,15,90,10,True,poor,18,6,old,17,False,no
victoria.cunningham588@gmail.com,Male,Married,True,7,off,premium,8,15,negative,card,active,US,Telugu,10,2,124,8,False,better,8,7,very_old,13,False,no
deborah.robles115@gmail.com,Female,Single,True,2,on,basic,3,9,neutral,upi,cancelled,UK,English,10,23,36,10,True,good,15,3,old,8,True,no
russell.mcguire117@gmail.com,Male,Single,True,8,on,gold,3,0,negative,card,cancelled,India,English,32,14,89,4,True,better,1,6,recent,6,True,yes
cole.johnson143@gmail.com,Female,Married,False,7,off,gold,4,11,negative,upi,expired,India,Telugu,10,25,12,6,True,better,6,3,very_old,8,False,no
john.middleton118@gmail.com,Female,Married,True,4,on,basic,5,19,positive,paypal,expired,Germany,English,2,1,111,1,True,poor,10,9,old,12,True,no
jessica.james664@gmail.com,Female,Married,True,7,on,gold,6,20,negative,paypal,cancelled,UK,Hindi,0,14,29,5,True,good,12,6,very_old,2,False,yes
monica.hall970@gmail.com,Female,Single,False,4,on,premium,6,16,negative,card,active,US,Hindi,24,7,156,8,False,better,14,10,recent,7,False,no
robert.lamb435@gmail.com,Male,Married,True,5,off,basic,7,20,negative,upi,expired,US,Hindi,46,12,79,5,True,poor,8,0,recent,20,False,yes
julie.rios526@gmail.com,Female,Married,True,8,on,premium,7,12,neutral,paypal,cancelled,India,Telugu,11,4,101,1,True,poor,1,2,old,20,True,no
phillip.anderson228@gmail.com,Male,Married,False,7,off,premium,4,13,neutral,card,active,Germany,Telugu,26,19,25,10,False,poor,13,8,recent,5,True,no
sarah.evans577@gmail.com,Female,Married,True,7,off,gold,6,2,positive,upi,active,UK,Telugu,30,17,93,5,False,good,15,9,old,3,True,no
sarah.griffith294@gmail.com,Male,Single,True,7,off,premium,9,15,negative,card,expired,UK,Telugu,20,19,181,2,False,better,18,4,very_old,14,True,no
joel.cox702@gmail.com,Female,Single,True,1,off,basic,1,18,neutral,card,expired,India,Telugu,6,11,67,1,False,poor,15,6,old,12,True,no
lori.briggs241@gmail.com,Female,Single,False,2,on,basic,3,0,neutral,upi,expired,India,Hindi,13,8,158,1,False,good,11,1,very_old,7,False,no
michael.cooper270@gmail.com,Male,Married,False,6,on,basic,8,0,positive,upi,active,US,English,23,19,66,3,False,good,18,2,recent,8,True,no
corey.weiss242@gmail.com,Female,Married,True,3,off,basic,8,7,neutral,card,expired,Germany,English,12,10,64,4,True,poor,14,8,old,5,False,yes
charles.compton657@gmail.com,Female,Single,False,9,off,premium,10,7,neutral,upi,expired,Germany,English,14,10,11,8,False,good,6,1,very_old,4,True,no
elizabeth.brown197@gmail.com,Male,Married,True,5,off,premium,9,19,neutral,paypal,active,UK,Hindi,20,3,180,5,False,poor,8,0,recent,6,True,no
adam.bell854@gmail.com,Female,Married,False,6,off,premium,4,3,negative,card,expired,US,Telugu,43,21,144,4,False,good,17,5,recent,0,True,yes
cynthia.hayes164@gmail.com,Female,Single,False,1,on,premium,3,11,neutral,paypal,cancelled,India,Telugu,40,3,105,3,True,better,12,2,recent,3,True,yes
joel.white540@gmail.com,Male,Single,False,3,off,premium,5,4,neutral,paypal,active,Germany,Hindi,36,7,107,10,False,poor,20,7,very_old,14,False,yes
steven.moore193@gmail.com,Female,Single,True,8,off,basic,9,1,negative,card,cancelled,Germany,English,35,12,63,6,False,good,12,7,recent,5,True,yes
megan.doyle897@gmail.com,Male,Single,False,9,on,premium,10,6,positive,paypal,active,India,Telugu,20,8,11,2,False,good,12,4,old,1,True,no
jessica.jackson591@gmail.com,Male,Single,True,8,on,basic,8,16,neutral,upi,cancelled,UK,Hindi,44,9,167,7,True,better,2,5,old,3,True,yes
jeffery.freeman64@gmail.com,Female,Single,False,10,on,premium,2,8,positive,card,expired,US,English,13,0,161,8,True,poor,16,4,old,17,False,no
melissa.espinoza479@gmail.com,Female,Single,False,1,on,premium,3,4,positive,upi,cancelled,US,Hindi,24,6,151,3,False,poor,18,1,old,1,False,no
brittany.brown313@gmail.com,Male,Single,False,10,on,gold,9,13,positive,card,cancelled,US,English,43,19,48,9,False,good,10,6,old,4,False,yes
emily.pham726@gmail.com,Female,Married,True,1,off,premium,7,4,neutral,paypal,expired,UK,Telugu,43,2,69,2,False,poor,10,10,recent,14,False,yes
jonathan.webb747@gmail.com,Male,Single,True,6,off,gold,8,10,positive,upi,expired,India,Telugu,25,24,68,2,False,good,3,7,old,20,False,yes
valerie.serrano380@gmail.com,Male,Married,False,4,off,gold,2,12,negative,card,expired,India,Telugu,17,3,176,9,True,good,17,9,old,13,True,yes
anthony.gibbs860@gmail.com,Male,Single,False,7,on,premium,8,15,negative,upi,cancelled,UK,Telugu,20,4,189,3,True,poor,8,1,old,6,False,yes
sabrina.morse830@gmail.com,Male,Single,True,1,off,gold,8,10,negative,card,expired,UK,English,22,3,167,1,True,better,3,1,very_old,18,True,yes
jonathan.robertson629@gmail.com,Female,Single,False,6,on,gold,10,13,negative,upi,expired,India,Hindi,38,22,195,9,False,poor,18,10,recent,2,False,yes
john.ford958@gmail.com,Male,Married,True,5,on,gold,1,13,negative,card,cancelled,US,Telugu,28,8,119,4,False,poor,18,8,very_old,20,True,yes
tanya.hunter592@gmail.com,Male,Single,False,7,on,premium,4,14,negative,upi,active,US,Telugu,49,11,22,10,True,poor,14,8,old,16,False,no
jose.proctor642@gmail.com,Female,Single,True,1,on,premium,2,16,neutral,card,active,US,English,36,2,172,7,False,good,2,5,very_old,2,False,no
april.johnson490@gmail.com,Male,Single,True,6,off,basic,2,4,negative,card,active,UK,Hindi,30,9,106,5,False,better,2,5,very_old,18,False,no
douglas.alvarez0@gmail.com,Female,Single,True,10,on,premium,8,14,negative,card,cancelled,US,English,11,20,132,6,True,poor,14,9,old,11,False,no
meghan.davis433@gmail.com,Male,Single,True,4,on,premium,1,13,positive,paypal,cancelled,India,English,2,6,61,1,False,good,2,1,old,8,False,no
jose.edwards721@gmail.com,Female,Single,False,1,on,basic,10,6,negative,card,expired,India,Telugu,12,16,167,6,False,better,19,6,very_old,5,False,yes
ryan.mckinney486@gmail.com,Female,Single,True,3,off,basic,9,16,neutral,card,cancelled,UK,Telugu,20,15,116,10,False,better,11,1,old,18,True,yes
john.novak595@gmail.com,Female,Single,True,9,off,gold,8,9,neutral,paypal,active,US,English,4,8,130,5,False,poor,19,9,old,15,False,no
andrea.gibson322@gmail.com,Female,Married,False,3,on,gold,4,18,negative,upi,active,India,Telugu,45,25,48,6,False,better,16,4,recent,19,False,no
jordan.horne478@gmail.com,Male,Single,False,2,off,gold,2,16,neutral,card,expired,Germany,English,32,7,83,5,False,good,12,6,old,10,False,no
kevin.perkins484@gmail.com,Female,Single,True,10,off,premium,10,7,neutral,upi,active,UK,Hindi,31,16,122,5,True,good,15,1,very_old,6,True,no
carolyn.thomas681@gmail.com,Female,Single,False,3,off,gold,5,12,positive,card,active,US,English,16,14,74,5,True,poor,15,10,old,14,True,no
joseph.rivera596@gmail.com,Male,Married,False,9,on,premium,1,9,positive,card,cancelled,US,Hindi,24,4,112,3,True,better,15,4,old,10,False,no
benjamin.thomas669@gmail.com,Male,Single,False,3,off,premium,8,1,negative,card,cancelled,UK,English,42,22,111,3,False,poor,14,4,very_old,6,False,no
kimberly.medina433@gmail.com,Male,Single,False,5,on,gold,7,18,positive,paypal,expired,US,Telugu,7,11,82,10,False,better,15,5,recent,6,True,no
edward.sanders232@gmail.com,Female,Single,False,6,on,basic,10,8,neutral,upi,cancelled,US,Telugu,19,6,90,2,False,better,7,5,very_old,16,True,yes
william.duffy16@gmail.com,Male,Married,True,4,on,gold,10,14,neutral,upi,expired,UK,English,3,11,73,7,True,good,1,9,recent,19,True,yes
christopher.gonzalez555@gmail.com,Male,Married,False,2,on,gold,7,18,positive,upi,cancelled,Germany,English,43,3,32,6,True,better,11,5,old,9,False,yes
kelly.rodriguez348@gmail.com,Male,Married,False,5,on,basic,2,0,negative,card,active,UK,Telugu,17,5,24,5,True,better,1,7,old,2,False,no
kathy.roman973@gmail.com,Female,Single,False,5,off,premium,10,19,neutral,upi,cancelled,Germany,Telugu,12,24,135,10,True,good,15,5,recent,18,False,yes
kelly.lee121@gmail.com,Female,Single,False,2,on,premium,4,1,positive,paypal,cancelled,US,Telugu,28,20,175,1,True,poor,13,7,old,2,True,yes
jessica.carter407@gmail.com,Male,Single,False,1,on,basic,5,13,negative,paypal,active,US,English,36,14,35,6,True,poor,7,5,recent,9,True,no
jason.quinn608@gmail.com,Male,Married,True,1,off,premium,8,1,neutral,upi,expired,US,Telugu,39,21,162,2,False,good,16,4,recent,8,False,no
crystal.vaughn456@gmail.com,Female,Single,False,9,on,basic,5,4,positive,card,expired,US,Telugu,36,0,137,4,False,better,20,1,old,2,False,no
antonio.keller629@gmail.com,Male,Single,True,1,off,gold,2,11,neutral,paypal,active,India,Hindi,41,6,64,5,False,poor,1,9,very_old,16,False,no
renee.lopez206@gmail.com,Male,Single,False,5,on,premium,5,11,negative,upi,active,UK,English,3,19,11,10,False,poor,17,6,old,11,False,no
tracy.long83@gmail.com,Female,Married,False,2,on,basic,10,3,positive,card,cancelled,UK,English,3,23,164,3,False,better,7,6,very_old,2,True,no
anthony.miller768@gmail.com,Male,Married,True,3,on,basic,10,5,negative,paypal,cancelled,UK,Hindi,49,22,147,8,True,better,6,9,recent,9,False,yes
mark.grant395@gmail.com,Female,Single,True,7,on,gold,1,18,neutral,paypal,expired,Germany,Telugu,37,12,168,10,False,better,9,8,old,10,False,no
david.lewis484@gmail.com,Male,Single,True,6,on,basic,5,3,negative,upi,cancelled,UK,Telugu,31,17,131,10,False,better,14,8,old,17,False,yes
yvonne.levy859@gmail.com,Female,Single,False,1,off,premium,2,10,positive,card,active,UK,Telugu,16,7,72,10,True,better,16,1,very_old,6,False,no
micheal.bonilla791@gmail.com,Male,Single,False,10,off,premium,7,20,negative,upi,cancelled,India,English,36,1,24,5,False,better,11,1,recent,6,True,yes
aaron.mahoney493@gmail.com,Male,Single,True,10,off,gold,9,19,positive,upi,cancelled,India,English,19,18,200,10,False,good,8,7,old,9,False,no
eric.morris52@gmail.com,Male,Married,True,10,off,basic,10,5,negative,card,cancelled,US,Hindi,2,3,195,3,True,poor,1,0,old,11,False,no
tina.coleman781@gmail.com,Female,Single,True,3,off,basic,4,4,positive,paypal,cancelled,Germany,Hindi,0,8,129,6,False,good,12,9,old,0,False,no
david.jones802@gmail.com,Female,Married,True,3,on,premium,3,10,negative,upi,cancelled,US,Hindi,24,15,178,2,False,poor,20,5,very_old,13,False,no
matthew.young763@gmail.com,Female,Married,True,10,on,premium,9,3,positive,card,active,India,Hindi,5,17,87,10,True,good,8,1,old,0,False,no
ashley.kennedy93@gmail.com,Female,Single,False,6,on,gold,7,9,neutral,paypal,active,Germany,Telugu,33,17,93,6,True,poor,13,6,recent,4,False,no
katherine.riley810@gmail.com,Male,Single,True,3,off,basic,1,19,neutral,card,cancelled,India,Telugu,50,8,167,9,False,better,1,4,recent,19,False,yes
jorge.williams84@gmail.com,Female,Single,False,2,on,basic,2,17,positive,paypal,active,UK,English,45,15,200,5,True,poor,18,4,old,11,True,no
jared.wells888@gmail.com,Female,Single,False,6,on,premium,9,9,negative,card,active,Germany,English,1,4,111,4,True,better,10,5,old,0,True,no
hailey.mcclain39@gmail.com,Female,Married,True,8,off,premium,5,16,neutral,upi,expired,Germany,Telugu,25,8,87,5,True,good,3,0,recent,14,True,no
samuel.phillips713@gmail.com,Male,Single,True,6,off,basic,9,9,positive,card,cancelled,India,Telugu,28,13,12,3,True,better,13,9,old,10,True,yes
anthony.terrell641@gmail.com,Male,Single,False,8,off,premium,2,7,neutral,paypal,expired,UK,Telugu,44,14,29,2,False,poor,6,9,old,17,True,yes
mercedes.stein751@gmail.com,Male,Single,False,3,off,basic,2,14,positive,paypal,cancelled,US,Hindi,50,13,78,9,True,poor,4,10,recent,11,False,yes
joseph.clayton345@gmail.com,Male,Married,False,6,off,premium,7,2,neutral,upi,active,Germany,English,42,5,28,2,True,better,4,8,old,16,False,no
tommy.garrett215@gmail.com,Female,Married,False,9,off,premium,1,12,negative,upi,cancelled,India,Hindi,14,25,37,2,True,poor,16,9,old,2,True,yes
yolanda.gutierrez360@gmail.com,Male,Married,False,2,off,basic,7,19,negative,paypal,cancelled,India,Hindi,44,13,183,6,True,good,17,4,very_old,12,True,yes
james.lin389@gmail.com,Female,Married,True,4,on,basic,8,5,neutral,paypal,active,Germany,English,43,4,188,8,True,poor,16,5,very_old,11,True,no
judith.juarez713@gmail.com,Male,Married,False,8,off,basic,6,1,neutral,paypal,cancelled,UK,Hindi,34,23,199,8,False,good,9,9,very_old,0,True,no
kim.flores746@gmail.com,Male,Married,True,10,on,basic,10,14,positive,card,cancelled,India,Hindi,7,12,106,4,True,good,6,0,very_old,15,False,no
rebecca.harris279@gmail.com,Male,Single,False,7,off,gold,6,12,negative,card,cancelled,Germany,English,15,16,99,5,True,poor,17,5,recent,7,True,no
rachel.phillips58@gmail.com,Male,Single,True,6,on,gold,1,2,negative,card,expired,UK,Telugu,16,25,169,10,True,better,20,6,old,13,True,no
kenneth.gonzalez235@gmail.com,Female,Married,True,6,on,premium,1,11,neutral,paypal,cancelled,Germany,English,45,1,189,2,True,good,18,6,recent,0,True,yes
michelle.barrera168@gmail.com,Female,Married,True,2,off,premium,9,17,neutral,upi,expired,Germany,English,4,2,92,3,False,good,17,3,recent,1,False,no
sydney.barrera833@gmail.com,Male,Single,False,10,off,gold,7,5,negative,card,expired,India,Telugu,47,18,62,8,False,better,1,8,very_old,1,False,yes
alexander.crawford355@gmail.com,Female,Married,True,6,on,premium,4,19,positive,upi,expired,UK,Hindi,35,22,71,2,True,better,14,0,old,8,True,yes
greg.hernandez671@gmail.com,Female,Married,True,1,off,gold,6,5,negative,card,cancelled,India,English,21,19,168,4,False,poor,6,3,recent,0,True,yes
colleen.joseph415@gmail.com,Male,Single,False,7,off,basic,1,11,positive,paypal,cancelled,UK,English,45,10,158,10,True,poor,13,10,old,14,False,no
erin.carlson394@gmail.com,Male,Married,False,10,off,gold,10,20,positive,upi,expired,India,English,10,12,123,9,True,poor,11,5,old,2,True,no
samantha.harper177@gmail.com,Female,Single,False,2,off,premium,9,0,neutral,paypal,cancelled,India,Hindi,22,8,182,9,False,better,4,10,old,18,False,yes
gabriel.walters633@gmail.com,Female,Married,False,4,on,premium,9,13,negative,upi,active,US,Hindi,25,16,200,4,True,good,1,2,very_old,20,True,no
jessica.miller616@gmail.com,Male,Married,True,6,off,gold,5,16,negative,card,cancelled,Germany,Hindi,13,5,67,7,True,better,20,6,recent,2,True,no
maxwell.schneider390@gmail.com,Female,Single,False,7,off,premium,2,6,positive,paypal,active,UK,Telugu,47,9,45,7,False,better,3,1,very_old,20,False,no
gabriel.parker766@gmail.com,Male,Single,False,4,on,gold,7,13,neutral,paypal,active,UK,Hindi,17,19,142,4,True,good,9,6,old,2,False,no
john.kennedy416@gmail.com,Male,Single,False,5,off,premium,4,13,positive,paypal,active,Germany,Telugu,23,14,51,6,False,poor,1,5,old,14,True,no
lonnie.sims20@gmail.com,Female,Married,True,7,off,premium,10,5,negative,card,expired,US,Telugu,29,12,200,4,True,good,8,5,old,12,False,yes
jennifer.wright857@gmail.com,Male,Married,False,4,off,premium,6,17,neutral,paypal,active,Germany,English,46,19,173,5,True,good,12,2,very_old,20,True,no
joanne.kelly459@gmail.com,Male,Married,False,6,on,gold,3,0,positive,card,expired,India,English,10,25,89,10,False,better,10,9,recent,7,False,yes
alyssa.chavez619@gmail.com,Male,Single,True,8,on,basic,7,4,neutral,paypal,active,Germany,Telugu,33,12,62,9,False,poor,20,2,old,12,False,no
zachary.jones346@gmail.com,Male,Married,True,2,off,premium,2,13,negative,paypal,expired,India,Telugu,34,4,184,7,False,better,10,7,old,6,True,yes
ryan.clark91@gmail.com,Female,Married,True,7,on,gold,6,15,positive,upi,cancelled,UK,Telugu,48,20,114,9,True,good,4,7,very_old,7,False,yes
joshua.king696@gmail.com,Male,Married,False,10,off,gold,8,9,positive,upi,cancelled,UK,Telugu,50,2,147,1,True,good,9,2,very_old,9,False,yes
nathaniel.williamson682@gmail.com,Female,Single,True,4,on,premium,2,15,positive,card,expired,Germany,English,9,7,23,3,True,better,3,4,recent,9,True,no
joy.pineda762@gmail.com,Female,Single,True,8,off,gold,9,11,positive,paypal,cancelled,Germany,Telugu,8,21,132,6,True,better,9,0,very_old,1,True,no
megan.sanchez603@gmail.com,Male,Married,True,10,off,gold,6,5,negative,card,active,India,Telugu,33,8,33,5,True,better,18,1,old,4,False,no
joshua.reese576@gmail.com,Male,Married,True,2,off,premium,1,7,negative,paypal,expired,US,English,26,8,94,6,True,better,13,6,old,8,False,yes
kenneth.spence674@gmail.com,Male,Single,False,8,on,premium,3,4,negative,card,expired,US,Telugu,7,0,142,10,False,poor,16,8,recent,0,False,no
monica.soto611@gmail.com,Male,Married,True,1,off,premium,10,19,positive,upi,active,UK,Hindi,22,17,87,3,True,good,8,10,old,9,False,no
jennifer.freeman776@gmail.com,Male,Single,False,6,off,basic,5,18,positive,upi,active,India,Hindi,38,13,124,2,True,good,3,3,very_old,12,False,yes
michael.rhodes436@gmail.com,Female,Married,False,2,off,basic,10,5,positive,card,cancelled,UK,Hindi,8,17,55,7,False,poor,18,6,very_old,9,False,no
rodney.mcneil445@gmail.com,Female,Single,False,3,off,gold,4,1,positive,card,cancelled,UK,English,13,3,102,6,False,good,1,1,recent,13,False,no
linda.mitchell34@gmail.com,Female,Married,True,6,on,basic,10,20,positive,upi,expired,India,Telugu,25,25,22,3,False,good,13,0,old,6,False,no
william.russell784@gmail.com,Female,Married,False,5,off,premium,10,9,negative,card,expired,Germany,English,33,23,70,5,False,good,18,9,recent,4,True,yes
suzanne.garcia812@gmail.com,Male,Single,True,9,off,premium,9,14,neutral,upi,active,UK,Telugu,49,2,119,3,True,better,6,8,old,2,False,no
john.henry256@gmail.com,Female,Single,False,3,on,premium,2,15,neutral,card,expired,Germany,Telugu,20,7,104,9,True,poor,6,7,recent,19,False,yes
bonnie.cooper220@gmail.com,Female,Single,True,10,on,basic,8,17,neutral,paypal,active,UK,Telugu,4,12,57,8,False,poor,7,9,very_old,17,False,no
roy.rogers185@gmail.com,Female,Single,True,1,off,basic,4,11,negative,paypal,active,India,English,38,12,32,2,True,better,12,8,old,2,False,no
julia.brady215@gmail.com,Male,Married,True,6,off,basic,4,15,positive,upi,cancelled,US,Telugu,48,22,39,9,True,better,17,7,old,13,True,yes
diana.smith768@gmail.com,Male,Single,True,2,off,basic,6,20,negative,card,cancelled,Germany,Telugu,19,23,49,6,False,better,4,5,recent,12,False,yes
james.moore627@gmail.com,Female,Single,True,2,off,basic,5,7,negative,paypal,cancelled,India,Telugu,43,2,186,10,False,poor,3,6,very_old,0,True,no
jamie.harrell317@gmail.com,Male,Single,True,2,on,premium,6,10,positive,upi,cancelled,US,Telugu,0,13,142,6,False,good,15,6,old,15,True,no
nicole.james815@gmail.com,Female,Single,True,10,off,basic,10,17,positive,card,cancelled,UK,Hindi,11,24,37,7,True,good,16,6,very_old,16,True,no
christine.haley698@gmail.com,Female,Single,True,9,on,premium,4,8,neutral,paypal,cancelled,US,Telugu,40,18,49,10,False,poor,20,2,recent,13,True,no
angel.henson574@gmail.com,Male,Married,True,8,on,basic,5,7,neutral,paypal,active,UK,English,11,18,109,6,True,good,18,6,very_old,14,False,no
john.foster687@gmail.com,Female,Married,True,3,off,gold,4,10,neutral,card,active,US,Telugu,46,1,174,10,False,poor,14,3,recent,8,True,no
kimberly.howard557@gmail.com,Female,Married,True,10,on,basic,4,20,positive,upi,active,UK,Hindi,7,12,85,7,False,better,20,10,very_old,5,True,no
timothy.porter194@gmail.com,Female,Single,False,2,off,premium,2,0,positive,upi,cancelled,US,Hindi,38,17,63,2,True,good,11,2,old,1,True,yes
amanda.gill189@gmail.com,Male,Married,False,5,off,basic,1,11,positive,upi,cancelled,India,English,45,3,48,6,False,better,15,8,old,1,True,no
richard.nelson552@gmail.com,Female,Single,True,4,off,premium,8,11,positive,paypal,cancelled,US,English,6,17,125,1,False,good,6,3,old,17,False,no
tanya.steele951@gmail.com,Male,Single,True,1,on,gold,1,7,negative,card,active,UK,Telugu,48,12,45,2,False,better,3,10,recent,8,True,no
karina.ramos834@gmail.com,Male,Single,True,1,off,premium,6,11,neutral,paypal,cancelled,UK,Hindi,42,10,34,3,False,good,7,7,old,14,True,yes
shelly.deleon299@gmail.com,Female,Single,True,10,on,gold,8,8,neutral,upi,active,Germany,English,34,24,119,1,True,good,6,4,old,13,False,no
alexandra.logan738@gmail.com,Male,Married,False,1,on,premium,10,5,positive,card,expired,UK,Hindi,31,14,14,8,False,poor,18,5,very_old,18,True,no
david.gilbert925@gmail.com,Female,Married,True,2,off,basic,7,12,negative,paypal,cancelled,India,English,37,25,21,8,True,poor,1,0,very_old,1,False,yes
mathew.turner56@gmail.com,Male,Single,False,9,on,gold,10,16,negative,card,cancelled,Germany,English,14,22,174,8,False,good,16,1,recent,12,False,no
rachael.jackson600@gmail.com,Female,Married,True,10,on,premium,7,6,neutral,card,expired,India,Hindi,31,15,154,9,False,good,18,6,old,6,False,no
donald.payne188@gmail.com,Female,Married,False,6,on,basic,7,1,neutral,card,active,Germany,Hindi,46,10,46,3,True,poor,2,10,very_old,4,False,yes
michelle.english712@gmail.com,Female,Married,True,6,off,gold,10,10,positive,paypal,expired,US,Telugu,43,6,79,7,False,poor,8,3,old,12,True,yes
johnny.hunter473@gmail.com,Female,Married,False,4,off,gold,9,19,negative,upi,cancelled,India,Telugu,24,3,39,6,False,good,11,3,recent,4,False,yes
justin.byrd428@gmail.com,Female,Single,False,2,on,premium,3,6,positive,upi,active,UK,Hindi,36,22,139,6,True,good,11,0,recent,1,True,no
andrew.robles957@gmail.com,Male,Single,False,6,on,premium,4,10,negative,card,expired,UK,Hindi,17,7,166,8,True,good,19,10,recent,9,False,yes
deborah.roberts24@gmail.com,Female,Single,True,10,on,premium,4,17,neutral,card,expired,UK,Hindi,26,25,194,5,True,poor,8,8,recent,8,False,yes
angela.diaz147@gmail.com,Male,Single,True,5,off,premium,6,14,neutral,upi,active,UK,Telugu,19,15,105,1,True,good,4,5,old,2,True,no
chad.miller801@gmail.com,Female,Single,True,2,off,premium,10,14,positive,upi,cancelled,UK,English,39,12,151,1,False,better,5,3,old,12,False,yes
stephen.house22@gmail.com,Female,Married,True,8,on,gold,7,12,positive,upi,active,UK,Hindi,48,3,110,4,False,better,15,3,recent,10,True,no
anne.tyler46@gmail.com,Male,Single,False,10,on,gold,3,1,positive,upi,active,US,Hindi,33,1,11,7,False,better,14,7,very_old,1,True,no
jesse.robinson539@gmail.com,Female,Single,False,10,on,basic,3,11,negative,card,expired,India,Hindi,34,19,34,3,True,poor,7,9,very_old,20,False,yes
anita.carpenter266@gmail.com,Female,Married,False,3,off,premium,3,18,neutral,paypal,active,Germany,Telugu,6,18,133,7,True,good,12,8,old,11,True,no
patrick.gonzalez480@gmail.com,Male,Married,True,3,on,gold,8,2,negative,upi,active,UK,Telugu,26,1,150,8,False,good,12,9,recent,12,True,no
monica.olson495@gmail.com,Male,Single,False,3,on,premium,4,18,negative,upi,cancelled,UK,English,10,15,182,3,False,better,14,4,old,9,False,yes
joseph.shelton909@gmail.com,Female,Married,False,2,off,premium,6,19,positive,card,expired,India,Telugu,49,25,130,1,False,good,4,5,old,13,True,yes
madison.wagner650@gmail.com,Female,Single,True,4,on,basic,1,16,neutral,paypal,active,India,Telugu,33,22,40,6,True,good,7,5,recent,13,False,no
michael.white146@gmail.com,Male,Married,False,5,off,gold,4,1,neutral,upi,cancelled,India,Telugu,5,25,168,3,False,good,17,4,very_old,6,False,no
carlos.osborne375@gmail.com,Male,Single,True,3,on,premium,6,15,negative,upi,active,India,Hindi,31,0,28,6,False,better,20,10,recent,18,False,no
thomas.juarez546@gmail.com,Male,Single,False,2,off,premium,9,7,positive,card,cancelled,US,English,19,15,87,7,True,poor,7,3,very_old,3,True,no
michael.nguyen408@gmail.com,Male,Married,True,6,off,gold,5,17,neutral,card,cancelled,Germany,Telugu,2,21,17,3,False,good,4,10,old,0,False,no
melissa.hopkins765@gmail.com,Male,Single,False,4,on,basic,3,12,positive,paypal,cancelled,India,Hindi,39,0,30,7,False,good,9,8,very_old,20,True,yes
sara.hart103@gmail.com,Male,Married,True,7,off,premium,3,6,positive,card,expired,India,Hindi,6,7,179,10,True,poor,16,1,old,7,True,no
john.espinoza661@gmail.com,Male,Married,False,1,on,basic,5,11,negative,upi,active,Germany,English,14,9,200,8,False,poor,9,5,old,7,True,no
rebecca.york145@gmail.com,Female,Single,False,4,off,basic,3,20,negative,card,expired,Germany,English,32,15,55,3,False,poor,6,7,very_old,7,True,no
steven.mayer455@gmail.com,Female,Married,True,1,off,gold,3,14,neutral,paypal,cancelled,US,English,29,15,62,2,False,better,15,2,old,7,True,no
jessica.carter475@gmail.com,Female,Single,False,1,on,premium,2,16,neutral,card,active,Germany,Hindi,7,14,155,9,True,poor,9,2,recent,8,True,no
sheila.hill624@gmail.com,Female,Single,False,5,off,basic,8,18,positive,card,active,India,Telugu,0,20,182,6,True,poor,1,10,recent,9,True,no
thomas.garcia902@gmail.com,Female,Single,False,10,off,basic,2,1,negative,card,active,UK,Hindi,36,18,112,9,False,better,4,4,recent,18,False,no
kathryn.williams641@gmail.com,Male,Single,False,4,on,premium,4,7,negative,upi,active,India,Hindi,40,3,81,6,True,better,1,7,very_old,7,True,no
christopher.montoya908@gmail.com,Female,Single,False,8,on,basic,7,13,positive,card,expired,UK,English,35,20,153,3,False,poor,10,1,old,14,False,no
john.smith626@gmail.com,Female,Married,False,1,off,gold,2,1,positive,upi,expired,US,English,3,2,150,1,False,better,19,6,very_old,11,False,yes
james.turner474@gmail.com,Female,Married,True,7,off,premium,5,1,negative,card,active,India,Hindi,33,16,82,3,False,good,10,9,very_old,8,True,no
patrick.chen455@gmail.com,Male,Single,True,7,on,gold,2,11,negative,card,active,India,English,1,18,110,3,False,good,7,8,very_old,15,False,no
mark.simmons473@gmail.com,Female,Single,False,7,off,basic,7,6,negative,card,active,India,Telugu,20,14,149,7,True,good,8,8,old,9,True,no
brian.cohen419@gmail.com,Male,Married,False,10,off,basic,4,1,negative,paypal,expired,India,Hindi,11,22,136,2,False,good,14,4,old,1,False,yes
sarah.moore467@gmail.com,Male,Married,True,5,off,basic,6,16,neutral,paypal,expired,India,English,4,24,162,1,False,good,20,0,very_old,3,True,no
patrick.valdez890@gmail.com,Female,Single,False,1,on,gold,4,10,negative,card,active,US,Hindi,48,16,59,9,False,better,17,9,very_old,7,False,yes
laura.davis791@gmail.com,Male,Single,True,7,on,gold,4,15,positive,paypal,expired,Germany,Hindi,50,4,97,7,True,better,12,4,old,11,True,yes
christopher.kelly762@gmail.com,Female,Married,True,5,on,gold,2,3,negative,card,expired,Germany,Telugu,18,19,73,10,False,poor,17,7,old,0,True,yes
jonathan.evans584@gmail.com,Male,Single,False,10,off,premium,3,5,positive,upi,expired,Germany,English,26,22,99,7,True,poor,1,8,old,10,True,no
dale.banks631@gmail.com,Female,Married,False,2,on,basic,6,3,neutral,upi,active,India,English,14,14,137,9,False,poor,1,4,very_old,16,False,no
stacey.hansen571@gmail.com,Female,Married,False,5,on,basic,6,10,negative,card,cancelled,Germany,English,22,21,151,2,False,better,18,5,recent,7,False,yes
gregory.lopez137@gmail.com,Male,Married,False,5,on,gold,5,10,neutral,paypal,expired,US,Hindi,31,4,76,2,True,poor,12,8,recent,20,True,no
curtis.walker845@gmail.com,Female,Married,False,1,off,gold,9,13,neutral,paypal,cancelled,India,Telugu,40,17,166,9,False,poor,1,1,very_old,1,False,yes
christina.lowe575@gmail.com,Male,Married,True,8,on,gold,2,10,negative,card,expired,India,Telugu,41,17,82,10,False,poor,16,9,old,13,True,yes
nathan.duran440@gmail.com,Female,Married,False,5,off,gold,9,6,negative,upi,expired,Germany,English,9,10,37,10,False,good,13,6,very_old,13,False,yes
sharon.kent772@gmail.com,Male,Married,True,8,on,premium,5,10,negative,paypal,expired,India,English,8,1,93,1,False,good,13,5,old,18,True,yes
thomas.wilson803@gmail.com,Female,Single,False,2,off,gold,4,13,negative,card,expired,Germany,Telugu,12,23,126,8,False,good,12,0,recent,3,True,no
steven.williams888@gmail.com,Male,Single,True,10,off,basic,6,2,positive,upi,cancelled,UK,English,39,12,150,10,False,better,14,5,old,3,True,yes
caitlyn.ware159@gmail.com,Male,Married,False,8,on,basic,4,7,neutral,card,cancelled,India,Telugu,45,14,31,3,False,good,10,8,recent,13,False,yes
chloe.williams390@gmail.com,Male,Single,False,1,on,basic,1,19,neutral,upi,expired,Germany,English,48,8,57,6,False,poor,20,8,old,13,False,yes
travis.mckay53@gmail.com,Female,Single,False,5,on,gold,9,13,positive,upi,expired,Germany,English,48,17,172,8,True,good,6,10,old,17,False,yes
rebecca.estes479@gmail.com,Male,Married,True,3,on,gold,5,10,positive,paypal,active,US,Telugu,50,16,19,5,True,better,10,2,old,0,True,no
william.james404@gmail.com,Female,Single,True,5,on,premium,4,3,negative,card,expired,US,Telugu,40,14,41,9,False,poor,8,6,very_old,16,True,yes
nicole.burton528@gmail.com,Female,Married,True,4,off,gold,7,16,positive,paypal,active,US,Telugu,44,9,27,9,True,better,13,10,recent,5,False,no
alexandria.thompson379@gmail.com,Female,Married,False,8,off,gold,10,5,neutral,upi,expired,Germany,English,30,20,53,1,True,good,19,5,recent,11,False,no
adam.smith177@gmail.com,Female,Single,True,10,off,basic,1,0,negative,card,cancelled,Germany,English,22,0,197,2,True,good,13,4,very_old,13,True,yes
kevin.evans227@gmail.com,Female,Married,False,9,on,premium,6,12,neutral,upi,expired,US,Telugu,22,12,96,4,False,good,17,7,very_old,17,False,no
diane.thomas243@gmail.com,Male,Married,True,2,off,basic,4,9,neutral,card,active,Germany,Telugu,41,8,65,2,True,good,4,4,old,16,True,no
deborah.williams640@gmail.com,Female,Single,False,10,off,premium,6,8,negative,paypal,active,Germany,Telugu,33,22,90,6,False,better,4,5,recent,10,True,no
cheryl.newton608@gmail.com,Male,Single,False,2,on,gold,6,7,positive,card,expired,UK,Hindi,27,4,166,8,True,poor,16,9,very_old,11,True,yes
patrick.ross151@gmail.com,Female,Married,True,3,off,basic,9,16,positive,upi,expired,Germany,Hindi,49,15,18,5,False,poor,3,0,recent,19,False,yes
gabriel.hernandez719@gmail.com,Female,Married,False,2,off,gold,6,13,negative,paypal,active,India,Hindi,44,19,18,7,True,better,5,1,recent,15,False,no
amy.li179@gmail.com,Female,Single,True,10,off,premium,4,7,neutral,card,expired,US,Hindi,15,17,51,2,True,poor,7,7,recent,16,False,yes
manuel.garcia164@gmail.com,Male,Single,False,1,on,premium,3,1,positive,paypal,active,US,Hindi,20,8,26,1,True,better,4,3,recent,11,True,no
joseph.white473@gmail.com,Female,Single,True,2,off,premium,3,3,neutral,upi,cancelled,Germany,English,14,4,175,2,True,better,4,6,very_old,1,True,no
kimberly.nguyen100@gmail.com,Female,Single,False,7,on,premium,2,15,negative,paypal,cancelled,India,English,16,19,53,5,False,poor,6,10,recent,20,True,yes
erik.andrews317@gmail.com,Female,Married,True,2,on,basic,2,15,negative,upi,expired,UK,Telugu,29,20,70,8,False,poor,18,10,recent,2,False,no
wendy.bautista841@gmail.com,Female,Married,True,10,off,basic,8,18,negative,paypal,active,UK,Hindi,27,21,183,6,True,good,13,4,very_old,4,True,no
lucas.greer65@gmail.com,Female,Single,True,6,on,basic,7,5,positive,card,cancelled,UK,Hindi,37,8,106,1,False,good,4,10,recent,6,False,yes
gloria.weber293@gmail.com,Male,Married,False,10,off,gold,8,7,neutral,upi,cancelled,Germany,Telugu,44,11,60,4,False,poor,6,4,very_old,15,True,yes
lisa.guerra181@gmail.com,Male,Married,True,1,on,basic,10,20,negative,card,expired,UK,Telugu,15,24,157,8,False,poor,16,0,old,20,True,yes
lisa.martinez887@gmail.com,Female,Married,False,5,off,basic,1,15,positive,paypal,expired,India,English,49,25,109,1,True,good,2,7,old,6,True,no
ronald.wallace129@gmail.com,Female,Married,True,8,off,gold,6,15,positive,paypal,active,UK,English,14,12,153,5,True,good,6,9,old,19,True,no
edward.cervantes751@gmail.com,Male,Married,True,2,off,premium,9,16,negative,upi,active,UK,Telugu,10,22,92,6,False,poor,13,5,old,2,False,no
logan.bailey956@gmail.com,Female,Single,False,8,off,gold,4,10,neutral,paypal,expired,US,Hindi,15,11,132,9,True,better,19,10,old,6,True,no
michael.perkins238@gmail.com,Female,Married,True,9,off,premium,3,4,positive,card,active,India,Telugu,20,20,133,10,False,poor,6,2,old,18,False,no
matthew.jones77@gmail.com,Female,Single,False,10,on,premium,8,17,positive,card,cancelled,US,Telugu,6,7,148,7,False,poor,15,9,recent,13,True,no
shannon.duncan589@gmail.com,Male,Married,False,7,off,premium,7,20,negative,paypal,expired,India,Hindi,19,16,29,8,True,good,7,4,old,12,False,yes
ryan.webb536@gmail.com,Male,Single,True,3,off,premium,1,17,neutral,paypal,active,UK,Hindi,31,19,38,6,True,better,10,9,recent,0,True,no
scott.jensen607@gmail.com,Female,Single,False,2,on,gold,3,13,negative,card,cancelled,US,Hindi,20,24,181,6,False,good,5,2,very_old,12,False,yes
cheryl.matthews356@gmail.com,Female,Single,True,10,on,gold,10,5,positive,paypal,expired,US,Hindi,15,7,143,6,False,good,18,5,recent,18,False,no
linda.melendez575@gmail.com,Male,Single,True,2,off,premium,6,15,neutral,card,cancelled,US,Telugu,27,25,122,8,True,better,8,8,old,16,False,no
sheryl.hernandez454@gmail.com,Male,Single,True,3,on,basic,8,3,positive,card,expired,Germany,Telugu,23,25,157,8,False,better,6,1,old,17,True,yes
kevin.shah531@gmail.com,Female,Married,False,5,on,gold,1,11,neutral,card,expired,US,English,3,12,162,4,True,good,15,1,very_old,17,False,yes
connor.schmidt362@gmail.com,Female,Married,False,5,off,basic,8,10,neutral,paypal,cancelled,US,Telugu,17,17,63,7,False,good,7,3,old,16,False,yes
juan.ball681@gmail.com,Female,Married,True,4,off,gold,4,19,negative,card,cancelled,Germany,Hindi,26,10,124,6,True,poor,18,8,old,16,False,yes
jeffrey.jones859@gmail.com,Male,Single,False,5,on,premium,3,0,negative,upi,active,US,Hindi,21,7,13,5,True,poor,15,5,very_old,18,False,yes
julia.smith535@gmail.com,Male,Single,False,7,off,gold,5,7,neutral,card,expired,US,English,12,18,182,8,True,good,8,6,recent,0,True,no
matthew.leon318@gmail.com,Female,Married,True,2,off,basic,7,0,neutral,upi,active,UK,Telugu,36,23,141,9,False,better,6,1,recent,16,False,no
melissa.herrera137@gmail.com,Female,Single,False,3,on,basic,7,4,positive,card,active,India,Telugu,23,1,166,10,False,poor,4,7,very_old,12,True,no
hannah.cox447@gmail.com,Male,Married,False,3,off,premium,10,14,neutral,upi,cancelled,Germany,English,27,19,192,2,True,good,1,6,very_old,16,False,yes
jennifer.harmon802@gmail.com,Male,Single,False,7,off,basic,4,4,neutral,card,expired,India,English,3,23,139,3,True,good,6,10,old,18,True,yes
david.hart532@gmail.com,Male,Single,True,1,on,premium,7,19,negative,paypal,active,UK,English,35,15,171,10,True,better,4,4,old,10,False,yes
kimberly.bell981@gmail.com,Female,Single,False,3,off,premium,5,8,neutral,upi,active,US,Telugu,37,1,151,3,True,poor,2,10,recent,2,False,no
jane.flynn591@gmail.com,Male,Single,False,10,on,premium,4,4,positive,card,active,UK,Hindi,17,7,102,7,True,good,3,9,old,9,False,no
thomas.walsh719@gmail.com,Female,Married,True,9,on,premium,7,4,negative,card,active,Germany,Telugu,49,7,194,2,False,better,6,3,old,15,True,no
joshua.riggs133@gmail.com,Male,Married,False,6,on,gold,1,7,positive,card,cancelled,India,Telugu,14,8,122,7,False,good,2,4,very_old,2,False,no
christopher.hunter818@gmail.com,Female,Married,True,3,on,basic,7,6,neutral,paypal,active,Germany,Telugu,46,5,154,5,False,good,9,0,old,17,True,no
maureen.hernandez697@gmail.com,Female,Married,False,2,off,basic,9,3,positive,paypal,expired,US,Hindi,1,18,123,7,True,better,10,3,recent,0,False,yes
tiffany.hall322@gmail.com,Male,Married,True,10,on,premium,4,1,negative,upi,expired,UK,Hindi,4,13,82,8,False,poor,20,7,very_old,12,True,yes
matthew.ward573@gmail.com,Male,Married,False,3,on,gold,4,11,neutral,paypal,cancelled,India,Telugu,47,16,104,2,False,better,20,2,very_old,2,True,yes
julie.conrad194@gmail.com,Female,Single,True,2,off,gold,7,10,neutral,upi,expired,US,Hindi,8,25,138,3,True,good,5,9,old,0,False,no
kelly.raymond653@gmail.com,Male,Married,False,2,off,gold,1,2,neutral,paypal,active,US,Hindi,3,17,166,8,True,good,13,8,very_old,16,False,no
adriana.jennings173@gmail.com,Male,Single,False,9,off,premium,2,17,positive,upi,expired,US,Hindi,37,22,23,9,False,poor,3,10,very_old,1,True,no
joseph.wolfe515@gmail.com,Female,Single,False,8,on,basic,2,7,negative,card,active,Germany,Hindi,22,19,130,2,True,good,3,8,very_old,18,False,no
molly.jones503@gmail.com,Male,Single,True,7,on,gold,6,3,negative,paypal,expired,US,Hindi,25,15,40,5,True,better,17,7,old,18,True,yes
jodi.james457@gmail.com,Female,Married,True,7,on,gold,2,12,negative,paypal,active,Germany,English,2,21,27,1,False,better,7,1,old,12,True,no
anthony.olsen227@gmail.com,Male,Married,False,5,on,basic,10,13,neutral,card,expired,India,Telugu,36,13,153,8,False,good,19,1,recent,2,False,no
jennifer.white859@gmail.com,Female,Married,False,1,off,gold,7,17,negative,paypal,cancelled,US,English,40,19,74,1,False,poor,8,2,very_old,1,False,yes
tabitha.brown792@gmail.com,Female,Single,True,10,off,basic,4,16,negative,upi,active,US,Hindi,6,19,175,4,True,poor,20,1,old,18,True,no
james.munoz141@gmail.com,Female,Single,False,3,on,gold,1,3,negative,upi,cancelled,UK,Telugu,18,15,111,9,False,poor,9,3,very_old,0,True,no
barbara.craig719@gmail.com,Male,Single,True,6,off,gold,3,0,positive,paypal,active,Germany,Hindi,34,6,137,7,False,poor,10,4,very_old,7,True,no
adam.moore102@gmail.com,Female,Married,True,2,on,gold,10,0,negative,paypal,active,Germany,Telugu,18,4,34,8,False,poor,19,0,very_old,12,False,no
peter.colon870@gmail.com,Male,Married,False,10,on,basic,7,4,positive,paypal,expired,India,Hindi,1,7,136,2,True,better,3,8,recent,7,True,no
michael.houston248@gmail.com,Male,Single,True,7,on,gold,6,10,neutral,upi,cancelled,India,English,5,16,38,4,False,poor,20,6,old,12,False,no
brian.johnson272@gmail.com,Female,Married,False,5,off,basic,5,4,neutral,card,active,UK,English,10,25,104,9,True,better,20,1,old,18,True,no
jessica.reed657@gmail.com,Female,Married,False,3,on,basic,2,14,negative,paypal,cancelled,India,English,31,15,139,3,True,better,19,9,very_old,6,False,yes
christopher.knox307@gmail.com,Female,Married,False,2,off,basic,10,18,neutral,upi,expired,US,Hindi,6,24,82,9,True,better,12,1,old,1,True,no
heather.johnson279@gmail.com,Female,Single,True,1,on,basic,10,13,negative,upi,expired,UK,Telugu,12,7,34,7,True,good,14,6,very_old,6,False,yes
kendra.schwartz211@gmail.com,Male,Married,False,2,on,premium,8,3,neutral,paypal,expired,US,Hindi,7,14,193,9,False,good,8,3,very_old,14,True,yes
victoria.allen996@gmail.com,Female,Married,False,2,on,basic,1,15,positive,upi,active,UK,English,47,10,48,6,False,better,13,9,very_old,13,True,no
sarah.thompson170@gmail.com,Male,Single,True,1,off,premium,1,8,negative,upi,cancelled,UK,Telugu,29,3,165,3,True,good,17,10,old,12,False,yes
peter.gray269@gmail.com,Female,Single,True,5,off,basic,6,9,negative,upi,active,Germany,Telugu,29,14,57,2,True,good,1,2,old,10,False,yes
emily.henderson356@gmail.com,Female,Single,True,4,off,basic,7,3,negative,card,active,Germany,Hindi,10,21,85,2,True,better,3,8,recent,6,True,no
michael.jenkins884@gmail.com,Female,Married,False,1,on,gold,1,2,neutral,upi,expired,India,Telugu,13,18,13,5,False,poor,4,8,old,3,False,yes
monica.miller7@gmail.com,Female,Single,True,9,off,basic,3,12,neutral,card,active,UK,English,4,10,41,10,True,good,2,4,recent,6,False,no
christopher.hunt740@gmail.com,Female,Single,True,4,off,premium,8,11,neutral,paypal,expired,India,Telugu,9,17,167,3,False,better,20,2,very_old,5,True,no
anthony.wilson674@gmail.com,Female,Single,True,7,on,gold,9,19,positive,paypal,active,India,English,16,17,16,5,True,good,20,1,recent,7,True,no
steven.mayer654@gmail.com,Male,Single,True,5,off,gold,7,13,positive,paypal,expired,Germany,Telugu,0,14,96,6,False,better,11,3,recent,20,True,no
william.lee935@gmail.com,Female,Married,True,8,on,basic,2,20,neutral,card,expired,US,Hindi,2,14,187,2,True,good,20,4,recent,5,False,no
joshua.lawson531@gmail.com,Female,Married,True,7,off,gold,4,12,neutral,upi,active,India,English,45,25,196,7,False,poor,6,6,recent,20,True,yes
linda.wolfe348@gmail.com,Male,Single,True,5,off,basic,2,19,positive,paypal,expired,US,Hindi,3,10,81,3,True,good,5,2,recent,18,True,no
colin.castillo827@gmail.com,Female,Single,True,5,on,basic,9,14,negative,upi,expired,India,Hindi,30,12,159,6,False,better,10,3,old,18,False,yes
vincent.dillon390@gmail.com,Male,Married,False,3,off,gold,4,11,neutral,paypal,cancelled,Germany,Telugu,15,19,73,8,True,better,12,7,recent,7,True,no
joshua.brown263@gmail.com,Male,Married,False,4,on,gold,10,15,positive,card,active,US,Hindi,18,13,97,7,False,good,20,9,very_old,7,True,no
jessica.davis639@gmail.com,Male,Married,True,5,on,gold,6,6,negative,upi,expired,Germany,Hindi,48,10,110,6,True,poor,10,3,very_old,6,False,yes
jamie.mann681@gmail.com,Male,Single,False,9,on,premium,8,19,neutral,upi,active,US,Telugu,48,25,24,7,True,good,16,4,very_old,18,True,no
tara.aguilar500@gmail.com,Male,Married,True,1,on,gold,9,16,negative,paypal,expired,UK,Telugu,41,12,198,6,True,poor,13,6,old,17,False,yes
hannah.marquez408@gmail.com,Female,Married,True,8,off,basic,8,2,negative,upi,cancelled,Germany,Hindi,21,23,100,4,False,good,14,1,recent,9,False,yes
lindsey.ruiz366@gmail.com,Female,Single,True,7,on,basic,9,18,positive,upi,cancelled,UK,Hindi,9,10,182,5,True,good,11,5,recent,9,False,yes
crystal.alexander806@gmail.com,Female,Single,False,5,off,basic,1,8,negative,upi,active,US,Hindi,42,17,46,4,True,poor,10,9,very_old,19,False,no
michael.moran523@gmail.com,Male,Single,True,2,on,premium,9,19,positive,card,cancelled,Germany,Telugu,43,10,133,9,False,better,16,3,very_old,17,False,yes
sarah.johnston929@gmail.com,Female,Single,False,3,off,basic,7,13,positive,card,expired,US,English,15,17,126,3,True,better,5,6,recent,13,False,no
angela.williams784@gmail.com,Female,Married,True,6,off,basic,8,10,negative,upi,active,Germany,English,39,6,117,6,False,better,18,9,old,11,False,no
brandon.shannon910@gmail.com,Female,Married,True,10,on,gold,3,14,positive,card,cancelled,UK,Hindi,42,1,81,4,False,poor,7,6,very_old,3,True,yes
daniel.moore525@gmail.com,Male,Married,True,4,off,basic,10,5,positive,upi,cancelled,India,English,35,20,104,9,False,poor,10,5,recent,14,False,no
christopher.guzman887@gmail.com,Male,Married,False,3,on,basic,7,20,negative,card,expired,Germany,English,19,4,22,8,True,poor,1,9,very_old,11,False,yes
matthew.barnes702@gmail.com,Female,Married,False,5,off,premium,9,2,negative,paypal,active,UK,Hindi,9,15,31,10,False,poor,8,3,recent,19,False,yes
erin.ware2@gmail.com,Male,Single,True,1,on,gold,2,11,neutral,paypal,expired,Germany,English,44,16,68,8,True,better,3,1,very_old,14,False,yes
selena.duncan484@gmail.com,Female,Single,True,2,on,basic,7,7,neutral,card,cancelled,India,English,31,21,119,6,True,poor,10,3,recent,12,True,yes
bethany.miller546@gmail.com,Male,Married,False,4,off,premium,8,1,positive,card,active,UK,English,13,9,128,7,False,good,1,8,recent,19,True,no
frank.jordan319@gmail.com,Male,Single,True,2,off,premium,8,3,negative,paypal,active,Germany,Telugu,24,8,54,8,False,good,1,8,very_old,15,True,no
daniel.fitzgerald511@gmail.com,Male,Married,True,10,on,premium,8,18,negative,paypal,cancelled,UK,Telugu,28,8,120,3,False,better,2,0,recent,14,True,yes
taylor.edwards657@gmail.com,Female,Married,False,9,off,basic,2,1,negative,card,cancelled,India,Telugu,38,2,82,1,True,poor,17,6,old,7,True,yes
noah.atkins450@gmail.com,Female,Single,True,3,on,premium,2,6,positive,card,active,US,Hindi,5,22,38,3,True,good,6,0,very_old,16,True,no
gary.dickerson128@gmail.com,Male,Married,False,6,on,gold,5,9,neutral,card,expired,US,Telugu,32,9,11,8,False,good,6,4,old,7,False,yes
margaret.mccullough625@gmail.com,Female,Married,False,3,off,premium,4,18,negative,card,cancelled,US,English,15,4,146,1,True,poor,16,2,old,8,True,no
donald.smith485@gmail.com,Male,Married,True,7,off,gold,4,1,positive,paypal,cancelled,India,Telugu,43,3,82,1,False,good,7,5,old,15,False,yes
steven.scott377@gmail.com,Male,Married,True,5,off,premium,8,10,neutral,upi,cancelled,UK,Hindi,19,4,64,3,True,better,18,7,recent,5,True,yes
holly.santos464@gmail.com,Female,Single,False,3,off,gold,4,15,neutral,paypal,cancelled,UK,Telugu,9,5,77,5,False,better,12,9,old,19,True,yes
rachel.lee526@gmail.com,Male,Single,False,10,off,premium,6,3,negative,upi,expired,UK,English,47,21,54,8,True,good,12,6,very_old,10,True,yes
derek.jacobson655@gmail.com,Female,Married,True,2,off,basic,8,1,positive,paypal,expired,US,Telugu,11,24,149,6,False,poor,7,1,very_old,1,False,yes
johnny.hensley116@gmail.com,Female,Single,False,1,on,gold,4,4,neutral,upi,active,Germany,Hindi,29,24,44,9,True,better,6,2,recent,20,False,no
michael.pugh442@gmail.com,Male,Single,False,6,off,premium,10,0,neutral,upi,active,UK,Hindi,4,19,134,3,False,good,15,10,old,9,True,no
anthony.dillon874@gmail.com,Male,Married,True,8,on,premium,6,8,neutral,upi,active,UK,Telugu,26,5,16,9,True,better,4,10,very_old,11,False,yes
troy.padilla385@gmail.com,Female,Single,False,3,off,gold,7,7,positive,card,cancelled,India,English,29,17,121,5,False,poor,2,4,very_old,20,False,yes
kaylee.young450@gmail.com,Female,Married,False,7,on,basic,1,19,neutral,paypal,active,Germany,English,22,5,10,5,True,poor,1,3,old,17,True,no
dominique.valenzuela330@gmail.com,Male,Married,False,6,on,basic,6,5,neutral,paypal,expired,Germany,Hindi,32,9,58,5,True,good,5,5,very_old,14,False,no
sean.sims120@gmail.com,Female,Married,False,9,on,premium,5,4,negative,card,active,UK,Telugu,20,1,187,2,True,better,20,1,old,18,True,no
mark.ellis681@gmail.com,Male,Single,True,5,on,premium,7,3,positive,paypal,expired,India,Telugu,35,16,195,10,True,good,8,6,very_old,11,False,yes
david.atkins771@gmail.com,Female,Single,False,2,off,premium,7,14,neutral,upi,cancelled,US,Hindi,43,16,43,7,False,poor,8,4,very_old,11,False,yes
john.lindsey383@gmail.com,Female,Married,False,5,on,gold,4,0,neutral,card,cancelled,Germany,Hindi,14,14,30,10,False,good,6,1,very_old,0,False,no
jason.summers195@gmail.com,Male,Single,False,10,on,gold,2,16,negative,paypal,active,Germany,Hindi,25,24,62,6,False,good,2,6,recent,14,False,yes
cheryl.bernard325@gmail.com,Male,Single,True,2,off,basic,10,3,negative,upi,active,US,Telugu,43,25,174,1,False,better,9,7,recent,14,True,no
andrew.walker134@gmail.com,Female,Married,True,10,on,premium,3,10,negative,paypal,cancelled,US,English,27,13,133,3,False,better,13,5,very_old,2,True,no
john.perez663@gmail.com,Female,Single,False,5,off,gold,9,15,negative,paypal,expired,Germany,English,7,16,196,8,True,poor,18,5,very_old,16,False,yes
kylie.chen385@gmail.com,Female,Single,True,7,off,basic,1,4,neutral,upi,cancelled,UK,Telugu,27,12,36,8,True,good,8,5,recent,14,False,yes
jimmy.bailey543@gmail.com,Female,Married,True,9,off,basic,5,8,neutral,upi,expired,UK,Hindi,40,0,111,5,False,poor,12,10,recent,14,False,yes
henry.erickson519@gmail.com,Female,Single,False,4,on,gold,3,12,neutral,upi,active,Germany,English,23,18,139,4,False,better,17,7,very_old,6,True,no
nicole.wilson460@gmail.com,Female,Married,False,5,off,gold,2,18,negative,paypal,cancelled,US,Telugu,1,24,36,9,True,good,4,1,recent,1,False,yes
megan.harvey886@gmail.com,Female,Single,True,2,off,basic,5,3,neutral,upi,active,UK,Hindi,25,11,178,6,True,better,16,6,old,4,False,no
alec.rogers777@gmail.com,Male,Single,False,6,off,gold,5,6,negative,card,cancelled,Germany,Telugu,27,23,97,3,False,better,7,5,recent,9,True,yes
roger.harris50@gmail.com,Female,Single,False,8,off,premium,4,13,neutral,upi,expired,US,English,28,6,100,3,True,good,17,9,very_old,20,True,no
alexander.wise659@gmail.com,Female,Single,False,10,off,gold,2,20,negative,upi,cancelled,Germany,Hindi,35,11,53,9,False,better,1,4,recent,6,False,yes
gary.hill990@gmail.com,Male,Single,True,10,off,premium,5,7,neutral,paypal,cancelled,US,Telugu,31,13,100,8,True,good,2,3,old,7,False,yes
jose.jones430@gmail.com,Female,Single,False,9,on,basic,8,6,negative,paypal,active,India,Hindi,35,19,31,9,False,better,12,8,very_old,9,False,no
peter.simpson994@gmail.com,Male,Married,True,5,on,premium,1,11,neutral,card,expired,Germany,English,7,6,25,4,True,poor,16,8,recent,2,False,no
charles.bush678@gmail.com,Male,Single,False,10,on,basic,8,8,negative,upi,cancelled,US,Telugu,33,5,127,10,False,poor,1,0,recent,9,False,yes
bethany.miles854@gmail.com,Female,Married,False,5,on,basic,6,11,negative,paypal,expired,Germany,Telugu,36,24,148,10,False,better,19,3,recent,18,False,yes
robert.ortiz588@gmail.com,Female,Married,False,7,on,premium,7,12,neutral,card,expired,US,English,37,22,167,10,True,poor,6,8,recent,5,False,no
kendra.webb94@gmail.com,Male,Single,False,8,off,premium,2,2,negative,paypal,active,US,English,37,24,93,9,True,good,4,5,recent,15,True,no
jason.stewart582@gmail.com,Female,Married,False,2,on,premium,10,11,neutral,card,expired,UK,Telugu,37,17,151,5,True,poor,14,4,recent,3,False,no
keith.hardin620@gmail.com,Female,Married,True,5,on,basic,10,17,neutral,paypal,active,UK,Hindi,39,13,189,2,True,good,5,9,recent,7,True,no
kaitlyn.payne408@gmail.com,Male,Married,True,1,on,premium,3,2,negative,card,expired,US,Hindi,21,15,140,1,False,good,1,0,very_old,5,False,yes
nicole.jones407@gmail.com,Male,Married,True,3,off,basic,10,15,negative,upi,cancelled,India,Telugu,0,13,153,4,True,poor,18,9,recent,13,False,yes
michelle.cobb638@gmail.com,Male,Married,True,9,off,gold,1,2,negative,upi,cancelled,India,English,41,16,188,10,True,good,12,6,recent,16,True,yes
ashley.lloyd935@gmail.com,Female,Married,False,2,off,gold,3,6,positive,upi,active,Germany,English,27,23,160,2,True,better,10,5,very_old,4,False,no
mark.chavez239@gmail.com,Female,Single,True,8,on,gold,1,5,negative,upi,cancelled,US,Hindi,28,22,182,1,False,poor,13,10,old,9,False,no
penny.smith969@gmail.com,Female,Married,False,8,on,gold,6,20,positive,upi,active,India,Hindi,3,15,73,10,True,good,19,0,recent,7,True,no
ernest.livingston55@gmail.com,Male,Married,False,2,off,basic,1,5,neutral,paypal,expired,India,Hindi,27,18,39,4,True,good,4,3,old,3,False,yes
michelle.burns332@gmail.com,Male,Married,True,4,on,premium,8,18,positive,card,active,India,Hindi,7,14,168,1,False,better,3,7,recent,7,False,no
shaun.farley474@gmail.com,Female,Married,True,8,on,gold,7,11,positive,card,active,India,Telugu,21,2,150,10,False,good,14,3,old,2,False,no
kristy.perry956@gmail.com,Male,Married,False,7,off,gold,5,16,positive,card,expired,UK,Hindi,18,7,196,9,True,better,1,2,very_old,16,True,no
jacqueline.hodge765@gmail.com,Male,Single,False,9,on,basic,6,4,negative,card,expired,US,Telugu,50,17,175,4,True,better,18,7,recent,6,False,yes
robert.hernandez98@gmail.com,Female,Single,False,10,on,premium,5,14,positive,card,cancelled,UK,English,23,25,18,4,True,good,9,9,old,16,False,no
destiny.smith217@gmail.com,Female,Single,True,6,on,gold,3,16,negative,upi,cancelled,US,Telugu,8,6,15,3,False,poor,2,1,old,18,True,yes
brian.hudson193@gmail.com,Male,Single,False,7,on,premium,1,9,neutral,upi,cancelled,India,English,15,20,185,9,True,good,9,2,very_old,12,True,no
michael.johnson700@gmail.com,Female,Single,False,1,off,basic,3,15,positive,upi,cancelled,UK,English,10,18,185,1,False,poor,16,6,recent,9,False,no
megan.rivera785@gmail.com,Female,Married,False,9,on,gold,9,19,neutral,upi,active,US,Hindi,48,14,75,6,False,poor,19,0,very_old,4,True,no
rhonda.cunningham675@gmail.com,Female,Married,False,10,on,gold,8,12,positive,card,active,UK,Telugu,0,7,127,6,True,good,6,0,old,11,True,no
katherine.peterson705@gmail.com,Female,Married,False,9,off,premium,3,13,positive,paypal,expired,UK,English,46,19,57,7,False,better,4,4,old,2,False,yes
daisy.mccarty841@gmail.com,Female,Married,True,8,on,basic,6,5,negative,upi,expired,India,Telugu,47,6,92,2,True,better,20,2,recent,3,False,yes
frank.jones442@gmail.com,Female,Married,True,2,on,gold,5,9,neutral,card,expired,US,English,15,14,54,1,False,good,16,10,recent,17,True,no
yolanda.johns215@gmail.com,Male,Married,False,8,on,premium,1,3,neutral,paypal,expired,US,Telugu,11,1,192,8,True,better,4,1,very_old,0,False,no
melissa.mcdonald197@gmail.com,Male,Married,False,10,off,premium,10,10,positive,upi,expired,Germany,Telugu,22,22,161,6,False,good,8,1,old,8,True,yes
christina.davis656@gmail.com,Female,Married,True,7,off,basic,8,0,positive,paypal,active,UK,Hindi,3,9,126,10,False,better,8,0,recent,4,False,no
melissa.curtis787@gmail.com,Male,Married,True,5,off,basic,6,20,negative,upi,active,UK,English,3,21,110,6,False,better,3,5,recent,2,True,no
jason.perry338@gmail.com,Female,Single,True,2,off,premium,2,2,positive,upi,expired,India,Telugu,45,22,34,9,False,better,11,3,very_old,5,False,no
terry.johnson295@gmail.com,Male,Married,False,8,on,gold,8,0,negative,paypal,cancelled,US,Telugu,36,12,191,3,False,better,1,7,recent,10,False,yes
jessica.atkinson259@gmail.com,Male,Single,False,5,on,gold,1,1,negative,upi,cancelled,Germany,Hindi,6,15,179,7,True,good,4,5,recent,14,False,no
courtney.luna913@gmail.com,Female,Married,True,6,off,premium,4,13,positive,upi,active,Germany,English,9,18,24,6,False,poor,7,8,very_old,15,False,no
sharon.robbins937@gmail.com,Female,Single,False,4,on,premium,4,12,positive,paypal,expired,India,English,41,14,86,5,False,poor,16,7,recent,18,True,yes
ryan.ramsey508@gmail.com,Female,Single,True,3,on,basic,8,12,positive,upi,expired,US,Hindi,3,16,44,3,True,better,8,6,old,1,True,no
david.baker567@gmail.com,Male,Single,True,9,on,premium,2,4,positive,card,expired,US,English,33,15,25,3,False,good,11,3,old,15,True,no
natalie.evans813@gmail.com,Male,Married,False,5,off,premium,10,14,negative,card,active,Germany,English,32,9,164,6,True,good,9,5,recent,7,True,yes
anthony.rich967@gmail.com,Male,Single,True,6,off,basic,1,13,negative,card,expired,India,English,24,13,146,8,False,better,8,8,very_old,6,True,no
nicole.vasquez316@gmail.com,Female,Single,False,7,on,gold,5,4,neutral,card,cancelled,UK,Telugu,23,16,66,6,False,good,18,5,very_old,18,True,no
justin.mccormick632@gmail.com,Female,Married,True,8,on,basic,10,20,positive,paypal,active,UK,Hindi,6,12,194,7,True,better,11,4,recent,19,True,no
lauren.haynes753@gmail.com,Female,Single,False,2,on,premium,1,13,positive,card,cancelled,US,Telugu,21,18,79,6,True,good,6,4,recent,0,False,no
cynthia.strickland191@gmail.com,Female,Single,False,1,off,basic,6,20,neutral,paypal,cancelled,Germany,Telugu,0,22,181,1,False,poor,12,0,recent,6,False,no
kathryn.turner403@gmail.com,Male,Married,True,3,on,gold,3,15,negative,paypal,active,US,Telugu,10,20,120,8,True,poor,6,10,old,13,False,no
jeff.arnold160@gmail.com,Male,Married,False,3,off,premium,9,19,negative,paypal,expired,Germany,Hindi,28,19,127,10,True,poor,10,1,very_old,9,False,yes
alicia.wright640@gmail.com,Male,Married,False,2,off,gold,9,4,neutral,paypal,expired,India,Hindi,27,16,161,3,False,good,20,9,old,3,False,yes
cynthia.jones245@gmail.com,Male,Married,False,10,on,basic,7,4,negative,paypal,expired,US,English,9,2,38,8,True,good,2,5,old,14,True,yes
karen.davis675@gmail.com,Male,Single,True,6,off,gold,1,10,neutral,upi,expired,US,Hindi,14,0,75,6,True,better,5,10,very_old,10,False,no
courtney.oneal396@gmail.com,Male,Married,False,1,on,premium,4,7,positive,card,active,US,Telugu,0,21,14,10,True,good,6,9,very_old,2,False,no
sara.kim715@gmail.com,Female,Single,True,9,off,gold,7,20,positive,card,expired,Germany,Telugu,22,2,59,2,True,good,10,7,recent,16,True,no
dennis.wilson312@gmail.com,Male,Single,True,1,off,premium,6,13,positive,card,cancelled,India,English,8,25,73,2,True,poor,4,0,old,13,False,no
benjamin.coleman174@gmail.com,Male,Single,False,10,off,gold,10,0,positive,paypal,active,UK,Hindi,36,7,105,8,False,better,6,7,recent,2,True,no
samantha.prince20@gmail.com,Male,Married,True,3,off,gold,6,9,positive,paypal,active,US,Telugu,18,2,139,7,True,good,6,6,very_old,18,True,no
teresa.wright456@gmail.com,Female,Single,False,10,on,premium,8,12,positive,card,active,UK,Hindi,47,0,154,7,False,good,11,8,very_old,10,True,no
denise.owens828@gmail.com,Female,Married,True,8,off,basic,4,15,neutral,card,active,US,English,5,19,92,10,True,good,12,7,old,1,True,no
michael.hurst839@gmail.com,Male,Married,True,8,on,gold,8,4,positive,upi,expired,US,Telugu,29,14,123,6,False,good,19,6,old,7,True,no
kevin.clark48@gmail.com,Female,Married,False,3,off,gold,10,5,neutral,upi,active,Germany,Telugu,2,13,198,1,True,good,14,10,very_old,1,False,no
linda.wolfe935@gmail.com,Female,Single,True,8,off,gold,5,0,positive,upi,active,Germany,Hindi,23,0,35,7,False,good,13,6,recent,1,False,no
michael.gamble677@gmail.com,Female,Married,False,4,on,premium,9,4,positive,upi,expired,Germany,Telugu,3,15,75,5,True,good,2,3,old,5,True,no
mark.steele295@gmail.com,Female,Single,True,5,on,premium,1,19,neutral,paypal,active,US,Hindi,20,7,36,3,True,good,13,5,very_old,5,True,no
keith.montes510@gmail.com,Male,Married,True,5,on,gold,8,9,neutral,upi,cancelled,UK,Hindi,1,12,169,5,False,poor,16,2,old,1,False,no
david.lopez459@gmail.com,Male,Single,True,7,off,gold,3,9,neutral,upi,expired,Germany,Hindi,24,5,23,5,True,good,2,5,recent,13,True,yes
robert.gutierrez208@gmail.com,Male,Married,True,5,off,premium,1,0,negative,card,cancelled,US,English,46,17,107,9,False,better,5,3,old,16,True,yes
danielle.shepard376@gmail.com,Female,Single,False,1,on,basic,6,19,positive,card,active,UK,English,8,12,67,1,True,poor,10,2,recent,1,False,no
roger.porter783@gmail.com,Male,Married,False,10,on,basic,2,2,neutral,upi,expired,India,English,11,11,59,4,True,poor,19,0,very_old,15,True,no
nicole.valdez565@gmail.com,Female,Married,True,9,off,gold,6,8,positive,upi,active,Germany,English,0,16,142,4,True,poor,19,5,very_old,20,True,no
sean.juarez104@gmail.com,Male,Married,True,2,on,gold,10,1,positive,card,expired,US,Hindi,30,8,126,3,False,poor,6,8,recent,13,False,yes
nicole.gordon393@gmail.com,Female,Married,True,1,on,basic,1,5,positive,paypal,expired,Germany,Hindi,41,10,186,5,False,poor,7,6,recent,13,False,yes
james.perez183@gmail.com,Female,Single,True,2,on,gold,8,15,negative,paypal,expired,Germany,Telugu,12,12,124,2,True,better,1,6,recent,19,True,yes
scott.smith890@gmail.com,Male,Married,False,7,off,basic,4,11,negative,card,cancelled,UK,Hindi,1,13,116,2,True,better,13,9,very_old,2,False,yes
amy.novak800@gmail.com,Male,Married,True,1,on,gold,4,7,negative,paypal,expired,India,English,9,19,133,3,False,good,11,10,old,5,False,yes
jamie.velez369@gmail.com,Female,Married,False,4,off,gold,4,9,negative,upi,expired,Germany,Hindi,26,1,75,3,False,better,1,10,very_old,18,False,yes
nancy.wolfe439@gmail.com,Female,Single,False,2,off,premium,6,13,negative,paypal,expired,India,Telugu,40,8,125,4,False,better,15,0,recent,17,False,yes
andrea.williams174@gmail.com,Male,Married,False,7,on,gold,9,13,negative,upi,expired,UK,English,20,16,169,7,False,good,2,4,old,17,False,yes
jessica.glass679@gmail.com,Female,Married,True,4,off,basic,4,4,negative,upi,cancelled,India,Telugu,8,8,177,8,True,better,3,5,old,11,False,yes
hector.gibson170@gmail.com,Female,Married,False,2,on,premium,4,7,positive,paypal,active,US,Telugu,28,13,75,3,True,better,18,4,very_old,2,True,no
katie.brown50@gmail.com,Female,Married,False,3,on,gold,8,7,negative,paypal,expired,US,Hindi,32,2,139,8,False,poor,4,9,recent,6,True,no
tammy.ramirez656@gmail.com,Male,Married,True,4,on,premium,10,2,negative,paypal,cancelled,India,Hindi,50,24,107,10,True,good,6,1,very_old,1,False,yes
jose.cook783@gmail.com,Female,Single,True,8,off,gold,10,7,negative,card,expired,UK,English,16,12,80,1,False,poor,20,0,recent,18,True,yes
lauren.welch813@gmail.com,Female,Single,True,6,on,gold,10,12,neutral,paypal,active,UK,English,19,19,172,10,True,better,12,7,old,20,False,no
steven.lopez22@gmail.com,Male,Married,False,3,off,basic,8,14,neutral,paypal,cancelled,India,Hindi,3,3,147,9,True,poor,9,4,recent,1,False,no
austin.romero665@gmail.com,Female,Married,False,9,on,gold,1,17,positive,paypal,active,India,Hindi,46,21,192,4,True,poor,6,9,very_old,14,True,no
jason.robinson267@gmail.com,Female,Single,False,9,on,gold,9,0,positive,upi,active,UK,Hindi,9,20,120,5,True,better,7,7,old,9,True,no
sophia.aguirre687@gmail.com,Female,Married,True,10,on,premium,2,15,neutral,card,expired,UK,English,20,13,149,8,True,better,15,6,recent,10,False,yes
jasmine.acosta998@gmail.com,Male,Single,False,3,off,premium,3,12,negative,upi,expired,UK,Telugu,39,18,98,9,True,good,8,6,recent,20,False,yes
gary.ross308@gmail.com,Female,Married,False,5,on,premium,7,9,negative,paypal,expired,US,Telugu,10,16,101,5,True,poor,19,5,very_old,2,False,no
scott.garrett894@gmail.com,Female,Single,True,2,on,basic,9,12,negative,paypal,expired,US,English,25,21,87,6,True,better,20,3,old,0,True,yes
john.bennett836@gmail.com,Female,Married,False,9,on,gold,9,17,negative,paypal,expired,India,Telugu,50,15,37,5,False,better,11,0,recent,18,True,yes
joel.walter676@gmail.com,Male,Single,True,2,off,gold,10,15,neutral,card,expired,India,English,27,3,121,3,True,better,15,2,recent,20,True,yes
christina.bullock19@gmail.com,Male,Married,False,5,off,basic,1,7,neutral,card,expired,India,English,6,19,57,10,True,poor,11,9,very_old,1,True,yes
jay.keller464@gmail.com,Male,Single,True,10,on,gold,3,15,positive,upi,cancelled,UK,English,5,11,24,4,False,poor,20,6,very_old,12,False,no
samuel.gonzalez789@gmail.com,Male,Single,False,9,on,basic,7,2,neutral,paypal,expired,India,English,9,24,93,4,True,poor,1,10,old,16,True,yes
donald.shah311@gmail.com,Female,Married,True,3,on,premium,10,2,neutral,upi,active,US,Telugu,6,24,25,7,True,better,16,0,recent,5,False,no
lauren.hurst499@gmail.com,Male,Single,True,4,off,gold,7,0,positive,paypal,cancelled,India,Hindi,6,21,52,4,False,poor,12,8,very_old,7,True,no
wendy.johnson459@gmail.com,Male,Married,False,1,off,basic,10,11,negative,paypal,expired,UK,Telugu,9,9,20,9,True,poor,11,2,very_old,2,True,yes
scott.davidson3@gmail.com,Male,Single,False,6,off,basic,3,18,neutral,upi,active,US,Hindi,16,15,77,8,True,better,10,3,old,20,True,no
christopher.clark759@gmail.com,Male,Married,True,1,off,basic,5,13,negative,upi,active,US,English,3,13,50,9,True,poor,11,9,old,13,False,yes
eric.delgado901@gmail.com,Male,Single,True,8,on,premium,4,10,neutral,upi,expired,India,Hindi,36,16,191,7,False,good,10,8,recent,4,False,no
carlos.franco495@gmail.com,Female,Married,True,8,off,basic,9,20,neutral,paypal,expired,US,Telugu,20,15,138,6,False,better,18,8,recent,9,True,no
shannon.kelly190@gmail.com,Male,Single,True,4,on,gold,10,11,neutral,upi,cancelled,UK,Hindi,28,24,139,6,True,better,16,4,recent,17,True,yes
larry.griffith250@gmail.com,Male,Married,False,7,off,premium,7,4,neutral,card,cancelled,US,Hindi,12,10,20,7,True,good,13,2,recent,9,False,yes
julie.allen915@gmail.com,Male,Single,False,7,off,gold,4,0,positive,upi,active,India,Hindi,26,3,129,6,True,good,4,8,old,5,True,no
jessica.stewart548@gmail.com,Male,Married,False,8,on,basic,3,9,neutral,upi,expired,UK,Hindi,48,14,40,3,False,better,2,4,old,2,True,yes
hannah.lin124@gmail.com,Male,Married,True,9,on,basic,10,2,negative,card,expired,Germany,Hindi,23,14,190,9,True,better,6,2,old,3,True,yes
william.warner750@gmail.com,Male,Married,True,3,off,premium,7,8,negative,card,cancelled,US,Telugu,1,19,183,4,False,better,4,1,old,20,True,yes
katie.white96@gmail.com,Male,Single,False,4,on,premium,6,8,negative,paypal,active,Germany,English,32,24,98,8,False,better,11,1,very_old,2,False,no
heather.padilla406@gmail.com,Male,Married,True,4,off,basic,1,10,negative,card,expired,UK,Hindi,44,17,58,4,True,good,13,4,very_old,8,True,yes
pamela.miller820@gmail.com,Male,Single,True,9,off,premium,2,3,negative,paypal,cancelled,UK,English,15,12,96,6,True,good,14,4,old,1,False,no
jeffrey.nguyen786@gmail.com,Male,Married,False,2,on,basic,2,9,neutral,upi,active,India,Telugu,11,20,41,6,True,better,2,2,recent,12,False,no
donald.williams586@gmail.com,Female,Single,True,9,on,gold,5,4,positive,card,cancelled,UK,Hindi,42,3,112,4,True,good,19,1,recent,16,True,no
isaac.patton853@gmail.com,Female,Married,False,1,on,gold,10,0,neutral,card,cancelled,Germany,English,24,12,162,9,True,better,18,7,old,10,True,no
sean.washington20@gmail.com,Female,Married,True,10,off,premium,2,16,neutral,card,expired,US,English,4,1,28,9,False,better,4,8,recent,15,False,yes
brenda.walker444@gmail.com,Female,Single,False,10,on,basic,7,11,neutral,card,expired,India,English,48,22,186,8,False,good,15,10,very_old,5,True,yes
paula.porter465@gmail.com,Female,Single,False,6,off,gold,1,0,positive,paypal,active,Germany,Telugu,27,3,52,6,True,poor,19,7,old,12,True,no
john.thompson163@gmail.com,Female,Married,True,7,on,basic,6,7,negative,card,cancelled,India,Telugu,50,15,148,8,False,poor,19,5,old,19,True,yes
jasmine.harris491@gmail.com,Female,Married,True,6,off,gold,7,16,negative,upi,active,Germany,Hindi,2,15,14,3,True,good,8,5,very_old,0,False,no
shannon.russo136@gmail.com,Male,Married,True,3,on,basic,6,15,positive,card,cancelled,UK,Telugu,10,23,32,2,False,poor,6,9,old,2,True,no
william.gross904@gmail.com,Male,Married,False,6,on,premium,5,19,positive,paypal,cancelled,US,Telugu,9,12,38,9,False,better,13,9,recent,0,False,no
christopher.montgomery817@gmail.com,Female,Single,True,9,on,basic,7,7,positive,paypal,expired,India,Telugu,25,10,15,1,False,better,4,7,very_old,8,True,no
nathaniel.morgan694@gmail.com,Male,Single,True,5,off,basic,5,3,positive,card,cancelled,UK,English,8,3,72,2,False,better,2,6,very_old,8,True,yes
natalie.hines922@gmail.com,Male,Married,False,8,on,premium,8,4,negative,paypal,expired,India,Hindi,2,9,40,8,True,poor,20,9,very_old,2,False,no
courtney.clay499@gmail.com,Male,Single,False,8,on,basic,2,17,positive,paypal,expired,US,Telugu,38,14,66,8,False,good,6,3,recent,7,True,no
rickey.richards141@gmail.com,Female,Single,False,9,off,gold,9,1,negative,upi,expired,Germany,Telugu,21,15,111,3,True,good,20,1,very_old,7,False,no
randy.larsen862@gmail.com,Female,Married,False,4,off,basic,9,11,positive,paypal,active,Germany,Hindi,23,12,143,1,True,better,13,5,very_old,4,True,no
rebecca.ross85@gmail.com,Female,Married,False,6,on,gold,5,18,negative,paypal,cancelled,Germany,English,20,11,184,8,False,poor,5,5,old,13,True,yes
michael.schultz819@gmail.com,Male,Married,True,8,on,premium,8,9,positive,upi,cancelled,US,Telugu,19,7,92,8,True,poor,11,9,recent,9,False,yes
christopher.blankenship796@gmail.com,Male,Single,False,1,on,gold,4,6,positive,card,cancelled,UK,Telugu,46,0,39,2,True,poor,19,0,recent,14,True,no
lance.smith417@gmail.com,Female,Single,True,10,on,premium,7,14,negative,card,active,US,English,38,20,84,1,False,better,12,7,very_old,14,False,no
dean.moreno251@gmail.com,Female,Married,True,1,on,gold,4,9,neutral,card,cancelled,US,Hindi,50,13,25,5,True,poor,1,9,recent,0,True,yes
timothy.hicks659@gmail.com,Male,Married,False,10,off,gold,2,15,neutral,upi,cancelled,Germany,Hindi,23,16,33,2,False,better,17,7,recent,9,False,yes
antonio.rhodes887@gmail.com,Female,Married,False,8,off,premium,8,4,neutral,paypal,expired,India,Hindi,37,22,134,3,True,good,20,7,very_old,12,True,yes
scott.mcknight794@gmail.com,Male,Married,True,3,off,gold,3,19,positive,upi,active,UK,English,46,5,25,2,True,poor,14,1,old,20,True,yes
caleb.peterson618@gmail.com,Male,Married,False,7,off,basic,3,5,neutral,paypal,cancelled,UK,English,45,11,41,1,False,good,10,0,recent,15,False,yes
victor.mcpherson287@gmail.com,Male,Single,True,7,on,basic,10,1,positive,paypal,expired,India,Hindi,11,2,99,2,False,poor,10,4,very_old,13,False,yes
marcus.maddox323@gmail.com,Female,Married,False,9,on,basic,1,13,neutral,card,expired,Germany,Telugu,23,2,37,5,True,good,2,0,recent,12,False,no
tony.stewart724@gmail.com,Female,Single,False,4,on,basic,2,17,negative,card,cancelled,India,Telugu,26,1,196,9,False,better,3,4,old,1,True,no
kevin.carlson176@gmail.com,Female,Married,False,8,off,gold,8,11,positive,card,expired,UK,Hindi,26,9,54,8,True,better,16,10,recent,14,False,yes
mark.riley913@gmail.com,Female,Married,True,2,on,basic,4,12,neutral,paypal,expired,UK,Telugu,41,1,197,6,True,better,4,5,recent,2,True,yes
william.adams674@gmail.com,Female,Single,False,8,on,premium,6,6,neutral,card,active,US,Telugu,42,8,131,10,False,poor,10,1,old,3,True,no
carolyn.walker404@gmail.com,Male,Married,False,9,off,gold,5,11,neutral,upi,active,India,Telugu,13,11,125,2,False,poor,18,3,very_old,18,False,no
jennifer.lewis511@gmail.com,Female,Married,True,4,on,basic,4,18,negative,upi,expired,UK,Hindi,22,15,32,9,True,better,6,9,very_old,13,True,yes
heather.stewart439@gmail.com,Female,Single,True,4,on,gold,2,13,positive,paypal,expired,US,Telugu,37,2,15,4,True,better,7,3,old,11,True,yes
brenda.reyes600@gmail.com,Female,Married,True,7,off,premium,10,16,positive,card,cancelled,UK,English,43,24,136,10,True,good,3,10,old,15,True,yes
kathy.smith276@gmail.com,Male,Single,False,9,off,basic,10,8,positive,card,active,US,Hindi,36,8,123,4,True,better,16,2,old,17,True,no
bryan.fernandez315@gmail.com,Female,Married,False,6,on,premium,10,18,negative,upi,expired,India,Hindi,20,8,56,1,False,poor,1,2,very_old,3,True,yes
frederick.smith151@gmail.com,Male,Single,False,10,off,gold,4,20,neutral,paypal,expired,UK,Telugu,2,20,173,7,True,poor,2,4,old,13,True,no
larry.lopez710@gmail.com,Female,Married,False,7,on,gold,7,7,positive,paypal,expired,UK,English,27,13,133,9,False,better,19,7,recent,2,True,no
patrick.ferrell541@gmail.com,Female,Single,True,4,off,premium,10,15,neutral,card,active,Germany,Telugu,5,3,37,6,False,better,14,8,very_old,19,True,no
kimberly.hartman788@gmail.com,Female,Married,True,5,on,gold,10,17,negative,upi,expired,India,Hindi,11,17,42,9,False,better,3,9,recent,11,False,yes
travis.young943@gmail.com,Female,Married,True,6,on,basic,4,12,neutral,upi,expired,India,Hindi,26,4,29,2,True,good,20,6,very_old,1,False,yes
wendy.chen502@gmail.com,Male,Single,False,8,off,gold,7,14,negative,upi,expired,India,Telugu,42,25,146,9,False,good,8,4,very_old,12,False,yes
diana.sanchez299@gmail.com,Female,Married,False,8,on,basic,10,14,negative,card,cancelled,US,Hindi,35,10,42,9,False,good,1,1,old,1,True,yes
maria.solis591@gmail.com,Female,Single,False,4,on,basic,9,4,positive,card,active,Germany,English,7,9,35,4,True,good,14,8,very_old,14,False,no
christopher.scott245@gmail.com,Male,Single,False,4,on,premium,6,8,positive,card,cancelled,US,English,46,23,146,10,True,better,15,3,very_old,18,False,yes
mary.roberts488@gmail.com,Female,Single,False,8,on,basic,7,6,negative,upi,active,US,Hindi,25,7,87,5,False,poor,7,8,very_old,1,True,no
brian.cook813@gmail.com,Female,Single,False,1,off,gold,6,20,positive,upi,cancelled,Germany,Telugu,46,22,76,1,False,poor,5,6,recent,14,True,no
jacob.holmes246@gmail.com,Female,Married,True,3,off,gold,6,8,positive,upi,active,India,English,37,15,143,9,True,better,2,10,old,8,True,no
mark.johnson59@gmail.com,Male,Married,True,6,off,basic,7,13,positive,upi,expired,Germany,English,47,12,16,2,False,better,20,0,very_old,15,True,yes
sabrina.wolfe739@gmail.com,Male,Married,False,4,off,gold,4,5,negative,paypal,active,US,Telugu,35,0,64,9,True,poor,1,8,very_old,7,True,yes
christian.jones957@gmail.com,Female,Single,True,1,off,premium,8,0,neutral,upi,active,India,Hindi,28,9,128,8,True,good,9,1,old,8,True,no
kimberly.perez32@gmail.com,Female,Married,True,5,off,premium,5,15,negative,upi,active,Germany,Hindi,0,24,161,9,False,good,16,8,recent,3,True,no
michael.hester203@gmail.com,Female,Single,False,4,off,gold,3,14,neutral,upi,active,UK,English,39,12,44,4,False,poor,9,10,old,6,True,no
andrew.serrano781@gmail.com,Male,Single,True,4,off,premium,3,20,negative,upi,cancelled,UK,English,45,5,118,8,False,better,17,4,recent,18,True,yes
kathleen.smith360@gmail.com,Male,Married,False,1,off,basic,10,14,neutral,upi,expired,Germany,Hindi,18,16,127,7,True,better,15,4,recent,0,False,no
mark.martinez362@gmail.com,Female,Married,False,5,off,gold,4,10,negative,upi,active,Germany,Telugu,35,17,164,5,False,better,12,1,very_old,6,False,no
gina.little487@gmail.com,Male,Married,True,9,on,gold,5,5,neutral,upi,expired,Germany,English,9,5,64,10,True,good,18,10,old,15,False,yes
heather.goodman719@gmail.com,Male,Single,False,4,on,gold,5,8,neutral,card,expired,Germany,English,37,0,174,8,True,better,9,6,very_old,0,True,no
robert.alvarez705@gmail.com,Female,Married,True,4,on,basic,3,14,positive,upi,expired,UK,English,11,3,110,8,True,good,5,5,old,16,True,no
caleb.hood551@gmail.com,Male,Single,False,9,off,gold,1,19,neutral,card,expired,US,Telugu,28,20,152,9,True,good,12,8,old,15,False,yes
aaron.marshall849@gmail.com,Female,Married,False,10,on,premium,4,4,positive,card,expired,India,Telugu,31,22,19,9,True,poor,17,8,recent,6,False,yes
alexis.miranda316@gmail.com,Female,Single,True,8,on,premium,6,1,neutral,card,expired,Germany,English,1,11,76,3,False,poor,2,0,very_old,9,True,no
robin.gutierrez840@gmail.com,Male,Single,True,4,off,premium,2,12,negative,paypal,active,US,Hindi,39,7,154,9,True,poor,4,8,recent,2,True,yes
bryan.taylor212@gmail.com,Female,Married,False,9,off,gold,6,13,positive,upi,cancelled,India,Hindi,5,24,80,3,True,better,4,2,very_old,17,True,no
andrea.harding345@gmail.com,Female,Single,True,5,off,premium,2,2,neutral,upi,active,Germany,Hindi,25,22,197,1,True,poor,2,7,recent,6,False,no
lawrence.floyd729@gmail.com,Female,Single,True,3,off,premium,6,14,positive,upi,active,India,Hindi,5,16,10,6,True,poor,6,4,old,9,True,no
luis.travis353@gmail.com,Male,Single,True,6,on,basic,10,12,neutral,card,active,Germany,Hindi,39,13,126,3,True,better,17,0,old,1,False,no
sarah.gordon22@gmail.com,Male,Married,True,7,on,premium,8,9,positive,card,cancelled,UK,English,28,6,16,10,True,good,16,6,recent,6,False,no
catherine.ward998@gmail.com,Male,Married,True,9,off,basic,10,6,positive,upi,active,India,Hindi,48,24,68,9,False,better,13,4,recent,2,False,no
joshua.wilson808@gmail.com,Male,Single,False,7,off,gold,4,5,neutral,paypal,cancelled,UK,Hindi,21,25,81,2,True,good,20,5,recent,14,False,yes
michael.stephens433@gmail.com,Male,Married,True,2,off,premium,7,5,neutral,upi,expired,UK,Telugu,8,8,38,7,False,poor,19,1,recent,11,False,no
carla.williams956@gmail.com,Male,Married,True,8,off,gold,3,11,negative,card,cancelled,India,Hindi,50,24,151,9,False,better,19,10,recent,2,True,yes
guy.hansen495@gmail.com,Male,Single,True,10,on,gold,5,18,neutral,upi,active,US,Telugu,31,4,141,8,False,good,5,2,very_old,20,False,no
jeremiah.norris980@gmail.com,Male,Single,False,4,off,gold,10,7,negative,upi,active,India,Hindi,2,5,149,10,False,good,19,8,old,9,True,no
susan.morales789@gmail.com,Female,Single,False,1,on,premium,9,7,negative,paypal,expired,India,Hindi,20,0,186,3,False,good,17,0,very_old,16,False,yes
henry.jackson520@gmail.com,Female,Single,False,3,on,premium,4,14,positive,card,cancelled,Germany,Telugu,32,5,143,8,True,better,12,7,old,1,False,no
kevin.tucker810@gmail.com,Female,Married,True,4,on,gold,1,1,negative,card,active,India,Telugu,38,19,11,7,False,better,5,3,old,2,True,no
traci.camacho113@gmail.com,Male,Married,True,5,off,basic,7,9,positive,paypal,cancelled,Germany,English,17,6,54,4,True,good,11,9,very_old,10,True,yes
marie.frederick241@gmail.com,Female,Single,False,6,on,basic,5,16,negative,upi,expired,US,English,19,11,168,6,False,better,8,0,old,19,True,yes
christina.larson992@gmail.com,Female,Single,False,1,off,gold,2,7,positive,upi,active,US,Telugu,3,11,172,10,True,better,13,2,very_old,15,True,no
ricardo.hardin751@gmail.com,Female,Married,True,8,on,basic,8,14,neutral,upi,expired,India,Telugu,2,22,111,7,True,good,20,8,old,11,True,yes
jacqueline.shaw185@gmail.com,Male,Single,False,4,off,basic,2,3,neutral,card,active,Germany,Hindi,26,22,111,2,True,better,12,1,very_old,9,True,no
michael.jacobs377@gmail.com,Male,Married,True,7,on,premium,10,15,neutral,paypal,expired,US,English,8,6,160,4,True,good,12,10,very_old,16,False,yes
jessica.burnett71@gmail.com,Male,Married,False,10,on,premium,5,3,negative,upi,cancelled,India,Telugu,45,15,72,1,True,poor,12,10,very_old,4,False,yes
paula.munoz182@gmail.com,Male,Single,False,4,on,gold,5,14,positive,card,cancelled,US,Telugu,36,25,69,2,False,good,6,2,very_old,19,True,no
lucas.tran67@gmail.com,Female,Single,True,7,off,basic,3,18,negative,upi,expired,Germany,Hindi,21,4,94,7,False,better,1,6,recent,5,True,no
alex.murphy931@gmail.com,Female,Single,False,8,on,premium,4,10,positive,upi,expired,UK,Telugu,7,22,23,5,True,good,7,9,very_old,15,True,no
brandy.sharp704@gmail.com,Female,Married,False,8,off,basic,10,18,negative,card,cancelled,US,Telugu,8,23,16,1,True,better,6,9,very_old,20,False,yes
erik.moody68@gmail.com,Female,Single,True,9,on,gold,3,0,neutral,upi,cancelled,India,Hindi,45,23,183,3,True,better,4,2,very_old,3,False,no
kimberly.mcmillan765@gmail.com,Male,Single,False,7,on,premium,4,10,negative,card,expired,UK,Hindi,11,19,142,8,True,good,5,9,recent,15,False,no
timothy.barker956@gmail.com,Male,Married,True,5,off,gold,2,20,neutral,upi,active,UK,English,15,19,30,5,True,good,12,10,recent,4,True,no
alexis.cervantes16@gmail.com,Female,Married,False,6,on,premium,1,13,positive,paypal,cancelled,Germany,Telugu,19,10,84,2,False,poor,19,2,very_old,0,True,no
tammy.reynolds932@gmail.com,Female,Married,False,8,off,basic,8,0,negative,upi,expired,Germany,English,21,13,129,9,True,poor,18,10,recent,18,False,yes
alex.reyes814@gmail.com,Female,Single,False,9,on,gold,7,17,neutral,upi,active,US,English,2,7,29,2,False,better,8,0,recent,5,True,no
roger.smith510@gmail.com,Male,Married,True,3,on,premium,4,5,negative,card,active,US,English,43,6,120,2,False,poor,20,5,very_old,1,True,no
sara.sanchez931@gmail.com,Male,Married,True,4,off,gold,2,14,neutral,paypal,active,US,Telugu,39,4,19,3,False,poor,3,9,very_old,2,False,no
robin.robinson372@gmail.com,Female,Married,True,8,on,premium,1,17,neutral,paypal,cancelled,UK,Hindi,44,1,108,5,False,good,18,10,old,3,False,yes
lisa.davidson733@gmail.com,Male,Single,False,10,on,basic,6,14,negative,paypal,active,India,Hindi,28,12,152,5,False,better,5,1,very_old,15,True,yes
jonathan.smith673@gmail.com,Male,Single,False,6,on,gold,10,13,negative,card,cancelled,UK,Hindi,19,15,28,6,True,better,16,2,old,7,True,yes
marisa.hudson485@gmail.com,Male,Married,True,8,off,basic,9,8,positive,paypal,cancelled,UK,English,3,6,54,2,False,better,10,6,very_old,6,False,no
tyler.davis336@gmail.com,Male,Single,False,3,on,premium,6,1,negative,paypal,cancelled,Germany,English,23,11,185,10,True,poor,6,6,old,9,False,yes
john.patel282@gmail.com,Male,Single,False,10,on,premium,6,5,positive,paypal,cancelled,India,Telugu,0,7,48,5,False,poor,4,4,very_old,1,True,no
kevin.hall790@gmail.com,Male,Married,True,7,on,basic,5,3,neutral,upi,active,Germany,Hindi,35,24,81,8,False,good,11,5,very_old,20,True,no
stephanie.morrow901@gmail.com,Female,Single,True,4,on,premium,4,9,positive,card,active,Germany,Hindi,6,25,166,3,True,better,7,9,recent,1,False,no
mark.white589@gmail.com,Male,Single,False,4,off,premium,8,9,neutral,card,active,UK,Telugu,48,8,12,7,False,good,11,10,very_old,19,True,yes
michael.pena999@gmail.com,Male,Married,False,4,on,premium,2,18,positive,upi,expired,US,Telugu,3,9,121,1,False,poor,15,9,very_old,20,False,no
emily.klein532@gmail.com,Male,Married,True,8,off,gold,5,8,positive,card,cancelled,UK,Hindi,36,25,140,7,False,better,5,8,recent,18,True,yes
patricia.craig118@gmail.com,Female,Married,True,1,off,premium,3,12,negative,card,active,UK,Hindi,46,6,185,9,True,better,8,4,very_old,4,True,no
james.pittman743@gmail.com,Female,Married,False,10,on,gold,3,18,neutral,card,expired,US,Telugu,32,14,93,1,False,poor,1,7,old,19,True,yes
michael.brennan161@gmail.com,Male,Single,True,6,on,basic,7,2,positive,upi,cancelled,US,Hindi,13,16,91,7,True,good,11,5,recent,10,False,yes
elizabeth.moss254@gmail.com,Female,Married,True,7,off,gold,4,0,neutral,paypal,expired,India,English,40,19,163,6,True,poor,14,8,old,8,True,yes
michelle.newton574@gmail.com,Male,Married,False,3,off,basic,5,16,negative,card,active,India,English,33,5,104,8,False,better,2,8,recent,1,False,no
pamela.steele801@gmail.com,Female,Single,False,9,off,basic,7,1,negative,paypal,active,Germany,Hindi,28,1,23,2,False,good,4,6,old,7,False,yes
morgan.spencer105@gmail.com,Male,Married,True,4,off,gold,3,14,positive,upi,expired,India,Hindi,23,12,46,3,False,poor,6,10,recent,17,False,no
cameron.byrd572@gmail.com,Male,Single,False,7,off,gold,1,5,positive,paypal,active,UK,Telugu,9,13,30,8,False,poor,12,3,very_old,8,True,no
nicholas.bailey975@gmail.com,Female,Married,True,3,on,basic,8,9,negative,card,active,Germany,Hindi,0,1,17,3,False,poor,5,3,very_old,18,False,no
gregory.brooks468@gmail.com,Female,Single,True,9,on,basic,10,19,neutral,card,cancelled,Germany,Telugu,45,13,61,5,False,poor,18,8,old,11,True,no
mark.lawrence967@gmail.com,Female,Single,True,1,on,gold,1,16,negative,card,expired,India,Hindi,7,6,107,9,False,good,2,4,very_old,7,True,no
john.watson925@gmail.com,Male,Single,True,1,on,basic,1,3,negative,upi,expired,UK,Hindi,6,24,147,3,True,poor,4,1,recent,14,True,no
sarah.gallagher925@gmail.com,Female,Married,False,8,on,basic,6,20,positive,card,expired,Germany,Telugu,41,11,62,7,True,better,20,6,very_old,2,False,yes
john.mullins542@gmail.com,Female,Married,True,6,off,premium,10,2,neutral,card,active,Germany,Telugu,50,23,91,5,False,good,13,1,recent,3,True,no
karen.lawrence393@gmail.com,Male,Single,True,3,on,gold,7,4,negative,card,active,UK,Telugu,35,11,109,7,True,better,1,9,very_old,5,False,yes
michael.murray174@gmail.com,Female,Married,True,7,on,basic,4,5,positive,paypal,active,Germany,Telugu,10,10,97,6,False,poor,12,4,old,3,True,no
rebecca.cortez453@gmail.com,Male,Married,False,5,off,premium,6,10,positive,upi,expired,India,English,27,16,139,4,True,poor,3,1,old,16,False,no
christina.allen426@gmail.com,Female,Single,False,4,on,gold,8,10,positive,paypal,cancelled,India,English,2,10,107,4,True,poor,7,4,recent,2,True,no
joseph.williams832@gmail.com,Male,Married,True,1,off,premium,5,11,neutral,paypal,expired,Germany,English,44,1,44,3,False,better,6,0,very_old,3,False,yes
amy.nguyen611@gmail.com,Male,Married,True,4,off,basic,6,6,positive,upi,active,Germany,Hindi,1,21,120,3,False,better,1,1,recent,10,False,no
christopher.miller127@gmail.com,Male,Single,True,8,on,premium,4,5,neutral,paypal,active,Germany,English,33,1,29,8,True,better,7,3,recent,2,False,no
diane.white307@gmail.com,Female,Married,True,2,on,gold,9,12,positive,paypal,expired,US,English,41,11,176,3,True,poor,3,0,old,11,True,yes
james.torres304@gmail.com,Female,Single,False,2,off,gold,9,2,positive,paypal,cancelled,US,Telugu,43,18,170,10,True,poor,17,5,recent,20,False,yes
kimberly.thomas151@gmail.com,Female,Single,True,2,off,basic,5,2,neutral,upi,active,Germany,Hindi,7,4,110,2,True,good,14,7,very_old,1,False,no
debbie.velez91@gmail.com,Female,Single,True,6,off,premium,10,10,negative,paypal,expired,US,English,12,14,83,2,False,good,10,2,recent,17,True,yes
kevin.fitzgerald463@gmail.com,Male,Married,True,1,off,basic,7,13,negative,upi,cancelled,Germany,Telugu,4,10,40,4,False,good,18,4,old,18,False,yes
jeffrey.lynn801@gmail.com,Male,Single,False,9,off,gold,10,9,neutral,card,cancelled,US,Hindi,13,6,95,5,True,poor,2,0,very_old,11,True,no
david.ray401@gmail.com,Male,Single,False,5,off,gold,9,13,neutral,paypal,expired,US,Hindi,20,12,75,2,True,good,2,1,very_old,11,False,yes
james.gregory993@gmail.com,Male,Married,True,9,on,basic,9,9,negative,upi,active,Germany,English,24,15,142,1,False,good,8,10,very_old,5,True,no
brenda.silva994@gmail.com,Male,Married,False,1,off,basic,4,1,positive,card,cancelled,US,English,3,1,36,10,True,poor,8,3,very_old,5,False,no
lisa.navarro748@gmail.com,Male,Married,True,6,on,basic,2,18,positive,upi,expired,India,Telugu,36,7,125,10,True,better,7,0,recent,8,True,no
brenda.carson962@gmail.com,Female,Married,False,10,on,basic,6,14,positive,paypal,expired,Germany,Telugu,45,6,15,8,True,better,19,2,old,14,False,yes
katherine.white185@gmail.com,Female,Single,False,1,off,premium,9,6,positive,paypal,active,India,Hindi,27,17,114,7,False,better,11,1,very_old,18,False,no
david.dean76@gmail.com,Male,Single,False,9,off,premium,1,6,neutral,paypal,expired,Germany,Telugu,13,8,24,10,True,good,6,8,very_old,1,True,no
jessica.gomez615@gmail.com,Male,Single,True,1,on,gold,5,20,positive,card,active,Germany,Hindi,27,0,176,7,True,better,20,6,old,19,False,no
linda.taylor786@gmail.com,Male,Married,True,6,on,gold,2,16,positive,card,active,Germany,Telugu,40,5,115,6,True,better,19,8,old,5,True,no
gina.olsen738@gmail.com,Female,Single,True,8,on,basic,4,20,neutral,paypal,cancelled,India,Telugu,9,13,19,10,True,poor,16,7,recent,8,False,no
david.davis209@gmail.com,Female,Married,True,4,off,premium,8,3,neutral,card,expired,US,English,14,24,160,4,True,better,12,2,very_old,12,False,yes
matthew.ford229@gmail.com,Female,Married,True,5,on,gold,6,5,positive,card,cancelled,India,Telugu,32,14,25,5,True,better,12,0,very_old,6,False,yes
lisa.austin444@gmail.com,Female,Married,False,6,on,gold,5,5,positive,paypal,expired,India,Telugu,19,19,94,10,False,poor,17,1,recent,19,False,yes
diane.fox718@gmail.com,Female,Married,False,1,off,basic,2,2,negative,paypal,expired,US,Telugu,37,7,22,10,False,good,10,8,old,11,False,yes
richard.burch175@gmail.com,Female,Single,True,5,on,gold,6,10,negative,card,active,US,Hindi,21,8,149,4,True,good,3,10,old,7,True,no
stephanie.ballard297@gmail.com,Female,Married,True,10,on,basic,1,16,neutral,paypal,expired,Germany,Telugu,40,16,163,10,True,good,4,9,old,3,True,no
tyler.clark955@gmail.com,Female,Married,True,9,off,basic,4,6,negative,upi,active,India,Telugu,42,18,54,9,True,poor,13,8,recent,3,False,yes
tiffany.mclaughlin444@gmail.com,Female,Single,False,8,on,basic,4,2,neutral,paypal,active,US,Hindi,44,21,148,7,True,poor,16,10,old,10,False,no
nicole.thompson240@gmail.com,Female,Married,False,2,off,premium,2,20,negative,upi,active,US,English,47,23,107,6,True,good,17,2,old,10,True,no
megan.long145@gmail.com,Female,Married,False,7,off,premium,8,13,negative,card,cancelled,UK,English,45,22,181,2,True,poor,20,0,recent,7,True,yes
patrick.li895@gmail.com,Male,Married,True,5,on,premium,1,10,negative,upi,active,India,Telugu,10,3,54,10,True,better,1,2,very_old,12,False,no
brian.hurst977@gmail.com,Male,Married,True,10,on,basic,6,0,positive,upi,cancelled,Germany,English,18,7,161,9,False,better,2,3,old,4,True,no
jesse.wood576@gmail.com,Female,Married,True,9,on,premium,6,6,negative,paypal,active,Germany,Telugu,34,24,197,8,False,poor,2,1,recent,7,True,no
gabriel.christensen393@gmail.com,Female,Single,False,8,off,basic,4,13,negative,card,expired,UK,English,4,22,36,9,False,good,1,2,recent,20,False,no
joshua.terry508@gmail.com,Male,Single,True,2,off,basic,9,13,negative,paypal,active,US,Hindi,49,17,104,5,True,better,5,9,very_old,7,True,yes
david.nielsen80@gmail.com,Female,Married,False,2,off,premium,9,7,positive,paypal,active,UK,Telugu,27,10,138,2,True,better,15,4,very_old,2,True,no
james.rice920@gmail.com,Female,Married,False,2,on,premium,9,3,neutral,upi,active,UK,Hindi,24,9,15,3,True,poor,5,10,very_old,5,False,no
tiffany.sawyer89@gmail.com,Male,Single,True,8,on,gold,3,12,neutral,paypal,expired,UK,Telugu,19,18,200,5,False,poor,14,1,very_old,15,True,yes
kenneth.doyle464@gmail.com,Female,Married,False,3,on,gold,1,20,negative,card,active,US,Hindi,21,10,164,9,True,better,16,9,recent,2,True,no
hannah.smith215@gmail.com,Male,Married,False,3,off,premium,3,14,neutral,upi,active,UK,English,21,11,153,3,False,better,7,5,old,11,True,no
jamie.crawford830@gmail.com,Male,Married,False,8,on,gold,10,5,positive,upi,expired,US,Hindi,39,5,38,8,True,poor,20,1,old,0,True,no
jessica.campbell945@gmail.com,Male,Married,True,1,on,basic,3,19,positive,paypal,expired,Germany,English,16,19,109,8,False,good,2,10,recent,15,True,no
margaret.morris246@gmail.com,Male,Married,False,8,off,gold,4,20,negative,paypal,cancelled,India,Hindi,3,13,33,6,True,poor,7,1,very_old,6,True,yes
wendy.daugherty148@gmail.com,Male,Married,False,9,off,premium,4,8,neutral,card,cancelled,US,Hindi,17,19,34,4,False,poor,4,5,very_old,4,False,yes
tyler.hunt409@gmail.com,Female,Single,False,8,off,premium,7,9,positive,upi,cancelled,India,English,0,7,80,5,True,good,13,2,recent,16,False,no
michael.holland83@gmail.com,Female,Single,True,10,off,gold,2,18,neutral,paypal,cancelled,UK,English,49,8,125,10,True,better,11,5,recent,16,False,yes
douglas.morales604@gmail.com,Male,Single,False,2,on,premium,1,15,negative,card,cancelled,Germany,English,16,20,77,8,False,better,17,5,recent,1,True,no
jennifer.vance793@gmail.com,Female,Married,False,2,off,gold,4,6,positive,upi,cancelled,UK,English,4,3,171,6,True,better,13,6,old,5,True,no
cole.vasquez851@gmail.com,Female,Single,True,9,on,premium,7,19,positive,paypal,active,Germany,Hindi,9,14,13,9,False,better,13,7,old,15,False,no
evelyn.graham832@gmail.com,Male,Married,False,5,off,basic,2,20,positive,upi,expired,Germany,English,32,12,62,4,True,good,11,8,recent,14,False,no
michael.roberts739@gmail.com,Female,Single,False,9,on,basic,3,13,positive,upi,cancelled,UK,Hindi,22,12,101,5,False,good,2,9,recent,0,True,no
kim.shelton53@gmail.com,Female,Married,False,7,on,basic,4,7,neutral,upi,cancelled,Germany,Hindi,29,24,187,10,False,better,13,7,old,4,False,no
nicole.kim194@gmail.com,Female,Married,False,6,off,premium,6,4,negative,upi,active,UK,Telugu,39,6,123,2,False,good,15,8,recent,8,False,no
allison.durham524@gmail.com,Female,Married,False,2,on,gold,8,1,neutral,upi,cancelled,Germany,English,48,1,126,3,False,better,4,7,old,17,False,yes
charles.austin346@gmail.com,Male,Single,False,4,off,gold,6,1,positive,card,active,India,English,28,8,91,1,False,poor,16,1,very_old,6,True,no
jose.mullins221@gmail.com,Female,Single,True,4,on,basic,4,11,negative,upi,cancelled,Germany,Hindi,0,0,51,7,False,good,14,6,old,15,False,no
kathleen.palmer320@gmail.com,Female,Married,False,2,on,basic,1,17,negative,paypal,active,US,Telugu,34,7,107,8,True,good,6,9,old,17,True,no
jenny.arias410@gmail.com,Female,Single,False,2,off,basic,5,3,neutral,upi,active,UK,Telugu,39,9,97,4,False,poor,11,4,very_old,7,True,no
jennifer.stewart760@gmail.com,Male,Married,True,1,off,premium,2,16,positive,card,cancelled,UK,Telugu,12,0,67,5,False,good,12,2,very_old,5,True,yes
jacob.williams450@gmail.com,Male,Single,True,6,off,basic,2,2,neutral,upi,expired,US,English,24,15,26,2,False,poor,10,8,recent,20,True,yes
james.fox800@gmail.com,Female,Single,False,3,off,gold,1,10,positive,paypal,active,Germany,Telugu,0,13,20,3,False,poor,11,7,old,3,False,no
david.shea723@gmail.com,Female,Single,False,7,on,basic,8,20,positive,paypal,expired,UK,English,18,8,141,1,False,good,1,7,old,9,True,yes
anthony.gomez95@gmail.com,Female,Single,True,6,on,premium,7,7,positive,paypal,active,Germany,Hindi,42,6,52,8,False,better,2,10,very_old,10,True,no
amy.morris410@gmail.com,Female,Married,False,1,off,premium,4,4,positive,upi,active,India,English,39,6,75,8,False,better,16,10,old,15,True,no
philip.dunn502@gmail.com,Female,Married,True,4,on,premium,8,2,neutral,upi,active,India,English,18,21,177,7,True,poor,8,4,recent,12,True,no
andrew.jackson74@gmail.com,Female,Single,False,6,off,gold,2,20,negative,card,expired,US,Hindi,1,23,80,7,False,poor,2,4,very_old,4,False,yes
paul.fields823@gmail.com,Female,Married,True,4,on,basic,4,13,positive,paypal,active,UK,English,47,14,29,4,True,better,9,9,recent,11,True,no
debra.watkins993@gmail.com,Male,Married,True,7,off,gold,6,9,neutral,upi,cancelled,India,Telugu,29,0,105,3,False,good,18,0,recent,6,False,yes
gina.armstrong487@gmail.com,Male,Married,False,9,off,gold,9,10,positive,paypal,expired,UK,Hindi,35,24,167,3,False,good,1,10,old,10,False,no
joshua.hernandez918@gmail.com,Female,Single,False,6,on,basic,1,0,positive,upi,active,Germany,English,14,2,67,9,True,poor,16,10,very_old,7,True,no
matthew.welch585@gmail.com,Male,Single,False,9,off,gold,3,16,positive,card,expired,UK,Telugu,22,21,123,2,True,better,7,8,old,8,False,no
bethany.rios483@gmail.com,Female,Single,False,9,on,basic,7,9,negative,card,cancelled,UK,Hindi,27,2,86,6,False,better,18,9,very_old,19,False,yes
derrick.aguirre435@gmail.com,Male,Single,False,7,on,premium,9,10,positive,upi,active,US,Hindi,3,9,131,8,False,better,19,8,recent,6,False,no
james.tran75@gmail.com,Male,Married,True,7,on,gold,3,19,negative,upi,cancelled,US,Hindi,4,3,102,5,False,good,6,4,very_old,16,True,yes
mark.tran8@gmail.com,Female,Married,False,9,off,basic,9,8,neutral,paypal,expired,India,Telugu,7,4,177,8,True,better,10,4,very_old,18,True,no
tammy.rivera102@gmail.com,Male,Married,False,7,on,premium,1,4,neutral,upi,cancelled,US,Hindi,6,8,101,7,False,better,14,3,very_old,4,True,yes
antonio.moore572@gmail.com,Female,Married,False,6,off,gold,6,4,negative,upi,expired,India,English,39,23,155,10,True,better,15,7,recent,2,True,no
april.bowman151@gmail.com,Male,Married,True,8,off,basic,10,7,negative,upi,active,UK,Telugu,44,14,21,5,False,poor,16,1,recent,6,False,no
matthew.morgan738@gmail.com,Male,Single,False,4,on,premium,9,17,negative,card,cancelled,UK,Telugu,39,7,145,1,True,good,2,10,old,8,True,yes
karen.farmer707@gmail.com,Female,Married,True,8,off,gold,5,17,positive,paypal,cancelled,UK,Telugu,44,6,166,1,True,good,10,6,recent,4,False,no
dakota.evans624@gmail.com,Male,Married,True,10,on,basic,4,0,negative,card,active,US,Telugu,4,15,168,9,True,poor,12,10,old,1,True,no
holly.armstrong575@gmail.com,Male,Single,True,4,off,premium,5,11,negative,card,expired,US,Hindi,16,6,13,7,True,better,7,8,old,2,False,yes
jacob.johnson492@gmail.com,Female,Single,True,10,off,gold,5,0,positive,paypal,active,India,English,7,21,117,6,False,better,14,3,old,5,True,no
danielle.maddox51@gmail.com,Female,Single,True,7,on,gold,1,17,positive,paypal,cancelled,India,English,26,2,27,3,True,poor,11,5,very_old,7,True,no
laura.brooks655@gmail.com,Male,Single,True,6,off,basic,8,6,negative,upi,active,India,English,32,14,189,4,False,good,14,1,recent,16,True,no
courtney.cruz707@gmail.com,Male,Single,False,1,off,gold,3,18,neutral,paypal,cancelled,India,Hindi,11,3,28,2,True,poor,2,5,recent,16,False,no
chelsea.conley826@gmail.com,Female,Single,True,5,off,gold,8,6,positive,paypal,cancelled,US,English,42,18,180,3,True,good,6,0,old,15,True,no
lori.chang863@gmail.com,Female,Single,False,6,on,gold,6,0,neutral,paypal,cancelled,UK,Telugu,5,6,169,7,True,good,15,3,old,3,False,no
julie.bauer185@gmail.com,Male,Single,True,10,off,gold,10,15,neutral,card,expired,UK,Hindi,7,8,33,7,True,good,3,1,recent,7,True,yes
michael.scott105@gmail.com,Male,Married,False,3,on,basic,2,18,negative,card,expired,US,Hindi,25,7,53,4,True,better,9,9,old,7,False,yes
denise.cox876@gmail.com,Female,Married,False,10,on,premium,5,16,neutral,paypal,cancelled,India,Telugu,43,13,149,2,True,better,10,2,very_old,20,False,yes
david.green188@gmail.com,Male,Single,True,1,on,premium,8,18,neutral,upi,active,India,English,3,7,58,5,False,poor,3,2,old,16,True,no
james.taylor567@gmail.com,Female,Single,True,5,on,basic,3,9,positive,card,active,Germany,English,16,7,184,7,False,poor,12,10,recent,19,True,no
alicia.rice370@gmail.com,Female,Married,True,9,off,basic,7,13,positive,upi,expired,UK,Telugu,11,19,124,2,False,better,16,4,very_old,0,True,no
karen.jenkins60@gmail.com,Female,Married,False,10,off,basic,1,17,positive,paypal,expired,US,Telugu,32,16,163,5,True,better,7,4,very_old,9,False,no
john.burke738@gmail.com,Female,Married,False,3,on,premium,5,8,negative,upi,active,Germany,Hindi,1,11,132,6,False,good,20,4,recent,6,True,no
russell.campbell694@gmail.com,Female,Married,False,5,on,premium,3,15,positive,paypal,cancelled,UK,Hindi,47,11,179,3,True,good,2,3,recent,9,True,yes
alicia.rogers955@gmail.com,Female,Single,True,2,off,gold,9,12,neutral,card,active,Germany,Telugu,2,1,93,3,False,better,15,9,recent,0,False,no
colin.chase781@gmail.com,Male,Married,False,8,on,basic,6,17,neutral,paypal,active,US,Hindi,39,6,186,3,True,poor,7,9,very_old,13,False,no
james.goodwin600@gmail.com,Male,Single,False,8,on,basic,10,5,neutral,paypal,active,UK,Telugu,37,7,111,6,True,better,16,1,recent,19,True,yes
daniel.bowen75@gmail.com,Male,Married,True,4,on,basic,4,8,negative,paypal,expired,US,Telugu,32,13,44,8,False,better,14,7,very_old,4,True,yes
daniel.lopez301@gmail.com,Male,Single,False,4,on,basic,7,4,positive,upi,expired,India,Telugu,40,10,72,7,True,better,12,2,old,1,True,no
jennifer.frank581@gmail.com,Female,Single,False,4,on,basic,9,9,negative,paypal,expired,US,Telugu,47,3,170,7,True,good,5,6,recent,13,True,yes
denise.hall756@gmail.com,Male,Single,False,10,off,basic,7,12,positive,upi,cancelled,UK,Telugu,32,12,181,3,False,good,19,6,recent,15,True,yes
jose.santiago321@gmail.com,Female,Single,False,3,on,basic,6,11,neutral,upi,active,UK,Hindi,23,3,58,2,True,poor,12,1,old,19,True,no
amanda.garcia846@gmail.com,Female,Single,False,7,off,premium,5,9,neutral,card,cancelled,US,Hindi,35,3,181,1,False,poor,4,1,recent,16,True,yes
henry.campbell317@gmail.com,Female,Single,True,5,off,basic,8,19,neutral,upi,expired,UK,English,0,25,40,1,True,better,13,5,very_old,2,True,yes
eric.miranda804@gmail.com,Male,Married,True,5,off,premium,7,8,positive,card,active,UK,English,19,18,50,1,False,poor,1,7,recent,3,False,no
mary.bennett531@gmail.com,Male,Married,True,8,on,basic,4,14,positive,paypal,active,US,Telugu,2,17,197,4,False,poor,12,6,recent,14,True,no
joseph.morales943@gmail.com,Female,Married,True,4,off,gold,10,13,positive,card,expired,UK,English,24,24,189,9,False,poor,8,2,old,12,False,yes
garrett.moore696@gmail.com,Female,Married,True,5,on,basic,2,19,negative,upi,expired,US,Hindi,36,24,50,4,True,poor,8,1,recent,11,False,yes
janet.barr785@gmail.com,Female,Married,True,2,on,basic,6,9,positive,upi,expired,India,Hindi,14,6,183,9,True,better,17,10,old,6,False,yes
alice.small137@gmail.com,Male,Single,True,2,off,basic,1,6,neutral,upi,expired,India,Hindi,2,20,71,7,False,better,13,0,old,9,True,no
samantha.lowe679@gmail.com,Male,Married,False,9,on,basic,8,4,positive,upi,active,India,Hindi,36,1,39,1,True,poor,8,9,very_old,17,True,no
barbara.banks178@gmail.com,Female,Married,False,3,on,basic,9,15,positive,upi,active,Germany,English,2,21,69,2,True,good,16,2,recent,8,False,no
rodney.bernard802@gmail.com,Female,Single,True,4,on,gold,3,17,positive,card,expired,UK,English,19,6,176,6,True,poor,5,3,recent,20,True,yes
emily.meadows855@gmail.com,Female,Single,False,7,off,basic,2,13,negative,upi,expired,UK,Telugu,26,2,158,3,False,good,11,5,old,12,False,yes
patrick.gardner678@gmail.com,Female,Married,False,3,on,basic,9,3,neutral,upi,expired,India,English,10,20,113,8,False,poor,12,0,very_old,17,True,yes
anne.martin297@gmail.com,Female,Married,False,2,on,basic,5,16,neutral,upi,active,UK,English,19,17,158,4,False,better,5,4,old,3,False,no
tina.harrison859@gmail.com,Female,Married,True,2,off,basic,4,18,negative,paypal,active,UK,English,44,1,116,2,True,poor,14,10,old,17,False,no
amanda.johnson673@gmail.com,Male,Married,False,4,on,gold,10,14,neutral,card,cancelled,India,English,23,25,120,5,True,poor,8,0,very_old,14,True,no
pamela.gardner657@gmail.com,Female,Married,False,8,off,premium,7,20,negative,card,expired,US,Hindi,5,14,149,7,True,better,6,5,very_old,0,False,no
erik.davis108@gmail.com,Female,Married,True,10,on,gold,2,1,negative,card,active,US,Hindi,26,23,115,9,False,good,16,1,very_old,15,True,no
lauren.martinez131@gmail.com,Female,Married,False,4,off,basic,3,10,positive,card,active,India,Telugu,50,15,164,1,False,good,7,2,very_old,13,True,no
dawn.clay639@gmail.com,Male,Single,True,8,off,gold,7,18,positive,card,expired,Germany,Telugu,28,4,134,8,True,better,9,10,old,5,True,yes
jose.thompson867@gmail.com,Male,Married,True,9,off,basic,8,8,neutral,paypal,expired,India,English,26,2,196,3,False,good,12,1,recent,15,True,yes
anthony.holmes601@gmail.com,Male,Single,True,8,on,gold,2,13,positive,upi,cancelled,UK,English,30,23,53,9,False,poor,8,10,recent,14,True,no
victor.wood271@gmail.com,Male,Single,True,1,on,premium,4,5,positive,paypal,cancelled,India,English,7,6,28,6,False,poor,14,7,old,14,True,yes
connie.warren143@gmail.com,Female,Single,True,10,off,basic,7,12,neutral,upi,expired,US,Hindi,38,17,82,10,True,good,14,5,old,18,True,yes
evelyn.acevedo453@gmail.com,Male,Married,True,2,on,premium,3,9,neutral,card,active,UK,Hindi,21,25,167,8,False,better,10,7,recent,1,False,no
steven.adams253@gmail.com,Male,Single,True,3,on,premium,6,14,positive,upi,expired,UK,Hindi,22,5,186,8,True,good,17,8,old,11,False,yes
william.le265@gmail.com,Male,Single,True,6,off,basic,10,6,neutral,card,expired,India,English,21,13,108,5,False,poor,17,1,old,14,False,no
jill.nelson706@gmail.com,Female,Married,True,2,on,gold,10,12,positive,card,expired,US,Hindi,5,6,160,2,False,better,6,3,old,3,True,no
michael.beard888@gmail.com,Female,Single,False,5,off,premium,9,10,negative,upi,active,UK,Telugu,40,19,21,3,False,better,17,4,recent,3,True,no
amy.hartman519@gmail.com,Male,Single,True,8,off,premium,4,8,neutral,upi,cancelled,India,English,35,9,85,7,False,good,16,6,very_old,14,False,no
nicole.hughes389@gmail.com,Female,Single,True,7,on,premium,2,10,positive,card,expired,India,Hindi,41,20,182,8,True,better,6,4,recent,10,True,no
heather.morris847@gmail.com,Male,Married,True,2,on,basic,6,16,negative,upi,active,UK,Hindi,47,18,156,6,False,better,8,1,recent,1,True,no
anthony.brown514@gmail.com,Female,Married,False,9,on,basic,4,16,positive,upi,expired,US,Telugu,45,21,199,9,True,good,7,7,very_old,1,True,no
brian.bishop442@gmail.com,Female,Single,True,1,off,premium,7,7,positive,card,expired,UK,Hindi,33,18,18,5,False,better,9,4,very_old,0,True,yes
jeffrey.miller38@gmail.com,Male,Married,False,3,on,gold,3,8,neutral,card,cancelled,India,Hindi,18,13,188,3,False,better,4,9,old,8,True,yes
jennifer.olson490@gmail.com,Female,Married,False,8,on,basic,3,1,positive,paypal,cancelled,UK,Telugu,0,25,114,8,False,poor,10,3,recent,19,True,no
carlos.ray361@gmail.com,Male,Single,True,10,on,gold,3,8,positive,card,cancelled,India,Telugu,32,18,88,1,False,poor,16,2,very_old,19,True,yes
william.hernandez7@gmail.com,Female,Married,True,4,off,gold,6,7,neutral,card,cancelled,US,Hindi,9,0,63,1,False,poor,20,5,old,13,False,yes
holly.myers609@gmail.com,Male,Single,False,6,on,gold,5,16,negative,upi,expired,UK,Telugu,43,3,91,1,True,poor,3,7,old,0,True,yes
todd.watts117@gmail.com,Male,Single,True,9,off,basic,1,9,neutral,upi,cancelled,UK,English,14,25,185,4,False,good,6,3,old,0,True,yes
james.moss96@gmail.com,Male,Married,True,9,off,gold,7,1,neutral,card,active,India,English,41,10,106,10,True,poor,9,0,old,17,True,yes
nicholas.walker482@gmail.com,Female,Single,True,6,off,premium,1,0,neutral,upi,expired,US,English,39,5,96,6,False,good,5,6,old,2,False,yes
ronnie.gates916@gmail.com,Male,Married,False,8,on,premium,2,0,negative,card,expired,UK,Hindi,3,9,36,4,False,good,16,1,recent,8,False,no
john.martin109@gmail.com,Female,Single,True,3,on,basic,8,3,negative,paypal,active,US,English,32,9,36,9,False,better,3,9,very_old,1,True,yes
donna.giles442@gmail.com,Male,Single,False,4,off,basic,10,8,negative,card,expired,US,Telugu,8,11,147,1,False,good,12,5,recent,3,True,yes
susan.avila90@gmail.com,Male,Single,True,7,on,gold,9,11,neutral,upi,expired,UK,Hindi,21,19,88,6,True,good,18,9,very_old,9,False,no
courtney.williams807@gmail.com,Female,Married,False,1,off,premium,1,10,positive,upi,cancelled,India,Telugu,26,19,132,6,True,good,18,2,recent,12,True,yes
felicia.townsend133@gmail.com,Male,Married,False,4,off,basic,5,17,negative,paypal,active,UK,Hindi,23,15,163,8,True,good,16,1,old,13,True,no
jonathan.morris552@gmail.com,Female,Single,False,4,on,premium,4,16,neutral,card,cancelled,India,Hindi,22,20,18,1,True,poor,15,3,old,5,True,no
timothy.mathews192@gmail.com,Male,Married,False,3,off,gold,10,2,neutral,paypal,expired,India,Hindi,7,6,131,10,False,good,16,7,very_old,11,True,yes
nicholas.miller987@gmail.com,Female,Single,False,1,off,premium,8,14,positive,card,cancelled,Germany,Telugu,32,20,63,4,False,better,8,5,recent,2,False,yes
brian.meyer578@gmail.com,Female,Married,True,2,on,basic,3,18,neutral,paypal,expired,UK,Hindi,12,1,142,1,True,good,3,0,recent,1,True,no
kevin.knapp414@gmail.com,Male,Single,False,7,off,basic,3,1,positive,paypal,cancelled,US,English,1,20,39,8,True,good,1,2,recent,16,True,no
nicole.henderson765@gmail.com,Male,Single,True,3,on,basic,4,20,positive,paypal,expired,India,Telugu,36,9,88,1,True,good,9,4,old,15,False,no
matthew.gregory356@gmail.com,Male,Married,True,10,off,premium,5,2,negative,card,cancelled,UK,Telugu,23,17,129,1,True,poor,9,3,very_old,14,True,yes
isaiah.ford895@gmail.com,Female,Single,False,7,on,basic,7,13,negative,card,cancelled,UK,Hindi,21,4,179,8,False,poor,2,1,old,9,False,yes
christopher.wright571@gmail.com,Female,Single,True,6,off,basic,9,9,negative,card,expired,US,Telugu,36,22,127,3,True,poor,9,5,old,16,False,yes
natalie.sullivan269@gmail.com,Male,Married,True,10,off,gold,10,0,negative,upi,expired,UK,English,3,7,39,4,False,poor,5,6,very_old,13,True,no
angela.martin498@gmail.com,Female,Single,False,1,off,basic,9,12,neutral,upi,cancelled,UK,Hindi,45,18,85,10,True,good,9,7,old,19,False,yes
terri.jacobson941@gmail.com,Female,Single,True,1,off,gold,6,7,positive,paypal,active,Germany,English,37,15,51,1,True,poor,15,5,recent,5,True,no
shelly.lam53@gmail.com,Female,Married,False,5,on,gold,3,7,negative,upi,cancelled,UK,Telugu,2,21,135,2,False,better,16,5,old,3,True,no
jonathan.weaver675@gmail.com,Female,Single,False,1,on,gold,2,3,neutral,card,expired,Germany,Telugu,32,23,141,6,False,better,1,6,old,10,False,yes
rose.arnold794@gmail.com,Male,Married,True,3,on,gold,5,7,neutral,upi,expired,UK,English,39,11,78,2,False,good,2,7,old,4,False,no
mary.peterson787@gmail.com,Female,Single,True,1,off,basic,3,16,positive,paypal,expired,India,Hindi,38,3,21,8,True,better,4,3,recent,1,False,yes
william.simmons403@gmail.com,Female,Single,True,6,on,basic,9,1,negative,card,expired,India,Hindi,41,0,180,10,True,better,9,8,recent,12,False,yes
shannon.perez347@gmail.com,Female,Married,True,10,off,gold,9,16,neutral,card,active,Germany,Hindi,6,7,26,6,True,good,18,4,recent,17,True,no
susan.bird121@gmail.com,Female,Married,True,5,off,basic,4,16,positive,paypal,cancelled,US,Telugu,49,4,104,9,False,good,9,3,very_old,0,True,no
danielle.smith764@gmail.com,Female,Single,False,9,off,premium,6,20,positive,card,cancelled,US,English,25,19,193,4,False,good,12,5,old,12,True,no
paul.ali958@gmail.com,Female,Single,True,5,on,premium,5,15,negative,paypal,expired,India,Hindi,13,6,191,2,True,better,14,3,recent,17,True,no
stephen.flores4@gmail.com,Female,Single,False,1,on,premium,3,9,positive,card,active,India,Telugu,35,11,76,9,False,poor,7,5,very_old,7,True,no
harold.horne36@gmail.com,Male,Married,False,3,off,basic,1,12,negative,card,cancelled,US,Telugu,3,25,123,2,True,good,8,0,recent,5,True,no
brandon.haynes133@gmail.com,Male,Married,False,7,on,premium,5,17,neutral,paypal,expired,Germany,English,46,9,134,3,False,better,9,2,old,14,False,yes
benjamin.brady452@gmail.com,Male,Single,False,7,off,gold,6,18,negative,upi,active,Germany,English,26,23,150,5,True,better,16,1,very_old,17,True,yes
kevin.hart581@gmail.com,Female,Married,True,9,on,gold,6,19,neutral,paypal,expired,US,Telugu,3,3,77,8,False,better,16,3,recent,14,False,yes
lauren.brown152@gmail.com,Male,Married,False,10,on,premium,5,16,positive,card,active,UK,English,0,0,131,7,False,poor,5,1,recent,13,False,no
andrew.bishop170@gmail.com,Female,Married,False,5,on,gold,7,19,negative,upi,cancelled,UK,Telugu,30,24,172,5,True,better,18,4,very_old,16,True,yes
mary.davis762@gmail.com,Male,Single,True,7,off,basic,6,10,negative,card,cancelled,UK,Telugu,46,24,31,10,True,better,2,6,very_old,17,False,yes
donna.watts930@gmail.com,Male,Married,False,10,on,basic,3,0,positive,upi,expired,UK,English,38,24,110,9,False,good,16,4,old,2,False,yes
marcia.quinn14@gmail.com,Female,Married,True,6,on,basic,4,19,neutral,card,active,UK,English,15,7,174,6,False,poor,8,1,old,2,True,no
justin.cohen493@gmail.com,Female,Single,False,3,off,premium,1,1,negative,upi,expired,Germany,Telugu,40,3,60,6,True,poor,16,6,old,0,False,yes
vincent.martinez680@gmail.com,Male,Married,True,6,on,premium,8,6,positive,paypal,active,India,English,29,22,173,9,False,poor,10,7,old,18,False,yes
steven.schultz881@gmail.com,Male,Single,True,5,on,gold,7,0,negative,paypal,cancelled,US,English,16,12,193,9,True,better,19,9,old,2,True,no
james.brewer828@gmail.com,Female,Single,False,7,on,basic,3,18,positive,upi,active,UK,Hindi,28,18,182,1,False,poor,17,3,old,7,True,no
cory.miller857@gmail.com,Male,Single,False,6,on,premium,3,1,negative,card,cancelled,India,Telugu,35,23,37,6,False,poor,14,5,very_old,16,False,yes
william.mckinney925@gmail.com,Female,Single,True,3,on,gold,6,5,neutral,paypal,active,India,Hindi,5,18,126,8,True,poor,14,5,old,1,True,no
dennis.sanchez208@gmail.com,Male,Married,True,4,on,premium,6,20,negative,upi,cancelled,UK,Hindi,36,13,57,10,True,better,5,0,very_old,9,False,yes
john.arnold160@gmail.com,Male,Single,True,8,off,gold,7,18,negative,upi,cancelled,India,English,1,11,36,1,False,better,13,6,old,19,True,yes
mark.terry567@gmail.com,Female,Single,True,6,on,premium,8,7,positive,upi,expired,US,Hindi,24,10,177,10,False,better,20,2,very_old,4,True,no
andrew.powell36@gmail.com,Male,Single,True,6,on,gold,1,2,negative,paypal,cancelled,UK,English,40,8,184,2,False,poor,2,4,old,10,True,yes
christy.davis78@gmail.com,Female,Married,False,3,off,premium,2,3,positive,upi,cancelled,US,Hindi,20,25,146,1,True,good,6,9,old,18,False,no
jacob.henry746@gmail.com,Female,Single,True,2,off,basic,5,19,neutral,paypal,cancelled,Germany,English,5,5,126,8,True,good,18,10,very_old,20,False,no
william.chapman967@gmail.com,Female,Married,False,5,on,basic,5,5,positive,card,expired,US,English,43,15,84,1,False,good,12,5,old,15,False,no
ann.moore107@gmail.com,Male,Single,False,8,on,premium,3,10,positive,paypal,expired,Germany,Hindi,47,1,48,3,False,poor,5,7,old,19,False,yes
keith.marsh15@gmail.com,Male,Single,False,10,off,basic,9,10,negative,paypal,cancelled,US,Hindi,28,22,130,3,True,better,15,2,very_old,13,False,yes
michael.sandoval92@gmail.com,Female,Single,False,5,off,gold,3,3,neutral,paypal,cancelled,India,Telugu,4,12,85,6,True,good,15,7,recent,8,True,no
joseph.watts810@gmail.com,Female,Single,True,3,off,premium,3,15,neutral,paypal,active,US,Telugu,0,4,173,3,False,better,20,10,old,13,True,no
madison.lucas262@gmail.com,Male,Single,False,10,on,basic,4,3,positive,upi,active,India,English,33,16,96,8,True,better,4,0,old,10,False,no
angela.johnson705@gmail.com,Female,Single,False,7,on,basic,6,0,negative,paypal,cancelled,UK,Hindi,31,13,168,4,True,poor,6,8,recent,13,True,yes
anthony.hogan606@gmail.com,Male,Single,True,2,on,premium,1,15,positive,paypal,cancelled,Germany,Hindi,5,8,170,3,False,poor,18,1,recent,6,False,yes
alexander.cooper315@gmail.com,Female,Married,False,8,on,gold,3,3,positive,card,cancelled,India,English,12,11,171,2,False,good,5,2,old,19,False,no
steven.jackson587@gmail.com,Male,Married,True,7,off,gold,3,2,neutral,paypal,cancelled,US,English,18,21,27,4,True,better,3,9,recent,4,True,yes
tricia.prince889@gmail.com,Female,Single,False,1,off,basic,2,13,neutral,card,active,UK,Telugu,48,24,79,10,False,good,15,9,old,4,True,no
alexander.bruce773@gmail.com,Female,Single,True,1,off,basic,3,10,positive,paypal,active,US,Telugu,8,10,60,8,False,better,18,10,old,13,False,no
tara.bishop770@gmail.com,Female,Married,True,7,off,gold,4,5,positive,card,active,India,English,3,16,71,10,False,better,5,7,very_old,10,False,no
rebecca.berry339@gmail.com,Female,Single,False,5,on,basic,9,7,neutral,card,expired,UK,English,37,8,197,4,False,poor,5,0,recent,12,False,yes
katherine.williams758@gmail.com,Male,Single,False,3,off,basic,6,19,neutral,upi,expired,Germany,Hindi,1,17,173,9,False,good,14,2,very_old,5,True,no
kim.taylor342@gmail.com,Female,Married,True,4,off,basic,4,19,negative,card,active,US,English,23,23,44,8,True,poor,16,10,very_old,7,True,no
brittany.harrison930@gmail.com,Female,Single,False,10,off,basic,10,0,positive,paypal,cancelled,India,English,40,6,148,3,False,good,3,0,old,19,True,yes
alexander.carrillo156@gmail.com,Male,Married,True,3,on,premium,6,2,neutral,paypal,cancelled,UK,Telugu,38,3,77,7,True,good,12,3,old,14,False,yes
brittany.warner360@gmail.com,Male,Married,True,6,off,premium,5,20,neutral,card,active,Germany,English,40,16,65,8,True,better,6,6,very_old,17,True,no
alan.weeks969@gmail.com,Female,Married,False,7,on,premium,9,13,negative,paypal,cancelled,US,Hindi,28,2,178,8,False,poor,4,1,very_old,6,False,yes
david.jones392@gmail.com,Male,Single,False,1,on,premium,3,4,negative,card,expired,US,Hindi,27,8,193,10,True,good,1,5,very_old,6,False,yes
ashley.hayes916@gmail.com,Male,Married,False,8,off,gold,10,5,neutral,paypal,cancelled,India,English,36,11,156,5,False,good,11,6,recent,9,True,yes
samuel.scott935@gmail.com,Male,Single,True,7,off,gold,10,4,positive,card,cancelled,Germany,Hindi,2,4,132,6,False,good,19,8,old,12,True,no
christian.elliott63@gmail.com,Female,Single,True,9,off,basic,2,18,neutral,card,expired,US,English,16,17,96,5,False,good,19,8,very_old,12,True,yes
elizabeth.ross101@gmail.com,Female,Married,False,9,off,basic,8,9,positive,card,active,US,English,35,9,115,6,True,poor,10,1,old,8,False,no
morgan.montes753@gmail.com,Male,Married,True,5,on,premium,1,12,neutral,card,cancelled,Germany,Hindi,6,21,72,6,False,good,17,5,recent,7,True,no
john.jones274@gmail.com,Male,Married,False,3,off,basic,9,7,positive,card,expired,UK,Hindi,42,23,35,8,False,better,4,10,recent,16,False,yes
william.harris827@gmail.com,Male,Single,True,6,off,premium,5,2,positive,card,cancelled,India,Telugu,31,16,60,6,False,better,2,3,old,7,True,yes
peter.butler963@gmail.com,Female,Single,True,5,off,gold,4,11,negative,paypal,active,US,Hindi,20,15,134,10,False,poor,8,3,old,3,True,no
andrea.ashley451@gmail.com,Male,Single,True,8,on,premium,6,13,negative,paypal,expired,US,Hindi,6,5,74,6,True,better,14,9,very_old,2,False,yes
michael.frazier339@gmail.com,Female,Married,False,5,on,basic,4,8,positive,paypal,active,US,English,8,9,137,1,False,poor,18,3,old,2,True,no
megan.crane382@gmail.com,Female,Single,False,7,off,gold,1,0,neutral,card,expired,US,Hindi,9,21,12,2,True,good,16,8,recent,20,True,no
ricardo.alvarez617@gmail.com,Male,Single,True,4,on,gold,2,17,neutral,card,active,Germany,Telugu,49,24,19,10,False,poor,20,4,recent,20,True,no
richard.robinson367@gmail.com,Female,Married,False,10,off,gold,2,18,neutral,paypal,cancelled,India,Hindi,43,21,91,10,False,good,13,3,very_old,4,False,yes
dwayne.davila653@gmail.com,Female,Married,False,4,on,premium,3,1,positive,card,cancelled,India,English,25,3,15,3,True,better,9,4,recent,8,False,no
jonathan.fletcher1@gmail.com,Female,Married,True,4,on,gold,8,7,positive,paypal,cancelled,India,Telugu,44,19,105,6,False,good,2,7,very_old,8,True,no
thomas.johnson139@gmail.com,Male,Married,True,4,on,gold,1,9,positive,card,cancelled,US,English,24,21,106,1,True,good,9,9,old,6,False,no
christina.robinson365@gmail.com,Male,Married,False,5,off,gold,9,17,neutral,paypal,expired,UK,Telugu,5,11,51,4,True,good,18,4,old,5,False,yes
benjamin.preston339@gmail.com,Female,Married,False,8,on,basic,7,1,neutral,paypal,expired,US,English,35,24,105,2,False,good,19,5,very_old,10,True,yes
christopher.ramos434@gmail.com,Male,Married,False,2,off,premium,4,17,negative,card,cancelled,Germany,Hindi,17,2,174,3,True,good,7,7,old,2,False,yes
lauren.spears758@gmail.com,Male,Single,False,6,on,basic,5,4,positive,paypal,expired,US,Hindi,14,11,124,5,True,poor,1,3,recent,14,False,yes
blake.patel677@gmail.com,Male,Married,False,6,off,premium,5,6,neutral,card,cancelled,India,English,49,10,91,7,True,poor,19,1,very_old,8,False,yes
stephen.allen597@gmail.com,Female,Married,True,1,on,premium,5,12,neutral,paypal,active,India,Telugu,3,2,29,7,False,good,16,6,recent,10,False,no
brandon.james426@gmail.com,Male,Single,False,10,off,premium,2,15,positive,paypal,expired,India,Hindi,1,15,77,4,False,poor,14,9,very_old,3,True,no
alex.wilson939@gmail.com,Male,Single,False,5,on,basic,7,1,positive,card,expired,UK,Telugu,14,22,176,6,True,better,11,5,very_old,10,True,no
william.roberts835@gmail.com,Male,Married,False,10,off,gold,6,10,positive,upi,cancelled,US,Telugu,43,1,95,1,False,poor,15,6,very_old,0,True,no
monique.williams492@gmail.com,Male,Married,True,5,on,gold,9,6,negative,paypal,cancelled,US,English,7,16,193,4,True,better,15,5,old,18,False,yes
bailey.henderson498@gmail.com,Female,Married,True,7,off,basic,7,12,positive,paypal,active,UK,Hindi,34,7,16,7,False,poor,16,3,recent,17,False,no
michelle.robinson484@gmail.com,Male,Married,False,8,off,premium,6,4,positive,paypal,expired,India,Hindi,30,25,25,3,False,good,16,6,very_old,2,True,no
william.perez642@gmail.com,Male,Married,False,8,off,gold,5,20,neutral,upi,expired,India,Telugu,16,13,163,2,False,good,8,8,old,14,False,yes
kelly.strong675@gmail.com,Female,Single,False,8,off,gold,4,6,neutral,paypal,cancelled,UK,English,18,13,164,2,True,poor,17,4,very_old,11,False,no
william.barnes856@gmail.com,Male,Married,False,10,on,gold,5,0,positive,card,cancelled,UK,Hindi,29,0,131,8,True,poor,6,6,recent,8,True,no
robert.parks880@gmail.com,Female,Single,False,2,off,gold,4,4,negative,upi,active,Germany,Hindi,37,10,104,3,True,good,11,1,old,18,False,yes
john.rice570@gmail.com,Female,Single,False,10,on,premium,5,10,negative,paypal,active,India,English,3,0,152,4,False,better,20,8,recent,10,False,no
zachary.trujillo146@gmail.com,Female,Single,True,9,off,premium,7,14,negative,upi,expired,US,Hindi,35,12,34,1,False,better,15,10,recent,17,True,yes
jeremiah.russell875@gmail.com,Male,Married,False,6,on,gold,7,5,neutral,card,active,India,English,4,6,144,8,True,good,1,3,recent,9,True,no
gabriel.jones658@gmail.com,Female,Married,False,9,off,basic,10,14,positive,paypal,expired,UK,Telugu,48,9,195,4,False,better,19,2,recent,18,True,no
richard.torres648@gmail.com,Female,Married,True,10,on,basic,1,6,negative,card,cancelled,UK,English,42,9,81,5,False,better,16,2,recent,7,False,yes
kimberly.harrison524@gmail.com,Male,Single,True,3,off,basic,10,20,neutral,upi,cancelled,Germany,Telugu,32,11,176,9,False,better,3,5,very_old,16,False,yes
pamela.johnson892@gmail.com,Male,Married,True,2,off,basic,1,8,positive,upi,expired,UK,Telugu,12,25,19,10,False,good,8,10,very_old,6,True,yes
laurie.montgomery851@gmail.com,Male,Single,False,7,on,basic,10,11,negative,card,active,Germany,Hindi,39,23,200,4,True,poor,1,1,old,0,True,no
michael.lambert240@gmail.com,Male,Married,True,9,on,premium,2,1,positive,card,expired,Germany,English,36,2,33,7,False,good,20,1,recent,13,False,no
brenda.mack16@gmail.com,Female,Single,True,3,on,premium,4,13,positive,paypal,cancelled,India,Hindi,11,6,84,1,True,poor,17,4,recent,15,False,yes
christopher.martinez305@gmail.com,Female,Married,False,5,on,gold,3,7,neutral,paypal,expired,US,Telugu,26,17,188,4,True,poor,10,8,very_old,11,False,yes
ashley.todd179@gmail.com,Female,Married,True,8,off,gold,6,17,negative,paypal,active,India,Telugu,0,24,122,4,True,poor,11,5,very_old,14,False,yes
marissa.martinez460@gmail.com,Male,Single,False,6,off,basic,9,18,neutral,upi,expired,US,Hindi,34,22,122,1,False,better,4,4,recent,7,True,yes
jason.quinn962@gmail.com,Female,Married,False,8,off,gold,8,16,neutral,card,cancelled,US,Telugu,50,5,24,4,True,poor,12,8,very_old,20,False,yes
betty.fletcher618@gmail.com,Male,Married,False,7,on,gold,6,8,negative,paypal,expired,India,Hindi,7,5,89,7,False,poor,16,0,recent,6,True,no
barbara.graham408@gmail.com,Male,Married,False,5,on,gold,6,7,neutral,paypal,expired,India,Telugu,28,7,79,7,True,good,13,2,very_old,13,True,no
heather.schroeder615@gmail.com,Male,Single,True,9,off,premium,9,20,positive,upi,active,US,Telugu,35,19,61,6,False,poor,13,7,very_old,18,False,yes
jennifer.gilbert29@gmail.com,Female,Single,True,6,on,gold,9,1,neutral,card,cancelled,US,English,48,19,92,8,True,good,18,4,recent,9,False,no
adam.hammond256@gmail.com,Male,Married,False,6,off,gold,1,5,positive,upi,expired,US,Telugu,27,5,21,7,False,poor,17,10,recent,1,True,yes
daniel.martin509@gmail.com,Male,Married,True,5,on,basic,3,10,neutral,paypal,cancelled,US,Hindi,1,19,93,8,True,poor,6,5,very_old,9,False,no
peter.salinas558@gmail.com,Male,Married,True,7,on,premium,6,5,neutral,upi,active,UK,English,40,0,79,3,True,good,3,5,recent,2,False,no
alison.warren712@gmail.com,Female,Single,True,6,on,premium,4,18,positive,paypal,cancelled,Germany,Hindi,6,1,51,9,True,good,1,9,old,18,False,yes
wayne.bates868@gmail.com,Female,Married,False,9,on,basic,7,9,positive,upi,active,UK,Telugu,49,23,90,10,True,better,6,8,very_old,14,True,no
heidi.warren974@gmail.com,Female,Single,False,1,on,basic,9,8,negative,upi,expired,UK,Hindi,14,11,178,1,False,good,16,1,old,6,False,no
brooke.hernandez744@gmail.com,Male,Single,True,9,off,basic,6,4,positive,card,cancelled,India,Telugu,33,10,154,10,False,good,7,5,old,17,False,yes
juan.bell428@gmail.com,Male,Married,True,8,on,basic,1,18,positive,card,expired,UK,Telugu,0,6,128,2,True,better,13,6,old,12,True,no
edwin.camacho117@gmail.com,Male,Single,True,1,off,premium,8,6,neutral,paypal,active,Germany,Hindi,29,25,96,5,False,better,11,5,very_old,11,True,no
elizabeth.hernandez243@gmail.com,Male,Married,False,10,on,gold,2,12,negative,upi,cancelled,UK,English,35,20,79,4,True,better,12,0,recent,1,True,yes
sarah.cowan200@gmail.com,Male,Single,True,6,off,basic,4,6,positive,upi,active,India,English,15,7,100,4,True,poor,4,1,old,20,False,no
donna.davis445@gmail.com,Male,Married,False,6,off,basic,6,12,neutral,paypal,expired,Germany,Hindi,8,6,57,1,True,poor,10,10,very_old,20,True,yes
nicholas.holland623@gmail.com,Male,Married,True,7,on,gold,7,17,neutral,upi,expired,Germany,Telugu,47,12,43,6,True,better,16,8,very_old,3,True,no
shane.cantrell546@gmail.com,Male,Single,True,10,off,basic,1,1,negative,card,active,UK,Hindi,42,6,157,1,False,better,9,0,very_old,17,True,no
james.cole699@gmail.com,Male,Single,False,3,off,basic,4,6,negative,card,active,US,Hindi,45,21,26,3,False,better,7,10,very_old,8,True,yes
terry.taylor540@gmail.com,Female,Single,True,2,on,basic,2,3,neutral,upi,cancelled,Germany,Telugu,2,25,110,5,False,good,10,0,old,18,True,yes
shane.dixon759@gmail.com,Female,Single,False,4,on,premium,3,14,positive,upi,cancelled,India,English,24,20,109,10,False,better,20,3,old,9,False,no
brian.ware44@gmail.com,Female,Married,False,2,on,premium,3,10,positive,paypal,cancelled,India,English,6,17,34,7,False,poor,12,6,old,16,True,no
blake.williams762@gmail.com,Male,Single,False,8,off,gold,2,19,positive,paypal,expired,India,Telugu,46,7,95,7,True,poor,18,7,old,1,False,yes
ralph.gilbert370@gmail.com,Female,Married,False,3,off,premium,9,14,neutral,paypal,cancelled,UK,Telugu,27,1,68,1,True,good,18,5,recent,11,True,no
james.mcmahon584@gmail.com,Female,Single,False,3,on,premium,1,11,positive,paypal,active,UK,English,21,6,148,1,False,better,17,4,recent,16,False,no
eric.henderson386@gmail.com,Female,Single,True,5,on,gold,6,14,positive,paypal,active,India,Hindi,39,22,77,10,False,good,15,8,old,7,True,no
brenda.miranda338@gmail.com,Female,Single,True,8,on,premium,9,9,negative,paypal,expired,India,Telugu,2,17,159,10,False,better,19,4,recent,15,False,yes
randy.simpson959@gmail.com,Male,Married,False,3,on,premium,3,11,negative,card,cancelled,UK,Hindi,21,15,27,7,False,poor,2,7,very_old,18,False,yes
jose.green456@gmail.com,Male,Married,True,2,off,premium,9,5,negative,upi,active,UK,Hindi,35,21,55,4,False,better,1,10,recent,17,False,yes
cynthia.steele660@gmail.com,Female,Single,True,5,off,gold,3,7,negative,upi,cancelled,Germany,English,38,23,61,6,False,good,8,5,very_old,12,False,yes
morgan.alexander538@gmail.com,Female,Married,True,6,off,gold,3,20,negative,paypal,cancelled,US,Hindi,40,23,115,6,True,good,4,2,old,3,False,no
ryan.knight641@gmail.com,Female,Married,True,5,on,gold,8,18,positive,paypal,cancelled,UK,Hindi,5,13,158,3,True,poor,2,10,old,20,True,yes
michael.raymond738@gmail.com,Male,Single,True,6,off,premium,6,9,positive,paypal,cancelled,US,English,3,16,184,3,False,poor,12,4,old,14,False,no
natalie.anderson324@gmail.com,Male,Single,False,2,off,basic,1,20,neutral,paypal,cancelled,Germany,Telugu,34,19,45,7,False,poor,5,9,recent,7,True,no
jeremy.foster306@gmail.com,Female,Married,False,3,off,basic,6,0,positive,paypal,expired,Germany,English,23,19,196,8,False,good,9,8,old,6,True,no
alison.scott61@gmail.com,Male,Single,False,8,off,basic,1,13,neutral,card,cancelled,Germany,Telugu,19,11,122,3,True,good,3,1,old,4,True,yes
gina.sparks327@gmail.com,Male,Married,False,4,on,gold,10,6,positive,card,active,Germany,Hindi,5,11,30,9,False,good,1,10,recent,16,True,no
jeremy.willis595@gmail.com,Female,Married,True,7,on,gold,6,20,neutral,card,cancelled,India,Hindi,31,17,100,6,True,good,9,0,very_old,14,True,no
danielle.johnson281@gmail.com,Male,Single,False,3,off,gold,3,5,neutral,upi,active,India,Telugu,8,10,101,10,True,good,13,4,recent,4,False,no
melissa.rodriguez390@gmail.com,Female,Single,False,4,off,gold,2,14,negative,upi,cancelled,Germany,Telugu,19,0,111,5,True,poor,2,9,recent,13,False,yes
chelsea.lee252@gmail.com,Female,Single,False,5,off,gold,4,0,negative,upi,cancelled,UK,Telugu,46,19,141,9,False,poor,2,2,very_old,12,False,yes
mark.hudson896@gmail.com,Female,Single,False,1,on,basic,2,4,negative,upi,active,US,English,32,2,62,5,False,better,13,1,very_old,1,False,no
barbara.cunningham978@gmail.com,Male,Married,False,8,off,gold,2,19,neutral,paypal,expired,India,Hindi,36,12,171,3,False,good,13,3,old,11,True,no
marilyn.lee853@gmail.com,Female,Single,True,1,off,gold,8,19,negative,card,active,India,Telugu,1,16,63,1,True,better,14,4,recent,7,True,no
jacob.mason46@gmail.com,Male,Married,False,8,off,gold,6,17,negative,upi,cancelled,US,English,35,16,38,6,False,poor,18,9,old,11,True,no
maria.cohen712@gmail.com,Female,Single,False,3,off,basic,8,19,negative,card,expired,US,Hindi,29,7,67,7,True,better,1,6,old,6,False,yes
heather.fuentes814@gmail.com,Female,Single,True,9,on,gold,8,12,neutral,paypal,cancelled,US,Hindi,10,25,109,1,False,better,15,0,very_old,15,False,yes
james.weber297@gmail.com,Male,Single,True,6,on,gold,8,10,negative,paypal,cancelled,US,Hindi,3,5,170,10,False,poor,12,2,very_old,7,False,no
sierra.cruz553@gmail.com,Male,Single,True,1,off,premium,4,9,negative,card,cancelled,Germany,Telugu,12,17,121,3,True,poor,13,6,recent,15,False,yes
kyle.elliott780@gmail.com,Male,Married,False,1,on,premium,4,5,negative,card,cancelled,US,English,32,20,68,8,False,good,14,2,very_old,14,True,yes
rachel.morgan46@gmail.com,Male,Single,True,7,off,gold,10,7,neutral,paypal,expired,Germany,Hindi,8,18,73,4,False,poor,5,3,old,8,False,no
justin.steele811@gmail.com,Female,Single,False,6,on,gold,4,16,negative,card,cancelled,US,English,22,1,80,10,False,good,14,5,very_old,17,False,yes
jacob.sandoval405@gmail.com,Female,Single,True,4,on,premium,5,3,positive,card,cancelled,Germany,Telugu,5,9,128,9,False,good,11,7,recent,15,True,no
wendy.francis444@gmail.com,Female,Single,True,9,on,basic,8,13,neutral,paypal,active,US,Hindi,43,5,55,10,False,better,6,10,very_old,12,False,no
jennifer.johnson529@gmail.com,Female,Single,False,5,off,gold,8,5,neutral,card,active,UK,English,40,16,67,2,False,poor,1,1,old,9,False,no
nicole.robles850@gmail.com,Female,Married,False,9,off,gold,1,15,positive,paypal,cancelled,UK,English,18,21,43,2,True,better,15,2,old,12,True,no
earl.rogers487@gmail.com,Male,Single,True,3,off,gold,1,5,positive,paypal,active,Germany,English,6,7,43,4,False,good,11,1,old,15,True,no
rachel.horne3@gmail.com,Male,Married,True,8,off,gold,9,1,neutral,card,cancelled,India,English,29,15,110,3,False,good,11,9,old,15,True,yes
jason.gordon724@gmail.com,Female,Single,True,9,on,premium,4,12,neutral,card,active,UK,Telugu,43,24,183,5,True,poor,3,3,old,9,True,no
martin.galvan821@gmail.com,Female,Single,True,4,on,premium,1,16,positive,paypal,active,US,Telugu,37,21,25,7,False,better,8,9,very_old,16,False,no
linda.hudson545@gmail.com,Female,Single,True,9,on,premium,5,9,positive,paypal,active,India,English,17,22,190,4,False,good,7,0,old,5,False,no
brandon.hooper331@gmail.com,Male,Married,True,3,off,basic,4,9,positive,card,cancelled,UK,English,8,11,188,5,False,good,6,8,recent,19,False,no
tammy.kidd903@gmail.com,Female,Single,True,7,off,premium,2,7,neutral,card,active,Germany,Telugu,44,15,41,4,True,good,18,0,very_old,12,True,no
alicia.romero950@gmail.com,Female,Single,False,5,off,basic,7,7,neutral,upi,active,Germany,English,38,9,36,9,True,poor,15,5,old,10,False,no
garrett.cook466@gmail.com,Male,Single,False,8,off,premium,7,14,positive,card,expired,US,English,47,8,115,7,False,good,18,9,recent,18,True,yes
jeffrey.ramirez796@gmail.com,Male,Married,True,9,off,gold,7,15,positive,paypal,active,India,English,19,16,54,4,False,good,16,8,recent,10,True,no
michael.norton80@gmail.com,Male,Single,True,8,off,gold,2,12,negative,paypal,active,Germany,Hindi,14,18,128,9,False,poor,5,4,old,18,True,no
richard.williams951@gmail.com,Male,Married,False,10,off,basic,5,20,negative,card,cancelled,Germany,Hindi,43,23,199,1,True,good,4,8,very_old,19,True,yes
blake.donaldson905@gmail.com,Female,Married,True,6,off,gold,4,10,negative,paypal,active,Germany,Telugu,3,8,73,2,True,good,1,7,recent,9,True,no
james.barber227@gmail.com,Female,Single,False,6,on,premium,9,7,positive,paypal,expired,UK,Telugu,4,21,124,1,True,poor,11,3,very_old,7,True,no
angela.ortiz593@gmail.com,Male,Single,False,6,off,premium,3,20,negative,paypal,active,UK,Telugu,3,3,36,6,False,better,1,10,very_old,8,True,no
tracy.henry329@gmail.com,Male,Married,False,7,on,premium,8,10,neutral,card,cancelled,US,English,50,9,191,8,True,poor,18,4,old,20,False,yes
david.weber599@gmail.com,Male,Married,False,10,on,basic,3,8,neutral,paypal,active,India,Hindi,25,0,189,6,True,better,16,2,old,18,False,no
sara.moore38@gmail.com,Female,Married,False,9,on,basic,10,11,negative,card,cancelled,Germany,Telugu,16,7,148,9,True,poor,15,3,very_old,2,False,no
donna.moss210@gmail.com,Female,Married,False,4,on,premium,2,8,positive,upi,cancelled,US,Hindi,6,19,157,1,False,better,1,10,recent,1,False,no
melissa.rivas88@gmail.com,Male,Single,True,6,on,premium,8,0,negative,upi,expired,Germany,Telugu,23,17,94,9,True,poor,18,8,old,15,True,yes
eric.townsend254@gmail.com,Female,Married,False,4,off,basic,3,13,positive,upi,expired,US,Hindi,13,21,65,2,False,poor,13,6,recent,2,True,no
brianna.thompson314@gmail.com,Male,Married,True,1,on,premium,1,20,positive,paypal,cancelled,India,Telugu,24,24,141,3,False,better,20,9,old,6,False,no
stephanie.thomas622@gmail.com,Male,Single,True,7,off,premium,5,11,neutral,paypal,expired,US,English,29,15,97,7,True,good,4,0,recent,3,False,yes
dustin.edwards9@gmail.com,Male,Single,False,3,on,gold,7,7,negative,card,active,Germany,Hindi,26,2,17,6,False,poor,1,9,very_old,0,True,no
breanna.miller108@gmail.com,Female,Single,True,1,on,gold,5,0,negative,upi,expired,US,Telugu,20,19,65,6,True,poor,6,10,very_old,17,False,yes
mary.moore330@gmail.com,Male,Married,True,10,off,basic,3,2,positive,card,expired,Germany,Telugu,44,0,41,7,True,good,19,2,old,1,True,yes
karla.evans784@gmail.com,Female,Married,True,10,on,basic,9,5,positive,upi,expired,India,English,19,1,92,1,False,better,10,7,recent,2,True,no
eduardo.bowman955@gmail.com,Male,Married,False,5,off,basic,4,10,negative,card,expired,UK,English,11,4,127,3,True,better,14,7,old,14,False,yes
jason.cole571@gmail.com,Male,Single,False,6,off,basic,2,0,positive,card,expired,US,Hindi,40,10,199,9,False,poor,2,1,very_old,1,False,yes
victoria.neal684@gmail.com,Female,Single,False,9,off,gold,6,5,negative,upi,expired,US,Telugu,19,9,86,6,True,good,8,7,old,19,False,yes
kevin.alvarado961@gmail.com,Female,Married,False,9,on,basic,9,20,neutral,card,expired,Germany,Hindi,43,15,70,7,False,good,4,8,old,14,True,no
shawn.brooks620@gmail.com,Male,Single,True,3,on,premium,5,17,neutral,card,cancelled,UK,Hindi,29,14,60,4,False,better,18,3,recent,11,False,no
robert.floyd510@gmail.com,Female,Married,False,2,off,gold,5,0,negative,paypal,expired,Germany,English,25,11,72,9,True,better,10,1,old,16,True,yes
benjamin.myers155@gmail.com,Male,Single,False,10,off,premium,2,13,neutral,card,expired,Germany,English,14,6,75,6,False,better,5,5,very_old,10,False,no
joseph.cobb110@gmail.com,Male,Married,True,8,off,basic,6,10,positive,upi,cancelled,India,Telugu,20,8,83,9,False,good,13,4,very_old,13,True,no
sarah.sanders549@gmail.com,Male,Married,True,4,on,basic,5,17,positive,upi,expired,US,Hindi,12,22,144,9,False,good,8,9,very_old,18,False,yes
catherine.rubio580@gmail.com,Female,Single,True,9,off,gold,4,11,neutral,card,expired,India,Hindi,2,12,51,3,True,better,1,10,old,14,True,no
isaac.murphy966@gmail.com,Male,Married,True,6,on,premium,6,5,neutral,card,cancelled,India,Hindi,19,10,144,1,False,poor,6,3,very_old,18,True,yes
nicole.daniel280@gmail.com,Male,Single,False,3,on,premium,5,11,positive,paypal,cancelled,Germany,Telugu,10,3,140,7,False,good,15,8,recent,2,True,no
james.velasquez640@gmail.com,Male,Single,True,10,off,basic,2,18,neutral,upi,expired,US,Hindi,22,16,93,3,False,better,2,8,recent,19,True,no
lynn.brooks822@gmail.com,Female,Married,True,3,on,basic,6,1,positive,card,active,US,Hindi,2,21,106,3,True,poor,2,1,recent,11,True,no
janet.thomas113@gmail.com,Male,Married,True,4,off,premium,2,10,negative,card,expired,UK,Telugu,37,20,145,7,False,poor,18,0,very_old,2,True,no
robert.dawson912@gmail.com,Male,Single,False,7,off,gold,9,1,negative,paypal,active,India,Hindi,23,23,37,3,False,poor,3,1,old,3,True,no
margaret.duncan122@gmail.com,Female,Single,False,1,off,premium,8,10,positive,card,expired,US,Hindi,48,20,65,1,False,good,7,6,recent,7,False,no
stephanie.walker687@gmail.com,Male,Married,True,3,off,premium,7,17,negative,upi,active,India,Telugu,31,6,143,7,False,poor,10,7,old,14,False,no
patricia.adams969@gmail.com,Female,Married,True,6,off,gold,9,11,positive,paypal,active,Germany,Hindi,11,17,56,7,True,poor,11,0,very_old,15,True,no
ashley.lin348@gmail.com,Male,Married,False,3,off,basic,10,15,negative,upi,cancelled,US,Telugu,42,4,140,5,True,poor,18,4,very_old,17,False,yes
charles.duncan256@gmail.com,Male,Single,True,8,off,premium,1,17,negative,paypal,active,India,English,30,13,109,1,False,good,7,4,very_old,13,True,no
juan.mcintosh390@gmail.com,Male,Married,False,5,off,gold,7,7,positive,card,expired,Germany,English,2,2,77,5,False,better,6,7,old,9,False,no
brian.cooper999@gmail.com,Male,Single,True,7,on,gold,8,15,neutral,upi,active,UK,Telugu,44,14,120,4,True,good,11,5,recent,15,False,no
tina.bradley350@gmail.com,Male,Single,False,8,off,premium,5,14,neutral,upi,cancelled,UK,English,41,5,40,10,True,poor,9,10,old,16,False,yes
chad.welch234@gmail.com,Female,Married,True,8,on,gold,1,3,negative,paypal,active,India,English,17,23,36,8,False,better,15,3,recent,9,False,no
justin.sims134@gmail.com,Female,Single,True,3,on,gold,4,0,neutral,card,expired,US,English,9,1,75,6,True,good,7,3,old,12,False,yes
beth.williams352@gmail.com,Female,Single,True,2,off,premium,7,14,negative,upi,expired,India,Hindi,21,4,10,1,False,better,17,7,old,8,True,yes
victor.gonzalez753@gmail.com,Male,Married,False,8,off,gold,3,13,neutral,upi,active,US,Telugu,44,13,64,3,True,better,8,8,old,0,True,no
cheryl.hamilton465@gmail.com,Male,Single,False,9,on,gold,9,8,neutral,paypal,cancelled,UK,Telugu,44,16,170,7,True,poor,2,1,recent,0,False,no
bruce.compton194@gmail.com,Female,Single,True,3,off,basic,3,1,positive,paypal,expired,UK,English,32,24,142,2,True,better,10,6,old,6,True,no
jacob.barnett536@gmail.com,Female,Single,True,1,on,basic,8,0,positive,paypal,active,India,English,43,25,161,1,False,better,7,10,very_old,15,True,no
david.camacho940@gmail.com,Male,Married,False,4,on,basic,4,17,negative,paypal,expired,US,Hindi,15,21,11,1,False,better,10,2,very_old,0,False,no
stanley.morris193@gmail.com,Female,Married,True,7,on,gold,9,2,neutral,paypal,expired,Germany,Telugu,27,2,182,4,False,better,17,1,recent,3,False,no
william.fuller513@gmail.com,Male,Single,True,2,off,gold,3,11,negative,upi,expired,UK,Hindi,26,18,125,1,False,better,2,4,old,12,False,yes
ryan.martin754@gmail.com,Female,Single,False,8,on,gold,6,12,positive,upi,cancelled,US,Hindi,43,17,93,9,False,good,18,7,old,20,False,yes
monica.alexander934@gmail.com,Female,Single,True,6,off,premium,10,10,positive,paypal,active,India,Telugu,44,13,66,7,False,better,15,6,very_old,19,True,yes
tara.johnson995@gmail.com,Female,Married,False,3,off,basic,8,18,negative,upi,expired,US,Telugu,33,3,72,3,True,good,6,6,recent,1,True,no
kenneth.gallegos401@gmail.com,Female,Single,True,6,on,basic,6,0,neutral,upi,cancelled,US,Hindi,31,4,197,2,True,poor,17,6,very_old,18,True,yes
dana.barajas705@gmail.com,Female,Single,False,5,on,gold,6,15,neutral,card,expired,India,Telugu,45,1,198,7,True,better,16,4,old,0,False,yes
jamie.weaver961@gmail.com,Female,Single,False,4,off,basic,1,5,neutral,paypal,active,UK,Telugu,36,0,175,6,False,better,20,4,very_old,2,True,no
michele.smith47@gmail.com,Female,Single,True,6,off,premium,2,1,negative,upi,expired,UK,Hindi,7,4,29,5,True,poor,19,3,recent,4,True,no
marie.mccarthy781@gmail.com,Male,Married,True,6,on,premium,2,13,negative,paypal,cancelled,US,Telugu,43,0,42,10,True,better,19,8,very_old,4,True,no
erin.jones436@gmail.com,Male,Married,True,7,on,gold,8,10,positive,upi,active,UK,English,38,24,108,2,False,good,13,10,very_old,15,False,no
anthony.mcfarland746@gmail.com,Female,Single,False,6,off,premium,7,6,negative,upi,active,India,English,11,16,197,10,False,good,19,7,recent,5,False,no
kathleen.edwards477@gmail.com,Female,Married,False,4,off,gold,6,13,negative,upi,expired,Germany,Telugu,35,20,14,8,True,good,13,8,recent,17,False,yes
michelle.cooper86@gmail.com,Male,Married,True,4,off,gold,3,10,negative,upi,expired,UK,English,47,20,123,8,False,good,11,8,very_old,3,False,yes
misty.sanchez914@gmail.com,Female,Married,False,2,off,premium,5,16,negative,upi,expired,Germany,Hindi,50,20,43,1,True,better,19,2,recent,13,True,yes
tracey.werner563@gmail.com,Male,Married,False,10,off,basic,7,2,negative,upi,cancelled,Germany,English,48,19,198,7,True,better,20,7,old,1,True,yes
joseph.roberson814@gmail.com,Male,Single,False,10,off,basic,10,12,positive,upi,cancelled,US,English,13,12,38,6,False,better,1,5,recent,6,False,no
kimberly.flores649@gmail.com,Male,Married,False,5,off,basic,2,14,negative,upi,cancelled,UK,English,18,24,132,9,True,good,13,6,recent,12,False,yes
carol.martinez980@gmail.com,Female,Single,False,9,on,gold,3,9,neutral,card,expired,UK,Hindi,18,7,62,5,False,better,19,1,very_old,4,False,no
david.brooks632@gmail.com,Female,Single,True,3,off,basic,7,1,negative,upi,active,India,Telugu,9,12,143,5,True,poor,14,10,recent,19,False,no
kristin.le49@gmail.com,Male,Single,False,4,on,basic,4,17,positive,card,active,US,English,4,7,125,2,False,better,5,4,recent,17,False,no
hailey.johnson767@gmail.com,Male,Single,True,1,off,premium,3,0,positive,card,cancelled,UK,Hindi,10,19,198,4,False,good,5,9,old,0,False,no
david.may930@gmail.com,Female,Married,True,10,on,gold,5,14,neutral,card,expired,US,English,32,7,140,4,True,better,7,4,old,15,False,no
natasha.glover514@gmail.com,Male,Married,False,6,off,premium,5,11,neutral,card,expired,UK,Telugu,25,21,87,7,True,poor,17,1,very_old,11,True,no
ryan.hernandez514@gmail.com,Male,Single,True,10,off,premium,7,16,neutral,upi,active,UK,Hindi,23,16,102,8,False,better,13,3,recent,0,True,no
albert.dominguez836@gmail.com,Female,Single,False,1,on,gold,1,6,positive,upi,cancelled,India,English,16,12,32,7,False,better,1,5,very_old,7,True,yes
danielle.edwards509@gmail.com,Female,Single,True,8,off,gold,5,10,negative,paypal,cancelled,UK,Hindi,21,16,128,3,False,poor,14,10,very_old,4,False,yes
eric.ward437@gmail.com,Female,Single,False,7,on,premium,2,3,negative,upi,cancelled,Germany,English,42,14,97,3,False,good,15,2,old,13,False,yes
donald.love738@gmail.com,Male,Single,True,5,off,gold,7,14,positive,card,active,India,English,48,3,160,6,True,poor,11,1,recent,20,True,no
rachel.browning440@gmail.com,Female,Single,False,10,on,premium,8,14,negative,paypal,expired,India,Hindi,42,20,88,2,True,good,17,10,old,13,True,yes
maria.michael135@gmail.com,Male,Married,False,8,on,premium,5,10,neutral,upi,active,UK,Telugu,45,22,180,10,True,better,6,6,very_old,5,False,no
robert.white946@gmail.com,Female,Married,False,2,off,gold,7,10,negative,paypal,cancelled,India,English,9,25,109,10,False,good,4,8,very_old,7,False,yes
chad.brown530@gmail.com,Male,Single,False,5,off,gold,4,2,negative,card,active,UK,Telugu,49,20,42,3,False,good,12,5,old,5,True,no
jacqueline.soto890@gmail.com,Female,Married,False,5,off,gold,3,17,neutral,paypal,active,Germany,Telugu,27,10,135,9,False,good,13,4,recent,17,False,no
claudia.mitchell84@gmail.com,Female,Married,False,3,off,gold,10,9,negative,paypal,cancelled,US,English,25,23,101,6,True,good,9,9,very_old,14,False,yes
breanna.horn916@gmail.com,Female,Single,False,8,on,premium,3,18,neutral,upi,active,India,English,33,22,94,2,False,poor,6,7,recent,12,True,no
sabrina.hughes325@gmail.com,Female,Single,False,1,on,basic,2,16,neutral,upi,expired,US,Hindi,29,23,110,10,True,good,7,2,very_old,8,False,yes
suzanne.west406@gmail.com,Male,Single,False,1,off,premium,8,8,negative,paypal,expired,India,Telugu,30,7,88,10,True,better,19,1,old,19,False,yes
melissa.henry140@gmail.com,Male,Single,True,6,on,premium,3,10,negative,upi,cancelled,US,Hindi,19,18,104,3,True,poor,3,9,recent,19,False,no
jason.salinas851@gmail.com,Male,Married,False,9,off,premium,6,8,positive,card,cancelled,India,English,33,11,166,9,True,poor,13,4,very_old,19,True,yes
susan.robbins592@gmail.com,Male,Married,False,9,off,gold,10,17,neutral,paypal,active,Germany,Hindi,0,13,52,7,True,good,12,10,recent,0,False,no
madison.wagner307@gmail.com,Male,Married,False,6,off,gold,8,13,negative,upi,cancelled,India,English,42,14,107,10,False,poor,12,2,recent,12,True,yes
hector.mullen613@gmail.com,Female,Married,False,3,off,gold,8,11,neutral,upi,expired,India,Hindi,46,3,188,3,False,better,19,2,very_old,7,True,yes
john.barnes509@gmail.com,Female,Single,True,5,on,gold,5,16,negative,paypal,cancelled,Germany,Hindi,20,12,83,2,True,good,5,2,recent,11,True,yes
patricia.mcdonald139@gmail.com,Male,Single,False,10,on,basic,10,20,negative,card,cancelled,UK,Hindi,49,7,133,5,True,good,15,9,old,1,True,no
crystal.adams648@gmail.com,Male,Married,False,1,off,basic,2,4,positive,card,cancelled,US,Telugu,2,24,193,6,True,better,13,0,old,0,False,no
joseph.king668@gmail.com,Female,Married,False,2,off,basic,6,16,positive,paypal,expired,US,English,7,18,58,8,False,better,14,4,recent,18,False,no
ronald.morris326@gmail.com,Male,Single,True,8,off,premium,10,13,negative,paypal,active,Germany,Telugu,29,25,168,2,True,poor,5,1,very_old,19,False,yes
alicia.edwards177@gmail.com,Male,Married,False,3,off,premium,2,6,positive,upi,cancelled,Germany,Hindi,42,9,33,5,True,poor,13,8,very_old,17,False,no
mark.garcia897@gmail.com,Male,Married,False,2,off,gold,5,13,negative,paypal,active,US,English,29,2,123,10,True,good,16,10,recent,9,True,no
joseph.rodriguez758@gmail.com,Male,Married,False,2,off,gold,9,17,neutral,card,expired,Germany,English,28,3,19,1,True,better,12,3,old,9,True,yes
ashley.williams156@gmail.com,Female,Married,True,10,on,premium,10,7,positive,card,active,Germany,Telugu,3,24,62,8,False,poor,13,8,recent,8,False,no
timothy.cook732@gmail.com,Male,Married,False,4,off,basic,10,3,positive,card,expired,UK,Telugu,36,15,190,3,True,better,13,2,recent,9,True,yes
juan.young50@gmail.com,Female,Married,True,2,off,basic,2,1,neutral,upi,cancelled,UK,Hindi,42,4,124,6,True,good,14,0,old,1,False,no
thomas.patton105@gmail.com,Male,Single,False,4,on,gold,3,17,negative,upi,expired,India,Hindi,16,3,17,9,False,poor,7,3,very_old,14,True,yes
rebecca.robinson185@gmail.com,Male,Married,False,8,off,basic,9,4,negative,paypal,active,UK,Telugu,23,3,112,2,True,good,16,4,recent,9,False,no
nicole.owens822@gmail.com,Male,Married,False,10,on,gold,9,5,neutral,upi,expired,Germany,Hindi,23,25,146,2,True,poor,15,10,very_old,3,False,no
cody.nguyen646@gmail.com,Female,Single,True,3,off,premium,4,17,positive,upi,expired,Germany,Hindi,20,19,92,1,False,poor,5,4,very_old,4,False,yes
david.carter728@gmail.com,Female,Single,False,4,on,basic,5,1,positive,upi,active,Germany,Telugu,40,5,16,3,False,good,5,7,very_old,13,True,yes
adam.swanson946@gmail.com,Male,Single,True,1,off,basic,8,5,negative,upi,active,US,Hindi,43,11,191,1,False,better,7,10,old,13,False,no
brandi.hanna102@gmail.com,Male,Single,False,6,off,premium,8,19,negative,upi,expired,UK,Hindi,47,25,159,10,False,poor,12,7,very_old,3,True,yes
charles.sanchez930@gmail.com,Male,Married,True,6,off,basic,7,8,negative,card,cancelled,India,English,38,0,116,10,True,good,8,0,very_old,16,False,yes
edward.harris974@gmail.com,Female,Married,False,3,on,gold,1,2,negative,card,expired,India,Hindi,15,8,70,8,False,poor,6,4,recent,20,False,yes
matthew.webb894@gmail.com,Female,Married,False,3,on,basic,1,13,positive,paypal,cancelled,US,Hindi,3,20,177,3,False,good,16,6,old,10,True,no
joel.gutierrez204@gmail.com,Female,Married,False,5,on,premium,3,0,positive,card,expired,US,English,27,9,13,1,False,better,15,8,old,10,False,yes
billy.nguyen39@gmail.com,Female,Married,False,1,off,premium,7,14,positive,paypal,active,India,Hindi,24,22,148,5,True,good,2,3,recent,14,True,no
samantha.flynn107@gmail.com,Male,Married,False,7,off,premium,9,4,neutral,card,cancelled,UK,English,32,9,152,1,False,better,18,8,very_old,18,True,yes
candace.jones387@gmail.com,Male,Married,False,2,off,basic,4,9,negative,upi,cancelled,UK,Hindi,22,21,56,1,True,good,18,0,old,15,False,yes
jade.collins120@gmail.com,Female,Married,False,7,on,gold,9,12,positive,upi,expired,UK,Hindi,38,2,124,3,True,poor,1,1,recent,2,False,yes
katherine.wolf451@gmail.com,Female,Single,False,4,on,premium,8,1,positive,paypal,expired,US,Telugu,44,5,36,8,False,poor,19,6,recent,11,True,yes
paul.wells336@gmail.com,Female,Married,False,2,on,basic,2,10,neutral,card,cancelled,India,Hindi,44,21,195,5,False,poor,17,2,old,14,True,yes
michael.jordan810@gmail.com,Male,Married,True,2,on,basic,10,13,neutral,upi,active,UK,Hindi,5,12,65,9,True,good,17,8,recent,8,False,no
christopher.reynolds762@gmail.com,Male,Married,False,5,off,gold,6,7,neutral,card,cancelled,UK,English,23,14,64,4,True,better,6,3,recent,17,True,yes
jorge.mcdaniel846@gmail.com,Male,Single,True,9,off,premium,1,17,negative,upi,cancelled,India,Hindi,12,6,170,9,True,good,11,7,very_old,15,True,no
eric.shea798@gmail.com,Male,Married,True,2,on,premium,3,9,neutral,paypal,expired,UK,English,16,15,15,5,False,better,12,0,old,1,True,no
kayla.harrell716@gmail.com,Male,Married,True,9,on,premium,4,16,neutral,upi,active,Germany,Telugu,48,17,33,5,True,poor,8,2,recent,18,True,no
jeremy.hoffman498@gmail.com,Male,Single,True,5,on,gold,2,9,negative,card,cancelled,UK,Telugu,33,14,97,8,True,better,6,3,old,15,False,no
brian.cervantes487@gmail.com,Male,Married,True,8,off,gold,8,8,positive,upi,active,Germany,Telugu,17,11,55,9,False,better,10,2,very_old,17,True,no
travis.smith877@gmail.com,Male,Single,False,9,off,premium,9,11,positive,paypal,expired,India,Telugu,38,9,121,7,False,good,12,4,recent,15,False,yes
aaron.king358@gmail.com,Male,Married,True,10,on,gold,4,18,neutral,paypal,cancelled,UK,English,43,6,200,8,True,poor,11,1,recent,16,True,yes
jimmy.robinson435@gmail.com,Male,Married,False,9,off,premium,4,17,negative,upi,active,UK,Hindi,33,6,78,7,True,poor,17,9,old,18,False,no
caleb.salazar117@gmail.com,Female,Married,True,6,on,gold,3,7,positive,upi,expired,UK,Telugu,28,17,189,6,True,good,16,3,very_old,13,False,no
david.price594@gmail.com,Male,Married,False,4,off,premium,8,2,neutral,upi,cancelled,UK,Hindi,9,12,50,9,True,good,9,4,recent,11,True,no
emily.morrison894@gmail.com,Male,Single,False,10,on,premium,1,15,negative,paypal,expired,Germany,Hindi,4,10,127,8,False,poor,15,3,recent,3,True,no
geoffrey.vasquez347@gmail.com,Female,Married,True,2,off,premium,1,10,neutral,card,expired,India,Hindi,31,21,12,9,True,better,20,0,recent,0,False,yes
amanda.stafford835@gmail.com,Male,Single,False,9,on,premium,8,5,negative,paypal,active,India,English,26,8,126,9,False,better,19,8,very_old,14,False,no
destiny.hays974@gmail.com,Male,Married,False,6,off,premium,3,15,negative,card,cancelled,US,English,11,5,80,5,True,good,3,9,old,3,False,yes
tammy.cruz360@gmail.com,Female,Single,False,10,off,basic,6,11,neutral,paypal,active,India,Telugu,48,2,37,9,False,poor,13,7,very_old,13,True,yes
maria.leach207@gmail.com,Male,Single,True,4,on,basic,5,0,negative,paypal,active,US,English,31,24,25,9,True,poor,17,0,old,20,True,no
april.harrison394@gmail.com,Male,Married,True,1,on,premium,9,1,negative,card,cancelled,US,English,1,7,188,6,False,better,7,10,old,13,False,yes
sierra.vazquez152@gmail.com,Male,Married,False,3,on,basic,2,10,neutral,paypal,expired,India,Telugu,18,8,34,5,True,poor,2,2,very_old,15,False,yes
katelyn.ruiz667@gmail.com,Male,Single,True,1,off,premium,6,12,positive,card,expired,US,English,13,5,171,3,True,poor,18,2,old,15,False,yes
christine.allen484@gmail.com,Female,Single,False,2,on,basic,2,9,neutral,paypal,cancelled,Germany,Hindi,48,6,83,9,True,poor,14,2,very_old,17,False,yes
joseph.garcia670@gmail.com,Male,Married,False,2,off,premium,1,2,positive,paypal,cancelled,UK,English,50,22,117,1,True,better,5,2,old,11,False,yes
katie.dunn115@gmail.com,Male,Single,False,9,off,premium,8,20,positive,paypal,active,US,Telugu,13,14,117,2,False,poor,11,2,very_old,1,True,no
linda.simmons830@gmail.com,Male,Married,False,1,on,basic,7,13,positive,card,expired,UK,Telugu,0,7,172,5,False,good,12,6,very_old,17,False,no
jamie.jennings9@gmail.com,Female,Married,False,8,off,basic,1,11,positive,upi,cancelled,UK,Hindi,4,22,79,2,False,better,8,4,very_old,18,True,yes
ashley.shields641@gmail.com,Female,Married,True,9,off,gold,4,14,positive,paypal,expired,UK,Telugu,50,21,71,10,False,better,6,3,old,6,False,no
carrie.li755@gmail.com,Male,Married,True,2,off,basic,2,6,positive,card,active,US,Telugu,11,19,130,7,True,poor,13,8,old,1,False,no
mackenzie.hoffman915@gmail.com,Male,Single,True,6,on,premium,3,0,negative,paypal,expired,India,Hindi,24,9,104,4,False,better,13,2,recent,10,True,yes
jessica.garcia662@gmail.com,Male,Single,False,7,off,basic,4,10,neutral,paypal,cancelled,Germany,Telugu,39,21,155,9,False,poor,18,8,old,19,False,yes
michelle.conner383@gmail.com,Female,Married,False,9,on,basic,1,10,neutral,upi,expired,UK,Hindi,13,20,189,1,True,poor,19,5,recent,10,False,no
sandra.romero900@gmail.com,Female,Single,True,9,off,gold,1,14,neutral,paypal,active,UK,Telugu,31,14,91,2,False,poor,18,3,old,14,True,no
angelica.jones726@gmail.com,Male,Single,True,4,off,basic,5,6,positive,paypal,cancelled,UK,Telugu,50,25,160,9,False,better,2,1,recent,1,False,no
elizabeth.barnett700@gmail.com,Female,Single,False,2,off,premium,5,19,negative,paypal,cancelled,Germany,Telugu,15,8,179,1,False,good,5,8,very_old,3,False,no
lori.bradley297@gmail.com,Male,Married,False,9,on,basic,1,14,neutral,card,cancelled,India,English,27,25,113,10,True,good,6,10,very_old,18,False,yes
kenneth.holland92@gmail.com,Female,Married,True,6,on,gold,3,17,negative,paypal,expired,India,English,1,18,75,6,True,poor,15,8,very_old,16,False,no
kaitlyn.brennan296@gmail.com,Male,Single,False,8,off,basic,6,13,positive,upi,expired,India,English,7,20,26,2,True,poor,7,10,recent,7,True,no
amy.holland930@gmail.com,Female,Married,False,5,on,basic,10,20,neutral,paypal,active,Germany,Hindi,34,12,122,8,True,poor,10,7,recent,19,False,no
erica.terry660@gmail.com,Female,Married,False,6,on,basic,8,11,negative,card,active,India,English,38,16,165,5,False,good,20,7,recent,3,False,no
brian.grimes183@gmail.com,Male,Married,True,4,on,premium,5,7,neutral,upi,active,US,Telugu,28,3,86,5,True,better,8,6,old,13,True,no
anne.hernandez713@gmail.com,Male,Single,True,4,off,premium,8,10,positive,card,expired,UK,Telugu,24,4,81,3,False,poor,8,6,recent,3,True,no
andrew.landry517@gmail.com,Male,Single,True,9,off,premium,3,18,neutral,paypal,expired,India,English,30,16,68,7,True,good,6,1,old,9,False,no
jessica.benitez113@gmail.com,Female,Married,False,10,on,gold,4,17,positive,card,cancelled,Germany,Telugu,43,9,98,3,True,poor,6,6,very_old,2,True,yes
maria.kramer591@gmail.com,Male,Married,True,5,on,basic,9,1,neutral,upi,expired,UK,Hindi,7,16,83,1,True,poor,5,7,old,2,False,no
shawna.harris722@gmail.com,Male,Single,True,8,off,gold,6,0,negative,paypal,expired,Germany,Hindi,10,8,139,10,True,good,4,10,old,6,False,yes
kyle.morgan341@gmail.com,Female,Single,False,8,off,premium,1,0,positive,upi,expired,UK,English,25,10,18,2,False,better,3,6,old,20,False,no
david.holmes507@gmail.com,Female,Single,True,3,on,basic,2,2,positive,upi,active,US,English,49,1,110,9,False,good,3,0,old,19,True,no
jennifer.poole779@gmail.com,Male,Married,False,4,on,gold,6,8,neutral,card,active,UK,Hindi,4,5,18,10,True,poor,3,0,recent,11,False,no
lindsay.blair549@gmail.com,Female,Single,True,3,off,gold,3,1,positive,upi,expired,UK,Telugu,31,21,173,6,True,good,16,4,old,14,False,yes
jose.atkins89@gmail.com,Male,Single,True,8,off,gold,9,4,negative,upi,active,Germany,Hindi,16,15,74,1,False,poor,11,7,old,19,False,yes
allison.contreras567@gmail.com,Female,Married,True,7,off,gold,1,5,positive,paypal,expired,India,Telugu,4,19,25,9,False,better,5,1,recent,1,False,no
martin.singh210@gmail.com,Female,Married,False,2,on,gold,10,11,negative,card,expired,Germany,English,20,0,99,10,False,better,4,10,old,19,True,no
patrick.bruce705@gmail.com,Male,Single,False,2,off,gold,4,20,positive,paypal,expired,India,Hindi,19,24,117,9,True,better,8,6,recent,15,True,no
christopher.nguyen664@gmail.com,Female,Single,False,9,on,gold,4,3,negative,paypal,expired,UK,English,26,6,187,6,False,better,4,6,very_old,11,True,yes
christopher.white790@gmail.com,Female,Married,False,9,on,premium,8,3,positive,card,expired,UK,English,17,22,199,5,True,better,6,3,recent,14,False,yes
connor.reed365@gmail.com,Female,Married,False,4,off,premium,1,2,negative,upi,expired,India,Telugu,29,7,172,6,False,poor,3,6,old,11,True,no
kelly.johnson790@gmail.com,Female,Married,True,2,on,basic,3,15,positive,paypal,expired,UK,Hindi,1,1,154,10,True,poor,8,3,recent,0,True,no
david.warner969@gmail.com,Female,Married,True,5,on,premium,3,19,negative,card,cancelled,India,Hindi,24,22,97,10,False,poor,20,8,old,8,False,no
lisa.solis141@gmail.com,Female,Married,False,1,on,gold,4,20,negative,upi,expired,Germany,Hindi,26,8,14,5,False,good,4,3,old,15,False,yes
alexandra.blankenship700@gmail.com,Female,Single,True,5,on,premium,4,12,neutral,paypal,expired,Germany,English,25,23,171,5,True,poor,15,2,recent,1,False,yes
brian.smith471@gmail.com,Female,Married,False,5,on,gold,8,10,positive,paypal,cancelled,India,English,46,14,168,6,False,poor,9,10,recent,18,False,yes
wendy.atkinson529@gmail.com,Female,Married,True,6,off,basic,5,2,positive,card,active,UK,English,29,23,130,5,False,better,18,0,recent,19,False,no
amy.morris987@gmail.com,Male,Married,True,8,on,premium,4,13,positive,paypal,expired,India,Telugu,44,12,18,5,False,good,6,0,old,4,True,no
carol.wood435@gmail.com,Female,Single,True,5,on,gold,6,8,positive,card,active,India,Telugu,16,23,43,9,False,good,6,9,recent,11,True,no
andrew.martinez888@gmail.com,Female,Married,False,8,on,basic,5,10,negative,card,cancelled,India,Telugu,16,22,64,8,False,better,13,0,very_old,4,True,yes
megan.richardson780@gmail.com,Male,Married,False,10,on,basic,9,10,negative,card,cancelled,Germany,Telugu,41,4,30,6,True,good,19,6,old,0,False,no
daniel.mcguire525@gmail.com,Female,Single,True,4,on,basic,10,11,positive,paypal,expired,Germany,Hindi,29,5,146,4,True,better,4,6,very_old,2,False,no
joshua.booth777@gmail.com,Female,Married,False,10,off,basic,6,4,negative,paypal,cancelled,Germany,Hindi,5,7,45,8,True,better,1,3,recent,5,True,no
david.williams579@gmail.com,Male,Married,False,7,off,basic,10,4,neutral,paypal,cancelled,US,English,24,18,72,10,False,poor,4,0,old,15,True,yes
sarah.durham675@gmail.com,Male,Married,True,8,off,gold,7,14,negative,upi,cancelled,US,English,27,23,44,3,False,good,8,2,recent,6,True,no
philip.cook901@gmail.com,Male,Married,False,4,on,gold,10,4,neutral,card,cancelled,Germany,English,36,0,175,7,True,better,8,8,very_old,6,False,yes
michael.williamson413@gmail.com,Female,Married,True,8,off,basic,1,9,neutral,card,cancelled,Germany,English,11,3,126,9,False,better,5,3,old,4,False,no
richard.haynes701@gmail.com,Male,Single,False,10,off,gold,9,3,negative,upi,active,Germany,Hindi,40,21,125,3,False,good,2,0,recent,15,True,yes
daniel.hicks927@gmail.com,Female,Married,False,1,off,gold,4,17,positive,paypal,expired,US,English,13,11,22,5,True,poor,7,3,old,17,True,no
tammy.harmon829@gmail.com,Male,Single,False,9,on,gold,4,1,positive,card,cancelled,UK,English,42,24,199,4,True,poor,4,8,very_old,20,False,yes
mitchell.ramos973@gmail.com,Male,Single,True,7,off,premium,2,20,negative,paypal,expired,Germany,English,25,20,77,4,True,poor,15,3,recent,9,False,yes
melissa.luna306@gmail.com,Female,Single,True,6,on,premium,9,20,negative,paypal,cancelled,US,Telugu,2,15,117,10,True,better,13,1,old,15,False,no
jonathon.parks730@gmail.com,Female,Single,False,7,off,basic,6,4,negative,card,cancelled,US,English,48,18,172,10,False,poor,16,1,recent,5,True,yes
christine.duran640@gmail.com,Male,Single,True,3,on,gold,5,16,negative,upi,expired,UK,English,17,5,79,9,False,poor,17,8,recent,4,True,yes
william.dougherty44@gmail.com,Female,Single,False,10,on,gold,2,16,positive,upi,active,UK,English,35,14,57,7,True,better,13,5,old,5,False,no
christopher.fields795@gmail.com,Female,Married,True,7,off,premium,8,14,negative,card,active,UK,English,19,21,111,9,True,good,7,10,old,8,True,no
emily.chambers361@gmail.com,Male,Married,True,10,off,premium,10,17,negative,upi,expired,India,English,2,2,25,1,False,poor,1,0,very_old,11,True,yes
jesse.jensen918@gmail.com,Male,Single,False,6,off,basic,10,1,positive,card,cancelled,Germany,English,11,12,190,2,False,better,13,0,old,4,False,no
martha.torres215@gmail.com,Male,Married,True,8,on,basic,5,13,positive,paypal,active,US,Hindi,39,14,10,8,False,better,15,3,recent,7,False,no
amanda.cross972@gmail.com,Female,Single,False,2,on,premium,10,4,positive,upi,cancelled,Germany,English,26,12,36,7,False,good,18,9,very_old,12,False,yes
vincent.hopkins363@gmail.com,Male,Single,True,3,on,gold,5,19,negative,upi,cancelled,Germany,Hindi,46,4,194,7,True,good,13,7,old,5,False,yes
todd.reynolds201@gmail.com,Female,Married,False,5,off,gold,8,20,neutral,upi,active,India,English,25,8,89,4,True,better,11,6,old,8,False,no
patricia.hicks507@gmail.com,Male,Married,False,3,on,premium,4,10,positive,paypal,cancelled,UK,English,30,22,21,2,True,good,13,5,recent,2,True,yes
michael.johnson756@gmail.com,Female,Single,True,1,off,basic,1,20,neutral,paypal,expired,India,Hindi,46,3,57,7,True,poor,11,7,recent,9,False,no
james.mitchell933@gmail.com,Male,Single,True,10,off,premium,1,8,positive,paypal,expired,US,English,47,19,102,6,True,better,16,0,old,11,False,yes
nichole.acosta783@gmail.com,Female,Single,True,7,on,basic,6,20,negative,card,active,India,English,3,9,94,1,False,poor,16,1,old,1,False,no
crystal.davis525@gmail.com,Male,Married,False,4,on,basic,7,6,negative,paypal,cancelled,US,English,21,0,200,6,True,good,1,6,old,10,True,no
rachel.thompson913@gmail.com,Female,Married,False,8,on,basic,2,1,neutral,card,cancelled,US,Hindi,36,12,44,2,False,better,7,5,very_old,14,False,yes
yvonne.mendoza248@gmail.com,Female,Single,False,9,off,basic,6,10,negative,upi,expired,UK,Telugu,18,19,100,10,True,better,12,1,old,3,False,no
william.deleon192@gmail.com,Female,Single,True,4,on,premium,3,18,negative,paypal,active,India,Hindi,37,0,194,8,False,better,1,6,recent,17,True,yes
ethan.mason746@gmail.com,Female,Married,True,5,off,premium,4,17,positive,card,expired,India,Hindi,16,4,17,6,True,good,11,0,recent,13,True,no
michael.good581@gmail.com,Female,Married,False,8,on,premium,1,0,negative,upi,expired,Germany,Telugu,21,24,174,9,True,better,8,6,old,6,False,yes
karla.saunders697@gmail.com,Male,Single,False,1,on,gold,3,16,negative,upi,active,US,English,43,22,99,1,False,better,20,10,recent,7,True,no
stephanie.smith856@gmail.com,Female,Married,False,2,on,basic,6,11,positive,upi,active,US,English,37,12,53,2,True,good,4,2,old,4,True,no
michael.schwartz398@gmail.com,Female,Married,False,4,on,basic,9,5,positive,card,expired,US,Hindi,41,23,117,2,True,good,20,0,recent,17,True,yes
scott.wiley137@gmail.com,Female,Married,True,5,off,premium,8,13,positive,paypal,cancelled,US,English,24,6,28,9,True,better,6,1,very_old,20,True,yes
ashley.king260@gmail.com,Female,Single,True,4,on,gold,2,16,neutral,upi,cancelled,India,Hindi,9,23,58,8,False,poor,15,1,recent,18,True,no
seth.anderson297@gmail.com,Female,Married,False,2,off,premium,2,10,positive,card,expired,India,Hindi,50,5,43,3,True,good,7,1,recent,18,False,yes
amber.lindsey112@gmail.com,Female,Single,True,3,off,gold,9,8,positive,card,cancelled,UK,Telugu,30,7,99,7,True,better,20,9,recent,3,False,no
brenda.murphy932@gmail.com,Female,Single,True,9,on,basic,6,3,neutral,card,expired,India,Telugu,18,25,119,3,False,poor,12,8,recent,13,True,yes
john.kelly13@gmail.com,Male,Married,True,8,on,basic,5,3,negative,upi,cancelled,UK,English,36,13,167,4,False,good,10,8,recent,10,True,no
tiffany.estrada69@gmail.com,Male,Single,True,9,off,basic,1,11,neutral,paypal,active,India,Hindi,10,23,64,4,True,good,9,10,very_old,12,True,no
james.wright633@gmail.com,Female,Married,False,9,off,premium,7,5,negative,paypal,cancelled,India,Hindi,36,12,110,6,True,good,17,8,recent,2,True,yes
debbie.ellison355@gmail.com,Male,Single,False,1,off,gold,6,1,positive,paypal,cancelled,Germany,Hindi,40,4,187,7,True,poor,1,5,recent,5,True,yes
kim.butler426@gmail.com,Male,Married,False,7,off,gold,5,12,negative,paypal,expired,UK,Hindi,34,19,197,10,False,better,14,7,very_old,6,True,yes
cody.simmons681@gmail.com,Male,Married,True,7,on,premium,8,12,neutral,upi,active,India,Telugu,37,23,124,2,True,better,17,5,very_old,7,True,no
victoria.camacho129@gmail.com,Male,Married,True,2,off,premium,1,12,negative,upi,expired,UK,Telugu,10,0,81,10,False,better,7,10,very_old,11,True,yes
barbara.coleman260@gmail.com,Female,Married,False,2,off,gold,1,12,neutral,paypal,expired,India,Telugu,32,19,29,2,False,poor,12,2,old,6,False,yes
dustin.smith825@gmail.com,Male,Single,False,9,off,gold,6,9,positive,upi,expired,UK,Telugu,0,22,198,1,False,good,13,5,recent,12,False,no
meghan.camacho126@gmail.com,Male,Single,False,2,on,basic,6,1,positive,paypal,expired,India,English,32,4,158,8,True,better,9,10,very_old,15,False,no
dawn.collins447@gmail.com,Female,Single,False,6,on,premium,9,12,positive,upi,cancelled,India,Telugu,29,17,173,6,False,good,4,2,old,17,False,no
fernando.goodman170@gmail.com,Male,Married,False,8,on,premium,9,10,negative,paypal,expired,Germany,Hindi,16,19,78,8,True,better,4,3,recent,1,False,no
daniel.bradley217@gmail.com,Male,Single,False,1,on,basic,7,3,positive,upi,cancelled,Germany,English,16,23,100,5,False,better,8,6,old,14,True,no
kara.james763@gmail.com,Male,Married,False,4,off,basic,7,3,positive,upi,active,UK,English,23,25,22,10,False,good,2,8,recent,16,False,no
jacob.henson89@gmail.com,Female,Married,True,10,off,basic,8,8,positive,card,active,US,Hindi,4,6,14,9,True,good,18,10,old,15,False,no
jeremy.hicks45@gmail.com,Female,Married,True,1,off,premium,10,0,neutral,card,cancelled,US,Telugu,26,21,24,10,False,poor,20,6,very_old,3,True,yes
crystal.howard86@gmail.com,Female,Married,False,8,on,basic,10,14,neutral,upi,expired,UK,Telugu,48,11,59,6,False,poor,7,5,recent,12,True,yes
maria.clark750@gmail.com,Male,Single,True,7,off,premium,10,10,positive,paypal,cancelled,Germany,Telugu,16,19,36,3,True,poor,6,10,recent,17,False,yes
christina.durham401@gmail.com,Male,Married,False,2,off,premium,10,1,positive,paypal,expired,UK,Hindi,3,17,74,5,False,poor,4,2,recent,11,True,no
sarah.johnson927@gmail.com,Male,Single,True,7,on,premium,3,7,negative,upi,active,Germany,English,36,11,153,4,False,good,16,7,very_old,20,False,yes
ryan.jordan439@gmail.com,Male,Married,False,1,on,premium,7,3,positive,upi,expired,US,Telugu,16,25,90,6,True,better,10,4,old,2,False,yes
ryan.smith813@gmail.com,Male,Married,True,4,on,basic,4,13,neutral,card,active,India,English,11,7,49,3,True,good,14,9,very_old,2,True,no
joseph.zimmerman359@gmail.com,Female,Single,False,1,off,basic,2,15,positive,card,cancelled,India,Telugu,14,10,124,3,False,better,12,0,very_old,12,True,no
christina.branch452@gmail.com,Male,Married,True,6,off,basic,9,8,negative,paypal,active,US,Telugu,50,18,140,2,False,better,10,7,recent,1,True,no
daryl.brooks144@gmail.com,Male,Married,True,7,off,basic,5,6,neutral,paypal,expired,UK,Hindi,16,17,157,7,False,good,2,3,old,3,False,no
teresa.rodriguez183@gmail.com,Female,Married,False,10,off,basic,4,15,neutral,upi,cancelled,UK,Telugu,9,22,40,10,False,better,6,0,very_old,11,False,no
sara.nelson809@gmail.com,Female,Single,True,10,on,basic,1,10,positive,paypal,cancelled,Germany,Telugu,32,12,97,8,True,poor,5,7,recent,17,False,yes
nicole.johnston488@gmail.com,Female,Married,False,4,on,gold,8,6,neutral,upi,active,India,Hindi,26,16,142,9,True,poor,7,3,recent,20,False,no
wanda.white300@gmail.com,Male,Married,False,3,on,premium,1,12,positive,card,cancelled,US,Telugu,22,14,97,10,False,poor,5,5,old,12,True,yes
jennifer.wallace920@gmail.com,Male,Married,False,1,on,gold,4,1,negative,paypal,expired,US,Hindi,47,20,17,7,False,poor,13,6,very_old,2,True,yes
yvonne.higgins538@gmail.com,Female,Single,True,6,off,premium,6,15,positive,upi,cancelled,UK,Telugu,13,21,120,5,True,poor,8,4,recent,0,False,yes
eric.price369@gmail.com,Female,Single,False,3,off,premium,5,5,negative,upi,active,Germany,Telugu,43,21,94,5,False,better,16,0,old,2,True,yes
ryan.carney280@gmail.com,Male,Married,False,9,off,premium,6,12,positive,paypal,active,Germany,English,32,3,62,2,True,poor,7,0,old,1,True,no
donna.hill198@gmail.com,Female,Married,True,10,on,gold,8,3,neutral,card,active,US,Hindi,41,25,144,10,True,poor,10,10,very_old,9,True,yes
martin.hogan108@gmail.com,Female,Single,False,6,on,gold,9,2,positive,upi,expired,US,Telugu,8,13,70,4,False,poor,16,5,old,4,False,no
amanda.daugherty99@gmail.com,Male,Single,False,1,on,premium,5,18,negative,upi,expired,India,Telugu,23,9,193,4,True,better,12,6,old,12,True,yes
christopher.smith948@gmail.com,Female,Married,False,2,on,gold,2,14,positive,upi,expired,UK,Hindi,35,2,138,2,True,better,20,9,very_old,11,False,no
sharon.davidson965@gmail.com,Male,Married,False,1,on,premium,3,20,positive,upi,active,India,Hindi,50,17,199,4,False,better,14,7,recent,13,False,yes
joe.murray494@gmail.com,Female,Single,False,5,on,premium,3,3,positive,upi,expired,India,Telugu,31,24,13,4,False,good,16,2,very_old,19,True,no
erin.lara270@gmail.com,Male,Single,False,10,on,gold,7,6,negative,upi,active,UK,Hindi,23,23,110,4,True,poor,6,8,old,2,True,no
charles.sandoval380@gmail.com,Male,Single,True,1,off,premium,9,11,neutral,paypal,active,US,Hindi,5,22,162,1,True,better,8,8,old,5,True,no
kevin.short801@gmail.com,Female,Married,False,9,off,basic,1,10,negative,card,active,India,Hindi,10,4,158,4,False,poor,6,1,very_old,5,False,no
cameron.harper774@gmail.com,Female,Single,False,6,off,basic,4,6,negative,paypal,expired,US,Telugu,34,1,140,7,False,poor,14,2,old,6,False,no
natalie.davis834@gmail.com,Male,Married,False,10,off,premium,9,13,negative,card,expired,US,Telugu,41,9,83,9,True,poor,6,2,very_old,9,False,yes
lisa.gonzalez382@gmail.com,Male,Single,False,7,off,gold,3,20,negative,paypal,expired,India,Telugu,42,8,200,3,False,better,10,6,old,5,True,yes
laura.hahn505@gmail.com,Male,Married,True,9,on,gold,1,2,neutral,card,active,US,Telugu,29,20,49,8,False,poor,8,5,very_old,18,False,yes
joseph.may396@gmail.com,Female,Single,True,3,off,basic,10,19,negative,paypal,expired,US,English,38,17,46,9,True,poor,17,2,recent,10,False,yes
michael.king477@gmail.com,Female,Single,True,6,on,basic,1,16,negative,paypal,active,Germany,English,40,12,26,9,False,good,18,6,old,17,False,yes
matthew.phillips838@gmail.com,Male,Married,True,2,off,premium,1,3,negative,upi,cancelled,Germany,Telugu,30,11,198,8,False,poor,10,9,very_old,8,True,yes
tyler.hartman294@gmail.com,Female,Single,False,4,off,premium,6,3,neutral,paypal,cancelled,US,English,41,15,123,9,True,better,3,4,old,5,False,yes
michelle.ramos230@gmail.com,Female,Single,True,7,on,basic,3,1,neutral,card,active,UK,Hindi,19,1,86,5,True,poor,16,0,recent,3,True,no
jodi.graham860@gmail.com,Male,Single,False,9,on,premium,1,2,positive,paypal,cancelled,Germany,Telugu,40,1,35,5,True,poor,12,3,very_old,8,True,no
elizabeth.dalton333@gmail.com,Male,Married,False,9,on,basic,3,19,neutral,upi,cancelled,US,English,20,17,94,10,False,good,4,2,very_old,11,True,no
candice.hooper852@gmail.com,Male,Single,True,5,off,basic,7,10,positive,paypal,expired,India,English,48,6,184,8,False,poor,12,6,recent,13,False,yes
austin.zavala972@gmail.com,Female,Married,False,5,off,gold,3,17,neutral,upi,cancelled,US,Telugu,44,2,14,10,True,better,10,0,old,11,False,yes
thomas.rogers547@gmail.com,Male,Single,False,7,on,gold,4,4,negative,card,expired,Germany,Telugu,13,13,129,3,False,good,2,0,recent,14,True,no
timothy.richardson594@gmail.com,Female,Single,False,6,on,premium,4,2,neutral,card,expired,Germany,Hindi,3,21,122,10,False,poor,12,9,old,1,False,no
michael.smith332@gmail.com,Male,Single,True,2,off,gold,7,6,negative,card,cancelled,US,English,46,12,76,4,False,good,11,7,very_old,13,False,yes
carolyn.garza242@gmail.com,Female,Single,False,3,on,gold,5,10,neutral,upi,expired,India,Hindi,20,12,113,3,True,poor,1,9,recent,1,True,yes
karen.wells869@gmail.com,Male,Single,True,9,off,premium,9,0,negative,card,cancelled,US,English,5,25,108,3,False,poor,17,9,old,20,False,yes
kristi.diaz954@gmail.com,Female,Single,True,8,on,premium,1,9,negative,card,expired,UK,Hindi,45,16,193,10,False,poor,19,7,very_old,1,True,yes
jeffrey.gonzalez481@gmail.com,Male,Married,True,3,on,gold,8,8,neutral,card,expired,Germany,Telugu,14,13,193,7,False,poor,2,1,old,5,False,no
cassie.kirby577@gmail.com,Male,Single,True,8,off,basic,3,11,positive,paypal,expired,UK,Hindi,12,14,103,9,False,good,7,7,recent,16,False,no
lisa.smith368@gmail.com,Male,Married,False,2,off,gold,1,9,negative,upi,active,India,English,13,23,111,1,True,better,2,8,old,5,True,no
tara.payne519@gmail.com,Male,Married,True,9,off,premium,10,16,negative,upi,expired,UK,Hindi,25,24,44,3,True,better,19,1,old,15,True,yes
angela.hunt105@gmail.com,Male,Married,True,2,off,basic,8,16,negative,paypal,expired,UK,English,47,25,113,2,False,better,17,4,very_old,16,True,yes
kaitlin.wilson246@gmail.com,Male,Single,True,1,off,premium,10,0,negative,paypal,expired,US,Hindi,16,12,15,8,False,good,11,7,very_old,3,True,no
aaron.thomas152@gmail.com,Male,Single,False,3,on,basic,2,10,neutral,card,cancelled,India,Telugu,13,6,172,5,False,good,17,7,recent,0,False,no
todd.johnson645@gmail.com,Female,Single,True,7,off,basic,3,13,negative,upi,cancelled,India,English,29,5,188,3,True,better,12,4,very_old,16,False,yes
kaitlyn.cole546@gmail.com,Female,Married,True,10,off,gold,10,11,negative,upi,expired,Germany,Hindi,35,23,10,3,False,good,12,2,recent,20,False,yes
joseph.rogers32@gmail.com,Female,Married,False,3,off,premium,7,18,negative,card,active,US,Telugu,13,3,78,1,True,good,20,3,very_old,4,False,no
ashley.hernandez335@gmail.com,Female,Married,False,3,on,basic,5,1,negative,paypal,cancelled,UK,Hindi,35,16,26,4,True,poor,1,7,very_old,3,False,yes
jason.wright105@gmail.com,Female,Married,True,7,on,basic,9,9,neutral,paypal,expired,India,Hindi,22,20,79,10,True,good,10,2,old,5,False,no
daniel.roberts308@gmail.com,Male,Married,False,4,on,gold,6,0,neutral,upi,expired,Germany,Hindi,32,0,86,2,False,good,14,4,recent,1,True,no
edward.jones452@gmail.com,Male,Single,True,7,on,basic,4,8,neutral,card,expired,India,English,17,22,154,5,False,better,8,9,very_old,4,False,no
daniel.diaz633@gmail.com,Male,Single,False,8,off,gold,3,7,neutral,upi,expired,India,Hindi,25,16,105,9,False,better,12,10,old,18,True,yes
janet.reynolds669@gmail.com,Female,Married,False,3,off,basic,2,2,negative,paypal,cancelled,UK,Telugu,25,25,66,6,False,good,5,1,recent,15,True,no
debbie.myers198@gmail.com,Male,Married,True,3,off,premium,2,12,positive,paypal,active,UK,English,15,14,111,7,True,poor,15,5,recent,15,False,no
james.obrien103@gmail.com,Female,Married,False,10,on,basic,5,10,neutral,card,expired,UK,Hindi,17,20,171,7,True,good,10,2,recent,0,False,no
emily.anderson913@gmail.com,Male,Single,True,3,on,gold,2,14,positive,paypal,active,US,English,23,16,16,10,True,better,17,6,old,9,True,no
thomas.gomez831@gmail.com,Male,Married,True,9,off,premium,1,2,negative,upi,active,US,Hindi,14,15,84,6,False,poor,13,3,very_old,1,False,no
lorraine.walsh756@gmail.com,Female,Married,True,5,on,gold,5,18,neutral,card,expired,Germany,Hindi,16,17,156,8,True,better,7,3,recent,11,True,no
dustin.smith145@gmail.com,Female,Single,False,9,on,premium,7,18,positive,card,active,US,English,48,3,102,8,True,good,19,6,very_old,19,False,no
nicholas.conner832@gmail.com,Female,Married,False,8,on,premium,5,18,positive,upi,active,India,Hindi,31,6,67,2,False,better,12,5,old,7,False,no
christopher.franklin67@gmail.com,Female,Single,True,1,off,gold,7,13,neutral,paypal,active,UK,Hindi,44,20,68,4,True,good,20,1,old,16,True,no
ryan.duran136@gmail.com,Male,Single,False,6,off,gold,6,3,negative,upi,expired,India,English,1,11,41,7,False,good,3,8,old,4,True,yes
aaron.baker978@gmail.com,Female,Single,True,6,on,premium,10,17,negative,upi,expired,India,Telugu,16,20,96,10,True,better,7,10,very_old,14,True,no
danielle.rodriguez284@gmail.com,Female,Married,True,5,off,basic,10,8,negative,paypal,active,US,Telugu,34,12,43,3,True,better,16,3,very_old,11,False,yes
timothy.ballard500@gmail.com,Female,Single,False,7,off,basic,1,16,neutral,card,active,UK,English,49,18,158,1,False,poor,14,3,old,19,False,yes
phillip.jensen862@gmail.com,Female,Single,True,1,on,basic,10,12,positive,paypal,cancelled,UK,Telugu,11,18,122,4,True,good,2,3,very_old,11,False,yes
joseph.williams72@gmail.com,Female,Married,False,10,off,gold,5,15,negative,upi,expired,Germany,English,43,24,100,2,True,poor,17,3,very_old,2,False,no
timothy.roach465@gmail.com,Male,Married,True,10,on,basic,9,19,negative,paypal,active,India,English,37,0,68,3,True,better,5,4,very_old,0,True,yes
michelle.wilson318@gmail.com,Male,Married,False,5,off,basic,4,2,neutral,card,expired,UK,Telugu,42,22,99,1,False,better,15,9,recent,16,True,yes
joseph.thomas61@gmail.com,Male,Married,True,2,on,premium,10,8,negative,paypal,expired,US,English,21,9,97,2,False,better,17,3,very_old,11,False,yes
travis.shelton230@gmail.com,Male,Married,False,6,on,premium,3,14,positive,card,cancelled,India,English,18,1,92,4,True,better,5,8,very_old,9,True,yes
charles.gould926@gmail.com,Male,Single,True,4,on,premium,8,16,negative,upi,cancelled,UK,Telugu,8,23,185,10,False,better,9,1,very_old,18,False,yes
rodney.barnes770@gmail.com,Female,Married,False,8,on,gold,7,1,negative,card,expired,India,English,46,4,125,5,True,better,19,4,old,10,True,yes
teresa.armstrong25@gmail.com,Male,Married,True,3,off,basic,8,7,positive,upi,cancelled,US,Hindi,44,15,158,7,False,good,5,3,old,8,False,no
kevin.weaver356@gmail.com,Male,Single,True,4,on,premium,9,0,negative,paypal,cancelled,Germany,Telugu,28,11,141,9,False,good,16,3,old,4,True,no
tracy.taylor322@gmail.com,Male,Single,True,8,on,basic,8,5,neutral,paypal,expired,US,English,40,2,197,9,True,good,9,10,recent,10,True,yes
alexis.dean526@gmail.com,Male,Single,False,10,on,gold,7,17,neutral,upi,active,UK,English,40,9,149,9,False,good,18,4,very_old,13,True,no
ashley.perkins881@gmail.com,Male,Single,False,2,on,gold,6,13,positive,upi,expired,India,Hindi,25,15,181,9,True,poor,5,2,very_old,0,True,no
katie.anderson706@gmail.com,Male,Married,True,4,off,basic,8,19,negative,card,expired,UK,Telugu,45,19,170,7,False,good,16,7,recent,3,True,no
craig.shaffer248@gmail.com,Male,Married,False,9,on,premium,7,2,negative,upi,active,India,Telugu,21,0,50,7,False,better,6,10,very_old,8,False,no
danny.gibson558@gmail.com,Male,Single,False,5,off,gold,6,2,positive,paypal,expired,Germany,Telugu,34,22,174,10,True,good,16,2,old,10,False,yes
nathaniel.knight32@gmail.com,Female,Single,False,7,on,basic,5,8,neutral,upi,expired,UK,English,28,9,171,10,True,good,19,8,very_old,1,False,no
sonya.barnes760@gmail.com,Female,Married,True,9,on,basic,9,18,neutral,card,expired,Germany,Telugu,2,11,80,3,False,good,14,7,very_old,8,True,no
monica.sanchez45@gmail.com,Male,Single,False,7,on,basic,3,13,neutral,upi,cancelled,Germany,English,3,4,22,5,True,good,7,8,old,0,True,no
jennifer.smith669@gmail.com,Female,Married,True,4,off,basic,8,10,negative,paypal,expired,India,Hindi,45,3,100,6,False,better,8,7,recent,18,False,yes
nicole.medina732@gmail.com,Male,Married,True,1,on,premium,7,6,negative,upi,cancelled,US,English,41,4,197,4,True,better,14,2,very_old,2,False,yes
robert.peters727@gmail.com,Female,Single,True,10,off,gold,5,14,neutral,paypal,active,UK,Telugu,18,18,100,4,False,better,9,0,old,4,False,no
bruce.smith590@gmail.com,Female,Single,False,4,on,basic,1,18,neutral,card,expired,US,Hindi,42,3,172,9,False,poor,13,0,very_old,16,True,yes
tonya.williams396@gmail.com,Male,Married,True,10,on,basic,1,2,neutral,paypal,expired,UK,English,11,6,140,6,False,better,14,9,old,16,False,no
michelle.mcclure797@gmail.com,Male,Married,False,4,off,premium,2,17,positive,upi,expired,US,Hindi,27,21,17,3,False,poor,5,5,very_old,13,True,no
jenna.butler117@gmail.com,Female,Single,True,10,on,basic,10,5,positive,card,cancelled,US,English,48,17,189,2,True,good,2,5,recent,7,False,no
tyler.anderson650@gmail.com,Female,Single,False,10,off,premium,3,15,negative,upi,expired,US,Telugu,16,19,58,4,False,good,15,5,very_old,12,False,yes
angela.martinez742@gmail.com,Male,Single,False,2,on,premium,6,19,neutral,card,cancelled,UK,Hindi,2,18,25,5,True,better,2,0,recent,7,False,no
stephanie.stevenson42@gmail.com,Female,Married,True,10,on,basic,8,3,positive,card,active,Germany,Hindi,10,7,120,4,False,good,17,7,very_old,12,True,no
karen.branch562@gmail.com,Male,Single,False,5,on,basic,5,0,negative,paypal,cancelled,US,Hindi,33,18,37,6,True,good,17,6,recent,10,True,no
monica.contreras43@gmail.com,Female,Single,True,3,on,premium,6,18,negative,card,cancelled,US,English,42,3,135,6,False,good,20,2,recent,20,False,yes
dana.oliver694@gmail.com,Male,Married,False,2,on,gold,10,7,negative,card,active,UK,English,28,11,78,1,False,poor,12,5,recent,18,False,no
stephen.jones834@gmail.com,Male,Single,True,10,on,premium,9,3,positive,upi,active,Germany,Hindi,42,19,47,2,True,good,17,3,old,3,True,no
regina.olson232@gmail.com,Male,Married,True,7,on,premium,4,9,positive,card,active,US,Telugu,18,13,48,9,False,better,18,0,old,9,False,no
tina.coffey823@gmail.com,Female,Married,False,4,off,basic,3,20,neutral,card,cancelled,US,Telugu,35,8,28,10,True,good,11,10,recent,0,True,no
taylor.olsen348@gmail.com,Female,Married,False,9,off,basic,4,2,positive,upi,cancelled,US,English,27,8,25,8,True,poor,8,1,recent,17,False,yes
rebecca.woods152@gmail.com,Female,Single,False,6,off,gold,9,8,negative,upi,active,US,Telugu,12,24,64,4,True,good,14,9,old,8,False,no
robert.long762@gmail.com,Female,Single,True,10,off,basic,3,19,positive,upi,cancelled,US,Telugu,47,16,184,1,False,poor,1,5,very_old,4,True,yes
james.carson151@gmail.com,Female,Single,True,3,off,gold,9,7,negative,paypal,active,US,Telugu,39,7,119,4,False,good,3,6,old,7,True,yes
sonya.freeman326@gmail.com,Female,Single,True,6,off,premium,6,12,negative,card,active,US,Hindi,27,1,171,4,False,good,20,10,very_old,0,False,no
debbie.fisher912@gmail.com,Female,Married,False,3,on,gold,9,20,positive,paypal,active,India,Telugu,12,5,146,8,True,poor,8,2,old,5,True,no
diana.dyer346@gmail.com,Female,Married,True,6,off,basic,9,6,neutral,paypal,expired,US,English,14,11,95,5,False,better,5,9,recent,16,True,no
jason.edwards790@gmail.com,Male,Single,False,3,on,gold,1,16,positive,paypal,expired,Germany,Hindi,43,25,195,7,True,better,14,4,old,16,True,yes
daniel.james54@gmail.com,Female,Married,True,8,on,gold,2,0,positive,paypal,cancelled,UK,Telugu,42,2,183,6,True,better,11,0,recent,1,False,yes
joshua.lynch507@gmail.com,Male,Single,True,6,on,basic,6,19,positive,card,active,Germany,Hindi,7,0,144,7,False,better,13,8,old,2,True,no
anne.shelton330@gmail.com,Male,Single,False,2,off,basic,9,11,negative,paypal,expired,India,English,42,17,191,3,False,poor,4,6,very_old,4,False,yes
christina.jackson397@gmail.com,Female,Married,True,3,off,gold,3,12,negative,card,active,India,Telugu,42,10,166,5,True,poor,12,3,recent,12,True,no
john.williams723@gmail.com,Female,Single,False,5,off,gold,7,2,negative,upi,expired,US,English,12,18,131,4,True,poor,6,1,old,20,False,yes
michael.thompson411@gmail.com,Male,Single,False,4,on,basic,2,19,neutral,card,active,Germany,English,9,14,115,5,True,better,1,6,recent,11,False,no
joseph.wilson229@gmail.com,Male,Married,False,7,on,gold,9,9,positive,paypal,cancelled,UK,Hindi,24,2,48,3,False,poor,5,9,recent,12,True,no
brittany.martin170@gmail.com,Female,Married,True,3,off,premium,2,0,positive,paypal,cancelled,US,Telugu,3,4,132,4,True,better,9,3,old,18,True,no
todd.sherman618@gmail.com,Female,Single,False,5,off,basic,5,10,positive,paypal,active,US,English,44,1,157,5,False,good,14,8,old,4,False,no
adriana.hendrix484@gmail.com,Female,Married,False,9,on,basic,10,15,positive,card,active,Germany,English,9,12,79,5,False,better,13,7,old,5,False,no
cassandra.murphy310@gmail.com,Male,Single,True,9,off,basic,1,0,positive,upi,expired,Germany,Telugu,2,25,185,9,False,better,19,9,very_old,13,True,yes
stephanie.key688@gmail.com,Male,Married,False,8,on,gold,9,5,neutral,upi,active,UK,Hindi,41,20,70,2,False,good,14,5,recent,7,True,no
kathryn.carter641@gmail.com,Female,Married,True,2,on,premium,8,16,neutral,card,cancelled,Germany,English,25,25,136,7,False,better,7,1,recent,6,False,no
john.carey57@gmail.com,Female,Single,False,3,off,basic,2,9,neutral,upi,active,India,English,24,7,195,7,True,good,6,9,recent,4,True,no
jonathan.hughes645@gmail.com,Male,Married,True,9,off,basic,9,18,positive,upi,active,UK,English,13,2,96,8,True,good,5,5,old,9,False,no
tonya.maxwell476@gmail.com,Female,Married,True,3,on,premium,7,8,neutral,paypal,expired,UK,Hindi,3,19,200,4,False,better,11,9,recent,15,False,yes
jordan.simpson232@gmail.com,Female,Married,True,6,on,basic,8,3,positive,card,expired,US,Hindi,44,23,186,6,False,good,19,9,recent,9,True,no
kristen.strickland935@gmail.com,Female,Married,False,3,off,gold,7,5,negative,paypal,expired,India,Hindi,0,24,187,5,True,good,13,8,very_old,3,True,no
joshua.hayes768@gmail.com,Female,Single,False,8,on,basic,3,18,negative,card,expired,India,Hindi,9,12,40,3,False,better,2,5,very_old,13,True,yes
julia.blankenship8@gmail.com,Female,Single,True,1,off,basic,8,16,neutral,upi,cancelled,India,English,23,6,51,8,False,good,15,10,old,20,True,no
thomas.boone187@gmail.com,Male,Married,True,7,off,basic,5,15,positive,upi,expired,US,Telugu,49,18,154,1,True,better,10,4,very_old,7,True,yes
jerry.carey128@gmail.com,Female,Single,False,9,off,premium,6,18,neutral,card,cancelled,UK,Telugu,25,1,10,4,False,poor,2,7,very_old,7,True,no
rachel.wallace89@gmail.com,Male,Married,False,3,off,gold,10,1,positive,upi,active,Germany,Hindi,5,23,131,1,False,poor,17,7,old,0,True,no
monica.gaines614@gmail.com,Male,Single,True,4,off,premium,10,7,negative,card,expired,US,Telugu,24,8,141,7,True,poor,11,4,recent,10,False,yes
abigail.dean717@gmail.com,Female,Single,True,2,on,basic,8,16,neutral,paypal,expired,US,Telugu,31,6,78,10,False,poor,10,4,very_old,14,False,yes
denise.johnson431@gmail.com,Female,Married,False,1,off,premium,4,9,negative,card,expired,UK,Hindi,0,6,118,5,False,good,18,10,very_old,9,False,yes
steven.dunn297@gmail.com,Female,Single,True,8,off,basic,3,7,neutral,card,cancelled,UK,Telugu,41,22,188,10,True,good,4,4,recent,10,True,yes
darryl.williams130@gmail.com,Female,Single,True,2,on,premium,10,5,negative,paypal,expired,US,Telugu,9,12,32,6,False,good,6,9,very_old,5,True,yes
jonathan.conley561@gmail.com,Female,Married,False,10,on,gold,10,15,neutral,card,expired,India,Telugu,40,2,72,1,False,better,1,6,recent,4,False,yes
michele.gordon826@gmail.com,Female,Single,False,7,on,basic,8,6,negative,paypal,cancelled,US,Telugu,44,0,31,1,True,better,1,6,very_old,3,True,yes
dylan.jackson944@gmail.com,Female,Married,False,3,off,basic,8,9,positive,card,active,UK,Telugu,5,5,184,1,False,poor,18,8,old,9,False,no
kathleen.wright156@gmail.com,Male,Single,True,9,off,gold,8,16,positive,upi,expired,UK,English,42,2,195,7,False,poor,17,8,recent,20,True,yes
david.perez468@gmail.com,Female,Single,True,10,on,gold,3,8,negative,paypal,expired,India,English,22,0,132,2,False,good,7,3,very_old,10,True,yes
james.barrett449@gmail.com,Male,Single,False,4,on,gold,4,5,positive,paypal,expired,Germany,Hindi,29,13,89,8,False,better,16,7,very_old,7,True,no
donna.garcia706@gmail.com,Male,Married,False,5,off,premium,6,1,positive,upi,expired,India,Hindi,20,21,102,2,True,better,1,2,recent,8,False,no
bradley.hughes382@gmail.com,Female,Single,True,2,off,gold,8,16,positive,card,active,UK,Hindi,26,10,161,3,False,good,5,3,recent,7,True,no
amber.lloyd6@gmail.com,Female,Married,False,10,off,basic,7,13,neutral,card,active,Germany,Hindi,3,10,57,3,True,better,2,6,recent,11,False,no
melissa.stuart497@gmail.com,Male,Single,True,3,on,basic,7,0,positive,paypal,cancelled,US,English,34,16,153,8,False,better,20,8,recent,16,False,yes
brian.warren326@gmail.com,Male,Married,False,6,on,basic,6,4,positive,upi,cancelled,Germany,English,9,19,162,2,False,good,16,0,old,6,False,no
michael.gonzalez377@gmail.com,Female,Married,True,10,on,premium,8,18,neutral,card,cancelled,India,Hindi,1,7,44,7,False,better,8,1,very_old,5,False,no
ashley.horton579@gmail.com,Female,Married,False,6,on,gold,6,18,neutral,upi,cancelled,Germany,Hindi,2,15,175,9,True,good,14,4,very_old,8,False,no
keith.edwards106@gmail.com,Female,Single,False,3,on,gold,10,7,negative,card,cancelled,US,Hindi,1,6,102,10,False,good,5,10,old,17,True,yes
shelby.garcia407@gmail.com,Female,Single,False,5,on,premium,5,11,positive,card,active,US,Hindi,19,20,120,2,True,better,14,9,recent,5,True,no
richard.patterson266@gmail.com,Male,Married,False,5,on,basic,5,2,positive,paypal,active,Germany,English,9,15,91,9,True,better,1,10,very_old,19,True,no
james.blevins654@gmail.com,Female,Married,True,3,off,basic,5,17,negative,upi,cancelled,UK,Telugu,32,12,111,8,True,good,14,7,very_old,13,False,yes
kyle.terry311@gmail.com,Female,Married,False,4,off,basic,9,5,neutral,card,active,UK,Telugu,28,7,69,8,False,good,13,0,very_old,17,False,no
tony.jones115@gmail.com,Female,Single,False,2,off,basic,6,5,positive,card,active,Germany,English,13,19,123,1,True,better,3,10,very_old,16,True,no
charles.rivers752@gmail.com,Female,Married,True,8,off,basic,1,17,positive,card,active,India,English,27,0,133,2,True,better,18,3,recent,9,True,no
clifford.ellis96@gmail.com,Female,Single,False,4,off,premium,4,12,neutral,paypal,expired,India,Hindi,30,21,76,7,True,better,8,4,old,6,True,no
brandy.cooley835@gmail.com,Male,Single,False,6,on,gold,6,7,positive,paypal,active,Germany,Telugu,34,20,169,2,False,better,16,8,recent,13,False,no
marcus.wilson360@gmail.com,Female,Single,False,7,off,premium,4,5,positive,card,expired,Germany,English,20,7,149,6,True,poor,3,7,old,8,False,no
jonathan.medina812@gmail.com,Female,Single,False,4,on,premium,4,0,negative,upi,active,US,Telugu,38,6,51,1,False,good,19,7,very_old,8,False,no
jocelyn.ferguson48@gmail.com,Male,Married,True,1,off,premium,4,12,negative,paypal,expired,UK,Telugu,47,1,75,5,False,good,5,6,very_old,18,True,yes
trevor.baxter985@gmail.com,Female,Single,True,9,off,premium,10,17,positive,upi,active,Germany,English,46,3,43,5,True,poor,20,7,very_old,11,True,no
shawn.lynch316@gmail.com,Female,Single,True,7,on,gold,8,9,negative,upi,active,UK,English,13,22,41,7,False,poor,9,10,recent,8,False,no
george.porter444@gmail.com,Female,Single,True,5,off,premium,3,1,negative,card,cancelled,Germany,Telugu,3,2,80,2,True,good,8,0,recent,19,True,yes
allen.caldwell165@gmail.com,Male,Single,False,7,on,gold,9,11,negative,paypal,active,US,Telugu,42,7,28,6,False,poor,8,0,old,19,True,no
jeremiah.miller97@gmail.com,Female,Married,True,7,off,premium,10,3,positive,card,cancelled,UK,Telugu,2,14,102,2,True,better,12,0,very_old,0,True,yes
holly.evans421@gmail.com,Female,Married,True,2,off,gold,3,0,positive,upi,cancelled,Germany,Hindi,19,25,174,2,True,poor,16,5,recent,18,True,no
richard.brown401@gmail.com,Male,Married,False,8,off,gold,10,1,positive,upi,expired,UK,English,21,22,131,9,False,good,8,10,very_old,14,False,yes
joanne.jennings539@gmail.com,Male,Married,False,9,on,premium,5,5,neutral,upi,cancelled,US,Telugu,38,0,114,4,False,better,10,4,recent,9,False,yes
jasmine.armstrong815@gmail.com,Male,Married,True,10,off,premium,10,4,positive,card,expired,US,Telugu,20,2,172,2,False,poor,20,5,very_old,19,True,no
kevin.dean475@gmail.com,Female,Married,True,8,on,basic,7,1,neutral,upi,expired,India,Hindi,39,16,105,3,False,good,4,10,old,2,False,yes
sabrina.weaver657@gmail.com,Female,Married,False,2,off,premium,5,16,negative,paypal,expired,UK,Telugu,47,24,156,6,True,good,18,7,old,15,True,yes
diane.daniels423@gmail.com,Female,Single,False,6,on,basic,5,19,positive,card,expired,UK,Hindi,36,0,33,3,False,better,16,9,recent,14,True,yes
anna.aguilar965@gmail.com,Male,Married,True,5,off,premium,4,20,neutral,paypal,cancelled,US,Hindi,41,17,139,8,False,better,9,0,old,6,False,yes
jennifer.carter1@gmail.com,Male,Single,False,6,on,basic,4,6,neutral,paypal,expired,Germany,Hindi,7,13,65,7,False,better,18,0,recent,14,False,yes
daniel.peterson909@gmail.com,Male,Married,True,10,on,gold,3,17,neutral,card,cancelled,US,Telugu,40,17,110,1,False,good,17,8,very_old,13,True,yes
joy.sanders701@gmail.com,Male,Married,False,8,off,gold,4,5,positive,card,cancelled,UK,Telugu,42,20,59,1,False,better,11,8,very_old,2,False,yes
eric.crawford422@gmail.com,Male,Single,True,10,off,basic,6,0,positive,upi,cancelled,India,Telugu,12,8,131,10,False,better,2,7,recent,9,False,no
lindsay.sullivan464@gmail.com,Female,Single,True,2,off,gold,2,4,positive,card,cancelled,US,English,11,6,194,10,False,poor,15,5,very_old,2,True,no
brianna.bell727@gmail.com,Male,Married,True,5,on,premium,4,16,negative,upi,active,UK,Hindi,35,6,172,5,True,better,16,5,old,5,False,yes
amy.edwards667@gmail.com,Female,Single,False,4,off,gold,8,19,positive,card,cancelled,Germany,Hindi,18,2,154,3,False,better,2,5,very_old,5,False,yes
ronald.graham84@gmail.com,Male,Single,True,10,off,premium,7,4,positive,upi,active,UK,English,12,2,184,9,True,better,4,4,very_old,14,False,no
andrew.aguilar679@gmail.com,Male,Single,False,5,on,premium,5,7,positive,upi,cancelled,US,English,45,14,129,4,False,poor,6,5,old,10,True,no
michele.wallace309@gmail.com,Female,Married,False,1,off,basic,7,1,neutral,upi,expired,UK,Hindi,13,8,198,3,True,better,2,3,very_old,5,True,no
luis.andrews393@gmail.com,Female,Married,False,9,on,gold,10,19,neutral,paypal,cancelled,Germany,Hindi,28,23,30,8,True,poor,18,7,very_old,3,True,no
christopher.mcdonald81@gmail.com,Male,Single,False,10,off,premium,3,11,neutral,upi,expired,India,Hindi,3,8,35,2,True,poor,13,0,very_old,20,True,no
lee.miller431@gmail.com,Male,Married,False,6,on,gold,2,8,negative,card,cancelled,India,Hindi,3,3,156,4,True,poor,11,10,recent,0,False,no
mark.sloan136@gmail.com,Male,Single,False,10,on,basic,10,16,negative,upi,expired,UK,Telugu,3,16,98,5,True,better,6,9,recent,10,True,yes
john.hoover203@gmail.com,Female,Single,True,4,on,premium,2,18,positive,paypal,cancelled,Germany,Hindi,4,9,95,2,True,poor,4,2,old,19,True,no
lindsey.green717@gmail.com,Female,Single,True,9,on,gold,6,7,negative,card,active,UK,Telugu,35,18,26,1,False,better,17,0,recent,18,False,no
diane.kelly662@gmail.com,Male,Married,True,1,on,premium,3,14,positive,card,active,UK,Telugu,32,21,102,1,True,good,8,9,very_old,19,True,no
tom.perez140@gmail.com,Female,Single,True,6,off,gold,5,9,positive,upi,active,UK,English,20,4,55,3,False,poor,13,10,old,20,False,no
michelle.arellano54@gmail.com,Female,Married,False,2,on,gold,2,3,positive,upi,expired,Germany,Hindi,28,3,20,3,True,better,12,1,very_old,20,True,yes
bruce.johnson320@gmail.com,Female,Single,True,3,on,basic,6,13,positive,card,active,Germany,Hindi,49,22,179,6,False,better,15,3,very_old,15,False,no
andrew.bautista101@gmail.com,Female,Married,True,2,off,premium,6,0,neutral,card,cancelled,US,Hindi,20,17,74,7,False,better,12,6,recent,10,False,no
charles.stafford431@gmail.com,Male,Single,True,2,on,gold,6,6,negative,paypal,expired,US,Telugu,30,2,109,2,False,good,20,3,very_old,5,True,yes
dylan.jacobs966@gmail.com,Male,Single,False,10,on,gold,10,6,negative,upi,active,UK,Telugu,45,23,174,6,False,better,13,1,old,4,False,no
chelsea.jackson746@gmail.com,Female,Married,True,2,on,premium,5,12,neutral,card,cancelled,India,Hindi,5,25,38,8,True,better,16,8,very_old,4,True,no
robert.pierce819@gmail.com,Male,Single,True,6,on,basic,9,16,negative,paypal,expired,US,Telugu,21,2,175,8,False,good,8,2,very_old,18,False,yes
robert.bowers494@gmail.com,Male,Married,False,5,on,premium,1,20,negative,paypal,active,India,Hindi,17,22,168,10,True,poor,9,4,recent,7,False,yes
jasmin.myers64@gmail.com,Male,Single,True,5,off,basic,2,14,negative,upi,active,Germany,Telugu,36,16,119,4,False,good,7,4,old,2,True,no
lisa.monroe731@gmail.com,Female,Single,False,7,on,gold,4,1,positive,upi,expired,Germany,Telugu,1,13,105,8,True,poor,1,9,recent,3,True,no
matthew.smith214@gmail.com,Female,Married,False,3,on,gold,6,15,negative,card,active,India,Hindi,49,0,114,4,False,good,6,6,recent,5,False,yes
victoria.hester16@gmail.com,Female,Married,True,1,off,premium,10,1,positive,paypal,expired,UK,English,50,10,11,10,False,poor,11,6,recent,11,False,yes
michael.martin915@gmail.com,Male,Married,False,7,off,premium,1,6,positive,paypal,active,Germany,English,6,25,183,9,True,good,20,8,very_old,11,True,no
zachary.barry957@gmail.com,Male,Married,True,10,on,premium,10,15,negative,upi,expired,India,Hindi,40,9,49,3,True,poor,5,10,old,1,False,yes
samuel.potts227@gmail.com,Male,Married,False,10,off,premium,8,2,neutral,card,active,India,English,46,7,87,9,True,poor,16,3,old,11,True,yes
courtney.foster712@gmail.com,Male,Married,False,7,off,basic,6,11,positive,card,cancelled,India,Telugu,20,14,196,1,True,poor,11,6,very_old,11,True,no
benjamin.cohen881@gmail.com,Male,Married,False,2,off,gold,10,14,neutral,paypal,expired,India,Telugu,45,0,120,7,True,good,13,4,old,20,False,yes
jennifer.newton81@gmail.com,Male,Single,False,6,off,premium,8,9,negative,paypal,active,US,Hindi,41,24,44,6,False,better,10,0,old,13,False,yes
sharon.robinson363@gmail.com,Female,Married,False,10,off,basic,7,20,neutral,paypal,active,Germany,Hindi,12,21,125,10,False,good,12,8,old,10,True,no
daryl.chaney588@gmail.com,Male,Single,True,10,on,gold,9,13,negative,paypal,expired,Germany,Telugu,41,4,184,1,False,better,20,4,very_old,4,True,yes
jason.bradley329@gmail.com,Male,Single,True,2,off,basic,9,14,neutral,upi,expired,UK,Telugu,7,4,144,9,False,poor,20,10,very_old,11,True,no
brittany.anderson375@gmail.com,Female,Single,True,5,on,premium,5,19,neutral,upi,cancelled,US,Hindi,47,22,113,6,True,better,5,5,old,16,False,no
kyle.nolan815@gmail.com,Female,Single,False,6,off,gold,9,10,neutral,paypal,expired,Germany,Telugu,25,1,143,8,True,better,14,3,old,0,False,yes
abigail.fernandez218@gmail.com,Male,Married,False,6,on,premium,1,1,positive,card,cancelled,UK,English,14,10,163,2,False,poor,12,9,old,10,True,no
stephanie.johnson615@gmail.com,Female,Married,False,4,off,premium,1,14,negative,paypal,cancelled,Germany,Telugu,41,1,144,6,True,better,5,5,old,12,True,yes
daniel.jackson422@gmail.com,Male,Single,True,10,on,premium,6,17,positive,paypal,cancelled,UK,Hindi,4,21,73,6,True,poor,9,5,old,10,False,yes
james.moore527@gmail.com,Female,Married,False,9,off,gold,10,10,neutral,card,expired,India,English,15,20,179,1,True,better,2,1,very_old,12,True,yes
shelly.alvarez674@gmail.com,Male,Married,False,3,off,premium,6,18,positive,card,active,Germany,Hindi,40,9,173,6,False,poor,17,4,recent,9,True,no
stacey.pratt979@gmail.com,Male,Single,False,8,on,premium,3,14,neutral,paypal,cancelled,UK,English,6,20,64,6,True,good,3,4,old,20,True,no
dawn.hartman948@gmail.com,Male,Single,True,2,off,premium,8,11,neutral,upi,expired,Germany,Hindi,5,25,110,9,False,better,3,2,very_old,1,False,no
john.miller146@gmail.com,Male,Single,False,6,on,basic,8,18,positive,card,expired,UK,Telugu,17,13,146,10,False,poor,10,0,old,6,True,yes
elizabeth.butler765@gmail.com,Male,Single,False,10,on,gold,5,18,negative,upi,active,India,Hindi,49,0,184,5,False,poor,8,3,very_old,1,True,no
amber.vance871@gmail.com,Female,Single,False,7,on,basic,2,11,positive,card,expired,US,English,20,4,184,2,True,poor,11,7,very_old,14,True,no
timothy.mendez559@gmail.com,Male,Single,False,2,on,basic,7,11,neutral,card,expired,UK,Telugu,2,10,107,3,False,better,9,8,recent,15,False,no
franklin.sloan966@gmail.com,Female,Single,True,3,off,premium,8,17,neutral,paypal,cancelled,India,Telugu,3,13,181,3,False,poor,5,1,recent,19,False,no
melvin.humphrey798@gmail.com,Male,Married,False,2,on,premium,3,18,positive,paypal,active,UK,English,20,22,13,4,False,good,4,2,recent,16,True,no
david.burns236@gmail.com,Female,Married,True,10,on,gold,9,2,neutral,card,expired,Germany,Telugu,6,14,136,4,True,good,13,2,very_old,18,False,no
danielle.ward761@gmail.com,Male,Single,True,5,on,gold,1,13,negative,card,expired,US,Telugu,23,14,129,3,False,better,20,9,recent,4,True,no
jennifer.brown763@gmail.com,Female,Single,True,3,off,basic,2,16,positive,upi,cancelled,India,Telugu,28,3,17,6,False,better,15,6,recent,7,False,no
jonathan.davis842@gmail.com,Female,Single,False,5,on,premium,3,5,neutral,card,active,India,English,39,14,81,2,True,better,5,7,old,15,True,yes
jerry.guzman338@gmail.com,Male,Married,False,9,off,basic,6,15,neutral,upi,active,US,Hindi,42,0,48,1,False,better,5,6,recent,18,True,no
michael.ramos262@gmail.com,Female,Married,False,1,on,gold,5,8,positive,card,expired,UK,English,31,24,60,3,True,good,14,6,old,1,True,no
robert.rivera32@gmail.com,Female,Married,False,4,off,gold,2,6,positive,upi,cancelled,US,English,22,17,145,7,True,poor,2,6,old,18,False,yes
julia.chapman619@gmail.com,Female,Single,False,10,on,gold,2,8,positive,card,cancelled,India,Hindi,5,15,37,5,False,poor,17,9,recent,19,True,yes
jasmine.warner464@gmail.com,Male,Married,True,9,on,basic,5,3,negative,paypal,cancelled,India,Hindi,23,22,155,8,True,poor,1,2,old,2,False,yes
crystal.williams586@gmail.com,Male,Married,False,8,on,premium,3,20,neutral,upi,cancelled,Germany,English,15,12,41,1,False,poor,11,6,very_old,15,True,no
michael.galloway826@gmail.com,Male,Single,False,7,on,gold,9,13,neutral,upi,cancelled,US,Telugu,45,10,183,9,True,better,17,8,old,3,True,yes
david.sanders673@gmail.com,Female,Married,False,3,on,basic,2,8,neutral,upi,cancelled,India,English,15,2,76,1,True,good,6,0,old,2,False,no
anthony.stevens724@gmail.com,Female,Married,False,4,on,premium,6,0,negative,paypal,expired,US,English,37,25,175,7,True,poor,11,10,old,8,True,yes
danielle.jones198@gmail.com,Male,Married,True,2,off,basic,1,6,neutral,upi,active,Germany,Hindi,8,14,113,9,False,poor,6,9,old,10,False,no
tiffany.carter586@gmail.com,Male,Married,True,10,on,gold,3,6,neutral,upi,expired,UK,English,30,8,56,1,True,good,11,5,old,12,True,yes
ashley.villanueva313@gmail.com,Female,Single,True,6,on,basic,2,10,negative,card,cancelled,Germany,Telugu,25,23,82,6,False,better,2,8,recent,6,True,no
kevin.meyer638@gmail.com,Female,Single,False,7,off,gold,6,12,positive,upi,cancelled,Germany,Telugu,37,16,106,5,False,better,5,7,very_old,9,False,no
christopher.hudson45@gmail.com,Male,Married,True,6,on,premium,3,4,negative,card,expired,US,Hindi,9,0,62,6,True,good,4,9,old,9,False,no
chad.davis715@gmail.com,Male,Married,False,5,on,basic,1,6,neutral,card,cancelled,India,Hindi,5,2,152,1,True,better,10,5,old,9,True,yes
jennifer.singh471@gmail.com,Female,Single,True,3,on,premium,1,17,positive,card,active,Germany,Hindi,36,6,10,7,False,good,1,6,recent,2,False,no
sonya.copeland444@gmail.com,Female,Single,False,7,on,gold,6,14,neutral,card,expired,US,Telugu,26,15,10,4,True,better,8,2,old,18,True,yes
teresa.bennett615@gmail.com,Male,Single,False,9,on,gold,4,10,positive,card,expired,UK,English,34,16,173,1,True,poor,2,7,old,7,False,no
kristi.dillon901@gmail.com,Male,Married,False,1,on,premium,7,4,neutral,paypal,cancelled,US,English,35,5,189,10,True,poor,19,8,recent,17,False,yes
tracey.sutton307@gmail.com,Female,Married,False,7,on,gold,8,2,neutral,card,expired,US,Telugu,5,10,42,7,False,better,8,5,old,5,True,no
michael.stevens934@gmail.com,Female,Married,True,3,on,gold,6,8,neutral,upi,expired,India,Telugu,41,6,130,1,True,good,5,8,old,0,False,no
lacey.taylor293@gmail.com,Male,Single,True,1,on,basic,9,1,neutral,card,active,Germany,Hindi,30,12,137,2,False,poor,8,4,very_old,6,True,no
roberto.gray382@gmail.com,Male,Single,True,9,on,basic,5,3,negative,upi,active,India,English,48,23,128,1,True,good,10,7,recent,8,False,no
jason.kennedy385@gmail.com,Female,Married,False,7,off,premium,6,11,positive,paypal,active,US,English,37,11,15,2,True,better,14,2,recent,15,False,no
barbara.adams424@gmail.com,Male,Single,False,8,on,gold,8,8,positive,upi,expired,US,Hindi,14,23,65,1,False,poor,6,8,old,8,True,no
james.thompson906@gmail.com,Male,Single,True,9,off,premium,9,19,positive,card,cancelled,India,English,21,11,161,2,True,better,19,7,recent,18,True,no
benjamin.cruz195@gmail.com,Male,Single,True,1,off,gold,6,16,negative,card,active,India,Hindi,39,8,51,6,True,good,10,8,old,12,True,yes
laura.wright821@gmail.com,Male,Married,True,1,off,premium,4,18,neutral,paypal,expired,Germany,Telugu,0,16,53,5,False,good,14,9,recent,11,True,yes
bill.holland450@gmail.com,Male,Married,True,3,off,basic,3,4,neutral,paypal,active,UK,Hindi,45,17,154,3,True,good,20,3,old,10,True,no
andrew.torres358@gmail.com,Male,Married,False,9,on,premium,10,5,positive,upi,cancelled,India,Hindi,11,7,185,8,False,better,9,6,very_old,13,False,yes
tiffany.davis608@gmail.com,Female,Married,True,10,off,basic,9,19,positive,card,active,US,English,43,7,92,4,True,good,16,4,recent,10,True,no
chloe.wagner69@gmail.com,Female,Married,True,1,off,premium,5,8,neutral,paypal,cancelled,Germany,Telugu,19,15,182,8,True,poor,6,6,old,9,True,no
shari.ramirez23@gmail.com,Female,Single,False,4,on,gold,9,15,neutral,paypal,expired,India,Hindi,31,23,139,5,True,poor,3,3,old,6,True,no
william.hernandez506@gmail.com,Male,Single,False,5,off,gold,8,2,positive,card,cancelled,India,English,28,10,107,6,False,better,6,7,old,14,True,no
mariah.brown924@gmail.com,Female,Single,True,5,off,gold,3,4,negative,upi,expired,India,Telugu,33,6,122,7,False,better,6,1,old,4,False,yes
richard.robertson1@gmail.com,Male,Married,True,7,off,gold,3,7,neutral,paypal,cancelled,UK,Hindi,33,25,16,5,False,good,15,6,old,17,True,yes
elizabeth.andrade170@gmail.com,Male,Married,True,1,off,premium,6,15,negative,paypal,active,US,Telugu,18,18,180,2,False,good,10,1,very_old,16,True,no
lawrence.bartlett360@gmail.com,Male,Married,True,5,on,premium,6,3,positive,upi,cancelled,India,Telugu,40,4,141,9,False,good,10,1,old,1,True,no
lisa.freeman731@gmail.com,Male,Married,False,2,on,premium,10,2,positive,paypal,cancelled,UK,Telugu,50,15,162,7,True,good,12,10,old,16,True,yes
evan.brooks423@gmail.com,Male,Married,False,6,off,premium,7,10,negative,upi,cancelled,India,English,40,5,74,6,False,better,7,3,recent,15,False,yes
heather.christian579@gmail.com,Female,Married,False,4,off,premium,3,6,negative,card,cancelled,US,Hindi,50,18,50,4,True,good,11,5,very_old,16,True,yes
dana.turner410@gmail.com,Female,Single,False,8,on,basic,1,4,negative,upi,active,India,Telugu,31,2,38,1,False,better,12,0,recent,0,False,no
alyssa.cross750@gmail.com,Female,Single,False,7,on,basic,4,11,negative,card,active,UK,Hindi,26,16,52,7,True,good,17,2,very_old,20,True,yes
kevin.wall793@gmail.com,Female,Single,False,4,on,gold,4,8,positive,paypal,active,India,English,49,3,57,7,False,good,20,0,very_old,6,True,yes
courtney.clark644@gmail.com,Female,Single,True,3,off,gold,5,16,neutral,upi,expired,US,Telugu,32,11,188,8,False,good,17,2,very_old,10,False,yes
mark.reeves882@gmail.com,Male,Single,False,5,off,basic,3,8,negative,card,expired,Germany,Telugu,32,2,101,8,True,good,2,8,old,5,False,no
kelly.romero911@gmail.com,Male,Single,False,3,off,gold,10,5,neutral,card,expired,India,Telugu,27,25,52,7,True,better,5,3,very_old,3,False,yes
stefanie.gonzalez20@gmail.com,Male,Single,True,8,on,basic,3,19,negative,card,cancelled,US,Telugu,18,8,188,10,True,good,7,4,old,0,False,yes
sarah.torres670@gmail.com,Male,Single,False,10,on,gold,5,0,positive,paypal,active,US,Telugu,4,13,188,9,True,poor,2,7,very_old,16,False,no
joshua.peterson599@gmail.com,Female,Married,True,10,on,premium,6,17,positive,upi,cancelled,US,Telugu,15,6,13,6,True,better,16,5,very_old,16,True,yes
nicholas.montoya80@gmail.com,Female,Married,False,4,on,basic,6,20,positive,upi,expired,India,Hindi,30,7,197,9,False,good,1,3,recent,0,False,no
jon.little203@gmail.com,Male,Married,True,2,on,gold,6,2,neutral,card,active,India,Telugu,5,4,90,7,True,poor,4,5,recent,0,True,no
anthony.white330@gmail.com,Male,Married,True,10,on,premium,9,6,positive,card,cancelled,UK,Telugu,33,6,185,7,False,good,13,2,recent,11,True,yes
christopher.atkinson693@gmail.com,Male,Married,False,9,off,premium,3,18,negative,card,active,US,Telugu,9,7,90,4,True,good,19,8,old,16,False,no
patricia.ward417@gmail.com,Female,Single,False,5,on,premium,9,8,positive,upi,expired,US,Telugu,25,1,166,7,True,good,9,0,recent,2,True,no
michael.roberts610@gmail.com,Male,Single,False,10,on,premium,8,4,positive,paypal,expired,Germany,Hindi,48,17,199,1,False,good,1,0,very_old,15,True,yes
diane.wallace929@gmail.com,Male,Single,True,4,off,gold,7,11,positive,upi,active,US,English,2,25,68,5,False,poor,15,0,old,15,True,no
ashley.arnold939@gmail.com,Female,Married,True,7,off,gold,5,15,positive,card,cancelled,Germany,Telugu,5,15,57,1,False,better,15,6,old,3,True,no
katherine.peterson849@gmail.com,Female,Married,True,3,off,basic,9,7,negative,paypal,cancelled,Germany,English,28,6,80,1,True,better,8,2,recent,16,True,yes
michael.jones30@gmail.com,Female,Married,True,9,off,gold,4,15,negative,card,active,India,Hindi,39,18,175,6,True,better,14,7,old,4,True,no
andrew.lopez22@gmail.com,Male,Single,True,8,off,gold,6,20,negative,upi,active,US,Hindi,10,12,99,8,True,poor,8,9,very_old,20,False,no
amanda.reed685@gmail.com,Male,Married,True,1,on,basic,6,0,positive,card,expired,India,Telugu,37,12,156,1,True,better,11,8,old,6,True,no
kayla.smith854@gmail.com,Female,Married,False,2,off,basic,1,0,negative,paypal,cancelled,UK,English,10,2,76,1,False,good,2,1,recent,4,False,no
michael.garcia938@gmail.com,Female,Single,True,7,off,premium,2,1,positive,paypal,expired,India,Telugu,46,19,119,6,True,poor,7,3,very_old,3,False,yes
stephanie.arroyo799@gmail.com,Female,Married,True,10,off,premium,9,19,positive,paypal,expired,US,Hindi,38,20,26,3,True,good,20,3,recent,13,True,no
matthew.wright110@gmail.com,Male,Single,False,8,on,gold,4,13,positive,paypal,active,US,Hindi,18,4,68,9,False,poor,17,4,old,18,False,no
jennifer.mitchell996@gmail.com,Female,Married,False,3,off,premium,3,6,negative,upi,cancelled,Germany,Hindi,29,20,122,9,False,better,10,4,very_old,0,True,yes
sara.lee30@gmail.com,Male,Married,False,5,off,gold,2,11,neutral,paypal,expired,Germany,Hindi,26,23,57,6,False,good,5,5,very_old,8,True,yes
mike.crane616@gmail.com,Female,Married,False,10,on,gold,1,12,negative,upi,active,UK,Hindi,48,12,37,1,False,good,1,3,very_old,19,False,no
christie.diaz510@gmail.com,Female,Married,False,10,on,premium,7,15,positive,upi,cancelled,India,Hindi,33,25,75,1,True,poor,14,8,very_old,4,False,no
jose.mullins463@gmail.com,Female,Married,True,5,off,premium,9,9,positive,upi,active,India,Hindi,1,13,71,5,True,good,7,0,very_old,10,False,no
natalie.collins105@gmail.com,Female,Married,True,2,on,gold,1,5,negative,paypal,active,India,Telugu,16,14,32,1,False,poor,10,0,old,8,True,no
linda.morales67@gmail.com,Male,Single,False,3,on,premium,5,16,positive,paypal,cancelled,India,English,47,5,87,10,False,better,13,0,recent,1,True,no
james.tucker336@gmail.com,Female,Single,False,10,off,gold,3,20,positive,card,expired,Germany,Hindi,7,14,66,4,False,poor,16,1,old,17,True,no
andrea.bowen418@gmail.com,Male,Married,True,5,on,basic,10,14,neutral,upi,active,India,Hindi,7,5,123,2,True,good,13,0,recent,19,False,no
david.brooks951@gmail.com,Female,Single,False,1,off,premium,2,2,neutral,paypal,active,US,English,8,13,74,1,False,poor,11,2,old,19,True,no
tracy.knight556@gmail.com,Male,Married,True,3,off,gold,6,1,positive,paypal,cancelled,US,Hindi,8,12,111,10,False,good,15,8,recent,13,True,yes
carl.hernandez860@gmail.com,Female,Married,True,3,on,gold,6,15,positive,upi,active,US,Hindi,21,11,81,4,True,poor,17,0,recent,12,True,no
jeffrey.vaughan945@gmail.com,Male,Married,False,5,off,gold,10,11,negative,upi,active,US,English,4,13,100,1,False,good,2,2,recent,1,True,no
amy.jones655@gmail.com,Male,Single,False,4,off,basic,6,4,positive,card,active,Germany,Telugu,1,0,20,2,True,better,10,0,recent,2,True,no
jessica.harmon845@gmail.com,Female,Single,True,8,off,gold,5,8,positive,upi,cancelled,UK,English,10,9,90,4,True,poor,10,3,recent,11,True,yes
michael.green525@gmail.com,Female,Single,False,5,on,premium,4,17,neutral,upi,active,UK,Telugu,36,1,15,9,True,good,9,8,old,4,False,no
ryan.gross988@gmail.com,Female,Married,True,10,on,premium,8,1,negative,upi,cancelled,India,Telugu,7,5,60,10,True,poor,13,3,recent,0,True,no
justin.west650@gmail.com,Female,Single,True,8,on,gold,8,12,positive,upi,active,Germany,Telugu,20,16,70,9,True,poor,1,6,recent,0,True,no
jill.tran443@gmail.com,Female,Married,True,3,on,gold,5,19,negative,paypal,expired,Germany,Hindi,23,25,131,5,True,better,1,10,recent,14,False,no
ryan.scott702@gmail.com,Female,Married,False,6,on,gold,2,0,positive,card,active,Germany,English,36,14,90,3,False,better,8,10,very_old,20,True,no
robert.smith850@gmail.com,Male,Married,False,2,off,premium,5,5,neutral,card,expired,US,Telugu,12,1,34,1,False,better,1,1,very_old,14,True,yes
dominique.ryan396@gmail.com,Female,Single,False,9,on,premium,9,15,negative,card,cancelled,India,Telugu,21,4,25,2,True,better,5,3,very_old,5,True,no
karen.middleton682@gmail.com,Female,Married,True,5,off,basic,4,3,neutral,card,expired,UK,Telugu,2,6,62,2,True,poor,2,5,old,20,False,yes
kim.tucker111@gmail.com,Male,Married,True,1,on,premium,10,0,neutral,card,active,UK,Telugu,36,24,190,5,True,better,12,3,very_old,19,True,yes
clarence.dawson936@gmail.com,Male,Single,False,2,off,premium,9,14,neutral,upi,cancelled,India,Telugu,9,8,155,9,False,poor,3,5,recent,6,True,no
jeremy.quinn350@gmail.com,Female,Single,True,5,on,gold,1,11,positive,paypal,cancelled,UK,Telugu,24,15,33,8,False,poor,3,3,old,15,True,yes
noah.whitaker511@gmail.com,Male,Single,True,3,on,premium,9,20,positive,card,expired,India,Telugu,43,4,81,6,True,poor,12,0,very_old,17,False,yes
evan.ramos722@gmail.com,Female,Married,False,6,off,gold,9,11,negative,upi,expired,US,Hindi,11,2,49,4,True,good,18,2,old,16,False,yes
jessica.rice194@gmail.com,Female,Married,False,8,off,basic,1,12,positive,card,expired,US,Hindi,48,15,68,7,False,good,15,1,old,18,True,yes
isabella.weaver61@gmail.com,Male,Single,True,1,off,basic,2,10,neutral,paypal,expired,India,Telugu,44,18,35,1,False,better,12,8,old,18,False,no
tiffany.flores28@gmail.com,Female,Single,True,3,on,premium,3,11,neutral,paypal,cancelled,India,Telugu,30,20,83,4,False,poor,11,5,old,11,False,no
gregory.edwards223@gmail.com,Male,Single,False,7,off,premium,10,1,neutral,paypal,expired,US,Hindi,31,19,101,5,False,good,9,9,recent,1,True,no
michael.shaffer217@gmail.com,Female,Single,True,3,off,premium,10,10,neutral,upi,expired,Germany,Hindi,11,2,154,3,True,poor,6,3,old,16,True,yes
ashley.schmidt437@gmail.com,Male,Single,True,4,on,gold,4,2,negative,card,expired,Germany,English,17,9,59,1,True,good,4,6,very_old,20,False,no
kathleen.hernandez295@gmail.com,Male,Single,True,9,on,basic,8,3,positive,card,active,Germany,English,11,6,181,10,True,good,16,0,very_old,14,False,no
rebecca.ellis323@gmail.com,Male,Single,False,1,on,basic,4,14,negative,card,active,UK,Telugu,46,22,140,6,False,poor,5,1,old,9,True,no
alexander.le698@gmail.com,Female,Single,True,6,on,basic,7,7,positive,paypal,expired,US,Telugu,30,1,145,8,True,better,5,7,old,14,False,no
chelsea.allen162@gmail.com,Female,Married,False,9,off,premium,6,11,negative,paypal,cancelled,Germany,English,14,5,120,1,True,better,12,4,very_old,9,False,yes
gregory.daniels652@gmail.com,Male,Married,False,6,off,gold,1,9,negative,paypal,active,US,Telugu,44,16,11,7,False,good,19,10,recent,14,False,yes
daniel.campbell31@gmail.com,Male,Married,False,6,on,basic,2,11,neutral,upi,active,Germany,English,39,0,22,5,True,good,18,8,recent,19,True,no
jason.castro942@gmail.com,Male,Married,True,9,on,basic,5,13,neutral,card,expired,US,Hindi,37,11,41,9,True,better,14,5,old,5,False,yes
eric.murphy600@gmail.com,Male,Married,True,1,on,gold,9,19,neutral,upi,expired,India,English,35,6,135,3,True,poor,19,6,recent,19,False,no
michael.blake905@gmail.com,Male,Married,False,2,off,gold,2,11,negative,paypal,cancelled,UK,Hindi,4,4,74,8,True,better,3,9,recent,8,False,yes
paul.rodriguez110@gmail.com,Male,Single,False,5,on,premium,3,17,neutral,paypal,active,Germany,English,24,12,53,9,True,good,10,3,old,6,False,no
samantha.graves456@gmail.com,Male,Married,False,5,off,basic,9,1,negative,paypal,active,India,Hindi,27,2,35,7,False,better,16,0,very_old,0,False,no
matthew.rose709@gmail.com,Male,Married,False,4,on,premium,8,3,positive,card,active,US,Hindi,50,23,55,7,True,better,20,1,old,5,False,no
patrick.cooke719@gmail.com,Male,Single,True,6,off,basic,10,6,neutral,paypal,expired,India,Hindi,31,15,36,2,False,poor,14,8,recent,17,True,yes
lauren.rodriguez196@gmail.com,Male,Single,False,4,off,gold,2,19,negative,card,expired,Germany,Telugu,15,6,187,10,True,good,6,8,very_old,7,True,yes
jennifer.hansen490@gmail.com,Male,Single,True,6,off,premium,8,8,positive,upi,expired,Germany,Hindi,31,12,33,8,True,poor,3,9,very_old,8,True,yes
barbara.rodriguez255@gmail.com,Male,Single,False,5,on,basic,8,8,positive,card,expired,US,English,48,6,19,1,False,better,20,5,very_old,7,True,yes
nicole.potter787@gmail.com,Female,Single,False,7,off,gold,5,5,neutral,upi,cancelled,UK,Telugu,49,18,109,6,True,better,17,5,recent,19,False,yes
bradley.hall865@gmail.com,Male,Single,True,2,on,gold,6,2,positive,upi,cancelled,India,English,12,12,93,6,False,poor,10,2,recent,14,True,yes
gary.david157@gmail.com,Female,Single,False,5,on,gold,2,12,negative,paypal,expired,UK,Hindi,43,2,90,2,True,good,1,6,very_old,16,True,yes
todd.jones778@gmail.com,Female,Single,True,2,on,premium,5,15,positive,paypal,cancelled,Germany,Hindi,44,21,54,1,False,better,9,0,old,6,True,yes
jacqueline.bray840@gmail.com,Female,Single,False,6,off,gold,5,14,negative,card,active,US,Hindi,40,5,128,8,True,good,2,5,old,7,True,yes
stephanie.weaver775@gmail.com,Male,Single,True,1,on,premium,8,18,negative,upi,cancelled,US,Telugu,21,0,112,5,False,poor,16,6,old,11,True,yes
andrew.nicholson296@gmail.com,Male,Married,False,6,on,gold,7,16,positive,card,active,India,Hindi,39,24,187,10,True,good,20,4,recent,14,True,no
brian.white481@gmail.com,Male,Married,False,9,on,basic,7,18,positive,upi,expired,India,Hindi,26,25,146,7,False,better,7,2,recent,12,True,no
kelly.green632@gmail.com,Female,Married,True,10,on,gold,3,2,negative,upi,expired,US,English,31,16,181,2,True,poor,19,4,recent,0,True,yes
lindsay.nelson65@gmail.com,Male,Married,True,5,on,basic,1,9,negative,paypal,active,India,Telugu,24,23,75,3,False,better,14,3,very_old,0,True,no
terri.rogers948@gmail.com,Male,Married,False,10,on,premium,5,17,negative,upi,active,UK,Telugu,50,21,120,2,False,better,8,8,recent,10,False,no
megan.martin59@gmail.com,Female,Single,False,3,on,basic,9,2,negative,card,expired,India,Telugu,16,6,122,5,True,better,14,5,old,11,False,yes
lynn.lee111@gmail.com,Male,Married,True,6,on,premium,8,9,negative,upi,expired,US,English,34,8,93,4,True,good,4,3,very_old,10,True,yes
adam.pierce951@gmail.com,Male,Married,False,9,off,gold,8,1,positive,card,active,US,Hindi,18,20,83,1,False,good,18,4,very_old,12,True,no
lisa.franklin127@gmail.com,Female,Single,True,8,off,basic,3,9,negative,upi,active,US,Telugu,48,7,83,2,False,better,9,2,recent,10,False,yes
seth.wilson567@gmail.com,Male,Single,True,4,on,premium,3,15,neutral,card,active,India,Telugu,6,21,138,3,True,better,9,6,very_old,14,True,no
stephanie.romero277@gmail.com,Female,Single,True,5,on,basic,10,7,neutral,paypal,cancelled,UK,Hindi,22,2,151,8,True,better,13,3,recent,6,False,no
katherine.evans880@gmail.com,Female,Married,True,4,off,premium,3,5,negative,paypal,active,US,English,34,21,129,5,True,better,3,3,old,19,False,yes
douglas.yang507@gmail.com,Female,Married,True,2,off,gold,7,19,positive,paypal,active,India,Hindi,31,15,153,10,True,better,2,1,very_old,12,False,no
tina.green689@gmail.com,Female,Single,True,3,off,basic,6,13,negative,card,active,Germany,English,12,12,116,3,False,better,14,6,old,16,True,no
janice.howell286@gmail.com,Female,Single,False,9,on,premium,2,6,neutral,upi,cancelled,India,Hindi,40,2,37,8,False,good,12,3,recent,18,True,yes
justin.white757@gmail.com,Male,Single,False,3,on,gold,3,6,neutral,card,cancelled,US,Telugu,12,22,27,7,False,poor,5,1,old,8,True,yes
robert.rodriguez334@gmail.com,Female,Married,False,2,on,basic,10,8,neutral,upi,cancelled,Germany,Hindi,24,15,142,8,True,good,1,2,recent,0,True,no
christopher.hurst295@gmail.com,Male,Married,False,3,off,premium,9,9,positive,upi,cancelled,India,Hindi,36,1,99,2,True,good,13,6,old,15,False,yes
john.smith851@gmail.com,Male,Married,True,3,off,premium,2,8,neutral,card,active,US,Telugu,30,3,65,9,True,good,20,9,old,9,False,no
thomas.hall879@gmail.com,Male,Married,True,3,on,basic,3,3,negative,upi,cancelled,UK,Hindi,7,1,36,6,True,poor,6,9,very_old,12,False,no
amy.wells156@gmail.com,Female,Single,True,2,on,premium,3,3,positive,card,expired,Germany,Hindi,43,24,165,4,False,better,2,8,old,15,True,no
jason.moran301@gmail.com,Female,Married,True,8,off,gold,5,7,positive,paypal,expired,US,Hindi,4,22,59,4,True,good,10,6,very_old,1,True,no
shannon.jordan4@gmail.com,Male,Single,False,2,off,basic,2,11,positive,paypal,expired,India,English,40,19,161,5,False,good,12,9,very_old,14,True,yes
mary.zavala434@gmail.com,Female,Single,False,4,off,gold,7,11,negative,card,cancelled,India,Telugu,31,21,58,1,True,poor,14,6,old,5,True,yes
sierra.huerta306@gmail.com,Female,Single,True,1,on,gold,6,18,neutral,card,expired,US,English,8,1,65,2,False,better,12,0,recent,3,False,no
gregory.blevins449@gmail.com,Male,Married,True,7,on,premium,8,17,negative,paypal,expired,UK,Telugu,50,16,24,2,False,better,9,1,recent,8,True,yes
erica.sloan814@gmail.com,Male,Single,False,3,off,basic,5,12,neutral,paypal,active,India,Telugu,17,13,159,10,True,poor,9,1,recent,11,True,no
denise.nelson276@gmail.com,Male,Married,True,1,on,basic,9,13,negative,card,active,India,English,40,23,187,10,False,good,16,4,recent,19,True,yes
christopher.ruiz679@gmail.com,Female,Married,False,10,on,basic,6,3,positive,upi,active,India,English,1,14,186,2,False,better,10,3,old,16,True,no
margaret.vargas330@gmail.com,Female,Married,True,6,on,gold,5,5,neutral,paypal,active,Germany,Telugu,35,10,165,8,True,better,1,2,recent,17,False,yes
james.powell382@gmail.com,Male,Single,False,3,on,gold,7,11,neutral,card,active,US,Hindi,30,4,34,1,True,poor,17,3,old,10,False,no
jason.flynn667@gmail.com,Female,Single,True,9,off,basic,2,17,neutral,card,expired,India,Hindi,23,17,99,10,True,better,5,3,old,15,True,yes
david.velazquez323@gmail.com,Female,Single,True,3,off,gold,4,15,positive,paypal,expired,UK,English,48,0,157,8,True,good,20,9,old,8,True,no
caitlin.holmes911@gmail.com,Female,Married,False,1,on,gold,10,6,neutral,upi,expired,US,Hindi,45,1,43,4,False,better,18,0,very_old,2,True,yes
michael.middleton86@gmail.com,Female,Married,True,9,off,gold,8,13,neutral,card,expired,India,Hindi,16,11,60,6,True,poor,4,7,old,17,True,yes
rachel.ramirez788@gmail.com,Male,Single,True,8,on,gold,2,20,neutral,card,active,India,Hindi,22,3,111,4,True,poor,16,2,old,15,False,no
alison.jackson35@gmail.com,Male,Single,False,9,on,basic,4,4,negative,upi,active,India,Hindi,41,9,78,9,False,poor,18,10,recent,0,True,no
andrew.adams300@gmail.com,Female,Single,False,4,off,premium,8,8,neutral,paypal,active,US,English,43,18,61,6,True,poor,1,3,recent,19,True,no
paul.nicholson35@gmail.com,Male,Married,True,2,off,premium,2,19,neutral,paypal,cancelled,UK,English,14,6,46,5,True,better,11,2,very_old,0,False,no
natasha.wood161@gmail.com,Male,Single,False,10,on,premium,4,19,positive,card,active,Germany,Telugu,9,18,140,9,True,good,16,8,old,15,True,no
christina.robinson136@gmail.com,Male,Single,True,7,on,premium,10,12,neutral,paypal,cancelled,Germany,Telugu,36,17,18,10,True,poor,6,5,recent,10,True,yes
erik.collins518@gmail.com,Male,Single,False,9,on,basic,2,16,positive,paypal,cancelled,US,Hindi,31,15,133,9,True,better,18,8,very_old,14,True,yes
caitlin.rodriguez702@gmail.com,Male,Single,True,3,on,premium,2,12,neutral,card,active,UK,Hindi,50,25,185,4,True,good,12,2,very_old,16,True,no
jonathan.ramirez610@gmail.com,Male,Single,False,5,off,premium,3,20,negative,upi,cancelled,Germany,English,41,12,159,5,False,poor,15,2,very_old,20,True,yes
tanya.foster50@gmail.com,Female,Single,False,5,on,basic,8,2,negative,card,active,US,Telugu,26,24,167,6,True,better,7,10,old,3,False,no
jeffrey.franklin965@gmail.com,Female,Married,False,10,off,premium,3,20,positive,card,active,Germany,Hindi,3,10,21,7,True,good,8,6,very_old,7,True,no
thomas.medina680@gmail.com,Female,Married,True,6,on,premium,8,5,neutral,upi,expired,Germany,Hindi,17,19,36,9,True,good,4,4,old,1,False,no
john.soto286@gmail.com,Male,Married,False,6,on,basic,5,1,positive,upi,expired,India,Hindi,29,20,81,3,True,good,10,10,very_old,17,True,yes
tammy.rush843@gmail.com,Female,Single,False,10,on,basic,5,9,neutral,paypal,active,Germany,Telugu,15,19,66,10,True,good,18,10,very_old,17,False,no
ricky.roy57@gmail.com,Female,Married,True,2,on,gold,9,8,negative,upi,expired,India,Telugu,20,16,59,3,False,better,8,3,recent,6,False,yes
george.green495@gmail.com,Female,Single,True,10,off,premium,7,1,neutral,paypal,cancelled,US,English,17,19,195,6,True,poor,10,2,very_old,15,False,yes
tammy.glenn91@gmail.com,Female,Married,True,5,off,basic,6,1,neutral,card,active,Germany,Telugu,17,13,50,10,True,good,1,6,old,15,True,no
alexander.diaz520@gmail.com,Male,Married,True,1,on,basic,6,11,positive,card,active,US,Telugu,23,3,48,5,False,poor,8,5,recent,13,True,no
nicole.harris88@gmail.com,Female,Married,False,10,off,premium,7,11,negative,upi,cancelled,India,Telugu,33,18,55,3,False,good,11,3,recent,10,True,no
justin.gallegos936@gmail.com,Female,Single,True,10,off,basic,9,11,neutral,upi,expired,UK,English,1,16,175,4,True,poor,2,0,very_old,14,True,no
kelly.lewis755@gmail.com,Male,Single,False,8,on,gold,3,9,negative,upi,active,Germany,Hindi,6,2,20,1,True,good,4,5,very_old,1,True,no
troy.olson996@gmail.com,Female,Married,True,4,off,premium,2,5,positive,card,expired,Germany,Telugu,50,11,14,2,True,better,6,8,recent,12,False,yes
shane.love932@gmail.com,Male,Single,False,5,off,basic,4,6,neutral,card,active,India,Hindi,33,4,120,1,True,better,6,8,recent,16,True,no
kevin.sloan92@gmail.com,Female,Single,True,10,on,premium,7,16,neutral,card,active,US,Hindi,16,6,98,6,False,poor,18,10,recent,13,False,yes
samantha.pace950@gmail.com,Female,Single,True,9,off,gold,5,1,negative,upi,active,India,Telugu,11,6,106,3,False,poor,12,10,very_old,20,False,no
eric.davis633@gmail.com,Male,Single,False,6,on,premium,5,8,negative,upi,expired,US,Telugu,32,3,125,2,True,better,5,6,recent,14,True,yes
michael.hamilton367@gmail.com,Male,Single,True,5,off,basic,2,8,negative,paypal,cancelled,US,English,9,6,128,1,True,better,17,0,very_old,17,True,yes
stephanie.hill662@gmail.com,Male,Single,False,3,on,premium,2,11,positive,paypal,expired,US,English,39,23,33,2,False,poor,11,0,very_old,7,False,yes
marc.mitchell286@gmail.com,Male,Single,False,4,off,basic,6,18,neutral,card,active,UK,English,30,22,33,1,False,better,8,5,old,13,True,no
christopher.singleton964@gmail.com,Female,Single,True,6,on,gold,4,14,neutral,card,cancelled,Germany,Hindi,27,20,137,8,True,better,11,6,old,2,False,no
jessica.wilson201@gmail.com,Male,Married,True,8,off,premium,5,7,negative,upi,cancelled,India,Hindi,17,10,130,3,True,poor,2,2,very_old,7,False,yes
kristin.turner88@gmail.com,Female,Married,True,4,off,basic,6,0,neutral,card,active,Germany,Telugu,14,14,63,2,False,better,3,1,recent,9,True,no
john.gonzales730@gmail.com,Female,Single,False,5,off,gold,7,12,neutral,upi,active,India,Hindi,20,0,26,8,True,better,9,1,very_old,3,True,no
april.taylor481@gmail.com,Female,Single,False,8,off,premium,2,4,neutral,card,expired,India,Hindi,41,22,37,9,True,good,3,8,recent,4,True,no
richard.roth353@gmail.com,Male,Single,True,9,on,premium,6,14,positive,paypal,active,India,English,27,16,174,2,True,poor,9,0,very_old,0,True,no
joshua.pierce659@gmail.com,Male,Married,False,1,on,premium,6,10,positive,card,expired,US,Hindi,41,5,72,10,False,poor,10,7,old,7,False,yes
brett.may645@gmail.com,Female,Married,False,10,on,gold,2,10,positive,paypal,active,India,Hindi,44,12,31,2,True,good,4,8,recent,0,True,no
todd.robinson651@gmail.com,Female,Married,True,2,off,gold,3,12,negative,paypal,active,India,English,34,19,29,5,True,good,5,10,old,3,False,yes
matthew.elliott918@gmail.com,Female,Married,True,1,on,basic,3,8,positive,upi,active,India,Hindi,50,19,169,5,False,good,15,4,old,20,True,no
cheryl.hester894@gmail.com,Female,Married,True,8,on,basic,6,13,positive,paypal,expired,India,English,14,7,191,9,False,good,14,0,old,9,False,yes
shannon.parks890@gmail.com,Female,Married,False,3,on,gold,8,14,neutral,paypal,cancelled,Germany,Hindi,39,5,100,9,False,good,2,10,old,14,True,yes
jeffrey.walsh118@gmail.com,Female,Single,True,6,on,basic,6,15,negative,upi,active,Germany,Hindi,35,13,17,4,False,good,14,3,very_old,13,False,yes
carl.fields904@gmail.com,Female,Single,False,7,on,premium,9,18,neutral,card,cancelled,India,Telugu,27,3,13,9,False,better,13,4,very_old,9,True,no
joshua.hanson44@gmail.com,Female,Single,False,7,off,basic,3,8,neutral,upi,expired,US,English,50,10,102,1,True,good,17,6,old,6,True,yes
frank.ritter238@gmail.com,Male,Single,False,5,off,premium,3,14,positive,upi,cancelled,India,Hindi,7,21,191,8,False,better,7,9,old,19,False,yes
amy.cunningham300@gmail.com,Female,Single,True,7,on,premium,8,19,positive,upi,active,US,English,0,20,146,1,False,good,9,9,old,1,False,no
christopher.taylor285@gmail.com,Male,Single,False,4,off,gold,6,18,positive,upi,active,Germany,Hindi,30,14,95,2,True,good,3,1,old,10,True,no
catherine.edwards735@gmail.com,Male,Married,True,9,off,gold,9,19,neutral,card,expired,India,Telugu,32,10,168,10,True,poor,11,4,recent,19,True,yes
michelle.ramsey231@gmail.com,Female,Married,False,8,off,gold,2,17,positive,upi,active,India,English,34,20,138,4,False,good,2,8,old,18,False,no
christopher.mcdowell304@gmail.com,Female,Single,True,1,on,basic,5,18,positive,upi,cancelled,UK,Hindi,13,14,190,8,True,good,9,9,recent,18,False,yes
crystal.gross551@gmail.com,Female,Married,True,8,off,gold,10,9,positive,paypal,expired,Germany,Hindi,21,6,43,1,False,good,9,6,recent,4,True,yes
john.tran965@gmail.com,Female,Married,False,9,on,premium,7,14,neutral,card,active,US,English,37,21,22,10,False,better,15,1,very_old,0,True,no
tyler.johnson514@gmail.com,Male,Single,False,10,on,basic,6,10,negative,paypal,active,US,English,18,5,119,9,True,better,17,7,very_old,8,False,no
charles.ballard601@gmail.com,Male,Single,False,2,on,basic,2,0,positive,card,active,Germany,Hindi,36,1,185,5,True,good,14,6,recent,0,False,no
jamie.little83@gmail.com,Female,Married,True,4,off,basic,3,4,negative,paypal,active,Germany,Telugu,30,24,177,2,True,good,14,0,very_old,5,True,no
kathryn.holmes859@gmail.com,Female,Single,False,2,off,premium,3,7,positive,card,expired,US,Telugu,9,20,73,4,False,good,5,8,old,17,False,no
tina.santos981@gmail.com,Female,Married,True,7,on,premium,10,10,positive,upi,active,Germany,Hindi,25,17,175,4,True,poor,4,2,old,19,False,yes
jose.james597@gmail.com,Female,Married,False,4,on,gold,3,14,positive,card,cancelled,US,Hindi,35,0,197,3,False,poor,15,6,very_old,11,True,yes
david.garcia837@gmail.com,Male,Married,True,7,on,premium,5,9,neutral,upi,expired,Germany,English,32,4,81,9,False,good,2,4,old,13,True,no
elizabeth.kramer55@gmail.com,Female,Married,False,10,off,gold,1,18,negative,upi,active,US,Hindi,36,18,178,8,True,good,2,6,very_old,1,False,no
laura.duncan310@gmail.com,Female,Single,True,4,off,premium,1,4,negative,card,active,US,English,38,9,69,10,True,better,1,7,very_old,16,False,yes
julie.thompson389@gmail.com,Male,Single,False,9,on,basic,6,0,neutral,upi,expired,Germany,Hindi,5,8,126,8,True,better,13,2,old,1,False,no
sue.webb824@gmail.com,Male,Single,True,9,on,premium,8,20,positive,upi,cancelled,US,Telugu,40,25,56,7,True,poor,20,1,very_old,11,True,no
kayla.davidson588@gmail.com,Female,Married,True,9,off,basic,8,19,negative,upi,expired,Germany,English,36,15,169,3,False,poor,2,10,old,14,True,yes
stephen.solis458@gmail.com,Male,Married,False,7,off,premium,6,7,neutral,upi,active,UK,Telugu,3,11,61,10,False,poor,15,6,old,10,False,no
david.dawson132@gmail.com,Male,Married,False,6,off,gold,6,11,negative,upi,expired,UK,English,32,22,160,6,False,poor,15,3,old,20,True,yes
cindy.king469@gmail.com,Female,Married,False,5,off,premium,9,2,neutral,upi,expired,UK,Telugu,49,11,101,7,False,poor,14,3,old,10,False,yes
jamie.bowen443@gmail.com,Male,Single,False,2,off,premium,3,17,positive,upi,expired,US,Telugu,5,8,178,3,False,poor,4,5,recent,16,False,no
gregory.gibson592@gmail.com,Male,Married,False,8,on,premium,10,0,positive,paypal,cancelled,India,English,22,19,94,7,False,poor,7,7,very_old,13,False,no
glenn.brown280@gmail.com,Male,Single,False,1,off,premium,6,19,positive,card,cancelled,Germany,English,23,16,168,4,True,good,13,5,recent,12,True,no
sharon.hardy115@gmail.com,Female,Married,False,8,on,gold,7,20,neutral,upi,expired,UK,English,49,11,186,7,True,better,11,5,recent,5,False,no
wesley.graves488@gmail.com,Male,Single,False,7,off,basic,6,0,negative,paypal,expired,Germany,English,14,24,135,6,False,good,10,10,very_old,1,True,yes
erika.sawyer152@gmail.com,Male,Married,True,3,on,basic,8,14,neutral,paypal,active,India,English,28,15,136,5,False,poor,20,6,old,17,False,no
vanessa.larson972@gmail.com,Male,Single,True,2,on,gold,9,3,neutral,card,expired,India,Telugu,10,10,155,9,True,better,9,0,very_old,1,False,no
brandon.may590@gmail.com,Female,Married,False,4,on,premium,2,13,neutral,paypal,expired,India,Telugu,46,15,147,1,False,good,17,0,old,10,True,yes
jamie.bradley176@gmail.com,Female,Married,False,7,on,gold,5,16,negative,paypal,cancelled,UK,Hindi,10,0,186,3,False,good,4,2,old,8,True,yes
derek.mitchell547@gmail.com,Female,Married,True,3,off,premium,4,1,positive,card,expired,Germany,Telugu,5,4,181,6,False,poor,6,7,old,11,False,yes
paul.wilson62@gmail.com,Male,Married,False,9,on,gold,1,8,neutral,paypal,active,India,Hindi,22,4,127,4,True,poor,5,10,recent,3,True,no
christopher.lucas40@gmail.com,Female,Married,True,1,off,gold,8,11,negative,upi,expired,UK,English,28,11,162,8,False,poor,5,1,old,0,True,yes
john.swanson968@gmail.com,Male,Single,True,3,off,gold,7,18,negative,upi,cancelled,India,Telugu,49,0,10,3,True,good,15,6,very_old,15,True,yes
rachel.vasquez112@gmail.com,Female,Single,True,9,on,premium,5,17,positive,paypal,expired,Germany,Telugu,33,9,151,9,False,poor,6,7,very_old,5,True,no
marcus.johnson600@gmail.com,Female,Single,False,4,off,basic,1,18,neutral,upi,active,Germany,English,12,6,107,10,True,good,11,4,very_old,13,True,no
connor.roberts493@gmail.com,Female,Single,True,2,on,gold,2,17,negative,card,expired,US,English,46,25,78,4,True,poor,15,10,old,8,True,yes
erin.griffith671@gmail.com,Female,Single,False,5,off,premium,2,20,positive,upi,expired,UK,Telugu,5,16,141,2,False,better,8,2,recent,9,False,no
carla.cameron688@gmail.com,Female,Single,False,6,off,basic,2,16,negative,upi,expired,US,Hindi,33,16,169,3,True,poor,2,2,very_old,14,True,yes
christina.vazquez986@gmail.com,Male,Single,False,10,on,gold,1,0,positive,card,active,US,English,3,19,145,6,True,good,7,9,very_old,0,True,no
richard.miller891@gmail.com,Male,Married,False,1,off,premium,1,19,positive,card,active,Germany,Hindi,5,1,64,10,True,good,2,3,very_old,7,True,no
tammy.brown761@gmail.com,Male,Single,False,9,on,gold,9,19,positive,paypal,expired,Germany,Telugu,44,14,46,9,True,good,8,8,very_old,15,True,yes
mason.johnson436@gmail.com,Female,Married,True,2,off,basic,1,16,negative,card,active,US,English,29,8,48,3,True,good,5,6,old,12,False,no
amber.ellison97@gmail.com,Male,Married,False,10,off,premium,6,7,positive,paypal,cancelled,US,Telugu,11,3,73,3,False,better,12,8,recent,7,False,yes
joshua.scott759@gmail.com,Female,Married,False,10,on,basic,1,16,neutral,upi,expired,India,Telugu,34,23,95,10,False,poor,14,5,old,1,False,no
richard.roman164@gmail.com,Male,Single,True,7,off,basic,1,2,neutral,upi,expired,India,Hindi,25,3,18,7,True,poor,9,3,old,11,False,no
robert.smith480@gmail.com,Female,Single,True,8,off,gold,2,17,positive,card,expired,UK,Hindi,6,21,96,8,False,better,10,1,recent,4,True,no
michael.sanders194@gmail.com,Female,Married,True,10,on,basic,8,20,neutral,paypal,cancelled,Germany,Hindi,0,5,114,7,True,good,17,9,recent,16,True,no
david.leonard339@gmail.com,Male,Single,False,3,on,basic,10,11,negative,card,cancelled,Germany,English,50,1,104,9,True,better,9,5,very_old,11,False,yes
kevin.carey472@gmail.com,Female,Married,True,2,on,basic,6,17,neutral,upi,expired,US,English,16,19,76,3,False,better,12,10,old,16,True,no
joel.romero516@gmail.com,Female,Married,True,3,on,premium,2,7,negative,paypal,active,UK,English,0,18,94,5,False,better,12,5,recent,6,True,no
morgan.hayes429@gmail.com,Female,Single,True,4,off,premium,5,12,positive,card,cancelled,Germany,Telugu,28,23,13,4,False,poor,9,5,old,6,False,no
charles.owens529@gmail.com,Male,Married,False,4,off,gold,5,2,positive,paypal,expired,UK,Hindi,1,9,80,8,True,poor,18,8,very_old,11,True,yes
brenda.haynes74@gmail.com,Male,Single,False,6,on,gold,1,1,neutral,upi,expired,Germany,English,42,20,138,7,True,better,6,9,very_old,4,False,no
jessica.stanley963@gmail.com,Female,Single,False,2,on,premium,5,0,positive,paypal,active,US,English,26,3,31,6,False,poor,16,0,old,8,False,no
james.terry739@gmail.com,Male,Married,True,1,on,basic,1,7,positive,paypal,active,Germany,Telugu,14,10,31,8,False,good,11,8,very_old,20,True,no
nathan.wallace78@gmail.com,Female,Single,True,6,on,premium,2,7,negative,paypal,cancelled,Germany,English,24,15,160,3,False,better,13,5,very_old,12,False,yes
allen.robertson247@gmail.com,Male,Married,True,7,on,basic,3,17,neutral,paypal,expired,UK,Hindi,24,21,134,9,False,good,8,1,very_old,0,False,no
harold.carlson606@gmail.com,Female,Married,False,7,on,premium,8,2,negative,paypal,cancelled,Germany,English,38,13,105,1,True,good,1,7,recent,8,False,yes
selena.robinson109@gmail.com,Female,Married,False,6,off,premium,5,10,negative,paypal,expired,Germany,English,11,8,89,5,False,poor,1,0,old,3,True,yes
kimberly.fox132@gmail.com,Female,Married,True,8,on,premium,10,2,positive,card,active,US,English,21,15,72,7,False,poor,20,1,recent,3,False,no
richard.hawkins729@gmail.com,Male,Married,True,6,on,premium,4,2,neutral,upi,cancelled,India,Hindi,37,20,161,7,True,poor,19,8,old,0,True,no
brittany.williams226@gmail.com,Male,Single,True,7,on,basic,9,16,negative,paypal,active,UK,English,21,7,124,5,True,better,11,2,old,11,True,yes
james.white146@gmail.com,Male,Married,True,2,off,premium,6,12,positive,paypal,cancelled,UK,Telugu,1,1,159,9,False,good,6,8,very_old,15,True,no
robert.hart226@gmail.com,Female,Married,False,2,off,gold,4,3,positive,upi,expired,Germany,Telugu,15,10,167,6,True,good,4,10,old,4,False,no
mary.stevens448@gmail.com,Male,Single,False,5,off,premium,2,11,positive,upi,cancelled,India,English,40,0,181,6,False,good,6,8,old,2,False,no
laura.lopez832@gmail.com,Female,Single,True,7,on,premium,10,9,negative,paypal,cancelled,India,English,33,5,114,7,False,good,1,5,very_old,5,True,no
christopher.parker417@gmail.com,Female,Single,True,6,on,premium,1,17,neutral,card,cancelled,UK,English,12,12,125,8,False,poor,20,8,very_old,20,False,yes
michelle.wong980@gmail.com,Female,Married,False,8,on,premium,1,14,neutral,paypal,expired,UK,Telugu,46,17,55,7,False,better,8,7,old,7,True,yes
sharon.white32@gmail.com,Female,Married,False,4,on,premium,6,15,negative,upi,expired,Germany,Telugu,39,23,123,10,True,good,14,2,recent,20,True,yes
joseph.davis664@gmail.com,Male,Married,True,9,on,gold,8,4,negative,upi,active,UK,Telugu,48,8,165,3,False,poor,8,2,very_old,10,False,no
michael.kramer602@gmail.com,Female,Single,True,6,off,basic,1,2,negative,upi,active,US,English,30,7,23,5,True,better,8,9,recent,3,False,yes
kevin.jackson673@gmail.com,Male,Single,True,4,on,basic,8,4,negative,paypal,cancelled,UK,Hindi,20,14,95,9,False,poor,9,3,recent,10,False,yes
wendy.warren248@gmail.com,Female,Married,True,6,on,basic,7,14,negative,card,cancelled,US,English,25,18,113,7,True,better,11,6,very_old,17,True,yes
william.williamson289@gmail.com,Female,Married,False,9,off,gold,6,11,neutral,paypal,active,UK,Hindi,10,20,128,7,True,better,19,7,recent,4,True,no
stanley.clark494@gmail.com,Male,Single,True,3,off,premium,9,16,neutral,upi,expired,UK,Hindi,27,25,33,8,False,poor,16,4,old,18,False,no
meagan.wallace311@gmail.com,Female,Married,True,1,off,basic,1,14,positive,paypal,expired,Germany,Hindi,15,19,182,6,True,poor,4,9,very_old,12,False,no
maureen.alvarez695@gmail.com,Male,Single,True,9,on,gold,1,5,positive,upi,active,US,Hindi,22,25,66,3,True,good,13,1,old,17,True,no
lisa.garcia524@gmail.com,Female,Married,False,1,off,basic,6,14,positive,card,active,US,English,26,23,185,8,False,poor,18,6,recent,6,False,no
michael.armstrong478@gmail.com,Male,Married,False,10,off,premium,3,9,positive,upi,active,India,Telugu,35,23,122,6,False,good,18,5,recent,15,False,no
richard.johnson887@gmail.com,Male,Married,True,9,off,basic,2,2,neutral,upi,expired,UK,Telugu,1,2,195,4,False,poor,17,2,recent,17,True,yes
megan.hall724@gmail.com,Male,Married,True,4,off,gold,9,20,neutral,upi,active,India,Telugu,44,9,32,10,False,better,20,1,old,4,True,no
diana.hall670@gmail.com,Male,Single,False,9,on,premium,4,6,neutral,card,expired,Germany,Hindi,39,0,43,8,True,good,7,7,very_old,5,False,yes
vincent.clements642@gmail.com,Female,Single,True,2,on,premium,1,13,neutral,upi,cancelled,UK,Hindi,41,24,154,8,False,good,14,0,recent,3,True,yes
sandra.mckee617@gmail.com,Male,Single,False,8,on,gold,3,12,neutral,upi,expired,India,Telugu,0,4,175,2,False,better,1,3,very_old,18,False,no
evelyn.jones736@gmail.com,Male,Single,True,9,on,basic,9,8,negative,paypal,cancelled,Germany,Telugu,26,14,94,6,True,good,15,5,old,4,False,no
stephen.taylor6@gmail.com,Female,Single,True,1,off,gold,6,10,negative,upi,cancelled,US,Hindi,15,16,159,4,False,poor,20,1,very_old,16,True,no
mario.hunt23@gmail.com,Male,Single,True,3,on,gold,10,2,positive,upi,active,UK,Hindi,22,5,39,5,False,poor,17,1,recent,15,True,no
brandon.schultz688@gmail.com,Male,Married,True,1,off,premium,1,20,positive,upi,cancelled,India,Hindi,21,6,119,10,False,better,18,0,recent,4,True,no
larry.cherry454@gmail.com,Female,Single,True,8,on,gold,10,2,neutral,upi,active,US,English,34,0,162,7,True,good,3,7,recent,17,True,no
cynthia.miller312@gmail.com,Male,Single,True,3,on,gold,2,12,neutral,paypal,expired,Germany,Telugu,37,0,52,9,True,poor,20,5,recent,17,True,yes
gina.garcia883@gmail.com,Female,Single,True,8,off,gold,10,6,negative,paypal,expired,US,Telugu,18,16,128,9,True,poor,17,2,recent,2,True,no
andrea.austin330@gmail.com,Female,Single,True,4,on,premium,10,15,positive,upi,cancelled,UK,Telugu,32,3,110,10,False,better,6,7,recent,4,False,no
maria.davenport269@gmail.com,Female,Married,True,9,off,basic,9,16,positive,paypal,active,UK,Telugu,18,19,78,7,True,poor,5,5,recent,2,True,no
edward.rubio174@gmail.com,Male,Married,True,3,off,premium,4,7,neutral,card,active,India,Telugu,48,3,132,4,False,good,8,10,recent,18,False,yes
james.clark655@gmail.com,Female,Married,False,4,off,gold,8,10,negative,paypal,active,India,English,41,3,66,4,False,poor,16,5,old,17,True,yes
julie.atkinson950@gmail.com,Male,Single,False,1,on,basic,5,6,positive,upi,cancelled,US,Hindi,28,19,149,2,True,good,14,9,very_old,3,False,yes
penny.gallagher429@gmail.com,Male,Married,True,8,on,basic,5,14,negative,card,active,India,Telugu,44,11,184,7,True,good,5,7,recent,12,False,yes
eric.martin330@gmail.com,Female,Married,True,5,on,gold,6,17,neutral,paypal,cancelled,US,Hindi,41,22,158,8,False,better,17,6,very_old,1,False,yes
kim.hancock434@gmail.com,Female,Married,True,8,off,basic,9,4,neutral,upi,cancelled,UK,Hindi,27,8,136,9,False,better,8,6,recent,4,False,no
dennis.gutierrez716@gmail.com,Female,Married,False,2,on,premium,8,14,negative,upi,cancelled,Germany,English,24,15,51,6,True,better,4,3,recent,17,False,yes
nicole.stevenson666@gmail.com,Female,Married,True,8,off,basic,5,10,negative,card,expired,US,Telugu,33,11,55,3,False,poor,8,0,very_old,4,True,yes
michael.woods800@gmail.com,Female,Single,True,6,off,gold,6,2,negative,paypal,cancelled,Germany,Telugu,19,14,89,7,True,good,9,9,old,14,True,yes
christopher.pratt150@gmail.com,Male,Married,False,8,off,gold,4,14,positive,upi,active,India,Telugu,10,25,146,10,True,poor,16,4,very_old,7,False,no
joyce.smith566@gmail.com,Male,Single,True,4,on,basic,1,16,positive,card,active,Germany,English,47,1,12,2,True,better,20,1,very_old,1,False,no
jennifer.zuniga824@gmail.com,Male,Single,False,3,off,basic,5,9,negative,upi,cancelled,Germany,Hindi,29,9,21,10,True,better,9,1,old,10,True,yes
nancy.davis369@gmail.com,Female,Married,True,5,on,gold,9,4,positive,paypal,expired,UK,English,11,17,159,9,True,poor,6,7,very_old,3,True,no
april.watson496@gmail.com,Male,Married,False,7,off,premium,2,15,neutral,upi,expired,India,Hindi,4,14,198,2,True,good,11,8,very_old,14,True,no
michael.winters660@gmail.com,Female,Single,True,10,off,premium,1,20,positive,paypal,expired,UK,Telugu,31,12,114,9,False,good,13,5,recent,6,False,no
kim.finley410@gmail.com,Female,Single,False,2,on,gold,1,5,negative,paypal,active,Germany,English,27,6,125,3,True,good,5,9,very_old,13,True,yes
joyce.hall73@gmail.com,Male,Single,False,10,off,gold,3,8,negative,upi,active,India,Telugu,30,12,141,9,False,poor,7,0,very_old,7,True,yes
ann.bolton489@gmail.com,Male,Married,False,1,off,gold,8,11,neutral,paypal,active,India,English,36,20,63,2,False,poor,8,6,very_old,4,False,no
jessica.davis723@gmail.com,Male,Married,False,3,off,premium,6,12,negative,paypal,expired,UK,Hindi,5,6,126,4,False,poor,4,0,recent,14,True,yes
pamela.paul916@gmail.com,Female,Married,True,8,on,premium,3,17,positive,upi,active,UK,Hindi,13,0,22,9,True,poor,17,7,very_old,3,True,no
travis.peck348@gmail.com,Male,Married,False,3,on,premium,6,7,negative,upi,active,India,English,49,12,167,9,False,better,8,0,old,2,True,yes
james.huffman492@gmail.com,Male,Single,False,9,off,gold,9,18,neutral,paypal,expired,Germany,English,24,8,39,9,True,poor,4,4,very_old,3,False,yes
deborah.reeves953@gmail.com,Female,Married,True,8,on,gold,6,14,neutral,paypal,active,US,English,38,0,174,5,True,poor,18,4,recent,2,True,no
christy.glenn801@gmail.com,Male,Single,False,8,on,basic,8,15,positive,upi,expired,US,Hindi,30,12,60,5,True,good,1,7,very_old,2,True,no
kelsey.phillips584@gmail.com,Male,Married,True,2,off,basic,6,3,neutral,card,expired,India,English,18,7,191,2,False,poor,4,2,recent,7,True,yes
megan.keller772@gmail.com,Male,Married,True,9,on,basic,4,5,neutral,upi,expired,India,English,41,11,122,10,False,poor,16,7,very_old,19,False,yes
martha.dawson860@gmail.com,Male,Single,False,3,off,premium,3,9,positive,upi,cancelled,UK,Hindi,16,10,66,5,True,good,12,9,recent,8,False,no
vincent.kelly921@gmail.com,Female,Single,True,4,on,basic,4,12,negative,paypal,expired,US,English,2,16,183,2,True,poor,3,8,recent,18,True,yes
douglas.nelson461@gmail.com,Female,Married,True,2,on,premium,9,15,negative,upi,cancelled,UK,Hindi,19,23,196,5,True,poor,17,0,very_old,13,False,yes
tracy.wright144@gmail.com,Female,Single,True,9,on,gold,9,16,positive,paypal,expired,UK,Telugu,25,24,95,2,False,good,18,1,old,2,True,no
john.hernandez993@gmail.com,Female,Single,True,8,off,gold,7,18,positive,card,cancelled,India,English,18,12,138,3,False,better,4,5,very_old,4,False,no
leslie.sanchez756@gmail.com,Female,Married,True,8,on,basic,9,10,positive,card,active,UK,English,40,6,143,6,True,poor,15,1,very_old,10,False,no
james.walters270@gmail.com,Male,Married,True,9,off,premium,10,19,negative,card,active,India,Hindi,9,25,138,4,False,good,11,9,very_old,18,False,no
autumn.levine730@gmail.com,Female,Single,False,1,on,premium,7,3,positive,paypal,cancelled,UK,Hindi,24,1,182,2,False,good,18,3,recent,0,True,no
jason.carroll615@gmail.com,Male,Married,True,10,on,premium,1,6,positive,paypal,cancelled,US,Hindi,30,12,86,4,False,better,10,9,recent,18,True,no
logan.burnett659@gmail.com,Female,Single,False,2,off,premium,10,14,negative,paypal,cancelled,India,Telugu,6,1,65,5,True,poor,3,4,recent,11,True,yes
eric.smith739@gmail.com,Female,Married,True,2,on,gold,3,11,neutral,card,active,Germany,Telugu,2,10,130,10,False,better,14,8,old,18,False,no
stacy.conner983@gmail.com,Female,Single,False,3,on,gold,6,13,positive,paypal,expired,India,Hindi,27,11,150,6,True,poor,12,6,recent,6,False,yes
terri.barnett532@gmail.com,Female,Married,True,2,on,premium,7,6,negative,paypal,expired,US,Hindi,12,2,135,9,True,good,8,8,recent,1,False,no
natalie.baker911@gmail.com,Male,Single,True,7,off,basic,8,4,negative,card,cancelled,UK,Telugu,14,1,106,5,True,better,13,3,old,6,True,no
whitney.morrison613@gmail.com,Female,Single,True,3,off,premium,4,11,neutral,card,cancelled,US,English,43,11,191,6,True,better,14,7,old,13,False,yes
nathan.santos215@gmail.com,Female,Single,True,9,off,premium,3,16,positive,card,active,US,Hindi,31,0,71,1,True,good,2,3,old,6,True,no
kathy.kent826@gmail.com,Male,Single,True,3,on,gold,3,16,positive,paypal,active,India,Telugu,1,0,166,3,True,good,13,7,old,17,True,no
sandra.tanner988@gmail.com,Male,Married,False,4,on,basic,5,7,neutral,card,active,Germany,English,26,10,199,5,True,poor,20,5,old,16,True,yes
jill.james657@gmail.com,Female,Single,False,8,off,basic,9,18,neutral,card,expired,US,Hindi,47,9,176,9,False,good,15,10,recent,11,True,no
roy.hardin919@gmail.com,Female,Single,False,7,on,gold,10,2,neutral,paypal,active,UK,Telugu,9,16,17,9,False,poor,20,4,very_old,14,True,no
luke.kelly981@gmail.com,Female,Married,True,1,on,basic,6,18,negative,paypal,cancelled,Germany,Telugu,24,4,141,5,False,good,19,3,old,5,False,yes
tracy.brooks971@gmail.com,Female,Married,True,8,off,gold,4,16,neutral,card,active,India,English,13,16,13,6,False,better,13,3,recent,5,True,no
dylan.avery459@gmail.com,Male,Single,False,6,off,premium,9,3,negative,card,expired,Germany,Hindi,25,21,21,1,False,poor,20,1,recent,14,False,yes
teresa.porter113@gmail.com,Female,Single,False,4,off,premium,10,2,neutral,paypal,cancelled,US,Telugu,49,2,37,10,False,better,2,7,recent,7,False,yes
jason.meadows310@gmail.com,Male,Single,True,9,off,basic,1,13,neutral,upi,cancelled,US,Hindi,18,7,184,2,True,good,17,10,recent,13,False,no
lisa.lee923@gmail.com,Female,Single,True,10,off,basic,3,18,neutral,paypal,cancelled,UK,Hindi,48,20,80,1,True,good,17,4,old,17,True,yes
ashley.adams940@gmail.com,Male,Single,True,8,off,gold,9,5,neutral,paypal,cancelled,US,English,6,5,90,6,False,good,5,2,old,2,True,no
marco.ramos691@gmail.com,Male,Single,False,9,on,premium,10,9,negative,upi,active,UK,Telugu,28,14,195,5,False,poor,19,2,very_old,7,False,no
frank.luna919@gmail.com,Female,Single,True,9,off,gold,7,12,positive,paypal,cancelled,US,English,17,23,19,5,False,better,5,0,very_old,5,True,no
laura.harris677@gmail.com,Male,Married,True,1,off,premium,9,9,positive,card,expired,Germany,English,19,23,59,2,False,good,12,5,very_old,14,False,no
michele.james324@gmail.com,Male,Single,False,6,off,gold,7,19,negative,upi,cancelled,India,Hindi,21,17,123,4,True,better,20,8,recent,4,True,no
sierra.sutton43@gmail.com,Female,Married,False,10,off,basic,2,12,positive,upi,cancelled,UK,Telugu,36,23,186,4,False,good,13,0,very_old,19,False,yes
charles.cox495@gmail.com,Female,Married,True,3,off,basic,8,5,positive,upi,cancelled,India,Telugu,10,7,76,9,True,good,19,8,old,15,False,no
barbara.castaneda619@gmail.com,Female,Single,False,1,off,basic,3,8,negative,upi,cancelled,US,English,7,2,81,3,False,better,9,2,very_old,11,True,yes
colleen.wheeler200@gmail.com,Male,Single,False,10,off,premium,10,8,neutral,paypal,cancelled,India,Hindi,39,25,16,3,False,good,3,8,very_old,12,False,yes
george.adams732@gmail.com,Male,Married,True,5,on,premium,5,19,negative,paypal,active,US,English,7,7,26,1,False,better,16,9,recent,7,False,no
jill.sparks198@gmail.com,Female,Single,False,2,off,gold,4,13,negative,paypal,expired,India,Hindi,1,13,112,4,True,good,7,8,recent,2,True,yes
kathryn.anderson791@gmail.com,Female,Married,True,2,on,gold,5,14,positive,card,expired,Germany,Telugu,10,16,159,4,False,good,16,8,recent,6,False,no
melanie.stokes535@gmail.com,Male,Single,False,4,on,premium,8,9,negative,paypal,active,UK,Telugu,1,24,133,10,True,better,16,9,old,3,True,no
jacob.willis389@gmail.com,Female,Single,False,4,on,gold,5,19,positive,card,active,India,Hindi,19,10,180,4,True,good,13,8,recent,8,False,no
shawn.carter630@gmail.com,Female,Married,True,5,on,premium,3,8,neutral,paypal,cancelled,US,English,21,3,191,4,False,poor,2,3,very_old,6,True,yes
james.jackson314@gmail.com,Female,Married,True,6,off,basic,5,11,negative,paypal,cancelled,India,English,47,6,194,2,True,poor,13,3,recent,19,True,yes
sara.thomas697@gmail.com,Female,Single,True,9,on,gold,4,10,neutral,paypal,cancelled,Germany,Hindi,50,11,97,4,False,good,9,6,very_old,6,False,yes
michael.roberson324@gmail.com,Female,Single,False,9,on,gold,1,18,positive,paypal,expired,Germany,English,27,5,64,1,True,good,6,3,old,7,True,no
samantha.williams660@gmail.com,Female,Married,False,5,off,gold,3,15,negative,upi,active,India,Telugu,43,15,79,10,True,poor,3,8,recent,7,True,yes
ashley.miller749@gmail.com,Male,Married,True,5,on,gold,10,19,neutral,card,expired,UK,Telugu,36,12,20,7,True,poor,13,7,old,9,True,no
kayla.gibson907@gmail.com,Female,Single,False,2,off,premium,4,6,negative,upi,cancelled,India,Telugu,12,13,85,5,True,better,20,10,recent,15,True,no
jason.hunt353@gmail.com,Male,Single,True,4,on,basic,2,19,negative,card,expired,India,Telugu,49,17,172,5,True,good,1,5,recent,18,True,yes
charles.martin740@gmail.com,Male,Single,False,1,on,gold,7,17,negative,upi,expired,Germany,Telugu,28,13,170,9,False,poor,19,2,old,11,True,yes
ryan.maldonado661@gmail.com,Female,Married,True,7,on,premium,1,20,neutral,paypal,expired,US,Telugu,26,2,154,7,False,better,11,4,old,18,False,yes
carolyn.garza812@gmail.com,Female,Married,True,1,on,gold,9,18,neutral,paypal,active,UK,Telugu,50,10,200,8,False,good,3,4,very_old,12,True,yes
michelle.bradley923@gmail.com,Female,Single,False,3,off,gold,6,1,neutral,upi,active,India,Telugu,1,25,101,9,False,good,2,3,old,7,False,no
steven.bishop388@gmail.com,Female,Married,True,2,off,gold,10,1,negative,upi,cancelled,India,English,1,13,67,1,True,good,17,2,old,13,True,no
roger.johnson468@gmail.com,Male,Married,False,5,off,gold,10,5,negative,card,active,Germany,English,41,5,193,10,True,poor,18,10,old,14,False,no
julie.lewis429@gmail.com,Female,Single,True,10,on,gold,4,1,neutral,paypal,cancelled,UK,Telugu,36,12,79,3,False,poor,12,3,very_old,16,True,yes
chelsea.morton523@gmail.com,Female,Single,True,6,off,premium,7,18,neutral,card,expired,Germany,English,25,8,23,10,False,poor,11,7,recent,9,False,yes
kara.neal898@gmail.com,Female,Single,True,2,on,basic,3,12,negative,upi,expired,UK,English,35,25,56,9,False,poor,19,3,recent,10,True,yes
billy.marquez699@gmail.com,Female,Married,True,2,off,premium,8,2,neutral,upi,expired,Germany,Hindi,28,3,98,8,True,good,16,7,recent,11,False,no
jessica.simon469@gmail.com,Male,Single,True,1,on,premium,5,1,positive,paypal,cancelled,US,Hindi,8,15,78,1,True,good,11,9,very_old,6,False,no
andrew.vincent794@gmail.com,Male,Married,True,4,off,gold,4,16,positive,upi,expired,India,English,36,13,86,8,False,better,15,5,old,5,False,yes
thomas.sanchez740@gmail.com,Female,Single,True,6,on,gold,5,0,positive,card,cancelled,UK,English,5,0,54,5,False,good,13,9,old,7,True,no
rebecca.reyes668@gmail.com,Female,Married,False,1,off,gold,1,15,negative,card,expired,Germany,Telugu,17,14,199,6,False,good,20,10,old,5,False,yes
ashley.morris100@gmail.com,Male,Married,True,10,off,gold,4,0,neutral,card,active,Germany,Hindi,15,0,113,2,False,better,8,5,old,1,True,no
natalie.ford367@gmail.com,Female,Married,False,3,off,premium,10,18,neutral,paypal,active,UK,Telugu,33,6,170,6,False,better,3,8,old,17,False,yes
timothy.thompson407@gmail.com,Male,Single,True,5,off,premium,9,17,negative,card,active,UK,Telugu,25,23,17,9,True,better,20,0,recent,17,False,no
ronald.norris359@gmail.com,Male,Single,False,4,off,premium,10,2,negative,upi,active,India,Telugu,45,25,14,5,False,good,16,6,recent,11,True,no
dean.haney146@gmail.com,Female,Single,False,1,off,basic,10,14,neutral,paypal,active,India,Telugu,39,16,117,6,True,poor,15,9,very_old,8,True,no
lindsey.garcia691@gmail.com,Female,Single,False,5,on,premium,3,20,neutral,upi,expired,US,Telugu,26,4,56,10,True,good,17,6,very_old,20,True,yes
calvin.walker211@gmail.com,Female,Single,False,2,off,gold,4,3,neutral,paypal,expired,US,Hindi,9,18,94,4,False,better,16,2,old,1,False,yes
mark.lane320@gmail.com,Male,Married,True,8,on,premium,4,6,neutral,paypal,active,Germany,Telugu,34,12,71,7,False,good,10,9,very_old,12,True,no
thomas.reyes153@gmail.com,Female,Single,False,7,on,premium,4,10,negative,paypal,active,India,Hindi,17,14,86,2,False,poor,4,10,very_old,6,False,no
deborah.santos446@gmail.com,Male,Married,True,7,off,premium,2,5,positive,upi,cancelled,US,Telugu,39,21,109,8,True,good,20,4,old,13,True,yes
alexandria.hamilton703@gmail.com,Female,Married,True,10,off,basic,6,2,neutral,paypal,active,India,Telugu,37,10,22,1,True,good,10,6,old,13,True,no
melinda.mclaughlin610@gmail.com,Male,Single,True,8,on,basic,5,11,neutral,paypal,cancelled,India,Telugu,19,18,167,7,True,better,16,8,very_old,12,True,no
jennifer.rodriguez569@gmail.com,Female,Single,False,10,off,basic,1,0,neutral,card,cancelled,India,Hindi,39,10,109,6,True,good,19,3,very_old,6,True,no
victor.wheeler540@gmail.com,Female,Single,True,1,on,gold,2,13,negative,card,active,India,Telugu,1,0,185,2,False,good,4,4,old,11,True,no
yvette.howard267@gmail.com,Female,Married,True,1,off,gold,4,3,negative,upi,cancelled,US,Hindi,22,22,177,3,True,better,10,7,old,8,True,yes
mikayla.george881@gmail.com,Female,Single,False,9,on,premium,10,6,neutral,card,expired,US,Telugu,50,19,23,10,True,better,2,4,very_old,14,False,yes
matthew.hull829@gmail.com,Female,Single,False,2,on,premium,9,11,negative,card,active,India,Telugu,16,7,57,1,True,better,16,0,very_old,13,False,no
elizabeth.copeland986@gmail.com,Female,Married,False,2,on,basic,1,20,neutral,upi,active,Germany,Telugu,47,0,199,7,True,better,7,0,recent,5,True,yes
thomas.yoder995@gmail.com,Female,Single,True,3,on,basic,1,18,negative,upi,active,Germany,English,13,5,67,6,False,good,18,10,very_old,5,False,no
lauren.byrd635@gmail.com,Male,Single,True,3,off,premium,3,9,negative,card,cancelled,US,English,1,8,96,5,True,poor,7,2,old,1,True,yes
edward.brown105@gmail.com,Female,Single,True,1,off,basic,8,17,positive,upi,cancelled,India,English,11,15,58,7,True,good,11,5,very_old,1,False,no
frank.fleming854@gmail.com,Female,Married,False,5,on,gold,7,15,negative,paypal,expired,UK,Hindi,17,15,61,5,False,better,18,3,recent,4,True,yes
andrea.green665@gmail.com,Male,Single,False,5,off,basic,6,19,negative,upi,cancelled,India,Hindi,17,13,41,1,True,better,14,8,recent,16,True,yes
michael.bowen411@gmail.com,Female,Single,True,4,off,basic,9,3,neutral,paypal,active,India,Hindi,35,4,11,2,True,good,7,4,recent,19,False,no
sarah.johnson800@gmail.com,Female,Married,False,9,on,gold,1,7,negative,upi,active,US,Hindi,45,24,37,5,True,better,16,5,old,5,False,no
deanna.nelson455@gmail.com,Female,Married,True,3,off,premium,2,14,negative,card,active,Germany,English,5,11,191,9,True,better,12,10,old,7,False,no
andres.gallagher440@gmail.com,Female,Married,True,8,on,basic,5,8,positive,card,expired,Germany,Hindi,13,5,142,10,False,better,12,8,old,10,False,no
michele.williamson442@gmail.com,Male,Married,True,10,off,premium,8,7,negative,paypal,expired,India,Telugu,25,18,87,3,False,good,6,1,old,20,False,yes
tyler.boone806@gmail.com,Male,Married,True,6,off,basic,7,18,negative,card,cancelled,UK,English,20,15,170,5,False,poor,16,0,recent,16,True,no
kenneth.castro182@gmail.com,Male,Single,True,10,off,basic,4,3,neutral,paypal,active,India,Hindi,49,25,10,8,False,poor,1,10,old,0,False,no
gina.leblanc909@gmail.com,Male,Single,False,5,off,basic,2,1,neutral,card,cancelled,India,Telugu,46,25,72,5,True,better,9,3,very_old,8,True,no
justin.owens664@gmail.com,Female,Single,False,9,on,basic,1,9,negative,upi,cancelled,US,Telugu,19,3,35,8,False,good,15,1,very_old,1,False,yes
douglas.bowers431@gmail.com,Female,Single,False,2,on,basic,10,4,neutral,card,cancelled,UK,English,50,21,46,9,True,poor,2,7,recent,15,True,yes
todd.robles401@gmail.com,Female,Single,False,5,off,premium,10,2,neutral,paypal,expired,India,Hindi,43,10,18,1,False,good,4,10,recent,17,True,yes
gregory.moore796@gmail.com,Male,Single,False,7,off,gold,8,5,negative,card,expired,UK,Telugu,22,21,44,6,False,better,5,5,old,0,True,yes
andrew.james874@gmail.com,Female,Married,True,4,off,premium,2,5,positive,upi,cancelled,US,Telugu,16,25,199,6,True,poor,15,1,recent,9,True,no
juan.clark351@gmail.com,Female,Single,False,4,off,gold,6,15,positive,paypal,active,Germany,English,12,19,56,6,False,poor,13,9,very_old,15,True,no
karen.ho102@gmail.com,Male,Single,True,10,off,gold,2,7,negative,paypal,active,Germany,Hindi,31,14,96,2,False,poor,5,7,recent,4,True,no
felicia.richmond900@gmail.com,Female,Married,False,6,off,gold,4,7,positive,upi,cancelled,UK,Telugu,16,12,18,1,True,better,12,9,old,17,False,yes
marc.brooks711@gmail.com,Female,Married,False,6,off,premium,8,20,neutral,card,active,US,Telugu,17,8,160,6,True,good,14,4,recent,11,True,no
paul.dixon815@gmail.com,Male,Married,True,1,on,premium,1,3,positive,paypal,expired,Germany,Telugu,25,16,157,6,False,better,14,0,old,11,False,yes
nicholas.cruz485@gmail.com,Male,Married,True,4,off,premium,10,19,positive,card,active,US,English,15,12,80,1,False,poor,9,3,recent,8,True,no
keith.patel342@gmail.com,Female,Married,False,8,off,premium,3,15,positive,upi,cancelled,US,Hindi,47,23,137,4,True,poor,3,0,recent,4,True,no
vanessa.todd67@gmail.com,Female,Married,False,2,off,gold,8,4,negative,paypal,active,US,Hindi,40,11,49,7,False,poor,7,5,very_old,16,True,no
anthony.fowler691@gmail.com,Male,Married,True,10,on,premium,6,13,neutral,card,active,US,English,32,1,76,4,True,good,20,7,recent,8,True,no
ashley.andrews716@gmail.com,Female,Married,False,1,on,premium,8,0,neutral,paypal,cancelled,Germany,Telugu,10,19,183,8,False,poor,14,10,very_old,4,False,no
jerry.logan972@gmail.com,Female,Married,True,7,on,premium,5,2,neutral,upi,active,Germany,Hindi,19,16,40,5,True,better,10,2,recent,1,True,no
jonathan.scott9@gmail.com,Male,Single,True,6,off,basic,2,1,neutral,paypal,active,Germany,Telugu,27,4,55,3,False,good,17,8,very_old,4,True,no
william.nguyen6@gmail.com,Male,Single,True,5,off,premium,10,1,neutral,paypal,active,US,Hindi,33,2,83,9,True,good,10,2,very_old,0,True,no
david.gallagher369@gmail.com,Female,Single,True,3,off,basic,7,14,negative,paypal,cancelled,Germany,Hindi,33,17,124,10,True,good,19,4,very_old,19,False,yes
jennifer.underwood21@gmail.com,Male,Single,False,6,on,gold,5,8,neutral,upi,expired,US,Hindi,11,17,178,10,True,poor,11,6,very_old,16,False,yes
aaron.johnson291@gmail.com,Female,Married,False,2,on,premium,1,9,negative,card,expired,India,Telugu,2,18,68,6,True,poor,5,4,very_old,9,True,no
lisa.wilkins614@gmail.com,Female,Married,True,1,off,premium,4,9,neutral,upi,expired,India,English,46,18,82,6,False,poor,1,3,recent,16,False,no
rebekah.barajas961@gmail.com,Female,Married,False,5,on,basic,1,7,neutral,paypal,cancelled,India,Hindi,49,16,23,2,True,good,9,6,very_old,9,True,yes
joan.greer510@gmail.com,Female,Married,True,8,on,premium,4,19,negative,upi,cancelled,Germany,English,38,22,54,4,True,better,15,0,very_old,17,True,yes
samantha.berger954@gmail.com,Male,Married,True,2,off,premium,5,13,neutral,card,cancelled,Germany,English,47,16,45,5,True,poor,1,0,recent,10,False,yes
robert.gill413@gmail.com,Male,Single,True,6,off,basic,7,17,positive,card,expired,India,Hindi,32,19,123,3,True,good,6,8,old,6,True,no
audrey.welch220@gmail.com,Female,Married,True,3,off,basic,2,14,negative,upi,active,India,Hindi,9,15,17,3,False,poor,9,0,old,5,False,no
joy.craig757@gmail.com,Female,Single,True,3,off,gold,8,15,neutral,card,cancelled,India,Telugu,17,7,26,10,True,poor,8,10,old,19,False,yes
arthur.harper720@gmail.com,Female,Single,True,2,on,basic,4,12,positive,paypal,active,Germany,Telugu,10,1,125,8,False,poor,9,2,old,20,True,no
alicia.thompson383@gmail.com,Male,Married,True,7,on,gold,7,6,neutral,card,cancelled,US,Telugu,48,13,160,9,True,poor,10,10,old,2,True,no
maurice.jenkins392@gmail.com,Male,Single,False,8,off,gold,2,3,negative,upi,cancelled,UK,Telugu,29,21,42,6,False,better,14,9,very_old,7,False,yes
stephen.phelps813@gmail.com,Female,Single,False,9,on,basic,5,3,negative,upi,cancelled,US,Hindi,21,11,66,4,True,poor,11,3,very_old,8,True,no
justin.wilson280@gmail.com,Female,Single,True,6,on,basic,2,11,positive,upi,cancelled,Germany,Telugu,45,22,129,3,True,poor,4,0,recent,18,True,yes
joanne.cain569@gmail.com,Male,Single,True,1,on,basic,7,4,positive,card,expired,India,Telugu,45,4,114,3,False,good,9,10,old,20,True,yes
timothy.gonzalez404@gmail.com,Male,Single,True,7,on,premium,10,1,negative,upi,expired,UK,Hindi,27,13,24,3,True,good,11,2,very_old,6,True,yes
jessica.crosby41@gmail.com,Male,Single,False,10,off,premium,8,11,neutral,paypal,expired,US,Hindi,9,1,86,3,True,better,15,4,very_old,18,False,no
jamie.white26@gmail.com,Female,Married,False,1,on,gold,5,1,positive,upi,active,US,Telugu,12,18,103,9,False,good,2,10,recent,14,False,no
anthony.robbins482@gmail.com,Female,Married,False,1,off,premium,2,9,negative,paypal,active,UK,English,29,12,117,7,True,poor,11,2,old,11,True,no
matthew.ochoa880@gmail.com,Male,Married,True,4,on,premium,8,5,positive,upi,active,UK,Hindi,25,25,60,4,False,poor,4,8,very_old,16,True,no
elizabeth.mack158@gmail.com,Female,Married,True,3,off,basic,5,6,negative,card,active,US,Hindi,35,8,154,6,False,poor,7,3,very_old,0,False,no
jared.mercer378@gmail.com,Male,Single,False,8,off,premium,10,2,neutral,upi,active,Germany,Telugu,7,11,60,3,False,poor,5,6,very_old,11,True,no
derrick.gonzalez905@gmail.com,Male,Single,False,6,on,basic,7,13,negative,card,active,India,Hindi,4,17,32,2,False,poor,15,2,very_old,19,False,yes
gregory.obrien861@gmail.com,Female,Single,False,10,on,basic,4,20,positive,upi,expired,UK,Hindi,33,11,100,9,True,better,8,4,recent,2,False,yes
jason.lewis23@gmail.com,Male,Married,False,7,off,basic,9,8,negative,paypal,active,India,English,32,4,183,8,False,poor,19,5,old,16,True,yes
sandra.ramos882@gmail.com,Male,Married,True,5,on,basic,10,1,negative,card,active,UK,English,38,6,47,4,False,good,15,10,recent,2,False,no
aimee.allen489@gmail.com,Female,Married,True,3,off,premium,3,7,positive,card,expired,Germany,Hindi,34,5,62,5,False,good,17,3,very_old,0,False,yes
edgar.ryan353@gmail.com,Female,Married,False,5,off,basic,1,7,positive,paypal,active,Germany,Hindi,15,5,132,8,True,better,17,10,recent,11,False,no
jacob.peterson892@gmail.com,Male,Married,False,7,on,basic,3,11,positive,upi,active,Germany,Hindi,20,10,34,4,False,better,19,1,very_old,4,False,no
brianna.perez765@gmail.com,Female,Married,False,6,on,premium,10,7,neutral,card,cancelled,US,English,10,0,102,10,False,poor,16,1,recent,18,False,yes
kathryn.miller629@gmail.com,Male,Married,False,2,on,premium,6,1,neutral,card,expired,UK,English,5,4,63,4,False,good,1,1,old,6,True,no
michael.davis739@gmail.com,Female,Married,False,1,on,gold,8,12,negative,card,cancelled,India,Telugu,14,11,155,3,False,good,11,0,recent,8,False,yes
samantha.fowler709@gmail.com,Male,Married,True,4,off,premium,1,17,negative,card,active,UK,Hindi,6,5,150,5,True,poor,12,0,old,9,True,no
danielle.hill378@gmail.com,Male,Married,False,7,off,gold,1,4,neutral,upi,active,Germany,Hindi,11,11,198,9,False,better,14,1,old,15,True,no
benjamin.bowers515@gmail.com,Female,Single,False,5,off,gold,2,7,negative,upi,cancelled,Germany,Hindi,29,12,126,9,False,better,16,4,old,1,True,no
lisa.ponce327@gmail.com,Female,Single,False,3,on,premium,10,11,positive,upi,active,India,English,31,20,124,8,True,poor,14,2,recent,10,False,no
sydney.baker111@gmail.com,Female,Single,False,6,on,premium,9,16,neutral,card,active,US,Hindi,1,18,197,6,True,good,13,7,very_old,8,True,no
kristen.burch447@gmail.com,Female,Married,False,4,off,gold,7,0,neutral,paypal,active,India,Telugu,29,15,45,6,True,good,11,3,very_old,2,True,no
brenda.santana530@gmail.com,Male,Married,True,4,off,gold,4,13,positive,paypal,expired,India,Hindi,3,18,156,10,False,better,20,2,recent,18,False,no
jerry.hanson244@gmail.com,Female,Single,False,7,off,premium,1,13,negative,card,cancelled,US,Telugu,19,11,38,2,False,poor,10,9,very_old,2,True,no
james.guerra7@gmail.com,Male,Married,False,3,on,basic,10,4,positive,upi,expired,Germany,Hindi,4,12,111,6,True,better,7,10,old,2,True,no
stephanie.montgomery486@gmail.com,Male,Married,False,2,on,basic,2,18,neutral,card,active,India,Hindi,46,0,16,3,False,poor,19,9,very_old,9,True,no
david.munoz847@gmail.com,Male,Married,False,2,off,premium,3,20,positive,upi,cancelled,US,English,2,21,174,3,True,better,19,0,recent,9,True,no
gregory.booker450@gmail.com,Male,Single,False,6,off,basic,2,16,positive,upi,cancelled,Germany,Telugu,49,21,130,4,True,good,11,10,recent,7,False,no
renee.white582@gmail.com,Male,Single,False,9,on,gold,6,0,neutral,card,active,India,English,28,5,137,10,True,poor,18,4,old,11,False,no
kim.jones65@gmail.com,Male,Single,False,10,on,gold,3,3,negative,upi,cancelled,UK,Telugu,21,2,153,9,False,better,19,3,recent,7,True,yes
justin.hughes166@gmail.com,Male,Single,True,9,off,gold,7,6,positive,upi,active,US,Telugu,24,1,134,5,False,good,18,10,old,4,False,no
jerome.lang808@gmail.com,Male,Married,True,6,off,gold,1,19,neutral,paypal,expired,US,Telugu,37,20,100,8,False,poor,2,9,recent,4,False,yes
lindsey.gutierrez774@gmail.com,Female,Single,False,5,off,basic,5,8,neutral,upi,cancelled,Germany,Telugu,44,16,11,3,True,better,13,5,very_old,16,False,yes
dominic.turner504@gmail.com,Male,Married,False,10,on,gold,3,9,negative,paypal,active,Germany,Hindi,37,2,163,2,False,good,8,7,very_old,19,False,yes
lisa.hughes679@gmail.com,Female,Single,True,1,on,basic,4,16,positive,upi,cancelled,UK,Telugu,14,14,130,1,False,better,8,2,old,16,True,no
michael.medina824@gmail.com,Male,Single,True,2,on,premium,10,12,neutral,card,active,Germany,English,49,7,81,3,False,good,14,8,very_old,13,True,yes
brenda.sanchez685@gmail.com,Male,Single,False,2,on,basic,10,3,neutral,upi,active,UK,English,4,10,195,5,True,poor,4,4,old,5,True,no
kelsey.green325@gmail.com,Male,Single,False,9,on,gold,2,16,neutral,paypal,expired,India,Hindi,34,3,17,3,False,better,10,0,very_old,4,True,no
candace.reed805@gmail.com,Male,Single,True,8,off,gold,5,16,negative,card,expired,India,English,34,10,28,3,False,better,16,5,old,17,True,no
vanessa.mendoza710@gmail.com,Female,Single,True,9,off,basic,6,6,positive,paypal,cancelled,US,Hindi,3,22,101,3,True,better,3,9,recent,10,False,no
daniel.burton811@gmail.com,Male,Single,True,7,on,gold,4,20,negative,card,expired,India,Telugu,46,3,34,3,True,poor,18,3,old,10,True,yes
thomas.herrera867@gmail.com,Male,Single,False,10,off,basic,10,13,negative,upi,active,India,Hindi,3,14,105,6,True,better,7,0,very_old,19,True,no
kristen.gutierrez760@gmail.com,Male,Married,True,3,on,premium,1,18,positive,upi,cancelled,India,Hindi,29,23,184,5,False,good,16,10,recent,16,False,yes
tammy.palmer541@gmail.com,Female,Married,True,10,off,premium,4,4,positive,upi,expired,UK,Hindi,27,24,43,2,False,better,6,6,old,1,False,yes
mark.green301@gmail.com,Female,Single,True,3,on,premium,9,2,positive,paypal,expired,UK,English,10,9,40,7,False,poor,20,10,recent,13,False,no
jonathan.armstrong313@gmail.com,Female,Married,True,6,off,basic,1,7,positive,upi,expired,UK,Telugu,25,23,152,3,False,poor,5,9,very_old,6,True,yes
lynn.norris282@gmail.com,Male,Single,False,4,on,basic,6,7,negative,upi,cancelled,US,Telugu,43,22,44,9,False,poor,6,2,very_old,0,True,yes
travis.thompson519@gmail.com,Male,Single,False,2,off,gold,10,1,positive,paypal,expired,US,Telugu,31,5,131,10,False,poor,7,0,recent,17,True,yes
christine.buckley877@gmail.com,Female,Married,True,10,on,premium,1,16,negative,paypal,active,UK,Hindi,20,0,32,2,True,poor,15,1,recent,20,False,yes
alison.acosta827@gmail.com,Male,Married,False,8,on,premium,4,19,negative,card,active,US,Hindi,30,3,61,6,True,poor,19,7,very_old,14,True,yes
laura.clark99@gmail.com,Male,Married,True,3,on,premium,5,5,positive,upi,cancelled,UK,Hindi,25,8,66,2,True,better,11,2,old,8,True,yes
michelle.smith888@gmail.com,Male,Single,True,7,on,basic,3,3,neutral,paypal,expired,Germany,Hindi,15,16,155,5,False,better,19,10,very_old,0,False,no
sherri.carter31@gmail.com,Male,Married,False,6,off,gold,5,6,neutral,paypal,expired,US,English,46,14,129,5,True,good,3,2,recent,20,True,yes
diane.reeves448@gmail.com,Male,Married,False,5,on,premium,4,16,positive,paypal,expired,UK,Telugu,27,7,169,10,False,better,18,3,old,11,False,yes
sean.rosario419@gmail.com,Male,Single,False,9,on,premium,5,7,neutral,card,expired,Germany,English,14,3,61,4,True,better,4,6,recent,15,True,no
amanda.ward147@gmail.com,Female,Single,False,7,off,gold,8,18,negative,paypal,active,Germany,English,26,8,77,8,False,better,6,4,old,7,True,no
raymond.ramirez71@gmail.com,Female,Married,False,3,on,basic,10,14,neutral,upi,cancelled,India,Hindi,40,17,63,4,False,good,12,3,old,8,True,no
brian.lowery687@gmail.com,Female,Single,True,3,off,gold,8,12,positive,upi,expired,India,Telugu,1,8,53,1,True,good,3,1,old,6,True,no
erin.parsons203@gmail.com,Male,Married,True,2,on,gold,2,17,neutral,card,active,UK,Hindi,0,12,117,6,True,better,13,3,very_old,15,True,no
matthew.reid23@gmail.com,Female,Single,False,2,on,basic,1,1,neutral,card,expired,UK,Hindi,9,19,53,9,True,poor,7,7,very_old,0,True,yes
joshua.garcia992@gmail.com,Female,Married,False,9,off,gold,1,2,negative,paypal,expired,UK,Hindi,34,12,95,9,True,better,16,3,recent,9,False,yes
david.dalton710@gmail.com,Male,Married,True,7,on,basic,6,16,neutral,upi,expired,UK,Telugu,46,7,176,1,False,poor,2,9,old,5,True,yes
monica.brock479@gmail.com,Male,Single,False,1,on,premium,8,19,positive,card,cancelled,Germany,English,21,17,27,6,False,good,7,4,old,0,False,no
jessica.wilson362@gmail.com,Female,Married,False,10,on,gold,9,3,negative,card,expired,UK,Hindi,16,10,161,7,True,better,5,7,very_old,13,False,no
ruben.lopez251@gmail.com,Male,Married,False,9,on,gold,4,0,neutral,upi,expired,India,Hindi,41,19,154,10,True,good,5,8,very_old,2,False,no
nicole.aguirre669@gmail.com,Male,Single,True,5,off,basic,8,17,neutral,paypal,expired,UK,Hindi,25,8,142,1,False,good,12,4,old,15,False,yes
jennifer.mcdonald437@gmail.com,Male,Married,False,5,off,premium,2,8,neutral,upi,active,India,English,11,25,171,3,True,poor,4,9,old,12,False,no
allison.obrien987@gmail.com,Female,Single,False,6,on,premium,9,18,neutral,card,active,India,Telugu,48,7,49,1,True,better,1,4,very_old,14,False,no
brandy.dominguez877@gmail.com,Female,Married,False,8,off,premium,10,4,neutral,card,active,Germany,Telugu,6,19,56,4,True,better,1,9,very_old,18,True,no
paige.alexander64@gmail.com,Male,Married,True,1,off,premium,7,2,neutral,card,expired,UK,Telugu,5,6,97,10,False,poor,19,7,very_old,15,False,yes
marcus.sims639@gmail.com,Male,Single,True,4,on,basic,5,8,positive,upi,expired,India,Hindi,25,20,44,8,False,good,16,6,recent,0,False,no
kelli.hale540@gmail.com,Male,Single,True,5,on,premium,6,6,negative,paypal,expired,Germany,English,6,9,111,3,False,poor,1,0,old,16,False,no
brian.ortiz661@gmail.com,Female,Married,False,7,on,gold,2,18,neutral,card,cancelled,UK,Hindi,26,16,134,2,False,poor,17,9,old,9,False,yes
lauren.roberts680@gmail.com,Female,Single,True,7,off,basic,7,13,negative,upi,cancelled,Germany,Telugu,10,14,166,6,True,poor,17,7,recent,19,False,yes
stephanie.bell812@gmail.com,Female,Single,False,8,off,basic,5,8,neutral,upi,cancelled,US,Telugu,17,12,129,2,True,good,8,10,old,4,False,yes
samuel.carr797@gmail.com,Male,Single,False,8,off,basic,4,10,neutral,paypal,expired,Germany,Telugu,12,21,91,4,True,poor,3,5,recent,17,True,yes
james.west432@gmail.com,Male,Married,False,5,on,premium,5,12,neutral,upi,expired,UK,Telugu,27,5,127,4,False,poor,4,2,old,5,True,no
heidi.hernandez689@gmail.com,Male,Married,False,3,off,basic,1,20,neutral,upi,cancelled,UK,Telugu,44,15,87,6,False,better,13,4,very_old,11,True,yes
tiffany.martinez216@gmail.com,Female,Married,False,9,off,gold,9,0,negative,card,active,Germany,Telugu,11,4,155,9,True,poor,3,10,recent,1,False,no
eric.martinez499@gmail.com,Male,Married,False,4,on,gold,5,4,neutral,card,active,India,English,48,12,193,4,False,better,18,6,very_old,14,False,no
john.figueroa996@gmail.com,Male,Married,False,10,on,premium,4,20,neutral,upi,cancelled,Germany,Telugu,18,3,200,4,False,better,15,0,very_old,18,True,yes
kent.price109@gmail.com,Female,Single,True,8,off,gold,3,9,positive,card,cancelled,US,Telugu,35,20,147,6,False,better,13,0,old,20,False,yes
brian.frye575@gmail.com,Male,Married,True,9,off,premium,9,17,neutral,card,cancelled,India,Hindi,30,19,25,1,False,better,17,5,old,12,True,yes
jeffrey.galloway811@gmail.com,Male,Married,True,3,on,gold,2,20,positive,paypal,expired,Germany,Hindi,46,16,25,9,False,better,10,7,recent,19,False,yes
david.jenkins405@gmail.com,Male,Married,True,3,off,basic,9,7,positive,upi,expired,US,English,15,21,20,9,False,good,17,4,old,16,True,no
sara.silva122@gmail.com,Female,Single,False,7,on,gold,9,7,neutral,upi,cancelled,UK,Telugu,33,21,89,4,True,good,15,8,very_old,16,False,yes
mary.fischer28@gmail.com,Male,Married,True,6,on,premium,1,18,negative,upi,expired,India,Hindi,23,24,45,7,True,better,8,1,old,6,False,yes
jonathan.mckay703@gmail.com,Male,Married,True,5,off,premium,8,11,neutral,paypal,active,UK,English,5,4,189,4,True,better,10,10,very_old,17,True,no
charles.wright168@gmail.com,Male,Single,True,5,on,basic,4,5,positive,paypal,active,Germany,English,19,23,77,7,False,better,4,5,recent,16,True,no
alex.garcia330@gmail.com,Female,Married,True,10,off,gold,3,20,negative,paypal,cancelled,US,Hindi,16,12,111,3,True,better,19,1,very_old,0,False,no
sabrina.johnston591@gmail.com,Female,Single,False,5,on,gold,9,20,negative,upi,active,UK,Telugu,31,20,41,8,True,better,9,10,recent,6,True,no
leonard.bennett470@gmail.com,Female,Married,False,3,off,basic,8,18,negative,upi,active,Germany,Hindi,42,18,166,4,False,good,8,10,old,18,True,yes
ryan.brown107@gmail.com,Male,Married,False,10,off,gold,9,14,negative,paypal,cancelled,Germany,Telugu,23,3,131,9,False,good,17,6,old,10,True,no
natasha.johnson197@gmail.com,Female,Married,False,5,on,basic,5,0,negative,paypal,active,UK,Hindi,49,6,192,3,False,better,16,6,very_old,1,True,no
suzanne.wilson963@gmail.com,Female,Married,False,5,on,basic,5,13,neutral,paypal,expired,US,Hindi,7,11,185,6,False,better,13,7,very_old,9,True,yes
jeffrey.black47@gmail.com,Female,Single,False,4,on,premium,7,4,neutral,upi,cancelled,India,Hindi,48,13,161,7,False,poor,8,0,very_old,7,True,yes
brian.bruce128@gmail.com,Male,Married,False,9,on,basic,6,6,negative,paypal,expired,UK,Hindi,36,2,187,7,True,poor,5,7,old,7,False,no
tara.morgan695@gmail.com,Female,Married,True,3,off,gold,2,4,positive,paypal,cancelled,US,English,22,16,30,3,True,better,5,0,very_old,9,True,no
michael.maxwell122@gmail.com,Female,Married,True,3,on,basic,2,7,neutral,card,active,India,Telugu,17,24,66,9,False,better,11,7,old,10,False,no
amber.vasquez549@gmail.com,Male,Single,True,9,off,basic,1,2,positive,paypal,active,UK,English,28,12,11,9,True,good,1,1,very_old,16,True,no
jacob.jones139@gmail.com,Female,Married,True,3,off,premium,1,12,positive,paypal,cancelled,Germany,Hindi,36,16,180,9,True,good,11,3,old,4,False,no
victoria.tran377@gmail.com,Female,Married,True,5,on,gold,3,20,negative,paypal,expired,Germany,Hindi,16,17,177,1,True,poor,14,6,old,16,True,no
brittany.johnson95@gmail.com,Male,Married,True,9,off,premium,6,1,positive,paypal,cancelled,UK,Telugu,21,0,120,5,False,better,17,0,recent,17,True,no
carol.parker705@gmail.com,Female,Single,True,9,on,premium,1,14,negative,upi,cancelled,India,English,34,1,95,8,True,better,9,3,old,16,False,yes
jessica.aguirre89@gmail.com,Male,Married,False,4,off,gold,10,15,negative,upi,cancelled,Germany,Telugu,14,6,111,2,True,good,8,10,very_old,16,False,yes
eddie.henderson119@gmail.com,Male,Single,True,3,on,basic,3,15,negative,card,cancelled,US,Hindi,7,23,123,10,False,poor,16,8,old,7,False,yes
amy.young678@gmail.com,Female,Married,False,10,off,premium,2,17,positive,card,cancelled,India,English,49,11,32,1,False,good,8,2,very_old,4,False,yes
renee.cox52@gmail.com,Female,Married,False,3,off,gold,5,19,positive,card,cancelled,US,Telugu,28,3,109,3,True,poor,14,4,old,2,True,no
katie.hendricks959@gmail.com,Female,Single,False,6,off,basic,7,20,positive,paypal,active,UK,Hindi,42,0,155,4,False,good,12,6,old,5,False,no
elizabeth.miller352@gmail.com,Male,Single,True,1,off,gold,2,6,positive,upi,cancelled,Germany,Hindi,43,0,187,3,False,poor,19,4,old,14,True,yes
george.cooper907@gmail.com,Male,Single,True,4,on,basic,5,8,positive,card,active,UK,Hindi,16,14,181,4,True,poor,2,0,old,9,False,no
tanya.arnold760@gmail.com,Female,Married,True,10,off,basic,9,18,negative,card,active,US,Telugu,33,1,125,3,False,poor,6,6,old,15,False,yes
donna.welch875@gmail.com,Female,Married,True,4,off,basic,2,0,neutral,card,cancelled,India,English,14,16,19,8,False,good,2,3,recent,11,True,no
shannon.ramos880@gmail.com,Male,Single,True,9,on,basic,6,12,positive,card,cancelled,India,English,33,4,25,6,True,good,3,1,very_old,6,True,no
elizabeth.martinez921@gmail.com,Male,Single,True,7,on,gold,8,11,negative,paypal,expired,US,Telugu,29,9,26,1,True,poor,6,9,old,19,True,yes
michael.fuentes125@gmail.com,Male,Single,True,10,on,premium,9,3,neutral,upi,active,Germany,Telugu,30,20,111,8,False,better,3,6,recent,6,True,no
kayla.gonzalez336@gmail.com,Female,Single,False,7,off,basic,2,18,negative,upi,active,India,Hindi,36,3,30,4,False,poor,14,5,recent,0,True,no
robert.clark92@gmail.com,Female,Single,False,8,on,basic,2,4,negative,paypal,expired,UK,English,45,13,70,9,False,better,17,0,recent,20,False,yes
theresa.anderson379@gmail.com,Female,Married,False,2,on,premium,1,5,positive,upi,cancelled,Germany,Hindi,39,11,152,3,True,poor,3,7,recent,4,True,yes
anthony.taylor894@gmail.com,Female,Single,True,7,off,gold,4,8,positive,paypal,cancelled,US,Telugu,40,18,33,9,True,poor,1,8,recent,12,True,yes
jennifer.hamilton266@gmail.com,Female,Single,True,10,off,basic,3,2,negative,paypal,cancelled,Germany,Telugu,42,14,87,2,False,good,12,3,very_old,6,True,yes
jeffrey.jenkins146@gmail.com,Male,Single,True,3,off,premium,4,2,neutral,card,active,UK,Hindi,1,7,66,3,False,good,16,9,very_old,14,True,no
susan.porter322@gmail.com,Male,Married,True,8,off,basic,7,3,negative,upi,active,India,Hindi,34,10,132,10,False,good,9,8,old,13,False,no
joshua.lewis781@gmail.com,Female,Single,False,7,on,premium,8,7,negative,card,active,UK,Telugu,41,5,137,7,False,poor,1,0,very_old,16,True,no
matthew.chavez753@gmail.com,Female,Married,True,5,on,premium,5,11,neutral,upi,expired,India,Hindi,33,16,114,5,False,poor,20,6,old,11,False,no
nathaniel.quinn17@gmail.com,Female,Married,True,3,off,basic,2,7,neutral,upi,active,UK,English,20,0,135,8,False,poor,11,8,recent,8,True,no
anthony.maldonado696@gmail.com,Female,Single,True,10,off,premium,2,11,negative,card,cancelled,UK,English,43,0,112,2,True,poor,8,8,old,15,True,yes
tina.berry150@gmail.com,Male,Married,True,10,off,gold,6,18,neutral,card,expired,Germany,Telugu,14,25,172,5,False,poor,15,3,old,18,True,yes
angela.davis404@gmail.com,Female,Single,False,9,off,premium,9,2,positive,paypal,expired,US,Hindi,1,0,34,9,True,better,15,0,very_old,7,False,no
julie.lewis847@gmail.com,Female,Single,False,3,off,premium,5,5,negative,upi,cancelled,India,English,19,9,65,6,True,good,13,10,very_old,16,False,yes
robert.brown250@gmail.com,Male,Married,True,10,on,gold,10,17,positive,card,expired,US,English,16,7,57,7,True,better,4,1,recent,14,True,yes
nicole.medina682@gmail.com,Male,Single,False,6,on,basic,10,3,positive,paypal,active,India,Hindi,5,16,70,10,False,good,15,10,very_old,16,True,no
valerie.wright551@gmail.com,Male,Married,True,2,off,gold,3,1,negative,upi,active,Germany,Telugu,11,22,98,9,False,better,18,8,old,9,False,no
scott.fox5@gmail.com,Male,Married,False,1,on,gold,4,8,positive,upi,active,UK,English,44,13,113,1,True,better,19,6,very_old,7,True,no
barry.thompson675@gmail.com,Female,Single,True,10,off,premium,7,2,neutral,upi,active,Germany,English,28,14,53,7,True,good,8,8,old,14,True,no
neil.thompson451@gmail.com,Female,Married,False,8,on,gold,9,2,neutral,upi,expired,India,Telugu,0,24,20,4,False,poor,19,3,very_old,10,False,no
stacey.thomas917@gmail.com,Female,Single,False,9,off,basic,6,11,positive,paypal,cancelled,UK,Hindi,33,12,25,3,False,good,13,0,recent,11,False,no
stephanie.hood157@gmail.com,Male,Married,True,2,on,gold,10,14,neutral,card,expired,UK,English,45,25,79,3,False,good,3,7,old,3,True,yes
tiffany.mitchell332@gmail.com,Male,Single,False,5,off,gold,10,10,neutral,paypal,cancelled,Germany,Hindi,35,14,158,1,True,poor,12,4,very_old,20,True,yes
maria.miller63@gmail.com,Male,Married,True,4,on,basic,4,3,negative,paypal,expired,UK,English,35,1,90,10,False,poor,10,4,old,10,False,yes
jeremy.love181@gmail.com,Male,Single,False,9,on,premium,3,2,neutral,card,active,US,Hindi,20,7,24,8,False,poor,1,10,recent,12,True,no
heather.mitchell159@gmail.com,Female,Single,True,9,on,premium,3,7,positive,card,active,Germany,Hindi,5,14,83,5,False,poor,11,5,very_old,6,True,no
debra.moore955@gmail.com,Male,Married,True,7,off,basic,8,17,positive,card,active,Germany,Telugu,36,6,94,2,True,good,7,8,recent,4,True,no
raven.baker849@gmail.com,Female,Single,True,3,off,gold,10,12,negative,upi,expired,UK,English,27,16,144,10,False,better,3,1,old,3,False,yes
gina.rhodes545@gmail.com,Female,Married,False,1,on,premium,7,11,negative,upi,expired,US,Telugu,49,8,172,6,True,better,1,6,recent,19,True,yes
sabrina.collins671@gmail.com,Female,Single,False,7,off,basic,10,16,negative,upi,expired,Germany,Telugu,38,15,181,1,False,poor,15,7,very_old,0,True,yes
tiffany.chase675@gmail.com,Female,Single,False,2,on,gold,6,19,neutral,card,cancelled,Germany,English,25,4,58,4,False,good,4,1,old,6,True,no
daniel.drake354@gmail.com,Female,Single,True,2,off,gold,3,15,negative,paypal,expired,India,Telugu,15,15,112,9,True,better,4,8,very_old,8,True,yes
daniel.perez853@gmail.com,Female,Single,False,5,off,basic,10,4,neutral,card,expired,US,English,0,20,157,5,False,good,11,4,very_old,13,True,yes
julie.alvarez796@gmail.com,Female,Single,True,5,on,basic,9,9,negative,paypal,expired,US,English,26,21,179,4,False,good,8,2,recent,18,False,yes
jason.powers331@gmail.com,Male,Single,False,5,on,gold,5,7,negative,upi,cancelled,India,Telugu,34,2,32,10,False,poor,11,4,very_old,11,True,yes
diamond.quinn174@gmail.com,Male,Married,True,6,on,premium,3,19,negative,paypal,active,India,Hindi,38,23,42,7,False,good,12,9,recent,8,False,yes
richard.meadows81@gmail.com,Female,Married,True,4,off,gold,7,5,negative,paypal,cancelled,India,English,22,14,97,7,True,better,10,6,very_old,18,False,yes
dakota.ramirez622@gmail.com,Male,Single,False,8,off,premium,9,9,neutral,upi,active,Germany,Telugu,37,21,46,4,False,better,6,10,recent,20,True,yes
cameron.sanchez144@gmail.com,Male,Single,False,10,on,basic,8,17,neutral,card,cancelled,Germany,Telugu,26,0,41,4,False,poor,20,3,very_old,0,True,yes
amy.anderson872@gmail.com,Female,Married,True,9,off,gold,4,20,positive,card,active,Germany,English,36,5,114,7,True,good,14,0,very_old,7,True,no
courtney.jimenez824@gmail.com,Male,Single,True,7,on,gold,8,13,positive,card,cancelled,US,Telugu,24,20,113,9,False,good,3,0,very_old,14,True,yes
dylan.clements437@gmail.com,Female,Married,True,7,off,premium,2,19,negative,upi,active,Germany,Hindi,17,5,54,1,False,better,18,7,recent,1,True,no
jose.russell109@gmail.com,Male,Married,False,5,on,gold,4,15,positive,paypal,expired,India,Telugu,44,11,68,6,False,poor,12,9,very_old,15,True,yes
gabrielle.ellis10@gmail.com,Female,Single,True,6,on,basic,3,9,negative,upi,expired,India,English,24,8,21,2,False,poor,10,8,very_old,9,False,yes
jacob.bond644@gmail.com,Male,Married,True,1,off,basic,4,4,negative,paypal,cancelled,India,Telugu,45,5,37,8,True,better,6,6,old,0,False,yes
tammy.castillo864@gmail.com,Male,Married,True,4,off,gold,2,17,neutral,upi,expired,Germany,Telugu,23,23,123,4,False,poor,16,9,very_old,3,True,yes
grace.ball622@gmail.com,Female,Single,False,2,on,premium,8,15,neutral,paypal,expired,UK,Telugu,32,17,138,8,False,good,1,6,recent,15,True,yes
robert.pena158@gmail.com,Female,Married,False,7,on,premium,4,10,neutral,upi,cancelled,Germany,English,34,0,175,2,False,better,19,9,old,0,True,no
patrick.miller401@gmail.com,Female,Married,False,8,off,premium,7,14,positive,upi,expired,Germany,Hindi,24,24,141,2,True,better,16,4,old,9,False,no
cody.acosta648@gmail.com,Female,Single,True,9,off,gold,3,17,positive,paypal,expired,US,English,21,8,171,9,False,good,5,10,old,3,True,no
elijah.knight827@gmail.com,Male,Single,False,6,off,basic,9,20,neutral,paypal,active,Germany,Hindi,4,17,96,8,True,poor,3,5,recent,13,False,no
rebecca.spence585@gmail.com,Female,Single,True,3,on,gold,3,20,negative,paypal,cancelled,India,Hindi,46,9,72,4,True,better,16,9,recent,1,True,yes
casey.lopez487@gmail.com,Male,Single,True,7,off,basic,2,13,positive,paypal,expired,Germany,Hindi,22,4,155,8,False,better,3,9,recent,20,True,no
randy.garcia523@gmail.com,Female,Single,True,6,on,gold,6,13,positive,paypal,cancelled,Germany,English,12,25,124,1,True,good,12,0,old,15,True,yes
kayla.bell823@gmail.com,Male,Single,False,8,on,gold,1,1,positive,card,expired,US,Telugu,23,24,130,4,True,poor,12,10,old,1,False,no
reginald.lee38@gmail.com,Male,Single,False,3,off,gold,7,5,neutral,upi,expired,India,Hindi,16,18,123,10,False,poor,3,3,old,5,False,no
heather.flores307@gmail.com,Male,Single,True,4,on,premium,2,5,positive,upi,expired,UK,Hindi,31,21,136,3,True,better,3,4,old,6,False,no
jill.brown968@gmail.com,Female,Single,True,2,off,premium,10,16,neutral,upi,active,US,Telugu,5,2,158,2,False,good,17,9,very_old,12,False,no
paul.caldwell817@gmail.com,Male,Single,True,1,off,basic,5,18,negative,upi,cancelled,UK,English,42,0,109,7,True,better,7,8,recent,14,True,yes
lindsay.cummings405@gmail.com,Female,Single,True,1,on,gold,7,16,neutral,paypal,expired,India,English,17,16,195,5,True,poor,6,0,recent,9,False,no
christopher.gonzalez989@gmail.com,Male,Married,False,2,on,basic,5,14,neutral,card,cancelled,UK,English,2,15,200,10,True,poor,19,6,very_old,8,False,no
ronald.hall108@gmail.com,Male,Married,True,10,on,premium,8,19,neutral,upi,active,US,Telugu,41,9,33,7,False,poor,7,5,very_old,19,True,no
jessica.long456@gmail.com,Female,Single,False,2,off,premium,2,8,negative,card,active,India,Telugu,46,21,133,2,True,poor,12,7,very_old,9,True,no
john.wilson283@gmail.com,Male,Single,False,5,on,premium,7,3,neutral,upi,cancelled,Germany,Telugu,13,10,21,5,True,poor,1,3,recent,11,False,no
jessica.jimenez827@gmail.com,Male,Married,True,8,on,premium,7,1,negative,paypal,active,India,Telugu,30,5,192,9,True,better,18,2,old,11,True,yes
jessica.mathis59@gmail.com,Male,Married,False,1,on,basic,8,10,positive,upi,active,US,Hindi,44,24,195,10,True,poor,15,5,very_old,10,False,no
candice.medina969@gmail.com,Female,Married,False,10,off,gold,6,10,negative,upi,expired,US,Hindi,24,17,109,8,True,good,20,10,recent,9,True,yes
william.gonzalez382@gmail.com,Female,Married,True,10,on,basic,9,0,neutral,upi,cancelled,US,Hindi,35,3,112,6,True,better,12,9,very_old,10,False,yes
catherine.smith840@gmail.com,Male,Single,True,6,on,premium,4,10,neutral,paypal,cancelled,US,Telugu,33,0,158,3,False,poor,14,2,very_old,6,False,no
nicholas.stone183@gmail.com,Male,Single,False,10,on,gold,6,0,negative,upi,expired,US,Telugu,11,8,147,6,False,better,10,3,very_old,6,True,no
beverly.fischer829@gmail.com,Male,Single,True,8,on,basic,8,15,neutral,paypal,expired,India,English,34,22,95,4,False,good,6,8,very_old,15,True,no
gregg.williams297@gmail.com,Female,Single,True,1,off,gold,9,2,positive,upi,active,India,Telugu,0,6,199,8,True,good,15,4,very_old,2,False,no
edward.levy638@gmail.com,Male,Married,True,1,off,gold,4,2,neutral,upi,active,US,English,6,8,79,6,True,better,10,2,recent,7,False,no
kimberly.lee825@gmail.com,Female,Single,False,8,on,basic,5,18,negative,paypal,expired,UK,Telugu,44,19,23,10,False,better,2,7,old,19,False,yes
sandra.rogers913@gmail.com,Male,Single,True,2,off,gold,1,9,positive,paypal,cancelled,India,English,34,13,109,1,True,poor,12,2,old,14,False,yes
kaitlyn.navarro602@gmail.com,Female,Married,False,5,off,premium,9,18,negative,card,cancelled,US,English,7,21,129,9,False,good,2,7,old,19,False,yes
jennifer.knight238@gmail.com,Female,Married,False,10,on,gold,6,1,positive,card,active,India,Telugu,28,3,90,5,True,poor,10,3,very_old,10,True,no
james.vargas850@gmail.com,Female,Married,False,10,off,premium,9,6,negative,upi,active,Germany,Hindi,21,14,184,9,False,poor,15,2,recent,11,True,no
david.walker643@gmail.com,Male,Married,False,1,on,gold,6,19,negative,paypal,expired,US,Telugu,23,17,55,8,True,better,16,10,very_old,16,True,yes
nicholas.davenport584@gmail.com,Male,Married,False,3,off,gold,2,1,positive,paypal,active,India,Hindi,8,17,129,2,True,poor,18,2,recent,0,True,no
jessica.reeves502@gmail.com,Male,Married,True,10,on,premium,1,14,positive,card,active,US,English,21,21,94,6,False,better,19,2,old,15,True,no
harold.ruiz5@gmail.com,Female,Single,False,5,on,gold,7,12,negative,card,expired,India,Hindi,15,24,124,3,False,better,10,10,very_old,7,True,no
christopher.chan503@gmail.com,Male,Single,False,4,on,gold,1,20,negative,card,expired,India,Telugu,38,6,24,1,True,poor,16,10,old,15,True,yes
michael.juarez552@gmail.com,Male,Married,False,7,off,gold,9,16,positive,card,cancelled,US,English,39,22,47,7,False,good,10,8,very_old,18,False,yes
steven.koch509@gmail.com,Female,Married,True,9,on,gold,5,0,neutral,card,expired,US,English,4,23,101,6,False,good,17,0,recent,17,False,yes
john.kennedy729@gmail.com,Male,Single,False,2,on,gold,10,20,negative,upi,active,US,Hindi,5,2,151,3,True,good,18,10,recent,6,False,no
sheri.berry130@gmail.com,Male,Married,True,1,off,premium,1,7,negative,card,active,US,English,6,4,150,3,False,better,20,3,very_old,13,False,yes
latoya.edwards192@gmail.com,Female,Single,False,10,on,basic,9,2,positive,card,active,India,English,35,2,78,10,True,good,3,5,very_old,1,False,no
kathryn.obrien860@gmail.com,Female,Married,False,4,off,premium,5,11,negative,upi,cancelled,UK,English,32,13,36,2,False,better,1,6,old,14,True,yes
susan.wells564@gmail.com,Female,Married,False,9,off,basic,10,18,neutral,card,active,Germany,Telugu,19,0,62,9,False,better,2,4,old,5,True,no
dorothy.ryan669@gmail.com,Male,Single,True,5,off,premium,1,1,positive,paypal,expired,US,Hindi,46,0,125,8,False,good,20,6,recent,12,False,no
andrea.matthews786@gmail.com,Female,Married,True,10,off,premium,3,19,neutral,paypal,expired,Germany,Hindi,38,3,134,1,True,poor,15,9,very_old,20,True,yes
martin.ward223@gmail.com,Female,Single,False,7,on,basic,10,8,negative,card,expired,India,Hindi,33,25,111,7,False,better,12,0,old,6,True,yes
amber.steele543@gmail.com,Female,Single,True,6,on,premium,9,18,positive,upi,cancelled,Germany,Hindi,29,0,179,1,True,poor,13,2,recent,13,False,no
amanda.carter635@gmail.com,Female,Married,False,8,on,premium,9,18,neutral,upi,expired,India,Hindi,40,9,174,5,True,poor,13,7,very_old,5,False,yes
amanda.james722@gmail.com,Male,Single,True,10,off,basic,4,0,negative,paypal,expired,UK,English,8,24,145,1,False,poor,19,2,very_old,10,False,yes
james.fox834@gmail.com,Male,Single,False,1,off,basic,8,15,negative,upi,active,US,Hindi,50,9,101,9,False,poor,14,1,old,10,True,no
nathaniel.miles934@gmail.com,Male,Single,True,9,off,premium,1,14,negative,card,expired,UK,English,47,13,112,5,True,poor,3,10,recent,19,True,yes
kathleen.zavala827@gmail.com,Male,Single,True,9,on,basic,10,0,negative,paypal,cancelled,US,English,23,13,64,5,False,better,14,10,very_old,18,False,no
hannah.howard137@gmail.com,Female,Married,True,3,off,gold,6,0,positive,card,cancelled,UK,Hindi,1,18,90,8,False,poor,8,4,recent,12,True,no
kenneth.jackson711@gmail.com,Female,Single,True,5,on,premium,5,3,positive,paypal,expired,India,Hindi,33,3,192,2,True,poor,1,3,old,13,True,yes
phyllis.williams867@gmail.com,Female,Single,True,2,off,basic,6,15,negative,upi,cancelled,US,English,21,14,111,7,True,poor,5,9,very_old,14,True,yes
tina.allen392@gmail.com,Female,Single,True,8,off,gold,8,0,positive,paypal,active,UK,Telugu,16,3,116,1,True,better,7,8,old,2,False,no
wendy.padilla280@gmail.com,Female,Married,True,9,on,gold,4,1,neutral,paypal,expired,Germany,English,20,16,48,3,False,good,15,4,very_old,14,False,no
julie.mann372@gmail.com,Male,Single,True,4,on,premium,6,13,negative,card,expired,Germany,English,27,16,175,1,False,better,13,5,very_old,4,True,yes
ralph.baker510@gmail.com,Female,Single,True,7,on,gold,10,2,neutral,paypal,cancelled,India,Hindi,2,18,41,4,False,better,8,10,old,13,True,no
cassidy.smith739@gmail.com,Male,Married,True,9,off,gold,10,4,positive,upi,expired,Germany,Telugu,29,6,197,7,True,good,12,9,very_old,11,True,no
randall.rocha469@gmail.com,Male,Married,True,10,on,basic,6,11,negative,paypal,expired,Germany,English,8,0,124,9,False,better,6,8,recent,1,True,yes
emily.miller524@gmail.com,Male,Married,False,7,on,premium,2,19,positive,paypal,cancelled,UK,English,16,20,59,6,True,better,20,0,old,7,False,yes
alyssa.mcintyre850@gmail.com,Male,Single,True,9,on,basic,9,5,positive,card,active,UK,Telugu,34,21,125,10,True,good,12,2,recent,4,False,no
jacob.jacobs513@gmail.com,Male,Married,True,5,off,premium,10,14,positive,upi,cancelled,India,English,21,7,66,6,True,better,7,1,old,20,False,no
raven.griffith44@gmail.com,Female,Married,False,7,on,premium,2,7,neutral,paypal,expired,Germany,English,20,5,37,10,True,poor,2,3,very_old,15,True,no
erin.king616@gmail.com,Male,Married,True,4,on,premium,2,2,neutral,card,cancelled,Germany,English,6,4,87,4,True,poor,1,1,old,7,False,no
veronica.raymond971@gmail.com,Male,Single,True,1,on,basic,8,1,neutral,upi,expired,US,English,2,5,198,8,True,better,20,9,old,8,False,no
brandon.foster613@gmail.com,Female,Married,False,8,off,gold,8,16,positive,upi,expired,UK,Hindi,46,10,146,2,False,better,10,8,recent,0,True,yes
brittney.williams110@gmail.com,Female,Single,False,10,off,premium,6,16,positive,paypal,active,US,Telugu,34,20,186,7,False,poor,14,5,old,3,True,no
danielle.lane37@gmail.com,Male,Single,True,2,off,gold,6,17,negative,paypal,active,US,Hindi,14,2,74,3,True,better,5,10,old,6,False,no
samuel.ramsey157@gmail.com,Male,Married,True,10,off,basic,6,4,negative,upi,active,US,Hindi,24,17,143,6,False,better,10,1,recent,9,False,no
sarah.mcdaniel608@gmail.com,Female,Married,False,4,off,premium,4,20,negative,paypal,expired,UK,Hindi,6,22,110,10,True,poor,3,8,recent,1,True,yes
natalie.green594@gmail.com,Female,Married,False,2,off,premium,2,17,positive,paypal,cancelled,India,Telugu,12,8,66,4,True,better,6,9,very_old,17,True,no
james.flores458@gmail.com,Male,Married,False,8,off,gold,1,18,negative,upi,cancelled,US,English,10,7,78,6,False,poor,19,5,very_old,16,True,no
stephanie.archer523@gmail.com,Male,Single,True,5,off,gold,2,20,positive,paypal,active,Germany,Hindi,29,2,76,6,True,good,3,10,recent,0,False,no
mary.harris848@gmail.com,Male,Single,True,9,on,basic,6,14,negative,upi,cancelled,UK,Telugu,44,16,145,8,False,better,1,5,very_old,17,False,yes
jeffrey.bright521@gmail.com,Female,Single,True,8,off,gold,8,20,negative,card,active,India,Hindi,29,23,14,4,False,good,6,4,recent,0,True,no
tammy.edwards397@gmail.com,Male,Married,False,2,off,premium,1,11,neutral,upi,active,India,Telugu,26,11,168,6,False,better,2,8,recent,8,False,no
eric.herrera109@gmail.com,Female,Married,True,6,off,premium,9,13,positive,card,expired,US,Hindi,39,0,137,5,True,good,8,8,old,4,True,yes
desiree.kramer798@gmail.com,Male,Single,True,6,on,premium,9,2,neutral,paypal,expired,India,Telugu,25,4,53,8,False,better,16,3,old,14,False,no
robert.barnes193@gmail.com,Male,Married,False,10,on,gold,8,14,positive,card,active,Germany,English,10,25,36,8,False,better,12,2,old,0,False,no
miranda.silva313@gmail.com,Male,Married,False,10,off,premium,3,18,neutral,upi,cancelled,US,Hindi,7,5,41,10,False,poor,13,1,old,9,True,no
peter.perez755@gmail.com,Male,Single,False,2,off,gold,6,12,neutral,paypal,expired,India,Telugu,11,9,125,9,True,poor,15,10,old,14,True,yes
eric.marks409@gmail.com,Male,Single,True,1,on,gold,5,19,neutral,card,active,UK,Telugu,41,6,43,6,False,poor,18,7,recent,14,False,no
meghan.miller944@gmail.com,Male,Single,False,8,on,gold,10,9,neutral,upi,cancelled,Germany,Telugu,41,22,134,7,False,good,1,10,old,0,True,no
elizabeth.ramsey45@gmail.com,Female,Single,True,7,on,gold,9,19,neutral,upi,cancelled,Germany,Hindi,49,17,44,1,False,poor,9,10,old,5,False,yes
erica.mcclain89@gmail.com,Male,Single,True,3,on,premium,4,16,positive,upi,expired,US,English,30,16,103,4,False,poor,11,3,old,2,True,no
melissa.gonzalez819@gmail.com,Male,Single,True,5,on,gold,10,11,neutral,upi,active,UK,English,10,25,198,7,False,good,12,0,very_old,11,False,no
tammy.larson841@gmail.com,Male,Married,True,2,on,gold,1,2,negative,upi,active,UK,Telugu,36,14,175,7,True,better,7,0,old,2,True,no
joseph.house590@gmail.com,Male,Married,False,9,off,premium,7,10,neutral,card,expired,India,Hindi,43,9,55,2,True,good,4,7,recent,19,False,yes
kathleen.allen402@gmail.com,Male,Married,True,7,on,gold,6,7,negative,paypal,expired,Germany,Telugu,41,25,68,10,True,good,17,8,recent,18,False,yes
wendy.wilson240@gmail.com,Female,Married,True,1,off,gold,6,9,neutral,card,cancelled,Germany,English,33,19,15,7,True,poor,13,3,old,17,True,yes
timothy.jones213@gmail.com,Male,Married,True,5,on,premium,10,10,neutral,card,cancelled,Germany,English,20,18,149,3,True,poor,13,7,old,7,True,yes
katelyn.wilson471@gmail.com,Female,Single,True,9,off,basic,3,9,negative,paypal,cancelled,Germany,Hindi,28,20,165,10,False,poor,18,8,very_old,9,False,yes
kimberly.smith498@gmail.com,Male,Single,True,3,on,basic,2,19,negative,paypal,expired,Germany,Telugu,36,24,119,10,True,poor,12,5,very_old,7,True,yes
nancy.spencer849@gmail.com,Male,Married,True,5,on,gold,7,14,negative,card,active,US,English,40,21,36,6,True,poor,19,2,recent,11,False,yes
hannah.foster309@gmail.com,Male,Single,False,7,on,premium,9,14,neutral,card,expired,India,English,49,6,77,3,False,poor,16,0,recent,11,False,no
kimberly.hart543@gmail.com,Female,Married,True,4,off,premium,9,2,positive,card,active,Germany,Hindi,17,7,22,10,True,good,10,1,old,16,False,no
david.johnson441@gmail.com,Female,Married,True,10,on,premium,1,14,positive,upi,active,UK,Hindi,44,5,170,2,True,better,18,2,very_old,16,True,no
john.franco707@gmail.com,Male,Married,True,9,off,gold,4,16,neutral,card,active,India,English,6,9,135,6,False,poor,6,3,recent,12,False,no
virginia.gallagher154@gmail.com,Male,Married,False,5,on,basic,3,10,positive,card,active,Germany,Telugu,48,25,110,5,True,better,13,6,recent,17,True,no
scott.williams561@gmail.com,Male,Married,False,7,on,basic,4,17,neutral,upi,cancelled,India,Hindi,10,24,178,2,True,poor,2,0,very_old,20,True,yes
matthew.pace801@gmail.com,Female,Married,False,8,off,premium,3,3,neutral,upi,active,UK,English,46,7,114,3,False,good,4,6,recent,14,False,yes
sara.thompson745@gmail.com,Male,Single,False,7,off,gold,5,17,negative,paypal,active,Germany,Hindi,33,18,94,3,True,good,19,2,very_old,17,True,no
michael.gonzalez116@gmail.com,Male,Single,True,7,off,premium,4,13,positive,card,expired,India,English,24,24,50,2,False,good,13,5,recent,13,False,no
marie.pope572@gmail.com,Male,Married,True,10,on,gold,5,18,negative,paypal,active,US,Telugu,6,11,85,4,False,better,13,1,old,10,False,no
mark.benson469@gmail.com,Male,Single,False,4,off,premium,9,8,positive,card,cancelled,India,Telugu,13,8,77,1,False,good,2,2,old,15,True,no
robert.fowler509@gmail.com,Female,Married,False,10,on,premium,2,18,positive,paypal,expired,Germany,Telugu,17,2,144,3,True,good,4,6,recent,18,True,yes
malik.rivera284@gmail.com,Male,Married,True,1,off,gold,2,14,neutral,paypal,cancelled,India,Hindi,26,19,25,6,True,better,20,5,very_old,9,True,yes
kimberly.hardy572@gmail.com,Female,Married,True,7,off,gold,2,14,neutral,paypal,active,US,Hindi,27,0,167,7,False,better,13,10,old,7,True,no
daniel.rodriguez203@gmail.com,Female,Married,True,2,off,basic,9,13,neutral,paypal,expired,UK,English,36,13,53,6,True,poor,9,0,very_old,20,False,yes
shannon.cox536@gmail.com,Male,Single,True,8,off,premium,3,3,positive,card,active,UK,Telugu,34,6,155,1,True,good,17,8,old,19,True,no
laura.duran607@gmail.com,Male,Married,True,2,on,basic,4,8,positive,paypal,expired,UK,Hindi,26,10,76,7,True,poor,14,9,recent,12,True,no
john.baker234@gmail.com,Male,Married,True,10,off,premium,7,0,positive,upi,cancelled,US,English,0,17,98,5,True,poor,9,0,old,19,False,no
donna.patel676@gmail.com,Female,Single,True,6,on,gold,4,7,positive,paypal,expired,Germany,Telugu,32,8,130,8,True,better,15,7,very_old,10,True,no
michael.wheeler462@gmail.com,Female,Married,False,10,on,basic,7,16,negative,paypal,cancelled,India,English,45,8,84,1,False,better,15,8,old,6,True,yes
eric.martinez387@gmail.com,Male,Married,False,3,on,premium,8,8,positive,upi,active,US,Hindi,29,19,34,9,True,better,3,8,very_old,11,False,no
jacob.stone409@gmail.com,Male,Married,False,9,on,basic,5,15,negative,card,expired,Germany,Hindi,40,18,36,9,False,better,17,7,very_old,3,False,no
joshua.hays696@gmail.com,Male,Single,False,9,on,premium,5,9,negative,upi,expired,US,English,12,21,149,1,False,better,13,3,recent,0,False,yes
katherine.myers540@gmail.com,Male,Married,True,8,on,gold,10,2,neutral,card,expired,US,English,34,14,67,3,False,poor,4,8,very_old,0,False,yes
andrea.carter137@gmail.com,Female,Single,False,5,off,basic,10,7,neutral,paypal,cancelled,US,Telugu,17,6,142,2,False,good,13,3,recent,19,False,yes
melissa.stone939@gmail.com,Male,Single,True,8,off,gold,8,1,negative,card,cancelled,India,Telugu,45,10,177,2,True,poor,8,2,old,14,False,yes
dennis.marshall543@gmail.com,Female,Married,True,10,on,gold,4,12,negative,paypal,expired,UK,Hindi,24,13,162,9,True,poor,12,5,old,9,False,yes
melissa.taylor205@gmail.com,Female,Married,False,6,off,premium,4,10,negative,card,active,India,Hindi,33,1,189,9,True,good,12,4,old,19,True,yes
angela.sloan758@gmail.com,Female,Married,True,1,on,basic,2,18,positive,card,cancelled,India,Telugu,8,21,159,10,False,good,18,9,very_old,16,False,no
scott.little551@gmail.com,Female,Married,False,9,on,basic,5,20,neutral,paypal,expired,India,English,5,15,16,2,False,better,13,7,very_old,10,False,yes
jacqueline.sutton73@gmail.com,Male,Single,False,5,on,gold,8,1,neutral,upi,cancelled,UK,English,1,20,42,10,True,better,16,2,very_old,7,True,no
amanda.smith4@gmail.com,Male,Married,False,10,on,premium,9,10,negative,paypal,cancelled,US,English,25,16,173,4,True,poor,19,0,very_old,20,False,yes
andrew.garrett120@gmail.com,Male,Single,False,8,off,premium,8,15,positive,card,cancelled,India,English,5,9,63,8,False,better,9,3,recent,3,False,no
charles.harris798@gmail.com,Female,Single,True,2,off,basic,3,1,negative,upi,cancelled,Germany,Telugu,5,8,119,9,True,better,3,0,recent,4,False,yes
david.fisher962@gmail.com,Male,Married,True,1,off,gold,4,7,neutral,paypal,expired,Germany,English,16,6,125,7,False,better,9,3,old,6,True,no
kathryn.pearson128@gmail.com,Female,Single,True,5,off,premium,3,20,positive,upi,expired,India,English,32,7,152,8,False,poor,11,8,old,17,True,yes
vincent.williams309@gmail.com,Female,Single,True,6,on,premium,6,13,positive,upi,cancelled,India,Telugu,25,22,29,5,True,good,6,1,old,18,False,yes
anthony.daugherty355@gmail.com,Male,Married,True,10,off,basic,10,19,positive,card,cancelled,Germany,Telugu,47,18,194,5,True,poor,19,1,recent,15,True,yes
lauren.phelps871@gmail.com,Male,Married,True,5,on,basic,7,6,neutral,card,active,US,Hindi,43,19,162,1,False,poor,8,5,very_old,15,True,no
richard.oliver158@gmail.com,Female,Single,True,4,on,basic,8,5,negative,card,cancelled,US,Telugu,8,9,110,3,False,good,14,2,recent,6,True,yes
natasha.gibbs466@gmail.com,Male,Single,True,5,off,gold,9,4,neutral,paypal,active,India,Telugu,27,7,75,9,True,poor,7,3,very_old,4,True,no
dorothy.wright354@gmail.com,Male,Married,True,9,on,basic,1,12,neutral,card,active,US,Telugu,43,22,179,7,False,better,6,10,old,18,False,yes
tyler.rivera79@gmail.com,Male,Married,False,1,off,gold,4,8,negative,paypal,active,Germany,Hindi,2,23,84,9,False,good,12,9,old,9,True,no
tara.nguyen230@gmail.com,Male,Married,True,7,off,gold,10,2,negative,card,expired,Germany,Hindi,30,22,188,3,True,better,5,0,very_old,10,True,yes
thomas.mccarthy65@gmail.com,Male,Single,True,8,off,gold,6,14,negative,paypal,cancelled,US,English,20,21,108,7,True,better,2,10,recent,7,True,yes
tracie.massey405@gmail.com,Female,Married,True,7,on,gold,5,5,negative,paypal,cancelled,Germany,Hindi,37,1,28,6,True,better,6,5,very_old,0,False,no
mary.grant627@gmail.com,Male,Married,True,9,off,premium,10,12,positive,paypal,expired,UK,Hindi,49,5,76,4,True,poor,1,7,recent,13,False,yes
victoria.johnson951@gmail.com,Male,Married,False,3,off,gold,4,11,neutral,paypal,expired,Germany,Hindi,47,0,135,8,False,poor,19,10,recent,3,False,yes
daniel.prince504@gmail.com,Male,Single,False,8,on,premium,6,17,positive,upi,active,Germany,Telugu,20,7,117,7,False,good,12,10,old,16,True,no
rebecca.cooper422@gmail.com,Male,Married,True,2,off,basic,1,9,negative,card,active,Germany,Hindi,18,4,152,5,False,poor,17,2,recent,11,True,no
christopher.gay934@gmail.com,Female,Single,True,7,on,premium,3,14,neutral,paypal,active,US,Telugu,43,21,103,3,True,good,1,2,very_old,15,False,no
alec.collier254@gmail.com,Female,Married,False,4,off,premium,1,3,neutral,upi,cancelled,UK,Telugu,42,12,144,3,False,good,14,7,old,3,True,yes
debra.boyd379@gmail.com,Female,Single,True,9,on,basic,1,8,negative,paypal,active,India,Hindi,37,25,42,2,True,poor,4,6,old,0,False,yes
anthony.sanders783@gmail.com,Male,Single,False,10,on,gold,3,7,positive,upi,active,India,Telugu,9,25,43,5,True,good,16,9,old,8,True,no
jennifer.edwards873@gmail.com,Male,Single,True,10,on,basic,1,8,neutral,upi,cancelled,Germany,English,30,0,82,8,False,poor,6,10,recent,8,False,yes
samuel.alexander711@gmail.com,Female,Single,True,5,on,premium,9,15,positive,card,expired,India,English,50,20,145,5,False,better,1,0,old,15,True,yes
mark.gomez5@gmail.com,Male,Single,True,5,on,basic,6,16,negative,paypal,expired,US,English,36,20,78,7,False,poor,3,7,recent,7,True,yes
jennifer.mason997@gmail.com,Female,Married,True,2,on,premium,6,13,neutral,upi,active,India,English,15,21,11,3,True,poor,10,2,very_old,8,False,no
jeffrey.velasquez471@gmail.com,Male,Married,True,10,off,gold,6,4,negative,upi,expired,US,English,46,5,64,3,False,better,5,7,recent,18,True,yes
april.brown374@gmail.com,Female,Married,True,3,on,basic,8,0,positive,paypal,active,India,English,21,16,50,7,True,better,9,6,very_old,17,True,no
joe.park403@gmail.com,Male,Single,True,8,off,premium,5,6,positive,card,active,UK,Telugu,32,18,84,7,False,poor,17,0,old,19,True,no
tyler.jackson208@gmail.com,Female,Single,True,8,on,basic,3,2,positive,upi,active,US,English,27,15,130,7,False,better,7,10,recent,12,True,no
holly.briggs377@gmail.com,Female,Single,True,5,off,premium,1,0,negative,card,active,India,English,0,3,135,3,True,good,11,10,old,8,True,no
heidi.sullivan631@gmail.com,Male,Single,True,2,off,premium,2,18,positive,paypal,cancelled,Germany,Telugu,44,1,192,6,True,poor,11,7,recent,8,False,yes
thomas.anderson112@gmail.com,Female,Single,True,3,off,premium,7,3,positive,upi,expired,Germany,Telugu,29,17,31,3,False,good,17,4,old,15,False,yes
thomas.charles744@gmail.com,Female,Single,True,8,off,premium,7,5,positive,paypal,active,India,English,49,25,23,10,True,good,17,1,old,19,True,no
abigail.hartman163@gmail.com,Male,Single,True,8,on,basic,3,20,negative,card,cancelled,US,English,27,4,101,7,True,better,16,4,very_old,17,False,yes
caitlin.evans748@gmail.com,Female,Married,False,9,on,basic,6,8,neutral,upi,expired,India,English,3,3,157,10,False,good,7,0,old,16,False,yes
ronnie.salas253@gmail.com,Male,Married,True,10,on,premium,5,16,negative,paypal,active,US,Hindi,30,7,45,4,False,better,20,8,old,1,True,no
miguel.smith600@gmail.com,Female,Single,True,6,off,basic,1,14,negative,paypal,cancelled,India,Telugu,28,20,72,7,False,better,8,0,recent,12,False,yes
vanessa.jones906@gmail.com,Male,Single,False,8,on,gold,9,20,positive,upi,active,Germany,English,12,0,159,2,False,better,14,4,very_old,18,True,no
michael.hoover892@gmail.com,Female,Single,True,10,on,premium,6,6,negative,paypal,expired,Germany,Telugu,19,19,78,9,False,poor,12,3,recent,16,True,yes
roy.mcmahon427@gmail.com,Female,Single,False,4,off,premium,10,3,neutral,paypal,expired,Germany,Telugu,46,2,183,5,False,better,2,5,recent,5,True,yes
curtis.daniels562@gmail.com,Female,Single,False,1,on,gold,2,17,positive,upi,active,India,Hindi,24,1,83,10,False,better,2,0,very_old,16,False,yes
jenna.henderson160@gmail.com,Male,Single,False,10,on,premium,10,10,neutral,upi,expired,India,Hindi,4,20,103,8,False,better,8,2,recent,8,False,no
karen.gordon11@gmail.com,Male,Married,True,2,off,gold,2,3,positive,upi,expired,UK,English,8,23,149,10,True,poor,4,6,recent,9,True,yes
jesus.james576@gmail.com,Female,Married,False,6,on,gold,8,6,neutral,card,expired,Germany,Telugu,32,25,176,9,False,better,19,5,old,5,False,no
adrienne.ellis987@gmail.com,Female,Married,True,6,off,gold,3,17,neutral,upi,active,India,Hindi,43,25,196,9,True,good,1,4,old,1,False,no
luke.harris320@gmail.com,Male,Single,True,7,off,premium,1,11,negative,card,expired,UK,Hindi,35,18,144,6,False,good,3,8,old,17,True,yes
andrew.gray799@gmail.com,Female,Married,True,9,off,basic,5,19,neutral,card,cancelled,US,Telugu,6,25,165,4,False,poor,9,1,old,10,True,yes
carla.daniels302@gmail.com,Female,Married,False,8,on,gold,3,15,positive,upi,active,US,Telugu,30,5,38,10,False,good,16,8,recent,15,True,no
jennifer.williams704@gmail.com,Female,Married,False,5,on,gold,9,13,neutral,upi,cancelled,US,Hindi,12,20,121,1,False,better,10,2,very_old,6,True,no
amanda.palmer76@gmail.com,Female,Married,True,10,off,premium,5,17,positive,paypal,active,US,English,4,15,21,9,False,poor,11,9,recent,1,False,no
steven.garza244@gmail.com,Female,Single,False,2,on,premium,8,17,positive,upi,cancelled,US,Hindi,47,17,37,5,False,poor,10,7,recent,11,True,no
jay.lee199@gmail.com,Male,Married,True,9,off,gold,4,0,negative,upi,expired,Germany,Hindi,32,15,122,8,True,better,15,5,old,17,False,yes
todd.jones561@gmail.com,Female,Married,True,3,off,gold,1,14,negative,card,active,India,Hindi,10,19,26,9,False,better,11,9,recent,2,True,no
cynthia.yates319@gmail.com,Male,Single,False,9,off,gold,5,4,negative,upi,expired,Germany,English,32,16,143,1,False,poor,12,10,very_old,6,True,no
robert.cortez277@gmail.com,Male,Married,True,1,off,gold,6,6,negative,card,cancelled,India,Hindi,28,1,54,6,True,better,8,3,recent,9,False,yes
rachel.vargas631@gmail.com,Male,Married,False,1,on,basic,9,0,neutral,upi,cancelled,UK,Telugu,39,23,195,4,True,better,11,10,old,0,False,yes
kristin.meyer462@gmail.com,Male,Married,True,2,on,gold,2,0,neutral,card,expired,Germany,Hindi,39,22,37,3,False,better,18,1,old,6,False,yes
mary.fox171@gmail.com,Male,Married,False,6,off,premium,3,10,negative,paypal,active,US,Telugu,39,25,63,7,True,poor,9,6,old,8,False,yes
leslie.brown914@gmail.com,Female,Single,False,2,off,gold,9,3,neutral,paypal,cancelled,Germany,English,49,12,103,2,False,good,4,9,recent,12,False,yes
tammy.johnson546@gmail.com,Male,Married,False,6,off,gold,3,8,negative,upi,active,Germany,Telugu,43,8,125,9,False,poor,9,4,old,0,False,no
john.jones262@gmail.com,Female,Married,False,2,off,basic,6,13,neutral,upi,active,UK,Telugu,32,21,168,9,False,better,17,2,very_old,19,False,no
kathryn.lewis513@gmail.com,Female,Single,False,4,off,basic,10,8,positive,paypal,active,India,Hindi,36,6,135,8,False,poor,3,3,very_old,14,False,no
krystal.santos212@gmail.com,Male,Single,False,1,off,gold,3,1,neutral,card,active,US,English,12,24,82,2,True,better,16,6,very_old,10,True,no
anthony.may397@gmail.com,Female,Single,False,3,on,premium,5,20,positive,upi,active,US,Hindi,35,19,64,7,True,good,8,9,old,3,True,no
todd.cooper698@gmail.com,Female,Single,True,10,off,basic,9,8,neutral,paypal,active,UK,English,24,2,197,9,False,good,16,6,very_old,15,True,no
chelsea.garrison104@gmail.com,Female,Single,True,6,off,premium,5,1,neutral,paypal,expired,US,English,32,8,181,4,False,poor,12,6,old,11,False,no
adam.bell771@gmail.com,Female,Single,False,2,on,premium,5,17,positive,upi,active,US,English,49,5,163,5,False,good,12,7,recent,11,True,no
erica.hall323@gmail.com,Male,Single,True,1,on,basic,5,16,neutral,upi,cancelled,India,English,15,15,51,6,True,poor,14,4,very_old,9,True,yes
david.newton123@gmail.com,Male,Married,True,2,off,premium,8,0,neutral,upi,active,Germany,Hindi,24,20,62,10,False,good,6,7,old,16,True,yes
elizabeth.rivera321@gmail.com,Female,Married,True,7,on,gold,3,14,negative,upi,expired,UK,English,40,7,180,1,False,poor,16,4,recent,14,False,yes
susan.davis742@gmail.com,Female,Single,False,2,off,gold,1,14,neutral,card,cancelled,UK,English,39,4,170,2,True,good,4,10,old,11,True,yes
john.bryant940@gmail.com,Male,Married,True,9,on,gold,8,19,negative,card,active,UK,Telugu,43,10,156,9,False,good,13,0,recent,4,False,yes
david.taylor569@gmail.com,Male,Married,False,3,off,premium,8,13,negative,upi,cancelled,Germany,English,10,7,98,3,False,poor,14,7,old,19,False,yes
jennifer.chen998@gmail.com,Female,Single,False,2,on,premium,3,18,negative,paypal,expired,Germany,English,5,5,79,7,True,poor,1,6,old,1,True,no
alicia.ayala950@gmail.com,Male,Single,False,10,on,gold,1,16,negative,paypal,expired,US,English,19,12,127,4,False,good,3,3,recent,16,True,no
shawn.nunez121@gmail.com,Female,Married,False,4,off,basic,3,10,negative,paypal,cancelled,India,English,21,2,17,2,True,better,4,3,very_old,8,False,yes
alexandra.jones855@gmail.com,Male,Single,True,1,off,premium,7,12,negative,upi,expired,India,Hindi,45,16,194,5,False,poor,17,10,old,6,False,yes
kelly.serrano660@gmail.com,Male,Single,False,4,on,premium,4,10,neutral,upi,cancelled,India,English,0,24,58,6,True,poor,16,8,recent,0,True,no
felicia.farmer977@gmail.com,Male,Married,False,7,off,premium,3,10,positive,upi,expired,UK,English,14,6,26,5,False,poor,19,7,recent,9,True,no
michael.roberts542@gmail.com,Female,Married,False,9,off,basic,8,8,positive,upi,cancelled,Germany,English,30,7,11,1,False,better,14,7,recent,12,False,yes
paul.miller710@gmail.com,Male,Married,False,4,on,premium,10,5,positive,card,cancelled,India,Hindi,20,11,190,3,True,better,8,1,very_old,20,False,yes
alexandra.rhodes122@gmail.com,Male,Married,False,2,off,basic,7,20,positive,upi,active,India,Telugu,39,19,111,3,False,good,7,0,old,11,False,yes
donald.williams968@gmail.com,Female,Single,True,5,on,premium,4,13,positive,upi,expired,India,Hindi,38,5,98,4,False,better,9,9,old,11,True,yes
ryan.morgan669@gmail.com,Male,Married,False,6,on,premium,10,4,neutral,card,expired,US,English,22,15,38,10,False,better,10,7,very_old,17,True,no
pamela.taylor616@gmail.com,Male,Married,False,1,off,basic,6,20,positive,upi,cancelled,Germany,Hindi,33,21,45,6,True,good,9,9,old,8,False,no
debra.mcdaniel166@gmail.com,Male,Single,True,2,on,gold,6,9,positive,upi,cancelled,Germany,English,45,16,16,5,False,good,9,10,very_old,9,True,no
chris.gibson368@gmail.com,Female,Married,True,6,off,gold,5,5,positive,paypal,active,US,English,19,15,66,8,True,better,3,1,very_old,4,False,no
samuel.daniels309@gmail.com,Male,Single,True,1,off,basic,8,10,neutral,card,active,India,Telugu,3,20,21,6,True,better,15,1,very_old,3,False,no
thomas.rowe374@gmail.com,Male,Married,True,8,off,premium,4,10,positive,upi,cancelled,Germany,Hindi,6,25,38,7,False,good,3,2,recent,11,False,no
kevin.romero211@gmail.com,Male,Single,True,8,on,gold,8,2,neutral,upi,expired,Germany,English,20,2,37,3,False,better,4,4,very_old,7,True,no
robert.butler751@gmail.com,Male,Single,True,1,on,basic,1,20,negative,paypal,active,US,Telugu,38,22,70,1,True,poor,16,2,recent,11,False,yes
steven.adams487@gmail.com,Male,Married,True,5,on,basic,8,1,neutral,upi,cancelled,Germany,Hindi,9,5,27,6,False,good,1,7,old,2,True,yes
janet.harris770@gmail.com,Female,Single,False,2,on,premium,1,0,negative,paypal,active,US,English,49,15,69,4,False,poor,16,2,very_old,8,True,yes
gary.richardson666@gmail.com,Male,Married,True,10,on,premium,2,0,positive,card,cancelled,UK,Telugu,2,7,123,9,True,good,3,3,very_old,20,False,no
randall.smith671@gmail.com,Male,Single,True,5,on,basic,6,15,neutral,upi,cancelled,India,Telugu,1,12,25,1,False,better,5,10,recent,13,True,no
amy.norton806@gmail.com,Male,Married,True,3,off,basic,8,17,positive,card,active,Germany,English,28,22,102,3,True,poor,5,9,recent,5,False,no
jason.pittman288@gmail.com,Male,Married,True,9,off,basic,2,4,positive,upi,expired,India,Hindi,27,9,197,1,True,good,11,10,very_old,6,True,no
brittney.wood664@gmail.com,Female,Single,False,2,on,basic,2,13,positive,card,expired,UK,Hindi,30,4,96,10,True,good,4,3,recent,15,True,yes
joshua.stephenson35@gmail.com,Male,Married,True,8,off,basic,10,10,positive,paypal,active,US,English,14,11,24,9,True,good,9,2,old,9,False,no
robert.marshall737@gmail.com,Female,Single,True,7,off,basic,4,15,negative,card,cancelled,India,Hindi,35,15,161,2,False,good,13,2,old,4,True,yes
thomas.mcdaniel715@gmail.com,Female,Married,False,4,off,premium,7,18,positive,paypal,expired,India,Hindi,2,2,88,1,False,poor,19,3,old,11,True,no
brian.gutierrez734@gmail.com,Male,Married,True,7,on,basic,7,0,neutral,paypal,expired,UK,English,2,22,30,1,True,poor,11,5,recent,15,False,yes
william.johnson586@gmail.com,Female,Married,True,7,on,basic,9,14,positive,card,active,US,Hindi,33,3,139,8,True,good,20,3,recent,6,True,no
david.thompson562@gmail.com,Male,Married,False,7,off,basic,4,1,negative,card,cancelled,India,Telugu,27,21,174,4,False,poor,2,1,recent,16,False,yes
amber.hernandez514@gmail.com,Female,Single,True,2,off,gold,3,12,neutral,paypal,active,India,English,5,18,110,2,True,better,2,7,very_old,13,True,no
jane.bennett26@gmail.com,Male,Married,True,5,off,basic,2,1,neutral,paypal,expired,UK,Hindi,21,0,44,5,True,better,18,1,recent,12,True,yes
joshua.baker164@gmail.com,Female,Single,True,8,on,basic,5,10,negative,card,cancelled,India,Hindi,10,8,35,8,True,poor,19,10,very_old,19,True,yes
stephanie.meyer735@gmail.com,Female,Single,False,10,on,premium,7,7,positive,card,cancelled,Germany,English,1,1,164,4,True,good,12,2,recent,16,True,no
tracy.lane357@gmail.com,Male,Married,False,4,off,gold,10,15,neutral,paypal,expired,Germany,Telugu,5,21,49,5,False,good,8,9,recent,10,True,no
shannon.cole887@gmail.com,Female,Married,False,8,on,gold,9,17,negative,card,expired,US,Hindi,41,6,60,9,True,better,3,0,very_old,5,True,yes
vickie.lambert91@gmail.com,Male,Single,True,9,off,basic,10,12,positive,card,expired,India,English,35,18,74,7,False,better,4,0,very_old,17,True,yes
brian.patrick156@gmail.com,Male,Single,False,2,on,premium,4,3,neutral,card,active,Germany,English,21,22,128,3,False,good,5,4,very_old,3,True,no
rachel.pearson182@gmail.com,Female,Single,True,8,off,basic,1,5,positive,upi,active,India,Telugu,46,19,181,8,False,good,3,8,recent,5,True,no
daniel.gardner486@gmail.com,Female,Single,True,9,on,basic,10,12,positive,paypal,cancelled,Germany,Hindi,36,18,49,5,False,poor,20,0,recent,11,True,yes
heather.gordon701@gmail.com,Male,Single,False,9,off,basic,4,3,neutral,upi,expired,US,Telugu,16,1,146,7,False,poor,6,8,very_old,13,False,yes
danielle.coleman256@gmail.com,Male,Married,False,2,off,premium,1,20,neutral,paypal,active,India,English,5,9,36,10,True,poor,8,10,old,5,False,no
alan.price277@gmail.com,Male,Single,True,1,off,premium,7,8,negative,upi,active,UK,English,42,1,120,10,False,better,18,4,very_old,0,False,yes
brett.galvan482@gmail.com,Female,Married,True,5,off,basic,2,0,negative,paypal,expired,Germany,Hindi,19,20,33,6,False,better,5,3,very_old,0,True,yes
patrick.williams481@gmail.com,Male,Single,False,4,on,premium,9,9,positive,paypal,cancelled,India,Telugu,19,6,63,10,False,better,7,5,old,17,True,yes
john.jacobson186@gmail.com,Male,Single,True,1,on,gold,1,14,positive,paypal,active,US,Hindi,2,6,47,6,True,good,9,0,old,16,False,no
jacob.conrad402@gmail.com,Male,Single,True,8,on,gold,2,15,positive,upi,active,US,Hindi,5,13,132,10,False,poor,5,3,old,17,False,no
kristen.alvarez610@gmail.com,Female,Married,True,10,on,basic,3,9,positive,upi,cancelled,US,Telugu,28,19,145,1,True,poor,3,1,old,19,False,yes
shelly.spence346@gmail.com,Male,Single,False,6,on,gold,1,12,negative,paypal,cancelled,US,Telugu,22,6,130,10,False,good,5,5,old,9,False,yes
patrick.mcpherson944@gmail.com,Female,Single,True,3,off,gold,6,10,negative,upi,cancelled,Germany,Hindi,13,2,40,3,False,poor,14,5,recent,12,False,no
brian.black145@gmail.com,Female,Married,True,6,off,gold,2,13,negative,upi,active,US,Telugu,30,5,124,6,False,poor,11,8,very_old,14,False,no
george.moore678@gmail.com,Female,Single,False,5,off,basic,6,9,negative,upi,expired,US,English,2,2,32,7,True,poor,18,4,very_old,10,False,yes
jose.young771@gmail.com,Male,Single,True,8,on,premium,9,20,neutral,upi,cancelled,Germany,Hindi,12,9,116,8,False,better,11,8,old,10,False,yes
monique.wallace710@gmail.com,Male,Married,True,3,off,basic,3,19,negative,paypal,expired,India,Telugu,8,3,32,8,False,better,7,2,very_old,13,False,yes
kathleen.stafford835@gmail.com,Male,Married,True,7,off,gold,9,9,neutral,paypal,cancelled,UK,English,45,12,123,1,True,poor,13,6,old,0,False,no
bryan.ferguson223@gmail.com,Male,Married,False,3,off,basic,6,15,neutral,upi,cancelled,Germany,Telugu,3,7,76,4,True,poor,18,0,old,19,True,no
john.ryan784@gmail.com,Female,Single,False,8,off,premium,1,13,positive,paypal,expired,UK,Telugu,35,1,152,4,True,better,16,4,very_old,2,True,no
christopher.gutierrez460@gmail.com,Female,Married,True,9,off,basic,2,14,neutral,upi,active,India,Telugu,31,21,30,1,True,good,4,10,very_old,10,True,no
jeffrey.huber288@gmail.com,Female,Single,True,5,off,premium,1,13,neutral,card,cancelled,Germany,Telugu,39,8,161,3,False,better,3,2,old,4,False,yes
michael.chavez99@gmail.com,Female,Single,False,2,off,basic,1,14,neutral,upi,active,US,Hindi,24,24,194,1,False,better,3,5,very_old,3,False,no
cindy.price8@gmail.com,Female,Married,True,2,on,basic,9,3,neutral,paypal,cancelled,US,English,3,12,141,1,False,good,17,3,old,11,False,no
jason.lee43@gmail.com,Male,Married,True,2,off,gold,10,1,positive,card,expired,Germany,Hindi,19,19,196,4,False,good,19,10,very_old,19,False,yes
mark.neal780@gmail.com,Female,Single,False,1,off,premium,3,12,positive,upi,expired,India,English,29,16,93,9,True,better,12,9,very_old,10,True,no
nichole.hamilton952@gmail.com,Male,Single,True,4,on,basic,9,18,positive,card,active,US,English,9,6,167,9,True,good,17,2,old,2,False,no
marie.villarreal803@gmail.com,Male,Single,False,4,on,premium,8,12,neutral,card,cancelled,Germany,Telugu,32,6,138,10,True,better,18,9,recent,11,False,no
melissa.miller854@gmail.com,Male,Single,True,4,on,gold,5,1,positive,upi,expired,US,English,37,20,95,6,False,better,9,7,old,5,True,yes
alicia.crawford92@gmail.com,Female,Married,True,4,on,gold,2,9,negative,card,expired,US,Hindi,8,7,57,3,False,poor,7,8,old,16,True,yes
kimberly.ortiz168@gmail.com,Female,Married,False,8,off,basic,5,0,positive,paypal,expired,India,Hindi,15,17,194,2,False,better,20,5,very_old,18,False,yes
emily.davis882@gmail.com,Female,Single,False,2,on,gold,2,0,neutral,paypal,cancelled,US,English,32,20,27,8,True,good,6,8,recent,13,False,no
christopher.george556@gmail.com,Male,Married,False,7,off,basic,3,0,negative,upi,active,UK,Telugu,26,13,55,8,False,good,19,9,recent,13,True,no
robert.marshall348@gmail.com,Female,Married,True,5,off,premium,1,20,neutral,upi,expired,India,Telugu,1,21,172,4,True,good,7,7,recent,3,False,no
alexander.waters391@gmail.com,Male,Single,True,6,on,basic,10,14,neutral,paypal,expired,US,Telugu,13,16,48,2,False,poor,13,9,very_old,19,True,yes
april.drake703@gmail.com,Female,Single,False,1,off,basic,2,6,positive,upi,expired,India,Telugu,41,25,195,2,True,better,12,10,old,18,False,no
harry.knox660@gmail.com,Male,Married,True,7,on,basic,1,4,negative,card,active,UK,Telugu,42,7,29,2,False,poor,1,10,old,11,False,yes
benjamin.thomas876@gmail.com,Male,Single,False,9,off,gold,9,7,negative,upi,cancelled,US,Telugu,42,14,154,1,False,better,17,6,old,7,False,yes
brandi.ferguson945@gmail.com,Male,Single,True,6,off,premium,9,10,negative,card,active,Germany,Hindi,49,1,176,4,False,better,1,3,old,13,True,no
donna.rich36@gmail.com,Female,Married,False,6,on,premium,5,13,neutral,upi,cancelled,India,Hindi,30,15,136,4,False,good,1,5,very_old,17,False,yes
jessica.singh129@gmail.com,Female,Married,False,8,on,premium,5,12,positive,card,expired,UK,English,30,5,78,7,False,better,5,0,very_old,1,True,no
max.davis8@gmail.com,Female,Married,True,9,on,premium,4,18,negative,card,expired,UK,English,44,24,92,10,False,better,19,2,very_old,3,True,yes
kelly.moore408@gmail.com,Female,Married,True,1,off,premium,5,10,negative,upi,cancelled,India,Telugu,14,10,184,8,True,better,14,7,recent,3,False,no
paul.mcconnell865@gmail.com,Female,Married,True,9,on,gold,4,12,neutral,upi,expired,Germany,Telugu,49,14,100,3,False,good,2,6,old,12,True,yes
rachel.perry15@gmail.com,Male,Single,False,8,on,premium,3,4,neutral,upi,expired,US,Telugu,27,4,36,1,True,better,11,7,recent,17,False,no
jacob.oliver186@gmail.com,Female,Single,False,2,off,gold,4,18,positive,paypal,cancelled,UK,Hindi,33,11,193,10,False,poor,15,2,recent,3,False,no
lisa.powell327@gmail.com,Female,Married,True,2,off,basic,4,14,negative,card,cancelled,India,Hindi,15,10,70,1,False,better,18,3,old,8,False,no
ashley.henry567@gmail.com,Female,Married,True,6,on,premium,2,17,negative,upi,active,US,English,19,1,87,6,True,poor,16,6,recent,12,False,yes
mark.campbell86@gmail.com,Female,Married,True,10,off,basic,5,10,neutral,card,expired,India,English,9,5,199,7,False,good,12,0,very_old,10,True,yes
joseph.miller75@gmail.com,Male,Married,True,6,off,basic,7,12,positive,card,active,Germany,Hindi,1,23,60,8,True,poor,4,1,old,4,False,no
dennis.porter543@gmail.com,Male,Single,True,7,off,gold,10,8,positive,card,expired,UK,Telugu,7,19,56,8,False,poor,8,5,old,9,False,no
robert.miller614@gmail.com,Female,Single,True,8,on,premium,6,3,negative,paypal,expired,US,English,40,0,14,3,False,better,11,6,very_old,3,True,yes
michelle.mcdonald891@gmail.com,Male,Married,True,7,on,gold,7,14,negative,upi,expired,US,Hindi,32,11,101,2,True,better,12,9,very_old,10,False,yes
danielle.fields127@gmail.com,Male,Married,True,2,on,basic,3,1,negative,upi,expired,US,Telugu,20,0,137,5,True,good,19,0,old,5,True,no
kristina.sherman824@gmail.com,Male,Single,True,7,on,premium,8,9,positive,card,active,India,English,38,9,26,3,True,poor,8,0,recent,17,False,no
randy.smith885@gmail.com,Female,Single,False,2,off,basic,7,18,negative,upi,active,UK,Telugu,24,22,111,7,True,poor,16,4,recent,2,False,no
keith.walsh632@gmail.com,Male,Married,False,7,on,basic,1,17,positive,paypal,active,India,English,41,6,159,7,True,better,13,5,recent,7,True,no
kimberly.brown918@gmail.com,Female,Married,False,2,on,gold,9,15,positive,upi,active,UK,Hindi,49,19,200,5,True,better,20,0,old,0,True,no
nathan.campbell418@gmail.com,Female,Married,True,2,on,basic,1,9,neutral,upi,active,UK,Telugu,13,14,173,5,True,poor,15,2,recent,12,True,no
jordan.hudson233@gmail.com,Male,Married,True,4,off,basic,1,8,negative,card,cancelled,US,Hindi,21,12,78,8,True,better,17,2,recent,5,False,no
karen.marquez407@gmail.com,Female,Single,False,10,off,premium,9,19,positive,card,expired,Germany,English,50,10,47,8,False,better,8,1,very_old,16,False,yes
derek.fry552@gmail.com,Male,Married,True,6,on,basic,1,6,negative,card,active,US,English,11,9,69,9,False,better,18,6,recent,18,False,yes
jack.morales232@gmail.com,Male,Married,False,8,on,basic,9,4,negative,upi,active,UK,Telugu,22,25,169,2,True,poor,6,1,recent,3,False,no
george.lee923@gmail.com,Male,Married,False,1,on,basic,6,3,negative,paypal,cancelled,US,Hindi,36,9,68,1,True,poor,6,5,old,5,False,yes
ronnie.smith997@gmail.com,Female,Single,False,9,off,basic,4,1,positive,upi,expired,Germany,Hindi,0,7,198,1,False,poor,14,10,recent,14,False,yes
charles.harrington271@gmail.com,Male,Married,False,9,on,basic,7,18,negative,paypal,active,US,Hindi,29,2,192,7,False,better,11,4,old,3,False,no
brandon.stevenson576@gmail.com,Female,Married,True,7,off,basic,8,11,neutral,card,cancelled,India,English,49,15,185,3,True,better,16,4,recent,20,False,yes
lisa.farrell928@gmail.com,Female,Married,False,7,off,basic,2,7,neutral,paypal,cancelled,India,English,33,9,191,7,False,better,20,6,very_old,13,True,yes
eric.williamson690@gmail.com,Male,Married,True,6,on,basic,6,7,negative,paypal,active,India,English,37,24,23,9,True,better,4,7,old,10,False,no
brittany.nguyen203@gmail.com,Female,Single,True,1,off,gold,1,9,neutral,upi,cancelled,US,English,33,2,180,5,True,good,2,4,very_old,6,False,no
mike.watson175@gmail.com,Female,Single,True,4,off,basic,7,10,negative,card,active,India,Hindi,31,11,182,7,False,better,14,7,very_old,8,True,no
stephen.adkins594@gmail.com,Female,Married,True,8,on,basic,6,6,negative,card,active,Germany,English,8,7,33,10,False,good,3,10,recent,16,True,yes
shawn.flores180@gmail.com,Male,Married,False,1,off,basic,1,19,negative,paypal,active,Germany,Telugu,34,2,135,1,True,poor,4,1,very_old,12,True,yes
andrea.vargas284@gmail.com,Male,Married,True,10,off,premium,1,5,positive,card,cancelled,UK,Telugu,16,13,190,2,True,poor,8,7,old,0,True,no
devin.jimenez206@gmail.com,Female,Single,False,6,off,premium,1,18,negative,upi,active,Germany,English,7,11,183,1,False,good,17,2,recent,16,False,no
kimberly.holland546@gmail.com,Male,Single,False,2,on,premium,10,18,neutral,card,cancelled,US,Hindi,40,11,140,3,True,better,2,0,very_old,0,True,no
leah.cummings281@gmail.com,Male,Married,True,1,off,premium,1,1,neutral,upi,active,US,English,25,24,182,10,False,good,12,7,very_old,11,True,yes
robert.mccall166@gmail.com,Female,Married,False,1,off,premium,7,18,positive,upi,cancelled,US,Telugu,20,9,150,3,False,poor,10,4,very_old,16,True,yes
benjamin.conner424@gmail.com,Female,Single,False,5,off,basic,3,1,positive,card,cancelled,US,Telugu,38,19,85,8,False,poor,6,2,old,9,True,yes
christina.meyer728@gmail.com,Female,Married,False,3,off,gold,3,13,neutral,paypal,expired,UK,English,19,20,23,6,True,good,7,2,recent,3,True,no
jorge.salazar449@gmail.com,Male,Single,True,10,off,gold,6,10,positive,card,active,Germany,English,28,0,163,9,True,better,6,8,recent,13,True,no
michael.garcia503@gmail.com,Male,Married,False,2,off,basic,6,14,positive,paypal,active,UK,Telugu,27,3,29,6,False,better,4,5,recent,6,True,no
amber.williams240@gmail.com,Female,Single,False,4,off,premium,6,6,neutral,paypal,active,UK,English,30,13,110,10,True,better,5,9,recent,2,False,no
katie.boyd641@gmail.com,Female,Single,False,6,off,premium,6,19,neutral,upi,active,UK,Telugu,15,19,151,10,True,poor,19,8,recent,14,False,no
shelley.ortega387@gmail.com,Male,Married,False,1,off,basic,1,10,neutral,upi,cancelled,US,Hindi,5,10,140,10,True,good,17,10,very_old,15,True,no
lauren.barron362@gmail.com,Female,Married,True,8,off,basic,6,8,negative,card,active,UK,Telugu,23,2,129,6,False,better,11,7,old,20,True,no
justin.white786@gmail.com,Male,Single,False,6,on,gold,1,19,neutral,upi,expired,UK,Telugu,12,7,106,5,False,good,14,2,recent,12,True,yes
jessica.nunez661@gmail.com,Male,Married,True,3,off,basic,9,20,negative,paypal,expired,India,Telugu,49,10,15,3,True,good,13,9,very_old,6,False,yes
erica.fernandez393@gmail.com,Male,Married,True,2,on,basic,1,14,neutral,upi,active,UK,Hindi,33,16,81,3,False,better,6,0,old,13,True,no
michael.harmon27@gmail.com,Male,Married,True,10,on,premium,3,12,neutral,card,expired,India,Hindi,46,14,114,9,True,poor,15,9,recent,13,True,no
jill.kelly937@gmail.com,Male,Single,True,9,off,gold,4,6,neutral,upi,cancelled,India,Telugu,1,13,28,3,True,better,14,4,old,15,False,yes
david.allen654@gmail.com,Female,Married,False,2,off,premium,4,20,negative,paypal,expired,US,English,29,15,167,3,False,good,10,10,recent,13,True,no
brianna.barton461@gmail.com,Male,Married,False,6,off,gold,3,14,negative,upi,expired,US,Hindi,29,4,25,1,True,better,6,7,recent,1,True,no
joshua.davis565@gmail.com,Male,Single,True,1,off,premium,1,7,neutral,card,expired,UK,English,4,11,160,4,False,poor,20,0,very_old,13,True,no
eric.phillips807@gmail.com,Female,Married,True,1,on,premium,4,7,neutral,upi,cancelled,US,Hindi,39,20,45,4,True,better,19,9,old,5,True,yes
michael.jordan484@gmail.com,Male,Single,True,10,on,gold,7,18,positive,paypal,expired,UK,English,46,18,48,9,True,better,8,0,recent,18,False,no
brian.romero871@gmail.com,Male,Married,True,9,on,basic,2,17,neutral,paypal,expired,Germany,Hindi,39,9,80,8,False,poor,6,2,old,8,False,yes
elizabeth.myers714@gmail.com,Female,Single,True,10,off,premium,1,15,neutral,paypal,cancelled,Germany,English,10,19,105,2,True,good,4,3,old,3,True,no
patricia.ferguson898@gmail.com,Female,Single,True,9,on,premium,8,12,neutral,upi,active,India,English,38,10,190,6,False,good,1,3,very_old,3,False,no
michelle.washington173@gmail.com,Female,Married,False,8,on,basic,5,16,positive,upi,expired,India,Hindi,19,25,14,1,False,good,8,1,old,14,False,yes
shelby.lynch433@gmail.com,Male,Married,True,2,on,basic,6,6,positive,paypal,cancelled,UK,English,34,22,166,5,False,poor,13,6,old,1,False,no
antonio.roberts430@gmail.com,Female,Single,False,1,on,basic,2,4,negative,upi,active,India,Hindi,37,12,114,1,False,better,19,9,old,5,True,no
james.reynolds971@gmail.com,Male,Single,True,4,off,gold,9,5,negative,upi,expired,UK,Telugu,6,0,128,9,False,good,7,0,very_old,16,True,yes
brian.smith221@gmail.com,Female,Single,False,5,on,gold,6,20,positive,card,active,US,Telugu,5,21,58,9,True,better,7,2,old,5,False,no
jean.gill510@gmail.com,Female,Single,True,7,on,premium,2,2,negative,card,cancelled,US,Telugu,23,23,37,9,False,poor,15,4,recent,10,True,yes
karen.glass890@gmail.com,Male,Single,True,7,on,basic,5,14,positive,card,cancelled,India,Hindi,22,25,92,10,False,better,14,2,old,20,False,yes
robert.woodard720@gmail.com,Male,Married,False,5,off,gold,7,7,positive,card,expired,US,Hindi,41,6,94,5,True,better,18,5,recent,19,False,yes
nathan.roberts865@gmail.com,Male,Single,True,6,on,basic,2,18,positive,upi,cancelled,Germany,English,10,5,101,3,False,better,20,1,recent,3,False,yes
brandon.garcia167@gmail.com,Female,Single,True,6,off,basic,9,2,positive,upi,expired,UK,Telugu,49,13,108,10,False,better,3,10,recent,13,True,yes
christopher.pearson908@gmail.com,Female,Married,True,5,off,gold,5,10,neutral,card,cancelled,India,English,17,15,64,2,True,good,16,3,old,11,False,no
patricia.rodriguez477@gmail.com,Male,Single,True,2,off,premium,10,6,neutral,upi,expired,India,Hindi,22,4,149,1,False,poor,10,5,recent,14,True,yes
jeffrey.simmons265@gmail.com,Female,Married,True,7,on,premium,4,16,positive,paypal,active,UK,Telugu,11,12,63,5,True,good,19,3,very_old,11,False,no
christine.brown608@gmail.com,Female,Married,True,2,off,gold,10,17,negative,card,expired,UK,Hindi,22,15,140,9,True,good,16,1,recent,19,True,yes
kristen.green644@gmail.com,Female,Single,True,5,off,gold,2,5,negative,paypal,active,US,Hindi,10,24,161,6,True,good,11,1,recent,3,True,no
michael.ingram738@gmail.com,Male,Married,False,10,off,basic,7,7,positive,card,cancelled,US,English,14,20,187,6,True,poor,5,10,old,6,False,no
anthony.zimmerman942@gmail.com,Male,Married,True,6,off,basic,5,6,neutral,paypal,expired,UK,Telugu,24,6,107,1,False,better,6,8,very_old,10,False,yes
james.anderson734@gmail.com,Female,Single,True,5,on,premium,10,20,neutral,paypal,active,UK,English,9,24,103,7,True,poor,4,4,recent,9,False,no
david.stein849@gmail.com,Male,Single,False,9,on,premium,7,14,neutral,card,expired,India,Telugu,50,2,64,7,False,better,8,1,old,11,True,no
heather.holden614@gmail.com,Male,Single,True,2,off,premium,3,1,positive,card,active,UK,Telugu,50,23,127,2,True,poor,20,8,old,13,False,no
adrienne.lee571@gmail.com,Female,Married,False,7,on,gold,7,9,negative,card,cancelled,UK,English,20,4,10,3,True,better,3,6,very_old,17,False,yes
marie.wise828@gmail.com,Female,Single,True,7,on,premium,6,7,negative,paypal,expired,UK,English,8,1,16,3,True,poor,9,2,old,1,True,no
jason.carr710@gmail.com,Male,Single,False,10,on,gold,8,13,negative,upi,expired,India,Telugu,48,22,122,9,False,poor,20,2,very_old,16,False,yes
laura.clark716@gmail.com,Female,Single,False,4,on,basic,5,13,negative,paypal,cancelled,India,Telugu,29,17,35,7,True,good,17,3,very_old,7,False,yes
alexandra.fowler317@gmail.com,Male,Single,False,3,off,premium,3,10,neutral,card,cancelled,Germany,English,17,19,28,9,True,better,20,5,recent,19,True,yes
kelly.jenkins29@gmail.com,Male,Married,False,7,off,gold,2,16,negative,card,expired,UK,English,2,25,151,8,True,good,14,7,old,5,False,no
jennifer.rodriguez424@gmail.com,Male,Married,False,9,on,gold,3,11,neutral,upi,expired,Germany,Hindi,46,4,26,9,False,poor,12,5,very_old,18,True,yes
susan.rush303@gmail.com,Male,Married,True,5,on,basic,9,9,neutral,paypal,active,India,Hindi,32,3,27,3,False,better,5,6,old,7,False,no
hannah.white560@gmail.com,Female,Single,False,6,on,premium,9,19,negative,paypal,expired,US,Hindi,4,17,30,4,True,good,9,2,old,19,True,yes
peter.hernandez298@gmail.com,Female,Married,True,4,on,basic,6,19,neutral,paypal,cancelled,India,Telugu,42,14,123,1,False,better,7,2,very_old,16,True,yes
amanda.camacho486@gmail.com,Female,Single,True,9,off,premium,6,5,neutral,card,active,Germany,Hindi,33,1,75,7,False,good,20,0,very_old,4,False,no
michael.odonnell281@gmail.com,Female,Single,True,6,off,gold,3,10,neutral,paypal,expired,UK,Telugu,37,15,117,1,False,good,4,9,recent,13,True,yes
audrey.tucker606@gmail.com,Female,Single,True,6,on,premium,9,8,negative,paypal,expired,US,Hindi,39,13,188,10,True,better,19,7,old,1,False,no
nicholas.aguilar672@gmail.com,Male,Single,True,6,on,gold,1,11,positive,card,cancelled,US,Telugu,21,14,64,9,True,poor,17,1,very_old,17,True,yes
gina.mckenzie713@gmail.com,Male,Single,False,1,on,gold,1,7,negative,card,active,US,Telugu,40,5,174,5,True,poor,18,4,recent,19,True,yes
michael.gonzalez456@gmail.com,Female,Married,True,1,off,gold,3,17,neutral,upi,expired,US,English,4,13,133,2,False,good,19,3,very_old,13,True,yes
zachary.lee247@gmail.com,Male,Single,False,8,off,gold,8,6,negative,card,active,India,Telugu,12,22,49,2,False,better,9,10,very_old,4,True,no
ashley.morales145@gmail.com,Female,Married,False,5,off,gold,2,3,positive,upi,expired,UK,English,13,6,11,10,True,good,12,10,very_old,1,True,no
justin.nelson327@gmail.com,Female,Married,False,3,on,premium,9,4,neutral,upi,cancelled,US,English,45,19,47,9,True,better,1,0,recent,11,False,yes
michelle.clark924@gmail.com,Female,Married,True,10,on,gold,3,4,positive,card,expired,India,Hindi,31,0,26,3,True,better,12,3,very_old,17,False,no
dennis.gomez52@gmail.com,Female,Single,True,5,on,premium,5,14,negative,card,active,UK,Hindi,47,2,110,10,True,poor,2,6,very_old,14,False,yes
rachel.vasquez250@gmail.com,Male,Single,True,6,on,premium,4,1,negative,card,cancelled,UK,English,20,19,194,8,False,good,12,7,recent,3,True,no
wendy.stone405@gmail.com,Male,Single,False,6,off,premium,10,13,negative,upi,expired,US,Hindi,26,13,172,4,True,good,5,0,old,14,False,yes
kevin.sutton824@gmail.com,Female,Married,False,7,on,basic,8,17,positive,card,cancelled,UK,English,46,22,195,7,True,poor,9,2,very_old,13,True,no
hannah.taylor452@gmail.com,Female,Single,True,5,on,gold,7,6,negative,card,expired,Germany,Telugu,46,2,178,10,False,good,18,6,old,4,False,yes
brandon.jones947@gmail.com,Male,Single,False,2,on,basic,4,18,negative,card,cancelled,US,English,27,10,165,5,True,poor,11,2,old,2,True,yes
adam.young120@gmail.com,Male,Married,False,10,on,gold,4,16,negative,card,active,UK,Telugu,36,20,11,9,True,good,20,5,old,15,False,no
todd.ryan740@gmail.com,Male,Married,True,2,on,premium,7,4,neutral,card,active,US,Telugu,39,10,189,4,False,poor,9,8,old,13,False,no
julia.lamb422@gmail.com,Female,Married,False,9,off,basic,8,1,negative,paypal,active,Germany,Hindi,0,9,43,9,True,poor,7,9,very_old,11,True,no
emily.freeman754@gmail.com,Male,Single,True,3,on,basic,5,20,positive,card,expired,India,English,23,17,34,3,True,better,15,8,old,4,False,no
kari.rowe102@gmail.com,Male,Married,True,3,on,gold,9,15,neutral,paypal,expired,India,Telugu,47,9,199,3,True,good,17,5,recent,6,True,yes
david.riggs801@gmail.com,Male,Single,True,5,on,premium,10,6,positive,paypal,expired,India,Telugu,1,22,142,5,True,good,20,9,very_old,18,False,no
deanna.rivera878@gmail.com,Male,Single,False,3,off,basic,10,19,positive,paypal,cancelled,US,Hindi,15,1,168,5,False,better,2,2,very_old,16,True,no
holly.gray652@gmail.com,Male,Married,True,7,on,premium,6,9,negative,paypal,active,UK,Telugu,21,4,170,8,True,good,10,5,old,8,False,no
ronald.johnson556@gmail.com,Male,Single,False,9,off,premium,4,17,negative,card,active,US,Telugu,3,8,85,2,False,poor,10,3,recent,4,True,no
gregory.james313@gmail.com,Female,Married,False,1,off,premium,3,18,neutral,card,expired,US,Telugu,24,14,136,3,False,good,18,6,very_old,1,True,no
suzanne.vega42@gmail.com,Male,Married,False,4,off,basic,9,13,neutral,upi,expired,Germany,Telugu,28,10,112,3,True,better,2,8,recent,17,False,yes
sheila.reyes183@gmail.com,Male,Single,True,3,off,gold,2,10,positive,card,expired,US,Telugu,35,11,106,4,True,good,2,10,very_old,17,True,yes
melissa.davis223@gmail.com,Female,Married,False,3,on,basic,8,0,negative,upi,cancelled,India,English,29,19,30,8,True,good,15,4,old,19,False,yes
jennifer.calhoun122@gmail.com,Female,Single,True,9,on,basic,4,11,negative,upi,active,Germany,English,1,6,164,9,True,better,11,6,recent,2,False,no
lucas.thomas721@gmail.com,Male,Single,True,3,off,premium,6,7,neutral,paypal,active,UK,Telugu,14,3,106,2,False,better,9,3,recent,20,True,no
kelli.reed434@gmail.com,Female,Married,True,1,off,gold,6,1,neutral,card,cancelled,Germany,English,44,20,97,3,False,poor,16,4,very_old,9,False,yes
robert.foster760@gmail.com,Male,Single,True,8,on,premium,5,10,neutral,card,expired,Germany,English,45,18,133,5,False,good,11,5,very_old,20,False,yes
lacey.williams289@gmail.com,Male,Single,False,7,on,premium,5,8,positive,paypal,expired,India,English,21,5,117,4,True,poor,8,0,recent,0,True,no
debra.alexander739@gmail.com,Female,Married,True,9,off,gold,4,17,positive,paypal,expired,US,Telugu,6,4,26,6,True,better,1,5,very_old,20,True,yes
craig.harvey921@gmail.com,Male,Married,False,4,on,gold,5,3,negative,upi,expired,US,English,1,18,132,9,False,better,6,9,recent,10,True,no
eric.miller80@gmail.com,Male,Single,True,2,off,gold,3,12,positive,card,cancelled,UK,Telugu,4,7,167,3,True,better,5,8,very_old,4,True,no
tommy.mercer85@gmail.com,Male,Married,True,9,off,gold,2,4,negative,card,cancelled,Germany,Hindi,35,19,67,8,True,poor,8,8,very_old,6,True,no
bryce.friedman918@gmail.com,Male,Single,True,3,off,basic,6,4,positive,card,cancelled,India,Telugu,15,19,132,8,True,good,18,2,recent,10,False,no
bradley.page23@gmail.com,Female,Married,False,7,on,gold,1,8,neutral,card,active,India,Hindi,37,16,56,10,False,better,15,1,very_old,11,True,no
lauren.shaw282@gmail.com,Male,Single,True,8,off,basic,4,0,neutral,paypal,expired,India,English,12,5,20,6,False,poor,6,2,recent,4,False,no
jennifer.silva174@gmail.com,Female,Married,False,1,off,premium,2,8,negative,upi,expired,India,Telugu,48,24,75,7,True,poor,5,9,old,9,True,yes
kathryn.hill986@gmail.com,Female,Married,True,5,off,gold,1,8,neutral,paypal,expired,Germany,Telugu,2,16,194,10,False,good,4,4,recent,19,True,no
matthew.kim370@gmail.com,Male,Single,False,8,on,basic,8,4,positive,card,expired,UK,Hindi,35,24,137,9,True,good,11,9,old,3,True,no
jeffrey.graham29@gmail.com,Male,Married,True,7,off,premium,5,2,positive,paypal,cancelled,US,Hindi,11,6,90,4,True,better,11,7,recent,17,False,yes
joyce.bonilla93@gmail.com,Female,Single,True,9,off,premium,1,10,positive,upi,cancelled,India,Telugu,11,20,195,6,True,poor,3,4,recent,9,False,yes
amy.green788@gmail.com,Female,Married,True,7,on,gold,10,16,negative,card,active,UK,English,45,2,49,6,True,better,19,7,old,17,True,no
kenneth.thomas873@gmail.com,Male,Married,True,8,off,premium,3,9,negative,card,cancelled,India,Telugu,13,9,45,9,True,better,11,1,very_old,9,True,yes
michelle.ray218@gmail.com,Female,Married,True,7,on,gold,2,12,neutral,paypal,cancelled,India,Telugu,5,22,148,7,True,good,18,9,old,18,True,no
angela.myers481@gmail.com,Female,Single,False,8,on,basic,8,15,positive,paypal,cancelled,UK,Telugu,40,0,196,8,True,good,1,1,very_old,11,False,yes
jennifer.cooper464@gmail.com,Male,Single,True,3,off,basic,5,15,positive,paypal,expired,UK,Telugu,21,12,163,4,False,poor,4,4,recent,8,False,no
lisa.dawson78@gmail.com,Female,Married,False,3,on,basic,6,1,positive,upi,active,UK,English,23,16,178,3,True,poor,7,4,old,17,False,no
renee.mcgee852@gmail.com,Male,Single,True,1,off,basic,9,15,neutral,upi,active,India,Hindi,21,11,70,10,False,better,12,1,recent,19,True,no
susan.wu753@gmail.com,Male,Single,False,8,on,premium,6,7,neutral,card,active,India,Telugu,4,8,156,4,True,better,19,4,very_old,7,False,no
kristen.moran32@gmail.com,Female,Married,True,9,on,premium,10,19,neutral,card,active,UK,Telugu,2,24,159,4,True,poor,17,8,old,11,False,no
kristina.pearson714@gmail.com,Female,Single,True,7,off,basic,7,11,positive,card,expired,UK,Telugu,39,16,43,5,True,good,7,9,old,11,True,yes
frank.owens416@gmail.com,Female,Married,True,7,on,gold,8,13,negative,upi,active,India,Hindi,30,19,177,3,False,better,6,5,old,13,False,no
cheryl.dixon867@gmail.com,Male,Single,False,6,off,premium,3,9,negative,paypal,cancelled,US,English,6,18,140,1,False,better,13,1,recent,8,False,no
anthony.vega176@gmail.com,Female,Married,False,10,off,basic,2,6,positive,card,expired,UK,Hindi,0,15,106,3,False,poor,2,9,old,15,True,no
april.rogers592@gmail.com,Female,Single,False,4,on,premium,1,16,negative,paypal,expired,India,Hindi,49,3,74,8,True,good,1,5,very_old,3,False,yes
jessica.hamilton151@gmail.com,Female,Married,False,7,on,premium,2,1,positive,upi,expired,Germany,Hindi,44,23,126,1,True,good,5,9,old,13,False,no
dale.sandoval620@gmail.com,Male,Single,False,1,on,gold,1,2,positive,paypal,active,India,Telugu,18,11,46,10,False,good,7,4,very_old,20,True,no
richard.williams752@gmail.com,Female,Married,False,7,off,basic,7,9,neutral,upi,cancelled,US,Hindi,8,19,69,7,True,poor,18,6,very_old,5,False,yes
jessica.henry947@gmail.com,Female,Single,False,4,off,premium,1,20,negative,upi,active,UK,Hindi,50,15,171,1,True,good,15,1,old,15,True,yes
susan.brown420@gmail.com,Female,Married,False,6,off,premium,3,5,neutral,paypal,expired,US,Hindi,2,15,51,9,False,good,4,3,very_old,15,True,no
rebecca.campbell698@gmail.com,Male,Married,False,1,on,premium,10,9,neutral,upi,expired,US,Hindi,15,3,177,8,True,better,5,7,old,15,False,no
john.robles187@gmail.com,Female,Married,False,5,off,gold,9,16,neutral,upi,cancelled,US,Hindi,27,15,39,2,False,poor,14,5,very_old,4,False,no
faith.huynh485@gmail.com,Male,Single,False,3,on,basic,7,8,positive,card,expired,India,English,19,21,15,9,True,good,10,5,old,0,False,no
michael.schaefer240@gmail.com,Female,Single,True,2,off,gold,6,1,positive,card,active,US,English,10,3,112,10,True,good,18,0,very_old,13,True,no
melissa.wood381@gmail.com,Female,Single,True,3,on,premium,9,13,positive,paypal,active,Germany,Hindi,9,16,23,8,False,better,8,2,very_old,15,False,no
anthony.munoz79@gmail.com,Male,Single,False,8,on,gold,1,6,neutral,paypal,active,India,Telugu,34,3,70,7,True,good,7,6,recent,11,False,no
ashley.snyder565@gmail.com,Female,Married,False,7,off,gold,6,15,negative,card,cancelled,Germany,Hindi,7,6,43,8,False,good,2,0,recent,18,False,yes
juan.serrano912@gmail.com,Female,Married,False,4,on,gold,4,19,neutral,card,cancelled,US,English,23,13,52,4,True,good,3,2,recent,5,True,no
john.wilson489@gmail.com,Male,Married,False,5,on,premium,10,0,neutral,card,active,India,English,42,3,73,2,False,better,15,2,very_old,12,False,no
david.cummings106@gmail.com,Male,Married,False,5,on,basic,9,0,negative,upi,expired,India,English,37,9,94,6,False,good,9,9,very_old,4,False,yes
lisa.smith71@gmail.com,Female,Single,False,2,on,gold,5,10,negative,card,active,UK,Telugu,30,6,52,6,True,good,9,4,old,5,False,no
crystal.long945@gmail.com,Male,Married,True,1,on,gold,7,7,negative,paypal,cancelled,UK,Telugu,45,7,164,5,False,good,4,0,very_old,4,False,yes
jasmine.house448@gmail.com,Female,Married,False,1,on,premium,2,18,neutral,card,expired,US,Hindi,30,25,126,8,True,good,13,1,old,3,False,no
albert.wilson301@gmail.com,Male,Married,True,9,on,premium,5,4,neutral,card,cancelled,US,Telugu,37,13,92,5,True,better,1,5,old,5,True,no
charles.bean643@gmail.com,Female,Married,True,5,off,premium,10,4,negative,upi,expired,India,Telugu,30,24,133,7,False,better,1,4,old,19,True,yes
ronald.taylor448@gmail.com,Female,Married,False,8,off,premium,1,18,neutral,upi,expired,UK,Telugu,5,23,138,6,True,poor,2,2,very_old,1,True,no
randy.morse106@gmail.com,Male,Married,True,8,on,gold,4,16,negative,upi,expired,UK,English,20,9,130,7,True,poor,5,4,old,9,True,no
shannon.pacheco667@gmail.com,Female,Single,True,6,on,gold,4,4,neutral,upi,cancelled,India,Hindi,13,0,117,3,False,poor,7,4,very_old,8,False,no
kristen.sheppard447@gmail.com,Male,Married,True,4,on,premium,5,0,negative,card,expired,Germany,Hindi,16,0,197,1,False,good,12,2,very_old,7,True,yes
daniel.valentine76@gmail.com,Male,Single,False,3,on,basic,9,15,negative,card,expired,US,English,28,5,71,4,False,better,15,4,recent,0,True,no
angelica.taylor68@gmail.com,Female,Married,True,10,off,basic,8,15,positive,paypal,cancelled,Germany,English,8,19,90,8,True,poor,9,5,recent,5,True,yes
jeremy.fuller950@gmail.com,Female,Single,True,3,off,premium,7,13,neutral,card,expired,US,Hindi,3,1,177,9,False,poor,3,4,very_old,1,False,yes
sarah.johnson554@gmail.com,Female,Single,False,1,on,premium,6,3,neutral,upi,cancelled,US,English,28,1,10,6,True,poor,6,7,old,9,False,yes
gregory.gillespie856@gmail.com,Female,Single,True,1,off,premium,1,20,negative,upi,active,UK,English,32,23,58,10,False,poor,20,8,old,6,True,no
veronica.bowman570@gmail.com,Male,Married,False,1,off,basic,1,15,positive,paypal,active,UK,Hindi,46,25,131,9,True,better,18,6,old,19,True,no
stephen.turner393@gmail.com,Female,Single,True,2,off,gold,2,8,negative,upi,active,UK,Telugu,43,10,190,5,False,better,15,8,very_old,0,True,no
jonathan.suarez62@gmail.com,Male,Single,False,1,off,basic,9,17,negative,paypal,cancelled,UK,English,29,10,144,7,False,poor,12,9,very_old,4,False,yes
samuel.romero601@gmail.com,Female,Married,False,8,on,basic,6,13,positive,upi,active,US,English,50,15,146,6,True,better,5,9,recent,15,False,yes
emily.valencia601@gmail.com,Female,Single,True,7,on,basic,5,18,positive,paypal,active,Germany,Hindi,19,22,64,9,True,good,9,7,recent,7,True,no
rebecca.hogan735@gmail.com,Female,Married,False,7,off,gold,1,15,positive,upi,active,Germany,Telugu,46,0,168,4,False,poor,2,4,old,13,True,no
kendra.hall505@gmail.com,Female,Single,False,4,off,basic,3,16,positive,paypal,active,Germany,Hindi,6,18,89,7,True,better,17,6,recent,7,False,no
philip.daniels185@gmail.com,Female,Single,True,3,off,gold,10,6,neutral,paypal,expired,Germany,English,26,0,124,10,False,poor,4,1,very_old,0,True,yes
stacey.lam670@gmail.com,Male,Single,True,3,on,basic,4,3,positive,card,cancelled,UK,Hindi,9,21,179,4,True,better,2,6,recent,9,True,no
thomas.jackson52@gmail.com,Female,Married,False,8,on,premium,6,13,positive,paypal,expired,Germany,Hindi,4,14,195,8,False,good,11,6,very_old,9,False,no
ashley.melendez204@gmail.com,Female,Single,False,10,off,basic,6,5,positive,upi,expired,US,Hindi,20,0,192,10,False,poor,10,3,recent,18,True,yes
sandra.mendoza319@gmail.com,Female,Single,True,4,on,gold,4,19,neutral,card,active,Germany,Hindi,41,22,65,4,True,better,15,6,very_old,8,True,no
michelle.martin148@gmail.com,Female,Married,True,4,off,gold,4,18,positive,paypal,expired,US,Telugu,36,1,87,3,False,better,8,3,very_old,19,False,no
kenneth.moore813@gmail.com,Male,Single,False,7,on,basic,10,15,positive,paypal,active,Germany,Telugu,37,20,200,10,True,better,10,3,very_old,16,True,no
bernard.nielsen312@gmail.com,Male,Single,True,5,off,basic,8,2,neutral,card,cancelled,Germany,Telugu,17,8,200,9,True,poor,17,1,recent,10,True,yes
jon.parker352@gmail.com,Female,Married,True,10,off,premium,2,14,negative,paypal,expired,UK,Telugu,25,15,57,10,False,good,12,2,recent,20,True,yes
tina.brown382@gmail.com,Male,Single,False,6,on,gold,3,2,negative,upi,expired,India,English,28,25,105,6,False,good,19,0,old,9,False,yes
zachary.huerta273@gmail.com,Female,Single,True,7,on,basic,9,10,negative,paypal,cancelled,India,English,2,25,186,3,False,better,3,2,old,5,False,yes
stephanie.peterson784@gmail.com,Female,Married,True,7,on,premium,6,17,neutral,card,expired,India,Hindi,5,8,118,3,False,good,10,0,very_old,4,False,yes
chloe.berger547@gmail.com,Female,Married,False,4,on,gold,10,11,positive,paypal,cancelled,US,Telugu,42,15,113,6,False,poor,16,8,recent,8,True,yes
tara.douglas973@gmail.com,Male,Single,False,9,off,premium,3,1,neutral,card,active,India,Telugu,49,10,149,8,True,better,6,9,very_old,1,True,no
john.jensen911@gmail.com,Male,Single,True,8,on,gold,10,9,neutral,upi,cancelled,UK,English,24,18,78,7,True,good,18,3,very_old,8,False,no
harold.joseph429@gmail.com,Female,Married,True,7,on,basic,6,17,positive,paypal,expired,US,Hindi,0,20,196,10,False,better,4,10,old,16,False,yes
lindsay.allen630@gmail.com,Male,Single,True,6,off,gold,10,13,negative,paypal,cancelled,US,English,5,3,18,1,False,poor,4,9,old,10,True,no
robert.garcia653@gmail.com,Female,Married,False,3,on,basic,8,14,neutral,card,cancelled,Germany,Telugu,39,18,101,10,False,good,15,5,very_old,16,True,yes
julie.reyes441@gmail.com,Male,Single,True,3,off,basic,10,15,negative,paypal,cancelled,Germany,Telugu,29,4,144,2,True,better,12,0,old,5,True,no
nicole.johns66@gmail.com,Male,Married,False,10,off,basic,4,11,positive,card,active,Germany,Telugu,16,11,174,8,True,poor,1,5,old,0,False,no
brandon.meyer674@gmail.com,Female,Married,False,4,off,basic,10,12,negative,paypal,cancelled,India,English,17,15,80,10,False,poor,15,6,recent,17,False,yes
nichole.acosta913@gmail.com,Female,Married,True,4,off,gold,10,7,neutral,paypal,expired,US,Telugu,0,12,184,4,True,poor,3,2,recent,2,True,no
lynn.morales75@gmail.com,Male,Married,True,10,on,basic,2,5,neutral,upi,expired,India,English,4,7,196,3,False,better,12,1,very_old,11,True,yes
nicole.rowe150@gmail.com,Female,Single,True,6,off,gold,1,8,negative,paypal,cancelled,UK,Hindi,36,23,182,6,True,poor,20,5,recent,12,False,yes
brian.snyder421@gmail.com,Female,Single,False,6,on,basic,10,11,negative,paypal,active,Germany,Hindi,0,25,51,9,True,better,15,7,very_old,9,False,no
jenny.stevens730@gmail.com,Female,Single,True,7,off,gold,4,19,neutral,card,cancelled,Germany,Hindi,3,20,124,5,False,good,2,8,old,18,True,no
justin.evans601@gmail.com,Female,Married,True,4,on,premium,4,8,positive,upi,active,US,English,22,2,103,1,True,good,20,5,recent,14,False,no
lisa.cabrera550@gmail.com,Female,Single,False,3,on,premium,5,9,positive,paypal,cancelled,US,Telugu,18,9,88,4,False,poor,4,4,very_old,14,True,yes
nicole.fletcher113@gmail.com,Female,Single,False,10,off,basic,3,12,neutral,paypal,expired,UK,Telugu,24,14,45,6,True,poor,9,5,recent,14,True,yes
nicholas.george537@gmail.com,Female,Married,False,9,off,gold,9,18,neutral,upi,cancelled,UK,Telugu,0,25,181,4,True,poor,12,6,very_old,13,False,yes
jason.guerrero160@gmail.com,Male,Single,False,2,off,basic,3,8,negative,upi,expired,Germany,English,30,9,46,6,False,poor,3,0,very_old,2,True,yes
marvin.henderson940@gmail.com,Female,Married,True,9,on,premium,10,0,positive,upi,active,India,English,33,5,37,7,False,poor,7,3,recent,11,True,no
hannah.williams486@gmail.com,Male,Single,True,1,off,gold,10,4,negative,card,expired,UK,Telugu,28,10,38,10,True,good,14,1,old,1,False,yes
angelica.brown355@gmail.com,Female,Married,False,6,on,basic,2,7,neutral,paypal,cancelled,Germany,Hindi,41,23,68,3,False,better,4,9,recent,19,False,no
curtis.scott177@gmail.com,Female,Single,False,5,off,basic,2,20,negative,card,expired,US,Telugu,18,17,108,2,True,poor,10,6,very_old,3,False,no
brian.medina161@gmail.com,Female,Married,True,10,on,premium,5,7,negative,card,active,US,Telugu,34,11,186,3,True,poor,20,2,recent,17,False,no
chad.young685@gmail.com,Female,Single,False,8,off,gold,7,12,neutral,upi,cancelled,Germany,English,4,22,82,6,True,better,16,5,old,1,True,no
christopher.young208@gmail.com,Male,Single,True,7,on,premium,10,7,neutral,card,cancelled,US,Hindi,11,12,113,5,False,good,16,8,very_old,6,True,no
thomas.lowe108@gmail.com,Male,Married,True,3,on,basic,3,9,negative,upi,cancelled,US,English,13,8,154,9,True,good,8,10,very_old,15,True,yes
megan.logan536@gmail.com,Male,Single,True,5,off,basic,5,5,negative,card,expired,US,Telugu,35,7,34,10,True,good,20,10,recent,9,True,yes
stacy.cook635@gmail.com,Female,Married,True,3,on,gold,2,7,positive,card,expired,UK,Hindi,14,21,49,7,True,good,4,6,recent,13,False,no
rachel.faulkner0@gmail.com,Female,Single,False,8,off,premium,7,18,positive,card,expired,UK,English,27,19,120,7,True,good,8,6,recent,12,False,yes
sarah.riley427@gmail.com,Female,Single,False,5,off,basic,1,2,neutral,upi,expired,UK,Hindi,25,4,11,4,False,poor,17,2,old,3,True,no
heather.patel258@gmail.com,Female,Single,True,2,off,premium,9,20,neutral,paypal,expired,UK,English,12,19,187,1,True,poor,13,5,old,10,False,no
brett.gallegos439@gmail.com,Female,Married,False,5,on,gold,10,9,negative,upi,cancelled,Germany,Hindi,12,11,184,7,False,poor,2,1,old,18,False,yes
joan.clark630@gmail.com,Male,Married,False,3,on,basic,8,17,negative,paypal,expired,India,Hindi,21,16,170,2,True,better,1,2,old,1,True,no
james.robinson59@gmail.com,Female,Married,False,8,off,premium,1,2,negative,paypal,cancelled,Germany,English,14,3,166,9,True,better,3,2,very_old,7,False,yes
michael.wang956@gmail.com,Female,Married,True,2,off,premium,3,16,positive,paypal,cancelled,UK,Telugu,35,22,112,6,False,better,20,6,very_old,1,False,yes
james.rodgers283@gmail.com,Male,Single,True,2,on,basic,4,8,negative,paypal,cancelled,India,English,47,5,89,6,False,good,6,3,very_old,16,False,yes
ross.silva370@gmail.com,Male,Single,False,7,off,gold,9,19,neutral,card,expired,India,Telugu,28,23,27,3,True,good,2,8,very_old,16,True,yes
jesse.garcia284@gmail.com,Male,Single,False,7,on,gold,7,10,negative,card,active,UK,Hindi,46,14,101,10,False,poor,20,2,very_old,15,False,yes
william.villegas786@gmail.com,Male,Single,False,8,off,basic,5,1,negative,card,active,India,Telugu,28,3,131,9,True,poor,19,4,old,11,True,no
timothy.white138@gmail.com,Female,Single,False,2,off,gold,10,11,neutral,card,active,India,English,49,17,127,10,False,poor,6,4,old,10,True,no
jason.shepard758@gmail.com,Male,Married,False,9,on,gold,9,16,negative,paypal,cancelled,US,Hindi,42,16,194,5,False,better,10,7,very_old,12,False,yes
connie.smith364@gmail.com,Female,Married,True,6,on,gold,1,14,neutral,card,active,US,Telugu,4,10,88,5,True,poor,2,10,recent,1,True,no
sandra.ward723@gmail.com,Female,Single,True,2,on,basic,2,12,positive,card,expired,India,Hindi,50,12,15,6,True,poor,19,5,recent,4,False,yes
joseph.clark585@gmail.com,Female,Married,False,3,on,gold,8,19,positive,card,active,US,Telugu,12,16,141,3,True,poor,16,6,old,14,False,no
kathryn.brown821@gmail.com,Male,Single,False,10,off,basic,10,18,negative,paypal,expired,US,Telugu,5,18,51,8,True,good,3,8,old,15,True,no
andrew.hunter31@gmail.com,Male,Single,False,1,on,gold,9,2,neutral,card,expired,US,Telugu,32,2,96,3,True,good,13,3,recent,4,False,yes
dana.stevens898@gmail.com,Female,Single,False,9,on,gold,10,0,neutral,card,cancelled,US,Telugu,26,10,140,6,True,good,14,9,recent,14,False,yes
antonio.cervantes104@gmail.com,Female,Married,True,5,off,gold,1,15,neutral,upi,active,UK,Telugu,38,21,147,8,False,poor,7,1,recent,13,False,yes
tommy.montgomery997@gmail.com,Female,Single,True,1,on,premium,8,4,positive,paypal,expired,Germany,Hindi,28,24,128,9,False,poor,12,0,old,4,False,no
eric.cisneros338@gmail.com,Female,Married,False,3,off,basic,6,16,negative,card,active,India,Telugu,43,11,25,6,True,better,8,4,very_old,15,True,no
robin.torres965@gmail.com,Male,Married,False,9,on,premium,9,18,neutral,upi,active,US,Telugu,26,4,92,1,False,better,19,10,old,3,False,no
nathan.dickerson286@gmail.com,Male,Single,True,10,off,premium,3,10,negative,paypal,expired,Germany,Hindi,35,0,60,5,False,better,17,5,recent,14,False,yes
jessica.lopez287@gmail.com,Female,Single,True,5,on,premium,5,6,neutral,paypal,expired,Germany,English,31,11,163,2,False,better,9,0,very_old,19,False,yes
deanna.mitchell445@gmail.com,Male,Single,True,4,off,gold,7,19,positive,paypal,expired,Germany,Hindi,27,1,132,3,True,poor,17,7,old,0,False,yes
paula.montes772@gmail.com,Female,Married,True,10,on,premium,5,18,neutral,upi,expired,US,English,38,21,78,10,True,good,18,7,recent,6,True,no
christopher.garcia716@gmail.com,Female,Married,True,5,off,basic,6,3,negative,upi,expired,UK,Hindi,43,22,39,7,False,good,11,1,old,15,True,yes
elizabeth.barrett179@gmail.com,Male,Married,False,1,off,premium,2,5,positive,paypal,active,UK,Hindi,4,24,29,9,False,good,13,10,old,15,False,no
paige.carter583@gmail.com,Female,Married,True,3,off,gold,9,6,neutral,card,expired,Germany,English,28,1,165,4,True,better,14,1,very_old,9,False,no
james.davis441@gmail.com,Female,Single,True,8,off,basic,9,2,neutral,card,active,US,Telugu,40,12,87,10,True,better,8,7,old,15,True,no
john.kim449@gmail.com,Male,Married,True,10,off,basic,10,13,negative,card,expired,US,Hindi,22,16,157,6,False,poor,13,10,old,2,True,no
patrick.henderson611@gmail.com,Female,Single,True,4,off,premium,2,10,positive,paypal,active,UK,Hindi,3,24,133,2,True,good,19,6,recent,2,False,no
melissa.faulkner646@gmail.com,Female,Married,True,6,off,gold,8,6,positive,card,active,UK,English,18,17,116,4,True,good,16,9,old,10,False,no
ethan.hansen884@gmail.com,Female,Married,True,2,off,premium,4,0,neutral,card,cancelled,US,Telugu,43,22,78,4,False,better,1,6,recent,17,True,yes
adrian.brooks229@gmail.com,Male,Single,False,6,on,gold,10,18,negative,card,active,UK,Telugu,50,24,146,7,False,good,3,0,very_old,3,True,no
marilyn.jimenez733@gmail.com,Male,Married,True,6,off,gold,5,1,negative,paypal,active,India,English,11,6,113,6,True,good,2,6,recent,17,False,no
linda.proctor785@gmail.com,Female,Married,False,1,off,basic,1,12,negative,upi,expired,UK,English,31,23,106,3,False,better,9,6,recent,4,False,yes
lonnie.jackson585@gmail.com,Male,Married,True,8,on,gold,2,11,negative,card,expired,UK,Hindi,35,5,95,10,False,better,12,9,recent,4,True,yes
kelly.sullivan249@gmail.com,Male,Single,False,9,off,premium,1,19,negative,card,cancelled,UK,Hindi,4,8,61,1,True,poor,17,10,very_old,15,False,yes
andrea.glenn440@gmail.com,Female,Married,False,9,on,gold,8,18,positive,card,expired,US,Hindi,34,15,111,10,True,poor,15,7,very_old,1,True,no
diana.gonzales143@gmail.com,Male,Single,True,5,on,gold,6,11,positive,paypal,cancelled,UK,Hindi,12,13,17,5,True,poor,15,7,very_old,13,True,yes
elizabeth.garcia799@gmail.com,Male,Married,False,7,on,premium,7,18,neutral,upi,cancelled,Germany,Telugu,16,19,19,9,False,good,11,9,very_old,10,False,no
justin.dorsey700@gmail.com,Male,Married,False,7,off,gold,4,2,negative,card,cancelled,Germany,Hindi,12,14,68,1,False,better,1,1,recent,12,True,yes
anne.martinez534@gmail.com,Male,Single,False,7,on,premium,1,1,negative,card,active,India,English,17,12,117,2,False,better,7,1,old,16,False,no
christina.turner561@gmail.com,Male,Married,True,9,on,basic,1,10,negative,paypal,expired,India,Telugu,16,20,14,2,False,good,12,9,old,8,True,yes
jonathan.peterson363@gmail.com,Female,Single,True,2,off,premium,4,16,negative,card,active,India,Telugu,40,18,146,1,False,good,8,4,very_old,9,False,no
jason.wolfe689@gmail.com,Male,Single,True,9,on,gold,9,7,neutral,card,cancelled,India,Telugu,4,23,185,8,True,better,16,2,recent,10,True,no
thomas.guerrero305@gmail.com,Female,Married,True,1,off,premium,9,5,positive,upi,active,India,Telugu,29,10,117,4,True,poor,14,3,very_old,17,True,yes
courtney.wright710@gmail.com,Male,Married,False,7,off,basic,8,12,positive,card,active,Germany,Hindi,41,0,199,8,False,better,19,6,old,0,True,no
shannon.lloyd34@gmail.com,Male,Single,True,10,off,gold,3,7,neutral,card,expired,UK,English,47,25,129,9,False,poor,15,7,very_old,16,True,yes
corey.simpson85@gmail.com,Female,Married,True,4,on,basic,9,14,positive,upi,active,US,English,18,3,189,4,True,good,20,6,recent,19,True,no
julie.hernandez470@gmail.com,Male,Married,False,10,off,premium,6,13,neutral,card,cancelled,US,Hindi,30,9,200,8,True,better,9,0,very_old,12,True,no
amber.nelson455@gmail.com,Female,Single,False,5,on,premium,3,14,neutral,upi,active,India,Hindi,46,12,159,4,True,better,17,7,very_old,0,False,no
donald.reed405@gmail.com,Female,Married,True,5,off,gold,4,13,negative,card,cancelled,Germany,Hindi,7,9,183,3,True,good,8,1,old,2,True,yes
jennifer.evans76@gmail.com,Female,Single,False,3,off,basic,4,13,neutral,paypal,active,Germany,Telugu,28,5,30,3,False,poor,19,10,old,20,False,no
patrick.kane928@gmail.com,Female,Married,True,9,off,gold,1,11,negative,upi,active,UK,Hindi,15,4,135,7,True,poor,16,7,old,2,True,no
lawrence.brown462@gmail.com,Male,Married,False,5,on,gold,7,20,neutral,paypal,active,Germany,Telugu,2,10,173,2,False,poor,1,9,old,4,True,no
david.bailey70@gmail.com,Female,Single,False,5,on,premium,4,4,positive,upi,active,UK,Telugu,30,17,13,2,True,poor,9,1,old,19,False,no
john.bell231@gmail.com,Female,Married,False,5,on,gold,6,8,positive,paypal,cancelled,US,English,47,13,192,9,False,good,8,7,very_old,15,False,yes
miranda.griffith991@gmail.com,Female,Married,True,2,off,premium,9,0,negative,card,active,UK,Hindi,18,7,199,7,True,good,7,1,recent,10,False,no
jonathon.watson767@gmail.com,Male,Married,True,3,off,basic,9,10,neutral,paypal,cancelled,US,English,16,10,165,1,True,good,15,4,recent,5,False,yes
elizabeth.morgan535@gmail.com,Female,Married,False,5,off,basic,5,7,positive,paypal,expired,Germany,English,1,16,20,2,False,poor,11,7,very_old,7,False,yes
vanessa.liu179@gmail.com,Female,Single,True,7,on,premium,4,5,positive,paypal,active,India,Telugu,41,25,189,2,False,better,11,2,very_old,7,True,no
gregory.lynch391@gmail.com,Male,Married,False,2,off,gold,8,1,negative,paypal,expired,US,Telugu,45,1,95,3,False,better,10,3,old,19,False,yes
natasha.zamora834@gmail.com,Male,Single,False,1,off,premium,9,7,negative,paypal,cancelled,US,Telugu,4,19,152,7,True,better,17,8,recent,2,True,no
kayla.wright789@gmail.com,Female,Single,False,10,on,gold,7,16,positive,card,active,UK,English,46,16,180,10,True,poor,19,3,recent,9,False,no
tracy.carson309@gmail.com,Male,Married,True,8,on,basic,7,1,neutral,card,cancelled,Germany,Hindi,41,15,170,4,True,good,19,4,very_old,2,True,yes
maria.hardy40@gmail.com,Male,Single,False,3,on,basic,9,1,neutral,paypal,expired,Germany,Hindi,20,4,122,1,True,good,5,8,old,6,True,no
nicholas.dennis560@gmail.com,Female,Married,False,10,on,premium,5,5,neutral,upi,cancelled,India,English,23,12,35,8,False,poor,7,2,very_old,15,False,yes
brandi.carson369@gmail.com,Male,Single,False,6,on,basic,6,5,positive,paypal,cancelled,India,Telugu,4,8,97,4,False,better,4,9,recent,5,False,no
victoria.dillon174@gmail.com,Male,Married,False,2,off,basic,7,10,positive,paypal,cancelled,UK,Telugu,13,25,29,4,True,better,11,7,very_old,18,True,no
madison.cortez403@gmail.com,Female,Married,False,4,off,basic,10,17,positive,paypal,expired,US,English,39,20,185,6,True,poor,14,10,very_old,1,False,no
daniel.cook405@gmail.com,Female,Single,False,4,on,gold,1,10,negative,card,active,Germany,Hindi,46,18,48,8,True,good,11,1,old,0,False,no
juan.winters550@gmail.com,Female,Single,False,6,off,basic,4,8,positive,card,expired,India,Hindi,42,18,101,10,True,poor,12,3,very_old,20,False,yes
laura.walker33@gmail.com,Female,Single,False,10,off,basic,9,20,negative,card,expired,Germany,English,0,23,20,7,False,good,2,1,very_old,18,True,yes
tammy.johnson616@gmail.com,Female,Married,True,2,on,premium,9,5,negative,paypal,active,India,Telugu,6,3,123,4,True,good,6,2,recent,0,False,no
kaitlyn.wiley445@gmail.com,Female,Married,False,10,off,basic,9,20,negative,upi,active,US,English,47,10,61,6,True,poor,10,10,very_old,3,False,yes
kevin.russell85@gmail.com,Female,Married,True,8,off,basic,10,14,negative,card,cancelled,Germany,English,4,11,56,9,True,better,13,2,very_old,10,True,no
steven.mosley977@gmail.com,Male,Married,True,2,off,basic,10,3,negative,paypal,active,India,English,3,17,145,3,False,poor,18,9,old,3,False,no
maria.williams341@gmail.com,Male,Single,True,5,on,basic,4,8,neutral,upi,cancelled,India,Hindi,38,11,120,6,True,poor,10,0,recent,11,False,yes
louis.robinson188@gmail.com,Male,Married,True,6,off,basic,10,0,positive,paypal,expired,US,Hindi,13,21,188,7,False,poor,17,4,old,2,True,no
nicole.lopez479@gmail.com,Male,Married,False,3,on,gold,5,17,negative,paypal,cancelled,US,Hindi,41,14,163,1,False,poor,14,4,old,13,True,yes
cody.walton238@gmail.com,Female,Married,False,1,on,premium,3,1,neutral,paypal,active,Germany,Hindi,9,16,162,6,False,good,14,2,old,15,False,no
jeremy.johnson197@gmail.com,Female,Married,True,5,on,gold,3,2,negative,paypal,cancelled,US,Telugu,14,1,18,7,False,better,19,7,very_old,10,False,yes
john.charles467@gmail.com,Female,Single,False,7,on,gold,4,2,neutral,paypal,cancelled,UK,English,6,5,195,3,False,better,18,1,old,15,False,yes
lauren.chandler944@gmail.com,Female,Married,False,6,on,premium,5,7,neutral,card,cancelled,Germany,Telugu,34,9,57,8,False,poor,2,2,recent,14,False,no
elizabeth.davidson152@gmail.com,Male,Married,True,2,on,basic,6,20,positive,card,cancelled,Germany,Hindi,16,13,90,1,False,good,1,2,old,17,True,yes
ethan.gonzalez490@gmail.com,Male,Single,False,1,off,gold,1,10,positive,upi,expired,UK,English,12,1,34,7,True,better,4,8,old,11,True,no
tracy.christensen168@gmail.com,Male,Married,False,2,on,basic,7,2,positive,paypal,expired,US,English,49,5,18,1,False,better,14,6,old,8,False,yes
tamara.morrison153@gmail.com,Male,Married,False,5,on,basic,9,12,positive,card,cancelled,UK,Hindi,41,8,94,6,True,good,8,6,recent,3,False,yes
tom.park487@gmail.com,Female,Single,True,7,off,premium,6,17,positive,paypal,active,US,English,37,8,72,6,True,good,13,10,very_old,1,True,no
jason.payne768@gmail.com,Female,Single,False,5,off,gold,1,0,positive,card,cancelled,Germany,Hindi,16,1,40,8,True,good,9,8,recent,15,True,yes
joseph.flores110@gmail.com,Female,Married,False,6,off,premium,7,18,neutral,upi,cancelled,UK,Telugu,33,8,28,4,True,good,11,7,very_old,7,False,yes
thomas.grant351@gmail.com,Female,Single,False,3,off,basic,8,1,positive,card,active,India,Telugu,15,20,124,4,False,good,8,6,very_old,3,False,no
diamond.bryant349@gmail.com,Female,Married,False,9,on,premium,4,11,negative,upi,expired,UK,English,16,18,112,8,True,poor,4,4,old,3,True,yes
jacqueline.weiss97@gmail.com,Male,Single,False,4,on,gold,3,8,neutral,paypal,expired,Germany,English,39,11,61,2,False,good,11,5,recent,9,False,yes
jennifer.park767@gmail.com,Female,Single,True,5,off,premium,8,9,negative,paypal,active,US,Telugu,8,11,140,10,True,good,2,10,recent,17,True,no
joshua.riley360@gmail.com,Female,Single,False,6,off,premium,5,13,negative,card,expired,Germany,English,35,23,165,4,True,good,3,0,recent,5,False,yes
michael.chase441@gmail.com,Male,Married,False,2,off,premium,9,16,positive,upi,expired,US,Telugu,33,0,139,6,True,good,1,7,very_old,6,True,no
brandy.hall653@gmail.com,Female,Married,False,10,off,gold,4,7,neutral,paypal,cancelled,UK,Hindi,35,16,145,4,True,good,19,5,recent,19,True,yes
todd.rose125@gmail.com,Female,Married,False,6,off,premium,9,8,positive,paypal,expired,Germany,Telugu,34,16,116,9,True,poor,13,10,very_old,3,False,yes
chris.martinez13@gmail.com,Female,Married,False,2,on,premium,8,10,negative,upi,cancelled,UK,Telugu,12,14,76,3,False,good,1,6,very_old,3,False,no
calvin.johnson591@gmail.com,Male,Single,True,1,on,basic,8,19,negative,card,cancelled,India,Hindi,11,5,10,1,True,good,11,9,very_old,3,False,yes
donna.hawkins836@gmail.com,Female,Married,False,9,off,basic,8,5,neutral,card,active,Germany,Telugu,47,7,99,2,True,better,14,6,very_old,11,False,no
cynthia.perez135@gmail.com,Male,Married,True,9,off,gold,6,14,neutral,card,active,India,English,30,13,108,2,False,good,4,10,very_old,13,False,no
rachel.hoffman394@gmail.com,Female,Married,False,9,off,basic,9,13,neutral,upi,active,Germany,English,44,25,155,4,False,better,18,4,recent,5,True,no
steven.lucas92@gmail.com,Female,Married,False,5,on,basic,8,14,positive,card,cancelled,India,Hindi,19,11,93,1,False,poor,17,5,very_old,2,False,no
joshua.mccann566@gmail.com,Female,Married,True,9,off,gold,10,2,positive,upi,expired,Germany,Hindi,45,14,85,5,False,better,6,1,old,6,True,yes
austin.duncan529@gmail.com,Male,Married,False,6,on,basic,3,11,negative,card,cancelled,Germany,Telugu,34,12,34,4,True,better,4,7,recent,17,True,yes
pamela.smith141@gmail.com,Male,Single,True,7,on,premium,1,7,negative,upi,cancelled,UK,Hindi,36,23,129,6,True,better,18,0,very_old,14,True,yes
karen.moore237@gmail.com,Male,Married,False,9,on,premium,6,6,neutral,paypal,expired,India,Hindi,2,23,91,10,False,better,8,5,very_old,5,False,no
sylvia.jensen428@gmail.com,Male,Single,False,5,on,basic,1,16,neutral,paypal,active,UK,English,38,13,26,10,False,better,18,7,recent,9,False,no
april.hall42@gmail.com,Male,Married,False,9,on,basic,4,16,neutral,card,cancelled,Germany,English,14,20,106,7,False,good,2,5,old,13,True,no
jennifer.harmon686@gmail.com,Female,Single,True,7,off,premium,4,12,negative,upi,cancelled,US,English,0,1,117,4,True,poor,8,3,very_old,12,True,yes
robert.price36@gmail.com,Male,Married,False,6,off,premium,6,2,neutral,card,expired,India,Telugu,25,1,105,2,True,poor,13,7,very_old,17,True,yes
jennifer.mcneil965@gmail.com,Male,Married,True,7,on,basic,7,3,negative,upi,cancelled,US,Hindi,29,0,26,1,True,better,13,5,very_old,20,True,yes
christian.barr861@gmail.com,Male,Single,False,10,off,basic,2,16,neutral,card,active,US,Telugu,44,21,142,8,False,better,5,10,very_old,17,True,yes
duane.morris130@gmail.com,Female,Married,True,8,off,basic,10,17,positive,card,expired,US,Hindi,42,4,198,6,False,good,4,8,very_old,19,False,yes
brenda.brown446@gmail.com,Female,Married,True,2,on,basic,9,17,positive,card,cancelled,US,Hindi,38,24,19,4,True,good,20,7,very_old,4,False,yes
steven.johnson377@gmail.com,Female,Married,False,8,on,gold,7,8,positive,upi,active,UK,Hindi,36,18,66,1,False,good,5,9,very_old,4,True,no
shawn.jones772@gmail.com,Male,Married,True,10,on,gold,10,7,positive,paypal,expired,Germany,Hindi,7,9,73,10,True,good,7,8,recent,13,True,no
william.brady163@gmail.com,Female,Married,False,1,off,premium,3,8,positive,paypal,active,UK,English,38,6,14,9,True,good,15,6,old,7,True,no
brandon.rodriguez435@gmail.com,Male,Single,False,3,off,premium,6,10,neutral,upi,cancelled,India,Hindi,30,4,14,10,False,poor,5,7,very_old,0,False,yes
jennifer.howard122@gmail.com,Female,Married,False,7,on,premium,1,1,positive,upi,active,India,Telugu,38,24,152,4,False,poor,13,7,old,0,True,no
stephanie.reeves146@gmail.com,Male,Single,False,4,on,gold,2,15,neutral,upi,expired,UK,English,18,0,78,4,False,good,14,10,very_old,10,True,no
michaela.roberts494@gmail.com,Male,Single,True,4,off,premium,9,1,neutral,card,cancelled,India,Hindi,47,2,52,4,False,good,17,10,old,18,False,yes
michael.mcclain549@gmail.com,Female,Single,False,5,on,basic,5,10,negative,card,expired,UK,Telugu,42,22,158,1,True,good,4,9,very_old,17,True,yes
john.taylor104@gmail.com,Male,Single,True,3,on,basic,6,0,neutral,paypal,cancelled,US,Telugu,16,8,27,3,True,better,3,7,recent,8,False,yes
gary.wilson210@gmail.com,Female,Married,False,8,on,gold,10,8,neutral,card,active,India,Telugu,27,22,162,2,False,good,10,10,recent,1,False,no
tiffany.sanchez47@gmail.com,Male,Single,True,2,on,gold,5,14,neutral,paypal,expired,US,Hindi,38,0,84,6,True,better,20,6,recent,6,True,no
samantha.warren246@gmail.com,Male,Single,False,8,off,premium,7,16,neutral,upi,cancelled,UK,Hindi,42,4,121,10,True,good,10,10,old,13,True,yes
douglas.hill335@gmail.com,Female,Married,False,3,on,gold,4,15,negative,upi,expired,India,Telugu,15,9,25,3,True,better,19,9,very_old,12,False,yes
kimberly.smith509@gmail.com,Male,Married,False,6,off,basic,6,10,negative,upi,cancelled,UK,Hindi,40,16,121,4,False,good,5,7,old,13,True,yes
brenda.holmes754@gmail.com,Male,Married,False,2,on,gold,6,4,neutral,paypal,expired,India,English,42,16,181,10,True,better,10,4,recent,8,True,no
russell.carter236@gmail.com,Female,Single,True,1,on,basic,6,20,positive,card,active,Germany,Telugu,4,13,73,5,False,better,6,4,recent,3,True,no
peter.griffith804@gmail.com,Female,Single,False,10,on,basic,1,3,neutral,upi,expired,India,Hindi,4,21,34,9,True,poor,15,8,old,14,True,no
karla.taylor705@gmail.com,Male,Single,True,9,off,gold,5,15,positive,card,active,UK,Hindi,34,3,168,3,False,good,14,8,old,20,False,yes
james.williams955@gmail.com,Male,Single,False,5,on,premium,5,18,negative,paypal,active,Germany,Telugu,29,5,17,7,False,good,11,3,old,2,False,no
susan.warren859@gmail.com,Female,Single,False,6,on,premium,10,6,positive,upi,cancelled,India,English,49,4,137,6,True,poor,11,8,recent,15,True,no
brad.wilson826@gmail.com,Female,Married,False,6,off,gold,3,4,neutral,upi,expired,UK,English,39,12,195,6,False,good,16,9,very_old,10,True,yes
nathan.torres744@gmail.com,Female,Single,False,8,on,premium,7,1,positive,upi,cancelled,UK,Hindi,10,10,70,6,False,better,10,6,very_old,0,True,no
shawn.meza751@gmail.com,Male,Married,False,1,on,gold,4,7,neutral,upi,active,UK,Hindi,41,14,58,4,True,poor,7,9,old,12,False,yes
thomas.roberts683@gmail.com,Male,Married,True,4,on,gold,1,16,positive,upi,cancelled,India,Telugu,16,11,68,4,False,poor,5,3,old,15,True,no
daniel.thompson605@gmail.com,Female,Single,False,7,off,premium,10,5,positive,paypal,cancelled,UK,Hindi,28,11,27,10,True,better,14,2,very_old,9,True,no
kristin.weber677@gmail.com,Female,Married,True,1,off,gold,2,16,neutral,card,active,US,Hindi,7,12,180,8,False,good,8,1,recent,19,True,no
jessica.murphy519@gmail.com,Male,Married,True,7,off,gold,10,20,negative,upi,active,India,Telugu,46,22,125,6,True,better,5,0,very_old,6,False,no
michelle.allen870@gmail.com,Female,Married,False,8,off,premium,10,13,neutral,upi,cancelled,UK,English,29,15,175,7,False,better,1,10,old,10,True,no
chad.underwood932@gmail.com,Male,Married,True,3,on,gold,8,2,neutral,upi,expired,US,Telugu,41,1,190,9,True,poor,15,6,recent,4,False,yes
karen.johnston92@gmail.com,Male,Married,True,10,off,gold,2,17,neutral,card,active,UK,Telugu,40,1,105,2,True,poor,3,7,old,2,False,no
rebecca.robles132@gmail.com,Male,Married,True,4,off,basic,1,10,neutral,upi,expired,Germany,Hindi,14,17,130,5,True,good,7,1,old,17,False,no
bailey.delgado89@gmail.com,Male,Single,False,6,on,basic,2,9,positive,upi,cancelled,UK,Telugu,43,25,87,10,False,good,2,0,old,10,True,no
christopher.kaufman407@gmail.com,Male,Single,False,3,on,basic,6,20,neutral,card,cancelled,Germany,Telugu,14,5,90,2,True,better,7,8,recent,5,True,yes
christine.becker411@gmail.com,Female,Married,False,10,off,gold,3,19,positive,card,expired,India,Hindi,26,5,34,6,False,poor,7,6,old,13,True,yes
debbie.bryant951@gmail.com,Female,Married,False,3,on,premium,8,5,neutral,paypal,expired,India,Hindi,43,1,15,5,False,good,14,3,old,16,True,yes
christy.campbell767@gmail.com,Female,Single,True,4,off,premium,6,4,positive,card,active,US,Telugu,11,22,110,2,True,good,11,6,recent,11,True,no
cheryl.conley65@gmail.com,Female,Single,False,9,on,basic,2,14,negative,paypal,cancelled,UK,Hindi,15,6,67,5,False,poor,7,10,old,2,False,yes
linda.gonzalez117@gmail.com,Female,Married,True,10,on,basic,4,8,negative,upi,cancelled,US,Hindi,29,15,175,10,False,good,11,8,old,16,True,yes
megan.scott86@gmail.com,Male,Single,False,1,off,gold,8,18,negative,card,active,India,Telugu,30,9,37,7,False,poor,20,1,recent,16,True,yes
jamie.garrett970@gmail.com,Male,Single,True,9,on,gold,4,1,negative,paypal,cancelled,US,English,48,9,116,7,False,good,1,5,old,16,False,yes
benjamin.hill147@gmail.com,Male,Single,True,3,on,gold,3,4,negative,paypal,active,UK,English,27,24,86,2,False,better,12,8,recent,17,False,no
kelly.rosales948@gmail.com,Female,Single,False,3,off,premium,10,20,negative,paypal,expired,UK,Hindi,21,8,153,1,True,poor,8,3,very_old,14,True,yes
emily.king202@gmail.com,Female,Single,False,9,off,premium,9,10,negative,paypal,cancelled,US,English,16,23,189,1,True,poor,12,3,very_old,1,True,no
april.mcintyre120@gmail.com,Female,Married,False,9,on,basic,9,9,neutral,card,active,UK,English,26,7,38,5,True,better,2,6,very_old,15,False,no
lisa.wise388@gmail.com,Female,Single,False,1,off,gold,8,1,negative,card,expired,India,English,21,15,13,6,False,good,1,0,recent,14,True,no
mary.fisher559@gmail.com,Female,Married,True,10,on,premium,2,17,negative,paypal,cancelled,US,Hindi,42,23,176,7,False,good,10,1,old,13,False,yes
benjamin.gonzalez201@gmail.com,Female,Married,True,5,off,premium,6,6,negative,upi,expired,India,Hindi,45,4,93,2,True,better,1,7,very_old,8,False,yes
john.terry307@gmail.com,Male,Single,False,8,off,premium,7,2,neutral,paypal,expired,US,Telugu,43,10,29,1,True,better,16,9,recent,2,True,yes
valerie.rodriguez608@gmail.com,Female,Single,True,4,off,gold,9,18,positive,card,active,UK,Telugu,39,15,134,5,False,better,4,4,old,6,False,no
nicholas.adkins178@gmail.com,Male,Single,False,6,off,basic,5,8,positive,card,cancelled,India,English,30,8,65,5,False,better,5,7,old,10,True,no
john.armstrong781@gmail.com,Male,Married,True,1,on,basic,10,1,neutral,card,expired,UK,Hindi,29,22,11,3,True,good,20,4,old,10,True,no
david.brown799@gmail.com,Female,Married,False,3,on,premium,10,12,neutral,upi,cancelled,UK,English,28,24,142,10,True,good,1,2,recent,6,True,yes
jeffery.wagner27@gmail.com,Female,Single,False,3,off,premium,3,11,negative,card,expired,US,English,50,6,124,9,False,better,17,7,very_old,19,True,yes
victor.hanna831@gmail.com,Male,Married,False,7,on,premium,5,18,positive,upi,active,Germany,English,17,22,35,6,True,better,11,8,old,2,True,no
robert.adkins559@gmail.com,Female,Single,False,8,off,gold,3,16,negative,card,expired,UK,Hindi,3,15,88,5,False,better,8,7,old,0,True,yes
steven.andersen262@gmail.com,Female,Single,False,5,off,gold,1,17,negative,card,expired,Germany,Hindi,26,0,157,4,True,poor,10,1,old,11,True,no
sarah.perez970@gmail.com,Male,Married,True,2,off,premium,5,18,positive,card,cancelled,UK,Telugu,40,2,11,6,False,good,16,6,recent,9,False,yes
jeffery.schneider934@gmail.com,Male,Married,True,1,on,gold,3,12,neutral,paypal,cancelled,US,Telugu,12,6,95,3,True,good,8,2,old,14,True,yes
joshua.schneider778@gmail.com,Female,Married,False,5,on,gold,4,8,neutral,card,cancelled,UK,Hindi,20,6,180,4,False,poor,4,1,recent,14,False,no
diana.abbott108@gmail.com,Male,Married,True,6,on,premium,4,10,positive,paypal,expired,UK,English,42,2,104,2,True,poor,16,9,very_old,17,True,yes
gary.lawson765@gmail.com,Male,Single,False,10,on,gold,2,14,neutral,card,expired,UK,English,36,24,80,9,True,better,14,7,recent,15,False,yes
kristen.harris554@gmail.com,Male,Married,False,1,off,premium,9,20,neutral,upi,cancelled,US,Telugu,37,18,56,3,False,poor,8,5,very_old,4,True,no
brian.harris836@gmail.com,Male,Married,True,3,on,basic,8,14,negative,paypal,expired,Germany,English,4,16,16,3,True,good,2,2,recent,14,True,yes
karen.jones469@gmail.com,Female,Married,False,6,off,gold,9,1,negative,paypal,active,UK,English,23,15,91,4,False,good,14,9,old,4,True,no
christopher.stevens784@gmail.com,Male,Married,False,10,off,basic,10,15,negative,upi,cancelled,India,Hindi,3,7,157,6,True,better,7,7,recent,16,True,no
angela.white22@gmail.com,Female,Single,False,10,on,gold,1,3,negative,card,active,US,Telugu,2,2,61,7,True,better,5,1,old,7,False,no
mary.webb520@gmail.com,Female,Married,True,10,on,gold,4,19,positive,paypal,cancelled,India,English,39,25,108,4,True,good,19,4,old,0,False,no
sharon.kennedy55@gmail.com,Male,Single,False,6,on,premium,6,3,positive,upi,cancelled,India,Telugu,37,4,30,9,False,good,8,0,very_old,6,True,no
scott.gomez322@gmail.com,Female,Married,True,6,on,premium,6,7,positive,card,cancelled,India,Hindi,40,5,61,3,False,better,16,6,very_old,14,True,yes
melinda.carey35@gmail.com,Female,Single,False,8,off,basic,10,13,neutral,card,expired,India,Telugu,24,21,183,9,True,better,3,6,old,6,False,no
alan.caldwell456@gmail.com,Female,Married,False,8,off,basic,5,11,positive,paypal,expired,UK,Hindi,28,5,80,8,True,better,12,9,recent,16,False,no
laura.lee387@gmail.com,Male,Married,False,2,on,basic,7,2,negative,upi,active,UK,Hindi,29,10,47,1,False,poor,3,0,old,3,False,no
robert.lynch709@gmail.com,Female,Married,False,3,off,basic,1,5,neutral,card,cancelled,Germany,English,49,16,79,4,True,good,1,9,very_old,7,False,yes
vicki.martinez858@gmail.com,Female,Married,True,5,on,gold,3,11,negative,paypal,expired,US,English,32,21,56,4,True,poor,14,1,old,14,True,no
heather.carlson734@gmail.com,Female,Married,True,4,off,gold,8,8,positive,card,expired,India,Hindi,50,21,137,2,True,poor,20,4,old,13,False,yes
alex.green522@gmail.com,Female,Single,False,6,on,gold,8,15,neutral,upi,cancelled,US,Telugu,22,5,151,8,False,good,19,0,recent,9,False,yes
travis.mcguire95@gmail.com,Female,Married,True,10,on,basic,5,18,neutral,card,cancelled,US,Telugu,20,3,47,5,False,poor,13,5,very_old,15,False,yes
lindsey.fox932@gmail.com,Male,Married,True,8,on,premium,5,11,positive,upi,cancelled,Germany,Hindi,49,13,190,6,True,good,2,8,old,14,False,no
vanessa.cunningham915@gmail.com,Female,Married,True,5,off,premium,3,1,positive,upi,cancelled,India,Hindi,23,10,118,6,True,poor,16,8,old,8,False,no
kenneth.kidd460@gmail.com,Female,Married,True,7,off,premium,2,0,neutral,paypal,cancelled,UK,English,4,12,43,2,True,better,5,0,old,14,False,no
max.moore873@gmail.com,Male,Married,True,7,on,basic,3,10,positive,paypal,active,UK,English,5,18,179,4,True,poor,7,0,recent,15,False,no
lauren.ward261@gmail.com,Male,Single,False,7,off,basic,7,14,neutral,upi,expired,UK,Hindi,40,10,21,5,False,better,14,0,recent,15,True,yes
tracy.graham864@gmail.com,Male,Married,False,4,on,basic,8,14,negative,card,active,UK,Telugu,40,20,43,2,False,better,14,5,very_old,9,False,yes
thomas.maddox165@gmail.com,Female,Married,True,8,on,basic,4,15,neutral,card,active,Germany,English,32,5,50,8,True,good,13,10,recent,2,True,no
jessica.freeman338@gmail.com,Female,Married,True,8,on,gold,1,1,neutral,card,expired,UK,Telugu,6,18,65,10,True,better,8,2,old,13,True,yes
shaun.tran962@gmail.com,Male,Married,True,9,on,basic,5,1,neutral,paypal,active,US,Hindi,48,18,49,8,True,good,13,0,recent,14,True,yes
charles.ewing490@gmail.com,Male,Married,True,2,off,basic,9,6,negative,paypal,cancelled,US,English,33,20,122,3,True,better,13,2,old,11,True,yes
travis.mckinney454@gmail.com,Female,Married,False,2,on,premium,4,10,neutral,upi,expired,India,Hindi,7,1,95,8,True,better,19,3,old,9,True,no
matthew.villa604@gmail.com,Female,Married,False,5,on,basic,6,9,positive,paypal,active,Germany,Telugu,28,25,178,2,True,better,6,0,very_old,4,True,no
paul.ferrell264@gmail.com,Female,Single,True,2,off,premium,6,10,positive,card,cancelled,UK,English,44,10,140,3,True,good,12,1,recent,7,False,no
ricky.lopez726@gmail.com,Male,Single,True,5,on,premium,9,0,negative,upi,expired,India,Hindi,28,10,41,5,True,better,8,6,very_old,4,False,yes
robert.cole5@gmail.com,Female,Single,False,6,off,basic,8,0,neutral,paypal,active,UK,Telugu,7,3,65,9,False,poor,8,4,very_old,10,False,no
tara.russell533@gmail.com,Male,Married,False,9,off,premium,1,15,neutral,upi,cancelled,UK,English,34,7,74,8,True,better,12,8,recent,8,True,no
david.zimmerman718@gmail.com,Female,Single,False,9,on,basic,3,20,neutral,card,expired,India,English,16,25,55,2,False,better,8,3,old,14,False,no
melanie.davis741@gmail.com,Female,Single,True,7,off,premium,9,18,neutral,paypal,active,US,Hindi,9,2,98,5,False,better,20,9,old,7,True,no
richard.james55@gmail.com,Female,Single,False,7,off,gold,10,5,neutral,paypal,active,India,English,44,6,141,4,False,poor,19,5,old,1,False,no
rachael.figueroa372@gmail.com,Female,Married,True,4,on,basic,8,12,positive,card,active,India,English,18,12,195,8,True,better,4,5,old,10,True,no
stacy.daniel802@gmail.com,Male,Married,True,9,off,premium,6,5,positive,card,cancelled,Germany,Telugu,44,3,135,1,False,poor,18,2,recent,15,True,yes
kyle.leon467@gmail.com,Male,Single,True,4,on,basic,9,4,positive,upi,active,India,Telugu,9,6,45,10,True,good,16,6,very_old,5,True,no
kathleen.baker320@gmail.com,Female,Single,True,3,off,gold,9,18,positive,paypal,active,US,Telugu,2,8,195,9,True,poor,12,5,very_old,9,True,no
adam.wang184@gmail.com,Female,Married,False,3,on,basic,5,4,positive,paypal,cancelled,Germany,Hindi,9,16,165,5,True,poor,5,0,old,11,True,no
nathaniel.brown810@gmail.com,Male,Single,False,5,on,basic,9,10,negative,paypal,cancelled,UK,English,32,17,31,4,True,better,5,2,recent,6,False,yes
tabitha.hill914@gmail.com,Male,Single,True,5,on,basic,5,1,negative,upi,cancelled,UK,English,11,13,191,8,True,better,19,1,old,16,True,no
anthony.wilson69@gmail.com,Male,Single,True,1,on,premium,8,12,neutral,upi,active,India,English,20,10,99,2,False,better,10,1,very_old,20,False,no
susan.williams31@gmail.com,Male,Single,True,10,off,premium,8,18,negative,card,expired,UK,English,30,7,71,1,True,good,14,2,old,7,False,yes
jenny.wallace248@gmail.com,Male,Married,False,5,on,basic,1,1,neutral,paypal,expired,Germany,English,16,8,139,2,False,poor,11,8,very_old,3,False,yes
jessica.ramirez269@gmail.com,Male,Married,False,6,off,gold,9,20,positive,paypal,active,UK,English,21,16,107,9,False,good,11,3,very_old,11,False,no
cindy.alexander946@gmail.com,Female,Married,True,2,off,premium,9,13,neutral,card,cancelled,India,Hindi,32,23,161,1,True,poor,1,2,recent,12,True,yes
andrea.calderon633@gmail.com,Female,Single,True,2,off,premium,7,14,neutral,card,cancelled,US,English,3,17,117,5,True,poor,20,0,very_old,16,False,yes
shawn.carney787@gmail.com,Female,Married,True,3,on,premium,1,3,negative,paypal,cancelled,UK,Hindi,0,19,124,10,False,poor,15,9,recent,6,False,no
lindsay.collins298@gmail.com,Female,Single,False,2,on,basic,1,13,positive,card,expired,India,Hindi,19,6,73,8,False,poor,13,6,very_old,7,True,no
lisa.terrell127@gmail.com,Male,Married,False,10,off,basic,10,18,positive,upi,expired,US,English,16,22,182,5,False,poor,13,4,very_old,15,False,no
sharon.wade864@gmail.com,Male,Married,False,2,off,gold,1,19,neutral,paypal,active,US,Telugu,27,3,159,8,False,better,16,2,old,11,True,no
emily.nichols656@gmail.com,Male,Married,False,10,off,premium,7,0,positive,paypal,expired,US,Telugu,14,19,86,6,True,poor,13,4,old,0,False,no
rachel.hayes253@gmail.com,Male,Married,True,3,on,premium,2,1,positive,paypal,active,US,English,25,3,135,7,False,poor,20,3,very_old,17,False,no
robert.woodward995@gmail.com,Female,Married,True,5,on,gold,10,11,negative,paypal,cancelled,India,Hindi,8,11,157,2,False,poor,8,5,very_old,12,True,yes
stephanie.medina7@gmail.com,Female,Single,False,5,on,premium,9,7,negative,paypal,active,India,English,46,5,61,2,False,good,17,0,recent,14,True,no
andre.smith37@gmail.com,Male,Married,False,10,on,premium,10,6,positive,paypal,active,UK,Hindi,8,1,25,6,True,poor,15,7,recent,13,True,no
richard.barber599@gmail.com,Female,Married,True,10,off,basic,2,17,positive,paypal,expired,US,English,7,23,86,9,False,poor,19,2,old,8,False,no
jason.turner598@gmail.com,Male,Married,True,2,off,basic,10,1,positive,card,cancelled,Germany,Hindi,46,2,55,6,False,poor,2,5,recent,0,True,yes
taylor.santos195@gmail.com,Male,Single,False,5,on,gold,4,2,negative,paypal,expired,Germany,Telugu,6,20,123,6,False,better,4,7,very_old,20,True,yes
kevin.webb188@gmail.com,Male,Married,True,6,on,premium,2,18,negative,paypal,expired,UK,Hindi,10,21,11,6,False,poor,2,4,old,14,True,no
edwin.dunlap624@gmail.com,Male,Single,False,5,off,premium,4,12,negative,upi,cancelled,US,Hindi,28,9,107,7,False,good,1,2,old,15,True,yes
thomas.maldonado140@gmail.com,Male,Married,True,8,off,basic,2,1,negative,card,cancelled,UK,Hindi,20,21,32,8,False,poor,9,3,old,19,True,yes
monique.serrano701@gmail.com,Male,Single,False,3,off,basic,3,11,negative,card,cancelled,India,Telugu,7,4,190,8,False,better,19,3,recent,6,True,yes
tanner.giles545@gmail.com,Female,Married,False,3,off,premium,5,10,positive,paypal,active,US,English,3,22,12,4,True,poor,15,10,recent,14,False,no
andrew.clark397@gmail.com,Male,Single,True,5,on,basic,3,5,negative,card,active,India,Hindi,41,2,169,1,True,poor,11,1,recent,18,True,yes
connie.cisneros237@gmail.com,Female,Married,False,2,off,gold,8,0,neutral,upi,expired,UK,Hindi,41,9,199,2,True,good,10,8,very_old,19,True,yes
karen.campbell761@gmail.com,Male,Single,False,5,on,basic,5,6,positive,paypal,active,Germany,Telugu,27,12,37,1,False,better,19,4,old,1,False,no
jennifer.beard277@gmail.com,Female,Single,True,9,on,gold,1,18,neutral,paypal,active,US,Telugu,38,2,35,3,False,poor,5,8,very_old,6,True,yes
miranda.henry893@gmail.com,Male,Single,False,9,on,gold,9,5,positive,paypal,active,US,Telugu,45,10,70,6,True,good,19,7,old,18,False,no
tammy.garcia267@gmail.com,Female,Single,True,5,on,basic,7,0,negative,upi,expired,Germany,Hindi,32,0,111,7,True,good,3,4,old,14,False,no
brett.rodriguez372@gmail.com,Male,Married,True,3,off,premium,1,16,neutral,paypal,active,US,Hindi,42,22,61,9,True,good,8,1,very_old,14,False,no
lauren.nelson714@gmail.com,Female,Married,True,7,on,basic,7,0,positive,upi,expired,UK,English,40,21,193,3,False,poor,12,9,very_old,15,False,yes
alexander.nelson662@gmail.com,Female,Married,True,4,on,premium,8,4,neutral,card,expired,India,Hindi,50,18,123,9,False,poor,14,7,old,19,False,yes
kelsey.mills849@gmail.com,Male,Single,True,9,on,premium,8,8,positive,card,expired,Germany,English,28,17,103,10,False,better,6,1,recent,1,False,no
john.holmes625@gmail.com,Male,Married,False,2,off,basic,1,17,negative,upi,cancelled,UK,Telugu,13,7,181,9,True,good,7,0,very_old,19,True,yes
sean.cobb716@gmail.com,Male,Married,False,2,on,gold,7,0,neutral,card,cancelled,UK,Hindi,31,22,96,9,False,good,18,6,very_old,7,False,yes
eric.mckay493@gmail.com,Female,Single,False,1,on,gold,6,1,neutral,upi,active,UK,Hindi,9,1,66,9,True,better,1,9,old,20,True,no
nicole.cervantes312@gmail.com,Male,Single,False,3,off,basic,5,11,negative,paypal,cancelled,India,Telugu,35,3,112,1,True,poor,2,2,very_old,17,False,yes
christine.delgado171@gmail.com,Male,Married,False,8,on,gold,2,18,negative,card,cancelled,India,Hindi,15,23,13,6,True,better,11,10,very_old,19,True,yes
anna.baldwin718@gmail.com,Female,Married,True,2,off,basic,4,1,negative,upi,active,UK,Telugu,23,22,190,10,False,better,11,4,old,11,True,yes
shannon.forbes37@gmail.com,Male,Single,False,3,on,gold,1,20,positive,upi,cancelled,US,Telugu,47,3,68,5,False,poor,6,2,old,12,False,yes
lisa.liu16@gmail.com,Female,Married,True,6,on,basic,8,14,negative,paypal,active,US,Hindi,6,0,168,3,True,better,5,10,old,3,True,no
elizabeth.livingston648@gmail.com,Female,Married,True,1,off,gold,4,0,neutral,paypal,expired,UK,Hindi,1,7,92,2,True,better,17,6,very_old,19,False,no
jennifer.brown731@gmail.com,Male,Single,True,1,off,premium,8,7,neutral,upi,active,UK,Hindi,33,15,86,7,True,good,16,10,very_old,4,True,no
christina.torres598@gmail.com,Female,Married,True,9,off,basic,1,17,neutral,card,expired,US,English,50,1,59,5,False,good,14,5,very_old,20,True,yes
megan.burton266@gmail.com,Female,Married,True,4,off,gold,10,0,neutral,paypal,cancelled,UK,Telugu,4,10,154,3,True,better,10,10,recent,19,True,yes
cassie.jones709@gmail.com,Female,Married,True,6,off,gold,5,15,negative,card,cancelled,UK,Telugu,37,24,57,2,False,good,12,4,recent,20,False,yes
katherine.mckay42@gmail.com,Female,Married,False,7,on,gold,9,20,neutral,card,expired,UK,Telugu,29,6,120,4,False,good,2,2,very_old,0,False,no
lisa.ferguson880@gmail.com,Female,Married,False,3,off,premium,8,10,negative,upi,expired,US,Hindi,33,7,103,6,False,poor,8,6,recent,19,False,yes
melinda.wong693@gmail.com,Male,Married,False,2,off,gold,3,17,positive,upi,active,US,Telugu,24,0,33,4,False,good,10,4,recent,13,True,no
devin.williams130@gmail.com,Male,Single,False,4,off,premium,6,1,negative,upi,cancelled,Germany,Telugu,38,11,141,7,False,good,19,10,old,1,True,yes
joshua.mendoza44@gmail.com,Male,Married,True,5,on,basic,10,5,negative,card,cancelled,India,English,22,12,124,2,True,good,16,1,old,19,False,yes
teresa.lane233@gmail.com,Male,Married,False,8,off,premium,6,15,negative,upi,cancelled,US,Telugu,31,9,122,7,False,better,10,0,very_old,13,False,yes
kristen.washington118@gmail.com,Male,Single,True,7,off,basic,10,8,neutral,paypal,cancelled,UK,Hindi,43,21,188,5,True,good,18,8,old,5,False,yes
patrick.smith997@gmail.com,Female,Married,False,9,off,gold,10,15,positive,upi,active,India,Telugu,23,16,187,6,False,good,15,3,recent,19,True,no
andrew.andrews6@gmail.com,Female,Single,True,6,off,gold,2,6,neutral,paypal,cancelled,UK,Hindi,18,18,12,6,True,better,5,0,recent,15,True,no
alyssa.gutierrez891@gmail.com,Male,Married,True,2,off,gold,1,20,neutral,card,cancelled,US,Hindi,9,20,184,8,True,poor,11,7,recent,16,False,no
mary.rojas411@gmail.com,Female,Married,False,3,off,premium,2,8,neutral,card,cancelled,India,Telugu,17,13,122,2,True,better,18,1,old,11,False,no
annette.mccann799@gmail.com,Female,Single,False,7,on,premium,4,9,positive,card,expired,India,Hindi,34,16,78,3,False,good,16,9,very_old,2,True,no
miguel.clements335@gmail.com,Male,Married,True,5,on,gold,3,14,negative,upi,active,US,English,30,3,183,5,True,better,1,5,old,15,True,yes
erik.wright246@gmail.com,Male,Single,False,7,on,premium,1,17,negative,card,active,US,English,11,16,164,5,True,better,6,8,very_old,6,True,no
jorge.murphy465@gmail.com,Male,Single,True,10,on,premium,10,17,neutral,paypal,expired,Germany,Hindi,32,11,109,6,True,good,10,6,old,16,True,yes
jasmine.wright621@gmail.com,Female,Married,False,3,on,gold,7,12,negative,paypal,cancelled,UK,Hindi,32,23,76,3,True,better,12,3,recent,13,True,yes
renee.liu169@gmail.com,Male,Married,False,2,on,premium,8,10,negative,card,cancelled,Germany,Hindi,13,24,117,2,False,poor,1,1,recent,20,True,yes
alexander.herrera465@gmail.com,Male,Married,False,6,on,premium,3,6,positive,upi,expired,India,Telugu,37,0,62,3,False,good,15,7,recent,16,False,no
cindy.dixon171@gmail.com,Female,Married,False,5,on,basic,2,5,positive,upi,cancelled,Germany,Telugu,39,9,127,4,True,good,5,7,old,4,True,yes
david.mayer184@gmail.com,Male,Married,True,3,on,premium,5,14,positive,upi,active,Germany,English,22,17,74,3,False,good,1,9,recent,1,True,no
leslie.french388@gmail.com,Male,Single,False,3,on,premium,9,8,neutral,upi,expired,US,Telugu,26,3,89,9,False,poor,17,8,recent,13,True,yes
heather.coleman55@gmail.com,Male,Single,False,4,off,gold,6,12,neutral,paypal,cancelled,India,English,6,9,48,7,True,better,19,10,recent,19,True,no
kimberly.adams907@gmail.com,Female,Married,False,6,off,basic,9,20,positive,card,cancelled,US,Hindi,7,7,178,7,True,better,16,5,old,3,True,no
darren.woodard506@gmail.com,Female,Single,False,5,off,basic,8,12,negative,paypal,cancelled,US,Hindi,12,7,96,2,False,poor,14,2,very_old,9,False,yes
wendy.gonzalez599@gmail.com,Male,Single,False,1,off,basic,3,4,neutral,upi,active,US,Hindi,37,5,162,8,True,good,6,6,recent,15,True,yes
scott.green35@gmail.com,Female,Married,False,5,on,premium,2,15,negative,card,cancelled,Germany,English,45,7,191,2,True,better,9,7,very_old,0,True,yes
carmen.williams912@gmail.com,Female,Married,False,4,off,basic,4,10,neutral,card,cancelled,US,Telugu,25,13,137,6,False,better,5,7,old,20,True,no
patrick.chapman171@gmail.com,Female,Single,False,9,off,basic,2,18,negative,card,expired,UK,English,32,20,113,7,False,better,9,8,old,15,False,yes
kelly.luna610@gmail.com,Male,Single,False,3,off,basic,10,12,neutral,upi,active,India,English,40,24,27,1,False,good,3,9,very_old,1,True,no
thomas.merritt126@gmail.com,Male,Married,False,4,off,basic,10,14,neutral,card,active,US,English,11,2,67,4,True,good,15,8,very_old,12,True,no
jose.hutchinson698@gmail.com,Male,Married,True,5,on,premium,1,14,positive,card,active,India,Telugu,14,20,33,5,False,better,2,8,very_old,15,True,no
daniel.hill641@gmail.com,Female,Married,False,1,on,gold,10,0,neutral,card,cancelled,Germany,English,34,14,125,1,True,better,5,6,very_old,16,False,yes
morgan.munoz106@gmail.com,Male,Single,False,9,off,basic,9,14,negative,upi,expired,India,Telugu,32,4,152,6,True,better,8,4,recent,7,True,yes
preston.henry617@gmail.com,Female,Married,False,1,on,basic,3,10,positive,upi,expired,UK,Telugu,7,23,42,10,False,better,13,10,old,19,True,no
heather.marshall570@gmail.com,Female,Married,False,2,on,basic,1,19,neutral,upi,cancelled,US,Hindi,11,7,76,8,False,good,13,1,recent,6,False,no
erin.alexander524@gmail.com,Female,Married,True,3,on,premium,3,16,negative,paypal,cancelled,Germany,Hindi,45,8,12,9,True,poor,12,8,old,14,True,yes
susan.jones168@gmail.com,Male,Single,False,9,on,basic,9,3,negative,upi,cancelled,US,English,11,17,153,6,True,poor,14,6,very_old,5,False,yes
joy.willis227@gmail.com,Female,Single,False,6,on,gold,8,9,neutral,upi,active,Germany,English,49,3,104,6,True,better,11,4,recent,10,False,no
robert.hobbs872@gmail.com,Female,Married,False,7,off,gold,8,16,neutral,card,cancelled,UK,Hindi,5,9,90,1,True,better,12,2,old,3,True,yes
kristen.stevens127@gmail.com,Female,Single,True,4,off,premium,10,3,positive,card,active,UK,English,23,24,41,2,True,poor,3,0,very_old,8,True,no
timothy.boone358@gmail.com,Female,Single,True,2,off,gold,2,2,neutral,upi,cancelled,Germany,English,35,21,159,1,True,better,15,2,recent,6,True,no
tiffany.myers163@gmail.com,Female,Married,False,10,on,basic,6,10,positive,upi,expired,India,English,48,7,165,7,False,good,11,1,recent,6,False,no
tyler.jimenez826@gmail.com,Male,Married,False,9,off,gold,8,3,neutral,paypal,active,Germany,Telugu,50,2,99,5,False,poor,14,2,old,19,False,yes
corey.burns417@gmail.com,Male,Married,True,7,off,basic,4,19,neutral,upi,active,UK,English,47,0,156,10,False,poor,6,3,recent,4,True,yes
alexis.morris853@gmail.com,Male,Single,False,7,on,premium,10,2,neutral,upi,cancelled,India,Telugu,33,9,58,7,True,good,6,5,recent,20,True,no
charles.frank331@gmail.com,Female,Single,True,4,on,gold,5,19,neutral,paypal,cancelled,US,English,25,17,175,6,True,better,6,2,old,10,True,yes
monica.evans654@gmail.com,Female,Single,True,5,on,premium,5,5,neutral,upi,active,Germany,Hindi,3,8,74,2,False,poor,16,6,very_old,6,False,no
ian.wilkins906@gmail.com,Male,Single,True,6,on,gold,6,6,positive,paypal,cancelled,US,Telugu,46,22,112,1,False,poor,3,9,recent,15,True,no
matthew.benitez914@gmail.com,Male,Married,False,9,off,premium,4,15,positive,upi,expired,Germany,Telugu,20,12,195,2,False,better,16,9,very_old,19,True,yes
charles.jefferson219@gmail.com,Female,Married,False,3,on,basic,7,14,neutral,paypal,cancelled,Germany,Telugu,42,9,75,8,True,good,5,0,recent,4,False,yes
zachary.hartman775@gmail.com,Male,Single,False,10,off,gold,7,19,positive,paypal,active,India,Telugu,40,24,137,8,True,good,15,4,very_old,15,False,yes
brian.rivera997@gmail.com,Male,Married,True,5,off,basic,9,5,negative,paypal,active,India,Telugu,46,4,165,8,True,good,1,5,very_old,13,True,no
rebecca.carter546@gmail.com,Female,Married,True,3,off,premium,2,2,positive,upi,expired,Germany,Telugu,32,20,119,7,True,poor,12,9,very_old,9,False,yes
tracy.barker713@gmail.com,Male,Single,True,4,on,gold,4,15,negative,card,cancelled,Germany,English,45,12,95,4,True,poor,9,7,recent,7,True,yes
dwayne.carter393@gmail.com,Female,Single,True,5,off,premium,1,3,positive,upi,active,UK,Telugu,43,0,52,10,False,poor,16,1,old,1,True,yes
diana.carter755@gmail.com,Female,Married,True,2,on,basic,8,1,negative,card,expired,Germany,Hindi,16,24,182,3,True,good,1,1,recent,0,True,no
paul.lawson729@gmail.com,Male,Single,False,4,on,gold,6,3,negative,card,cancelled,India,Hindi,35,17,116,1,True,poor,15,0,very_old,11,True,yes
elizabeth.miller438@gmail.com,Male,Single,True,2,off,gold,6,2,positive,card,expired,Germany,English,26,5,71,4,False,better,1,3,old,15,True,yes
jason.goodman941@gmail.com,Male,Married,True,1,off,basic,4,17,neutral,card,cancelled,UK,Telugu,38,1,78,4,False,better,1,9,recent,9,False,yes
jeffery.frazier150@gmail.com,Male,Married,True,3,off,gold,3,1,neutral,upi,cancelled,UK,Telugu,0,15,111,6,True,better,11,9,old,19,False,yes
steven.mckenzie460@gmail.com,Female,Single,False,6,on,premium,10,14,negative,card,expired,UK,Hindi,33,17,100,6,False,better,10,1,recent,1,False,yes
cassandra.cantu143@gmail.com,Male,Single,True,5,on,basic,10,0,neutral,upi,expired,Germany,Telugu,31,13,130,10,True,poor,10,8,very_old,14,False,yes
samantha.lawrence688@gmail.com,Female,Single,True,5,on,premium,8,20,negative,paypal,active,Germany,Hindi,45,3,57,4,False,better,13,1,old,15,True,yes
gloria.schultz651@gmail.com,Male,Single,False,2,on,basic,4,10,negative,card,expired,US,Hindi,22,3,11,3,True,better,9,0,very_old,5,True,yes
alexander.murphy313@gmail.com,Female,Married,False,1,on,gold,2,19,negative,upi,expired,US,Hindi,26,10,27,9,True,better,14,10,recent,18,True,yes
theresa.flores226@gmail.com,Male,Married,True,9,off,premium,7,19,positive,card,cancelled,Germany,Hindi,33,23,82,1,False,better,5,2,recent,5,True,no
kristen.hayes233@gmail.com,Female,Married,True,7,off,premium,4,13,neutral,paypal,active,Germany,English,21,21,49,5,True,poor,17,9,recent,10,False,no
johnny.wilson687@gmail.com,Male,Married,False,1,off,gold,4,1,positive,paypal,expired,Germany,Telugu,17,20,50,6,True,better,5,10,very_old,4,True,no
andrew.perry132@gmail.com,Female,Married,True,8,off,premium,10,11,neutral,paypal,cancelled,UK,English,27,1,73,4,True,better,5,2,very_old,20,False,yes
jodi.walker810@gmail.com,Female,Single,False,2,on,basic,1,16,negative,paypal,cancelled,Germany,English,0,24,151,7,False,better,11,10,recent,1,False,no
william.kelly492@gmail.com,Female,Single,True,8,off,premium,5,6,positive,paypal,active,Germany,Telugu,10,23,34,7,True,good,10,7,very_old,12,False,no
stephanie.richards159@gmail.com,Female,Married,False,4,off,premium,2,19,neutral,upi,cancelled,US,Telugu,42,12,31,5,False,better,19,6,old,9,True,yes
cathy.maxwell707@gmail.com,Male,Single,True,1,off,premium,3,4,negative,upi,expired,US,Hindi,38,12,171,10,True,poor,14,0,recent,1,True,no
denise.gonzalez630@gmail.com,Male,Single,True,1,off,premium,1,4,positive,card,expired,Germany,Telugu,28,9,93,4,False,poor,5,2,old,1,False,yes
mason.wells467@gmail.com,Female,Single,False,5,off,gold,4,7,neutral,card,cancelled,Germany,Telugu,21,13,62,6,True,good,7,6,recent,17,False,no
manuel.miller676@gmail.com,Female,Married,True,3,on,premium,8,14,positive,card,active,India,Hindi,49,19,24,8,True,better,14,8,very_old,1,True,no
jeffrey.flores731@gmail.com,Female,Single,True,8,on,basic,8,13,negative,card,active,UK,Hindi,1,12,150,10,True,good,19,0,very_old,11,True,no
nathan.avery713@gmail.com,Female,Single,False,6,off,basic,8,10,negative,paypal,active,US,English,48,10,155,2,False,good,9,3,recent,0,False,no
brian.wise356@gmail.com,Female,Single,False,10,off,premium,4,6,negative,upi,active,India,English,28,15,15,10,False,good,14,8,recent,20,True,yes
elizabeth.ortiz238@gmail.com,Male,Married,False,6,on,basic,6,12,negative,card,active,Germany,English,9,6,160,10,True,good,18,3,very_old,17,True,no
carrie.bradford28@gmail.com,Male,Married,False,10,off,gold,7,9,neutral,upi,active,Germany,Hindi,33,15,29,4,False,better,20,0,very_old,7,False,yes
mark.bishop663@gmail.com,Male,Single,False,3,off,gold,6,9,negative,paypal,active,UK,Hindi,29,14,95,7,False,better,6,6,old,10,False,yes
paul.oconnor992@gmail.com,Male,Married,False,10,off,premium,9,18,negative,upi,active,Germany,Telugu,41,19,127,9,False,good,11,8,very_old,0,True,yes
christian.garrett529@gmail.com,Female,Single,False,4,off,gold,7,12,negative,card,expired,India,Telugu,10,21,73,8,False,better,18,1,old,12,True,no
erica.ross770@gmail.com,Male,Married,False,5,on,basic,1,12,positive,paypal,expired,Germany,English,33,13,197,7,True,better,5,2,recent,17,True,no
roger.thompson979@gmail.com,Female,Married,True,8,on,gold,10,15,positive,card,cancelled,UK,Telugu,35,16,59,5,True,better,6,0,recent,6,True,no
linda.ramos374@gmail.com,Male,Single,True,7,off,premium,7,12,neutral,card,active,UK,Hindi,43,13,30,9,True,better,20,5,very_old,16,True,no
kendra.galloway875@gmail.com,Male,Single,False,2,off,basic,6,3,neutral,upi,expired,Germany,Telugu,12,15,134,9,True,good,13,4,very_old,4,True,yes
timothy.drake764@gmail.com,Male,Single,False,6,on,gold,3,20,positive,paypal,active,US,Telugu,34,16,59,6,True,poor,15,0,old,10,True,no
mark.thornton485@gmail.com,Male,Single,False,10,on,gold,3,15,neutral,upi,cancelled,India,English,41,2,93,7,True,better,14,8,very_old,5,True,no
jeffrey.bradford816@gmail.com,Female,Married,False,3,on,gold,7,9,negative,card,cancelled,India,Hindi,19,19,97,6,False,poor,4,7,very_old,19,False,yes
bruce.harrison160@gmail.com,Female,Single,True,9,on,premium,10,12,neutral,paypal,cancelled,US,Telugu,14,5,79,3,False,good,18,6,old,4,False,yes
deanna.howard84@gmail.com,Female,Single,True,6,on,premium,10,2,positive,upi,expired,US,English,25,11,197,8,True,poor,12,9,old,16,False,no
amy.cooper742@gmail.com,Male,Single,True,10,off,basic,9,6,negative,paypal,active,US,Telugu,24,7,135,2,True,good,3,1,old,18,True,no
michael.austin733@gmail.com,Male,Single,True,9,off,premium,6,2,negative,paypal,cancelled,India,Telugu,46,20,32,8,True,poor,11,5,recent,5,False,yes
jeffery.goodman752@gmail.com,Female,Single,True,10,off,gold,9,2,positive,card,cancelled,UK,Telugu,11,18,14,1,True,poor,6,7,recent,6,True,no
ashley.rosales789@gmail.com,Female,Single,False,9,off,premium,6,0,neutral,paypal,active,India,English,41,12,32,7,False,better,20,8,recent,19,True,no
tammy.brooks172@gmail.com,Male,Single,False,6,off,premium,3,17,negative,upi,cancelled,UK,Hindi,27,7,150,3,True,good,2,5,old,2,True,yes
brian.bailey869@gmail.com,Male,Single,False,8,off,basic,10,10,negative,paypal,cancelled,India,Telugu,3,21,68,3,True,poor,13,2,recent,0,True,no
jose.friedman183@gmail.com,Male,Married,True,4,off,gold,8,2,negative,upi,expired,India,English,40,25,145,6,True,good,13,10,old,16,False,yes
brian.hughes580@gmail.com,Female,Single,True,2,on,basic,1,3,neutral,upi,active,UK,English,7,8,148,6,False,poor,14,5,old,6,False,no
amanda.clark719@gmail.com,Female,Married,True,4,off,gold,8,16,neutral,card,cancelled,UK,Hindi,8,15,121,9,False,poor,2,8,recent,5,False,no
nathan.wheeler181@gmail.com,Female,Married,True,2,on,gold,1,15,neutral,upi,expired,Germany,Telugu,0,13,66,7,False,poor,13,1,very_old,12,True,yes
tabitha.leonard252@gmail.com,Male,Single,True,8,off,gold,7,16,positive,paypal,expired,US,Hindi,34,4,48,8,True,poor,8,4,recent,4,False,yes
joseph.young684@gmail.com,Female,Single,False,5,off,gold,3,11,neutral,upi,expired,Germany,Hindi,27,3,119,6,True,good,2,3,very_old,18,False,no
stephanie.ortega808@gmail.com,Female,Single,False,1,off,premium,9,14,neutral,card,active,Germany,Telugu,48,22,41,2,True,poor,13,1,recent,20,False,no
katelyn.owen965@gmail.com,Male,Married,True,8,on,premium,5,20,positive,upi,expired,UK,English,38,13,14,5,True,good,3,7,old,1,True,yes
anthony.diaz477@gmail.com,Female,Single,False,9,on,premium,7,4,positive,paypal,cancelled,India,Telugu,47,18,54,8,False,poor,6,8,very_old,18,True,yes
ashley.ritter15@gmail.com,Male,Married,True,10,off,gold,4,14,negative,card,cancelled,Germany,Telugu,6,23,23,8,True,poor,3,4,recent,5,False,yes
joshua.santana836@gmail.com,Male,Single,False,5,on,gold,10,16,neutral,paypal,expired,US,English,50,0,114,1,False,poor,3,8,very_old,10,False,yes
brianna.reese130@gmail.com,Male,Married,True,5,on,basic,3,13,negative,card,cancelled,Germany,Telugu,24,7,98,1,True,better,15,5,recent,5,True,yes
antonio.lane617@gmail.com,Female,Single,True,7,on,gold,9,13,negative,card,cancelled,UK,Telugu,35,1,38,8,True,better,17,8,recent,11,False,no
kevin.stanley678@gmail.com,Male,Single,True,10,off,gold,7,2,positive,upi,expired,US,Hindi,33,3,142,2,False,better,2,10,old,20,False,no
deborah.bartlett959@gmail.com,Male,Single,True,10,off,premium,3,8,neutral,upi,expired,US,Hindi,6,23,147,5,False,good,14,10,old,14,False,yes
robert.morris98@gmail.com,Female,Married,False,1,on,gold,2,1,neutral,card,cancelled,Germany,English,5,7,183,4,True,better,7,6,old,16,True,no
erica.green178@gmail.com,Male,Married,True,6,on,basic,8,15,neutral,card,active,Germany,English,45,19,123,10,True,poor,6,4,old,16,False,no
nicolas.sutton18@gmail.com,Male,Single,True,8,off,premium,4,5,positive,card,active,US,Hindi,40,13,114,8,True,poor,20,3,very_old,14,False,yes
jennifer.stanley290@gmail.com,Female,Married,False,1,off,basic,6,15,negative,paypal,expired,Germany,Hindi,22,5,147,3,False,better,3,0,very_old,9,False,yes
brett.whitney843@gmail.com,Female,Married,True,9,on,premium,9,19,positive,upi,active,Germany,English,28,20,178,8,False,better,5,7,recent,16,True,no
patricia.livingston929@gmail.com,Female,Single,False,7,off,gold,7,13,positive,card,active,Germany,Telugu,18,1,114,4,False,poor,11,4,old,10,False,no
daniel.chaney165@gmail.com,Male,Single,True,5,off,gold,4,1,positive,upi,active,UK,Telugu,5,13,117,10,False,poor,16,3,recent,5,True,no
johnny.miller19@gmail.com,Female,Married,False,2,on,gold,10,18,positive,card,cancelled,UK,Telugu,18,19,174,2,False,better,19,8,old,16,False,yes
anna.lewis784@gmail.com,Male,Married,False,10,off,basic,9,5,negative,upi,active,US,English,9,0,72,2,False,better,20,9,recent,13,False,no
dylan.lester2@gmail.com,Female,Single,False,3,on,basic,8,11,negative,upi,expired,India,Hindi,30,12,198,9,False,poor,14,9,very_old,9,False,yes
justin.hays556@gmail.com,Male,Married,False,4,off,basic,1,8,positive,card,cancelled,Germany,Telugu,3,16,166,5,False,poor,16,5,old,19,True,yes
yvonne.miller659@gmail.com,Male,Single,True,6,on,basic,1,1,neutral,upi,cancelled,India,English,44,23,80,9,True,good,8,4,very_old,14,False,yes
brenda.sheppard423@gmail.com,Male,Single,True,4,on,gold,10,8,positive,paypal,active,Germany,Hindi,11,16,42,2,False,better,12,5,old,17,False,no
scott.ramirez599@gmail.com,Female,Married,False,3,on,gold,2,14,neutral,upi,cancelled,UK,Telugu,32,3,148,10,False,better,16,4,old,11,True,yes
kimberly.hancock665@gmail.com,Male,Married,False,2,off,gold,1,4,negative,upi,active,India,Hindi,23,24,66,10,True,good,4,6,recent,12,True,no
beth.bates165@gmail.com,Female,Married,False,10,off,premium,6,12,positive,upi,expired,Germany,English,38,21,78,10,False,better,8,2,very_old,15,True,yes
thomas.boyle6@gmail.com,Female,Single,False,1,off,premium,5,12,negative,upi,expired,UK,Telugu,1,8,94,10,False,good,7,1,very_old,14,False,yes
mandy.mason746@gmail.com,Male,Single,True,3,on,gold,1,12,negative,card,expired,India,Hindi,46,6,135,6,True,poor,2,5,recent,18,True,yes
michael.mcgee460@gmail.com,Female,Single,True,5,off,premium,2,14,negative,upi,expired,India,Telugu,38,16,73,9,False,better,20,2,old,3,False,yes
michelle.powell964@gmail.com,Male,Single,True,6,on,premium,5,16,positive,card,cancelled,Germany,English,30,12,50,7,True,poor,8,2,recent,3,True,no
jesse.jackson36@gmail.com,Female,Married,False,9,on,basic,6,8,neutral,card,active,US,English,29,9,37,1,True,poor,5,4,very_old,18,False,no
nathan.perry161@gmail.com,Male,Married,False,1,on,premium,2,6,neutral,upi,expired,India,Hindi,25,22,30,4,False,poor,13,6,very_old,16,False,yes
raymond.dominguez203@gmail.com,Female,Single,True,9,on,gold,6,1,neutral,upi,cancelled,India,Hindi,29,25,51,9,False,better,17,8,very_old,18,False,yes
melissa.jackson982@gmail.com,Male,Single,True,10,off,gold,7,2,neutral,paypal,expired,UK,English,7,19,23,7,True,poor,16,1,old,3,False,yes
kristen.nguyen715@gmail.com,Male,Single,False,10,on,gold,3,11,positive,upi,active,Germany,English,29,9,177,6,False,good,3,0,very_old,11,True,no
james.gonzalez864@gmail.com,Female,Married,True,2,off,premium,6,14,neutral,upi,expired,US,Hindi,4,25,112,10,False,good,7,2,recent,12,True,yes
travis.garcia448@gmail.com,Male,Married,True,10,on,basic,1,17,negative,paypal,cancelled,UK,Telugu,40,9,23,5,False,good,20,7,very_old,14,True,yes
joseph.white163@gmail.com,Male,Single,False,1,on,premium,8,5,positive,upi,cancelled,UK,Telugu,11,0,130,8,False,better,18,3,very_old,5,True,yes
christopher.shaffer105@gmail.com,Female,Single,False,9,on,premium,6,16,neutral,card,active,UK,English,38,16,167,10,False,better,13,1,recent,16,False,yes
angela.higgins158@gmail.com,Female,Married,True,9,on,premium,7,17,neutral,paypal,expired,Germany,Hindi,23,15,23,7,False,good,18,3,very_old,11,False,no
kathryn.matthews874@gmail.com,Female,Married,True,3,off,gold,4,10,neutral,card,cancelled,Germany,English,47,14,122,8,False,good,4,4,very_old,9,True,yes
gary.logan221@gmail.com,Male,Single,False,9,on,basic,9,18,negative,paypal,expired,Germany,Telugu,48,24,190,6,False,poor,9,10,very_old,2,True,yes
linda.browning109@gmail.com,Female,Married,True,4,off,gold,8,0,positive,card,cancelled,Germany,Telugu,48,13,40,2,False,good,17,10,old,20,False,yes
juan.vasquez712@gmail.com,Male,Married,False,1,on,premium,5,13,positive,paypal,active,Germany,English,21,14,160,6,False,better,5,10,recent,9,False,no
rachel.marshall294@gmail.com,Male,Single,True,7,off,basic,9,15,negative,card,cancelled,US,Telugu,9,5,154,7,False,good,20,2,recent,18,True,yes
karen.larsen283@gmail.com,Male,Married,True,10,on,gold,4,15,positive,card,active,India,Telugu,16,4,48,4,True,good,6,0,old,14,True,no
joseph.jones695@gmail.com,Female,Single,False,9,off,premium,3,17,neutral,upi,cancelled,UK,Hindi,47,0,46,1,True,good,19,1,recent,16,True,yes
timothy.williams694@gmail.com,Male,Married,True,1,off,premium,4,10,positive,card,expired,UK,Hindi,42,17,51,9,True,better,4,4,very_old,8,False,yes
amanda.holmes779@gmail.com,Female,Married,False,5,on,gold,10,15,negative,card,cancelled,US,Telugu,18,11,192,5,False,better,20,6,very_old,13,True,yes
eric.pena906@gmail.com,Male,Married,False,8,off,gold,9,17,neutral,paypal,cancelled,US,English,43,17,137,1,False,poor,3,4,old,3,False,yes
elizabeth.jackson366@gmail.com,Male,Married,True,2,off,basic,5,4,neutral,card,cancelled,Germany,Telugu,12,1,112,7,False,good,15,4,very_old,14,True,yes
wendy.colon664@gmail.com,Female,Married,False,9,off,premium,2,13,neutral,card,active,Germany,Telugu,3,12,124,6,True,poor,10,10,very_old,17,False,no
keith.lee352@gmail.com,Female,Single,False,7,off,gold,2,10,positive,upi,cancelled,UK,English,16,0,65,5,False,better,6,2,old,5,False,yes
kaylee.meyer693@gmail.com,Female,Married,True,8,on,gold,9,17,positive,paypal,cancelled,Germany,Hindi,27,11,69,10,True,poor,3,6,very_old,15,True,yes
ashley.lewis957@gmail.com,Female,Married,False,3,on,gold,10,1,positive,upi,active,US,Hindi,43,3,130,4,False,better,8,0,recent,10,False,no
deanna.mueller405@gmail.com,Male,Married,False,9,off,basic,5,9,positive,card,cancelled,UK,Hindi,20,23,19,9,False,poor,6,6,recent,2,False,no
amanda.crosby118@gmail.com,Female,Married,False,3,on,gold,7,0,neutral,card,active,India,Hindi,28,5,98,7,True,poor,19,1,very_old,4,False,no
steven.ball434@gmail.com,Male,Married,True,2,off,basic,6,19,neutral,upi,cancelled,Germany,Hindi,1,2,75,2,False,poor,17,7,recent,8,True,no
christine.grant845@gmail.com,Female,Single,True,9,on,premium,7,1,positive,upi,expired,US,Hindi,39,11,30,2,False,better,16,1,old,16,True,yes
brad.lewis888@gmail.com,Male,Single,False,1,on,basic,5,7,neutral,card,cancelled,India,English,13,13,182,2,False,better,15,10,recent,11,False,no
jason.taylor261@gmail.com,Female,Single,True,9,off,premium,5,7,negative,upi,active,UK,Hindi,32,7,151,7,True,good,4,9,very_old,2,False,no
yolanda.gutierrez341@gmail.com,Male,Married,True,10,on,basic,1,8,neutral,upi,active,US,English,31,8,97,5,True,good,10,6,very_old,7,False,no
cynthia.faulkner800@gmail.com,Male,Married,True,2,off,basic,8,15,positive,upi,cancelled,Germany,Telugu,24,12,163,5,False,good,20,2,very_old,2,True,yes
valerie.lewis462@gmail.com,Male,Married,False,2,on,basic,10,19,neutral,upi,cancelled,UK,English,41,5,156,8,True,good,16,4,old,18,True,no
jerry.pham224@gmail.com,Female,Single,False,4,off,gold,6,14,positive,paypal,cancelled,Germany,English,6,2,187,5,True,good,5,10,old,18,False,no
jonathan.collier311@gmail.com,Female,Single,True,4,off,basic,1,7,negative,upi,active,US,English,23,4,34,1,True,better,5,6,very_old,0,True,yes
erin.hernandez683@gmail.com,Male,Single,True,3,off,gold,2,20,neutral,paypal,cancelled,India,Telugu,24,16,98,5,False,good,15,10,recent,3,True,yes
jonathan.weeks696@gmail.com,Female,Married,True,6,off,basic,5,18,negative,paypal,cancelled,India,Hindi,8,2,148,8,True,good,6,8,recent,3,True,yes
karen.clark674@gmail.com,Female,Married,True,10,on,gold,2,5,negative,paypal,cancelled,UK,Telugu,27,13,145,7,True,poor,10,8,very_old,0,True,yes
sara.glover292@gmail.com,Female,Married,False,8,off,basic,4,11,negative,card,active,Germany,Hindi,30,7,45,3,True,poor,14,6,very_old,5,True,yes
chad.young455@gmail.com,Female,Single,False,1,on,basic,5,7,negative,paypal,expired,India,Telugu,23,6,192,6,False,good,8,9,very_old,17,False,yes
charles.brown450@gmail.com,Female,Married,False,7,on,premium,6,12,negative,card,cancelled,US,Hindi,17,1,191,8,True,better,5,1,very_old,2,False,no
matthew.lucas334@gmail.com,Male,Single,False,2,on,premium,6,10,negative,upi,expired,UK,Telugu,45,10,89,1,False,better,10,0,old,13,True,yes
jeffrey.harris883@gmail.com,Male,Married,False,6,off,premium,1,14,negative,paypal,expired,Germany,English,45,24,108,8,True,poor,6,3,old,9,True,yes
shirley.martin58@gmail.com,Female,Single,False,1,off,gold,4,19,negative,paypal,cancelled,US,Telugu,2,9,153,9,False,better,19,5,very_old,14,False,yes
james.kane116@gmail.com,Female,Married,True,3,on,basic,3,18,negative,paypal,active,US,English,9,12,147,2,False,better,12,9,old,6,False,no
lori.johnston781@gmail.com,Female,Single,False,9,on,basic,7,20,neutral,paypal,expired,Germany,English,14,20,103,4,False,better,11,1,old,0,True,yes
savannah.burton653@gmail.com,Male,Single,False,6,on,premium,10,16,negative,card,active,UK,Hindi,16,5,196,7,True,better,1,5,old,10,False,no
barbara.mitchell659@gmail.com,Male,Married,False,1,on,basic,2,2,positive,card,active,Germany,English,14,1,148,3,False,good,4,3,very_old,0,False,no
allison.tyler88@gmail.com,Female,Single,False,10,off,basic,10,16,negative,upi,active,Germany,English,41,0,46,9,True,good,12,6,recent,8,True,no
matthew.davis99@gmail.com,Male,Married,False,6,on,premium,3,17,neutral,upi,active,US,Telugu,9,8,136,8,True,better,5,2,very_old,9,True,no
peter.powell676@gmail.com,Female,Single,True,2,off,premium,8,9,negative,upi,expired,Germany,Telugu,39,7,110,4,True,poor,5,2,old,0,True,yes
kevin.richardson388@gmail.com,Female,Single,True,9,off,gold,5,11,negative,upi,expired,UK,Hindi,46,10,41,7,False,good,16,5,very_old,14,True,yes
katie.collins813@gmail.com,Male,Married,True,9,off,basic,3,15,positive,upi,expired,India,Telugu,4,24,140,6,True,better,10,8,old,20,False,no
laura.kelley193@gmail.com,Male,Married,True,5,off,gold,9,1,positive,card,active,UK,Telugu,23,17,152,1,True,better,7,9,recent,15,False,no
ann.ellis115@gmail.com,Male,Married,True,10,on,gold,9,17,neutral,paypal,expired,Germany,English,18,4,10,2,False,better,5,7,very_old,17,False,yes
alec.fisher137@gmail.com,Female,Single,True,1,on,gold,8,9,positive,upi,expired,US,English,11,6,161,1,True,better,13,7,old,14,True,no
valerie.davila633@gmail.com,Female,Single,False,7,off,premium,7,3,positive,card,cancelled,India,Hindi,28,15,103,7,True,good,4,7,very_old,1,True,no
alan.kelly289@gmail.com,Female,Single,False,6,on,basic,8,11,negative,upi,expired,US,Telugu,5,5,182,7,True,poor,16,1,very_old,4,True,no
suzanne.hill210@gmail.com,Female,Married,False,1,on,gold,4,3,negative,upi,active,UK,Telugu,39,20,83,1,True,good,5,0,old,7,False,yes
paul.cole563@gmail.com,Male,Married,True,2,on,basic,3,0,positive,upi,active,Germany,English,46,18,143,3,True,good,17,5,recent,12,True,no
daniel.vega604@gmail.com,Female,Single,True,10,off,basic,10,5,neutral,upi,cancelled,UK,English,30,1,164,3,True,better,5,9,very_old,1,True,no
joshua.davis169@gmail.com,Female,Married,True,9,off,basic,9,3,negative,card,active,US,Hindi,35,9,84,4,False,good,7,0,very_old,20,True,no
jennifer.harris465@gmail.com,Female,Married,True,1,off,premium,9,1,positive,card,cancelled,India,English,3,0,42,2,False,good,5,5,old,12,False,no
roger.obrien310@gmail.com,Female,Single,False,7,off,basic,4,2,neutral,paypal,cancelled,US,Hindi,7,4,194,1,False,good,5,8,very_old,2,False,no
becky.moyer285@gmail.com,Male,Married,True,9,off,gold,8,1,negative,card,expired,Germany,English,48,14,58,5,False,better,17,4,very_old,11,True,yes
elaine.morales778@gmail.com,Male,Single,True,6,on,premium,4,13,negative,upi,expired,UK,Hindi,22,8,66,1,True,poor,2,5,old,2,True,yes
melissa.ortiz575@gmail.com,Female,Married,False,1,on,gold,7,16,negative,paypal,active,US,Hindi,21,4,86,4,True,good,14,7,recent,6,True,no
curtis.adams732@gmail.com,Female,Single,True,9,on,premium,1,7,positive,card,expired,India,English,21,25,187,8,False,poor,9,10,recent,11,False,no
robert.hurley625@gmail.com,Female,Married,False,3,on,premium,2,16,negative,card,expired,US,English,22,0,34,1,True,poor,5,5,very_old,3,False,yes
brandy.mills957@gmail.com,Female,Single,False,3,on,premium,2,1,negative,paypal,expired,UK,English,15,20,36,6,False,good,20,7,old,15,False,yes
kimberly.parker878@gmail.com,Female,Married,False,10,off,basic,5,14,positive,upi,active,UK,Hindi,18,8,86,6,True,good,19,1,old,9,False,no
crystal.hogan605@gmail.com,Female,Single,False,10,on,gold,9,14,positive,card,active,US,English,1,4,37,3,False,good,17,9,recent,19,True,no
david.harding9@gmail.com,Male,Married,True,5,off,gold,6,2,negative,upi,cancelled,UK,English,43,9,42,3,True,poor,2,10,old,9,True,yes
thomas.shaw619@gmail.com,Male,Married,True,3,off,premium,3,4,positive,paypal,cancelled,Germany,Telugu,37,21,197,3,True,good,18,1,very_old,19,True,yes
robert.yu817@gmail.com,Male,Single,False,10,on,premium,9,18,neutral,upi,cancelled,UK,English,9,10,166,2,True,poor,1,4,old,6,True,no
perry.larson885@gmail.com,Female,Single,False,2,off,gold,4,8,neutral,paypal,cancelled,US,Telugu,37,3,13,1,False,poor,1,8,very_old,0,True,yes
derek.santiago475@gmail.com,Male,Single,False,7,off,premium,8,6,neutral,upi,expired,UK,Hindi,38,25,101,10,False,good,18,7,very_old,20,False,yes
eric.trujillo131@gmail.com,Female,Married,False,9,off,premium,1,3,negative,card,expired,India,Hindi,47,14,172,4,True,poor,3,10,recent,3,False,yes
isaac.stark338@gmail.com,Male,Married,False,8,on,basic,9,1,positive,paypal,expired,US,Telugu,10,24,160,8,True,better,8,9,recent,13,False,no
thomas.vaughan944@gmail.com,Male,Single,False,8,off,gold,10,20,neutral,upi,active,UK,English,32,10,135,7,False,poor,15,8,recent,20,True,no
hector.hernandez318@gmail.com,Female,Single,False,10,off,basic,3,19,neutral,paypal,active,US,English,42,24,197,5,True,good,20,7,very_old,19,True,no
maria.williams386@gmail.com,Female,Married,False,5,on,premium,4,3,neutral,paypal,active,Germany,English,13,15,87,10,True,good,10,8,recent,11,True,no
dorothy.henry586@gmail.com,Male,Married,True,4,on,basic,1,9,negative,paypal,active,UK,Hindi,28,14,164,6,True,poor,6,10,old,11,False,no
jeremiah.rhodes690@gmail.com,Female,Married,True,5,off,basic,7,16,positive,paypal,cancelled,UK,Hindi,2,23,79,1,False,better,12,4,old,10,True,no
christopher.watts889@gmail.com,Female,Single,False,10,off,basic,2,19,positive,upi,cancelled,US,English,41,6,119,4,True,better,13,9,recent,11,True,yes
kevin.brewer914@gmail.com,Male,Married,False,3,off,gold,10,17,positive,card,expired,India,Hindi,32,17,163,1,False,better,10,7,old,8,True,no
heather.nelson664@gmail.com,Female,Single,True,8,on,basic,6,13,positive,paypal,expired,Germany,Hindi,11,17,23,1,True,good,16,2,recent,19,True,yes
joanna.davis776@gmail.com,Male,Married,False,5,off,gold,9,12,positive,card,expired,Germany,Hindi,15,25,180,7,False,good,1,0,very_old,3,False,yes
kayla.cannon746@gmail.com,Male,Married,True,9,on,premium,2,4,neutral,paypal,cancelled,India,English,17,12,128,9,True,better,5,3,very_old,2,True,yes
michael.williams506@gmail.com,Male,Married,True,10,on,basic,2,18,positive,upi,active,India,English,29,5,45,2,True,good,3,1,recent,20,False,no
brett.adams134@gmail.com,Female,Married,False,2,off,basic,7,13,negative,upi,cancelled,UK,English,32,1,61,4,True,good,20,3,very_old,18,False,yes
shannon.palmer850@gmail.com,Female,Single,False,1,on,gold,6,7,negative,paypal,expired,Germany,Hindi,16,0,69,7,True,good,15,7,old,19,False,no
adrian.lara409@gmail.com,Male,Single,True,3,off,premium,10,5,neutral,upi,active,US,English,17,6,94,1,True,poor,5,7,old,10,False,no
linda.andrews175@gmail.com,Male,Married,True,7,off,premium,5,4,positive,upi,expired,Germany,English,17,9,95,5,False,better,1,2,very_old,10,True,no
carlos.johnson338@gmail.com,Male,Single,True,7,off,gold,5,1,neutral,upi,cancelled,Germany,Hindi,25,9,118,3,False,good,11,8,recent,15,True,no
kurt.matthews921@gmail.com,Male,Married,False,1,on,gold,2,8,neutral,upi,expired,UK,English,12,13,93,2,False,poor,6,1,recent,6,True,no
alexandra.rowe146@gmail.com,Female,Married,True,4,on,gold,7,10,negative,card,active,UK,Hindi,47,24,24,3,False,poor,2,0,very_old,4,False,yes
david.turner212@gmail.com,Male,Single,False,7,on,premium,8,20,neutral,card,cancelled,Germany,English,20,3,156,6,False,good,20,6,very_old,2,False,no
kyle.sanders834@gmail.com,Female,Single,True,4,on,gold,6,5,neutral,card,active,UK,Hindi,4,21,182,2,True,better,5,6,very_old,15,False,no
scott.riley749@gmail.com,Female,Married,False,6,off,basic,6,3,positive,card,cancelled,Germany,Hindi,31,16,167,2,True,poor,16,10,very_old,16,False,no
lisa.clark755@gmail.com,Female,Single,True,9,off,premium,2,13,positive,paypal,active,India,English,13,13,55,5,False,better,11,2,very_old,13,False,no
reginald.caldwell415@gmail.com,Female,Married,True,9,on,gold,8,13,neutral,card,active,US,Telugu,6,22,191,1,True,better,1,8,old,18,False,no
albert.paul776@gmail.com,Male,Married,False,8,off,basic,8,15,neutral,card,active,UK,Hindi,24,5,175,9,False,poor,9,0,very_old,3,True,no
angela.martin446@gmail.com,Male,Married,False,4,off,premium,7,5,neutral,upi,active,India,Hindi,10,23,41,2,True,good,5,3,recent,20,True,no
melanie.young513@gmail.com,Female,Single,True,10,on,gold,6,19,neutral,paypal,active,Germany,Telugu,31,17,58,4,True,better,4,10,recent,13,False,no
alexandria.ingram612@gmail.com,Male,Married,False,5,off,premium,3,13,negative,upi,expired,UK,English,27,24,77,6,True,good,14,9,very_old,15,False,yes
melissa.davis826@gmail.com,Male,Married,False,10,off,gold,5,1,negative,upi,active,Germany,Telugu,22,12,178,9,False,good,4,4,very_old,16,True,yes
rita.brown505@gmail.com,Female,Single,True,7,off,gold,7,3,negative,upi,active,UK,English,28,5,67,5,True,better,4,3,recent,3,True,yes
carla.miller683@gmail.com,Female,Single,True,6,off,basic,6,10,negative,card,expired,US,Hindi,21,20,162,5,False,good,14,2,recent,0,True,yes
monique.johnson70@gmail.com,Male,Married,True,10,on,basic,6,4,positive,card,expired,US,Telugu,35,17,124,4,True,poor,7,8,old,2,True,yes
susan.peters42@gmail.com,Male,Single,False,10,on,basic,3,11,neutral,card,active,UK,English,16,23,105,8,True,poor,10,0,old,15,False,no
sarah.martin781@gmail.com,Male,Single,True,4,off,basic,10,8,positive,upi,active,UK,Hindi,36,14,10,4,True,better,15,5,recent,20,False,no
paul.henderson130@gmail.com,Male,Single,False,3,off,gold,1,17,neutral,paypal,active,UK,Telugu,30,10,127,3,True,better,15,8,recent,17,True,no
gina.bell742@gmail.com,Male,Married,False,8,off,basic,9,11,neutral,upi,active,UK,Hindi,1,18,172,8,True,poor,18,3,old,0,True,no
laura.carter383@gmail.com,Female,Single,True,10,on,basic,7,10,negative,upi,expired,Germany,Telugu,19,7,153,9,False,good,1,2,very_old,6,False,no
stephen.scott190@gmail.com,Male,Married,True,5,off,gold,8,18,positive,paypal,cancelled,Germany,English,49,6,188,8,True,good,14,3,very_old,15,True,yes
michelle.white82@gmail.com,Male,Single,False,5,off,premium,7,18,positive,upi,active,India,Hindi,16,17,174,6,False,better,2,0,very_old,18,True,no
stephanie.brown794@gmail.com,Male,Single,True,9,off,gold,1,15,positive,paypal,expired,US,Hindi,40,7,70,6,False,good,18,1,old,17,False,yes
mary.charles324@gmail.com,Female,Single,True,2,off,premium,7,20,positive,card,active,UK,Hindi,21,16,23,8,False,poor,5,10,recent,14,False,no
rebecca.perez238@gmail.com,Male,Single,True,4,on,gold,8,4,positive,paypal,active,UK,English,49,19,14,5,False,better,9,1,old,1,True,no
mary.garcia532@gmail.com,Female,Married,False,4,off,gold,3,18,positive,card,active,India,Hindi,37,1,115,3,True,good,8,0,very_old,10,False,yes
beth.thomas680@gmail.com,Female,Married,False,1,off,premium,4,1,negative,paypal,expired,India,English,49,25,93,4,True,better,18,1,old,13,False,yes
amy.davenport596@gmail.com,Female,Single,False,8,on,premium,4,9,positive,paypal,expired,India,Telugu,11,21,122,7,False,better,9,7,very_old,8,True,no
caleb.jackson34@gmail.com,Female,Married,False,6,on,gold,1,10,positive,paypal,active,US,Telugu,25,23,198,4,False,good,8,8,old,1,False,no
carlos.robinson308@gmail.com,Female,Married,False,2,on,gold,1,17,positive,paypal,expired,Germany,Telugu,19,24,171,4,False,good,13,3,old,4,False,yes
amanda.baker907@gmail.com,Male,Single,True,9,on,premium,8,4,negative,paypal,cancelled,UK,Telugu,13,17,133,8,False,better,19,1,recent,16,False,yes
shawn.thomas435@gmail.com,Male,Single,False,7,on,premium,9,7,positive,card,expired,UK,Hindi,13,18,148,6,True,good,20,0,old,4,True,no
audrey.hoffman448@gmail.com,Male,Married,False,8,on,basic,10,19,positive,upi,cancelled,India,Hindi,17,12,13,5,False,poor,10,1,old,0,True,no
brandi.soto684@gmail.com,Female,Single,True,2,on,basic,6,13,negative,paypal,active,UK,Telugu,50,8,63,4,True,poor,3,8,recent,5,False,no
samantha.allen94@gmail.com,Male,Married,True,10,off,premium,10,18,negative,upi,active,US,English,13,16,66,3,True,poor,18,5,recent,12,True,no
derrick.bennett965@gmail.com,Male,Married,True,4,on,gold,6,16,negative,card,cancelled,UK,Hindi,45,17,168,4,True,poor,18,9,recent,4,False,yes
jennifer.moody944@gmail.com,Female,Single,True,3,on,basic,10,8,negative,card,expired,UK,Hindi,42,18,79,7,False,poor,12,3,recent,19,True,yes
laura.reyes323@gmail.com,Male,Married,True,9,on,basic,2,18,neutral,card,active,Germany,English,21,6,75,3,False,good,7,6,recent,12,True,no
kevin.robinson725@gmail.com,Female,Married,False,4,on,gold,9,18,neutral,card,cancelled,India,English,11,4,98,7,True,better,18,0,recent,12,True,no
rachel.griffin56@gmail.com,Female,Single,False,10,off,basic,2,0,neutral,upi,cancelled,Germany,English,23,12,199,5,False,good,12,10,recent,18,False,yes
jennifer.strickland167@gmail.com,Female,Married,True,8,on,basic,4,16,neutral,card,expired,UK,Telugu,42,19,184,10,False,poor,18,8,very_old,17,True,yes
raymond.gaines274@gmail.com,Female,Married,False,2,off,gold,1,9,positive,upi,expired,India,Telugu,40,0,156,3,True,better,14,10,very_old,14,False,yes
mary.avila305@gmail.com,Male,Married,False,8,on,premium,7,17,positive,paypal,expired,UK,Hindi,31,8,198,3,True,poor,16,2,old,9,False,no
kathleen.sanchez6@gmail.com,Female,Single,False,2,on,basic,10,4,neutral,paypal,cancelled,US,Hindi,25,11,183,9,True,good,19,6,very_old,18,False,no
bobby.moses80@gmail.com,Female,Married,False,5,on,premium,3,18,positive,upi,expired,US,English,38,16,137,6,True,good,12,3,very_old,1,False,yes
cody.hale44@gmail.com,Male,Married,False,4,on,gold,6,17,neutral,upi,expired,Germany,Hindi,0,24,29,5,True,better,10,1,recent,14,True,no
anthony.hansen980@gmail.com,Female,Married,True,10,on,gold,6,4,neutral,card,cancelled,UK,Telugu,46,14,20,10,True,good,12,1,recent,2,True,yes
david.holmes323@gmail.com,Female,Single,True,10,on,premium,4,4,negative,paypal,active,India,English,7,11,24,10,False,good,5,6,very_old,15,False,no
mercedes.holland693@gmail.com,Male,Married,False,5,off,gold,2,3,positive,paypal,cancelled,India,Hindi,26,7,73,9,False,better,20,6,very_old,7,False,yes
hannah.chan124@gmail.com,Male,Single,True,10,off,gold,10,16,positive,card,expired,US,English,10,18,23,6,True,better,3,1,very_old,16,True,no
margaret.gill696@gmail.com,Male,Married,False,7,on,basic,10,1,neutral,card,active,Germany,English,12,6,65,3,True,good,20,6,old,9,True,no
stacey.robinson621@gmail.com,Male,Married,False,2,off,basic,4,19,neutral,card,cancelled,India,Telugu,31,3,113,9,True,better,8,3,recent,19,False,yes
kristin.walter374@gmail.com,Female,Married,True,7,on,gold,3,16,neutral,upi,cancelled,UK,English,21,7,92,8,True,better,8,7,very_old,10,True,no
edward.ford906@gmail.com,Female,Single,False,7,off,premium,1,13,positive,upi,cancelled,US,Hindi,42,12,27,8,False,poor,7,2,very_old,0,False,no
jenna.fowler907@gmail.com,Female,Single,True,8,on,premium,10,16,negative,upi,active,UK,Telugu,17,15,193,2,True,good,6,5,very_old,14,True,no
william.burns576@gmail.com,Female,Married,False,5,off,gold,3,11,positive,paypal,expired,Germany,Hindi,45,14,163,3,False,good,8,8,recent,11,True,no
richard.cardenas897@gmail.com,Male,Single,False,5,off,gold,3,17,positive,card,cancelled,UK,Hindi,25,2,89,4,True,good,10,2,old,4,True,yes
nathan.leonard482@gmail.com,Male,Married,False,3,off,premium,2,12,neutral,upi,expired,US,English,7,0,82,5,True,good,18,4,recent,6,False,yes
maria.king309@gmail.com,Male,Married,False,9,off,basic,10,1,negative,upi,expired,India,Hindi,41,5,118,1,True,better,2,3,very_old,8,True,no
chelsea.stewart538@gmail.com,Male,Married,False,10,on,basic,6,15,negative,upi,cancelled,UK,Telugu,2,18,147,3,True,good,12,5,old,11,False,yes
brandon.allen40@gmail.com,Female,Single,True,8,on,basic,8,18,negative,paypal,cancelled,Germany,English,25,2,158,6,False,better,14,1,very_old,14,False,yes
janet.williams233@gmail.com,Male,Married,True,8,off,basic,7,13,neutral,upi,active,India,Telugu,21,15,40,1,False,good,4,9,recent,17,True,no
matthew.phillips824@gmail.com,Male,Married,False,9,off,basic,1,15,neutral,paypal,expired,Germany,Hindi,47,8,55,8,True,poor,10,3,recent,4,False,yes
jodi.fry910@gmail.com,Female,Married,False,6,on,gold,3,15,positive,paypal,expired,Germany,Hindi,22,2,162,6,True,better,1,10,very_old,18,True,yes
cassidy.brady324@gmail.com,Female,Single,False,3,off,gold,3,6,negative,card,cancelled,UK,English,0,14,133,9,False,better,2,0,very_old,6,False,no
nicole.davis527@gmail.com,Female,Married,True,7,off,premium,2,7,neutral,card,cancelled,UK,English,18,18,128,1,True,better,18,10,very_old,2,True,no
henry.sparks29@gmail.com,Male,Single,True,6,off,premium,5,1,neutral,upi,cancelled,Germany,Hindi,17,12,159,9,False,poor,1,2,very_old,14,False,yes
morgan.buchanan638@gmail.com,Female,Married,False,1,off,basic,8,13,negative,paypal,expired,US,Hindi,4,19,56,4,False,good,3,2,old,14,False,yes
jeffrey.powell774@gmail.com,Female,Married,True,6,on,gold,5,17,neutral,paypal,expired,UK,Telugu,0,25,184,9,True,better,1,5,recent,18,False,yes
gail.singleton383@gmail.com,Male,Married,True,8,on,gold,2,16,positive,card,cancelled,Germany,English,7,13,198,3,False,better,12,9,very_old,5,True,no
melanie.reynolds425@gmail.com,Female,Married,True,8,on,premium,1,16,neutral,paypal,active,UK,Telugu,16,3,34,3,False,good,5,1,old,11,True,no
alison.andrews544@gmail.com,Male,Married,True,8,off,basic,6,7,negative,card,active,India,Hindi,23,10,132,6,False,poor,9,3,recent,2,False,no
brad.madden58@gmail.com,Male,Single,True,9,off,gold,10,7,positive,paypal,expired,India,Telugu,14,7,175,3,True,better,13,1,old,12,True,no
robert.hernandez602@gmail.com,Male,Married,True,5,on,premium,5,18,positive,card,active,India,Telugu,34,2,155,8,False,better,9,10,recent,20,True,no
michelle.wilson550@gmail.com,Female,Married,True,2,on,gold,5,18,negative,card,expired,UK,Telugu,5,24,175,8,True,poor,4,8,old,6,True,no
corey.dodson913@gmail.com,Female,Single,False,7,on,gold,3,5,neutral,card,active,US,English,45,16,15,1,True,good,10,6,old,5,True,no
jessica.bailey351@gmail.com,Female,Single,True,10,off,premium,5,7,neutral,upi,expired,UK,Telugu,10,3,174,4,False,better,1,9,recent,8,False,no
juan.daniels673@gmail.com,Female,Married,True,9,off,premium,2,9,neutral,card,expired,Germany,Hindi,29,0,83,9,False,poor,19,3,very_old,11,False,yes
molly.jenkins204@gmail.com,Male,Married,False,2,off,premium,9,2,negative,upi,active,US,Hindi,38,12,131,10,False,poor,7,3,old,10,True,yes
lisa.thomas303@gmail.com,Male,Single,False,9,off,premium,7,6,positive,paypal,active,UK,English,8,21,143,8,True,better,10,5,old,4,False,no
tara.jackson311@gmail.com,Female,Married,True,10,off,gold,9,6,negative,paypal,expired,US,Telugu,7,11,41,6,False,good,8,3,recent,8,False,no
steven.perez275@gmail.com,Female,Married,False,4,off,gold,5,13,negative,upi,cancelled,Germany,English,48,22,144,6,False,poor,11,8,very_old,7,True,yes
christine.allen934@gmail.com,Male,Single,True,2,off,premium,7,16,negative,upi,expired,UK,English,21,7,170,4,False,poor,4,4,recent,10,False,yes
denise.conrad349@gmail.com,Female,Single,True,9,on,basic,1,14,neutral,card,expired,UK,Telugu,20,20,166,1,False,poor,13,7,old,1,True,no
david.wade852@gmail.com,Female,Married,False,7,on,premium,6,5,positive,card,expired,UK,English,4,12,29,2,False,better,1,0,very_old,15,False,yes
donna.holloway960@gmail.com,Male,Married,True,2,off,gold,6,6,neutral,paypal,active,India,English,11,17,160,5,False,good,15,8,very_old,8,True,no
carlos.baker40@gmail.com,Male,Married,False,8,off,premium,5,11,positive,card,expired,India,English,5,20,66,2,True,better,18,7,recent,19,False,yes
anita.graham662@gmail.com,Male,Married,False,2,on,premium,5,15,negative,paypal,cancelled,India,Hindi,33,12,150,7,True,better,12,9,very_old,14,False,yes
michael.harris290@gmail.com,Female,Single,True,7,on,gold,2,20,positive,card,cancelled,India,Telugu,3,2,55,4,False,good,15,1,recent,4,False,yes
kayla.garcia960@gmail.com,Female,Married,True,9,on,gold,2,2,negative,card,active,Germany,Hindi,46,3,32,6,False,poor,14,2,recent,5,False,no
miguel.king943@gmail.com,Male,Single,True,9,on,gold,7,8,negative,paypal,active,UK,English,9,23,162,6,True,poor,1,0,old,17,True,no
anthony.diaz80@gmail.com,Female,Single,True,8,on,gold,10,13,neutral,paypal,cancelled,UK,Telugu,6,18,156,7,True,poor,13,0,very_old,18,True,no
alexandra.gilbert380@gmail.com,Female,Single,True,8,on,gold,8,2,neutral,paypal,cancelled,US,English,47,16,15,5,False,poor,16,5,very_old,0,True,yes
maria.martinez729@gmail.com,Female,Single,False,10,on,gold,1,2,negative,card,expired,India,Telugu,30,2,146,5,True,good,14,7,recent,11,False,yes
lori.skinner559@gmail.com,Male,Single,True,8,off,gold,8,18,negative,paypal,cancelled,UK,English,18,12,163,2,True,good,11,9,recent,3,False,no
joshua.white782@gmail.com,Female,Single,False,2,on,gold,1,7,positive,card,cancelled,India,English,43,12,169,9,False,good,17,0,very_old,8,True,yes
bryce.roberts729@gmail.com,Female,Single,False,2,off,gold,1,17,positive,paypal,active,India,English,3,19,94,7,True,poor,18,7,recent,7,True,no
wesley.farrell161@gmail.com,Female,Single,True,5,off,premium,3,5,negative,paypal,active,Germany,English,8,11,64,1,False,good,19,8,very_old,0,False,no
justin.bailey588@gmail.com,Female,Married,False,2,on,premium,2,10,negative,paypal,expired,UK,Telugu,6,19,120,4,False,good,4,10,very_old,1,True,no
shawn.powell4@gmail.com,Male,Single,False,9,on,premium,9,3,neutral,paypal,expired,US,Telugu,49,15,90,9,True,poor,15,10,old,1,True,yes
jessica.bean781@gmail.com,Female,Married,True,8,on,basic,6,9,negative,paypal,cancelled,Germany,English,19,23,34,1,True,better,10,9,very_old,3,True,yes
richard.edwards92@gmail.com,Male,Married,False,10,off,basic,7,9,neutral,card,cancelled,India,English,25,10,104,6,True,better,14,3,very_old,4,True,yes
adam.macias450@gmail.com,Male,Single,False,10,off,gold,6,9,neutral,paypal,expired,UK,Telugu,17,16,113,6,True,better,1,4,recent,11,True,no
andrea.shea865@gmail.com,Male,Married,True,4,on,gold,1,2,negative,card,expired,India,English,6,22,156,3,False,better,11,0,old,15,True,no
jeffrey.morgan602@gmail.com,Female,Married,False,10,on,basic,9,18,positive,paypal,expired,Germany,Telugu,44,10,189,3,False,poor,5,9,recent,0,True,yes
zachary.rodriguez247@gmail.com,Female,Married,True,10,off,basic,3,10,neutral,upi,expired,UK,English,21,9,195,1,False,better,12,5,old,14,True,no
robert.thompson531@gmail.com,Male,Married,False,8,off,premium,10,11,neutral,upi,expired,US,English,19,11,186,9,True,good,1,4,very_old,5,True,no
carla.chambers328@gmail.com,Male,Married,True,10,on,premium,10,11,neutral,card,active,India,Telugu,47,13,29,6,True,better,5,9,old,2,True,no
carrie.hebert343@gmail.com,Male,Married,True,5,on,basic,3,20,negative,upi,active,India,Telugu,44,10,80,4,True,poor,2,9,recent,8,False,yes
amanda.nguyen23@gmail.com,Male,Single,True,2,on,basic,9,6,neutral,card,cancelled,UK,Hindi,41,8,39,2,True,poor,18,1,recent,14,True,yes
sandra.wright202@gmail.com,Female,Married,False,2,off,basic,3,18,positive,upi,cancelled,India,Telugu,20,0,88,9,True,good,7,1,recent,5,True,no
robin.smith567@gmail.com,Male,Single,True,7,off,premium,4,11,positive,upi,cancelled,India,English,9,21,16,7,True,poor,16,5,very_old,0,False,yes
jasmine.hobbs181@gmail.com,Male,Married,True,6,off,gold,5,16,positive,upi,expired,US,English,16,5,106,8,True,better,13,3,very_old,1,True,no
sandra.fry407@gmail.com,Female,Single,False,4,on,premium,7,14,positive,upi,expired,India,Telugu,9,4,94,3,False,good,8,1,very_old,19,False,yes
james.davis447@gmail.com,Male,Married,False,1,on,premium,10,4,negative,card,cancelled,India,English,24,6,187,6,True,poor,14,0,recent,2,False,yes
ashley.knight921@gmail.com,Female,Single,False,1,on,basic,10,10,neutral,upi,expired,US,English,41,7,38,3,False,good,13,8,old,15,False,yes
michael.cain664@gmail.com,Male,Single,True,7,on,premium,1,18,negative,upi,active,UK,Hindi,30,22,117,9,False,poor,18,7,recent,19,False,yes
nicholas.solomon528@gmail.com,Female,Single,False,4,on,premium,10,6,negative,card,expired,US,Hindi,34,19,32,8,False,good,19,1,recent,7,True,yes
andrea.martinez310@gmail.com,Female,Single,False,9,on,gold,1,15,positive,paypal,active,UK,English,18,7,136,7,False,better,7,8,recent,2,True,no
nathan.rodgers452@gmail.com,Male,Married,False,2,off,basic,10,18,neutral,card,cancelled,UK,Telugu,5,3,104,4,True,better,14,0,recent,6,True,no
paula.osborne59@gmail.com,Male,Single,True,2,off,premium,3,16,negative,card,expired,UK,English,25,24,54,9,True,good,2,0,recent,4,True,yes
sandra.morris300@gmail.com,Male,Married,False,10,on,basic,2,8,neutral,upi,active,Germany,English,21,1,199,4,True,better,16,10,recent,4,False,no
caleb.mcneil655@gmail.com,Male,Single,False,10,off,gold,10,17,neutral,upi,expired,UK,Telugu,23,15,43,2,False,better,7,4,recent,2,False,no
susan.marks334@gmail.com,Female,Married,True,2,off,gold,2,0,neutral,upi,active,Germany,English,47,23,80,8,True,good,5,5,very_old,16,False,yes
emily.carr708@gmail.com,Female,Single,True,3,on,premium,4,0,negative,paypal,cancelled,Germany,Hindi,45,6,90,2,True,good,9,9,very_old,9,False,yes
daniel.hernandez864@gmail.com,Male,Single,True,4,on,premium,9,7,negative,card,active,US,Hindi,6,0,11,6,True,good,8,8,old,13,False,no
austin.gardner20@gmail.com,Female,Married,False,7,on,basic,4,6,negative,upi,expired,US,English,9,11,122,5,True,poor,13,6,recent,9,False,yes
michael.johnson786@gmail.com,Male,Single,True,9,on,premium,5,15,positive,upi,expired,Germany,Telugu,45,7,176,6,True,better,9,0,very_old,4,True,no
brian.day618@gmail.com,Male,Married,False,2,off,premium,10,15,negative,card,active,Germany,English,21,18,159,3,True,better,1,9,old,16,False,yes
erika.mathews361@gmail.com,Female,Married,False,7,on,gold,4,11,negative,paypal,cancelled,US,English,7,15,48,1,False,poor,15,9,old,13,True,yes
alexandra.harris720@gmail.com,Female,Married,False,6,off,gold,2,0,negative,upi,active,US,Hindi,29,3,135,3,True,poor,17,0,recent,11,True,yes
christina.obrien627@gmail.com,Female,Single,True,8,off,premium,7,3,neutral,paypal,active,Germany,Telugu,19,18,15,1,True,better,13,0,very_old,1,False,no
kaitlyn.conrad407@gmail.com,Female,Single,False,7,on,gold,9,19,neutral,paypal,expired,India,Telugu,46,14,32,8,True,better,8,5,very_old,18,True,yes
john.jones608@gmail.com,Female,Single,True,1,on,premium,6,9,positive,card,active,India,Hindi,32,3,191,10,False,better,6,3,very_old,16,True,yes
mark.miller460@gmail.com,Male,Single,False,3,on,basic,4,13,negative,upi,active,US,English,4,11,143,8,False,poor,15,6,very_old,8,True,no
eric.harrison655@gmail.com,Female,Single,False,1,on,premium,6,1,negative,paypal,expired,US,English,38,7,123,3,True,good,4,2,old,19,True,yes
matthew.heath559@gmail.com,Male,Single,False,7,off,gold,8,13,neutral,paypal,expired,India,English,0,17,157,4,True,better,8,4,recent,11,True,no
micheal.nunez709@gmail.com,Female,Married,False,4,off,gold,3,20,negative,paypal,active,Germany,English,16,1,48,4,False,poor,13,0,old,20,False,yes
craig.brown769@gmail.com,Male,Single,False,4,off,gold,9,0,neutral,card,cancelled,UK,Hindi,29,2,168,7,True,better,7,4,very_old,18,False,no
leslie.patterson4@gmail.com,Male,Married,True,4,off,premium,6,13,negative,paypal,active,US,Hindi,38,16,15,7,False,poor,9,2,very_old,15,False,no
amy.fritz104@gmail.com,Female,Married,False,7,on,basic,7,0,negative,card,active,UK,Hindi,11,24,160,1,False,good,10,9,very_old,15,False,yes
krystal.nguyen573@gmail.com,Female,Single,True,1,on,premium,3,6,negative,card,expired,India,English,20,8,50,5,True,better,5,4,old,1,False,no
jessica.villegas724@gmail.com,Male,Single,False,3,off,premium,5,7,positive,paypal,cancelled,US,English,1,1,106,7,True,better,2,2,old,2,True,no
lisa.hall792@gmail.com,Female,Married,False,6,on,gold,5,10,positive,upi,expired,India,English,45,23,34,10,False,poor,16,4,very_old,0,True,no
colleen.maddox843@gmail.com,Female,Married,False,1,off,basic,3,12,positive,paypal,active,UK,Hindi,39,10,94,2,False,poor,7,6,very_old,17,False,yes
billy.williams730@gmail.com,Male,Single,False,9,on,premium,8,4,negative,upi,cancelled,Germany,Telugu,37,15,68,6,False,better,5,10,very_old,7,True,yes
david.robles308@gmail.com,Female,Single,False,2,off,gold,4,11,neutral,upi,expired,India,Telugu,7,21,145,5,False,good,5,9,old,8,True,yes
lisa.martinez964@gmail.com,Male,Single,True,1,on,gold,7,16,neutral,upi,active,UK,English,3,16,67,2,True,good,19,10,recent,0,True,no
gabriel.gutierrez902@gmail.com,Male,Married,False,6,on,premium,2,12,neutral,paypal,active,India,Telugu,50,14,64,5,False,good,20,3,recent,3,True,no
john.martinez826@gmail.com,Female,Married,True,4,off,gold,8,5,neutral,card,expired,UK,Telugu,21,13,131,2,False,poor,6,8,very_old,13,False,no
jesse.benson723@gmail.com,Female,Married,True,7,off,gold,7,13,positive,card,expired,India,English,22,15,59,8,True,poor,7,0,old,4,True,no
marvin.walker589@gmail.com,Female,Single,True,7,on,gold,1,15,positive,upi,active,India,Hindi,19,23,45,6,False,good,11,8,old,0,False,no
timothy.tate834@gmail.com,Male,Married,False,8,off,gold,6,5,neutral,upi,active,Germany,Hindi,44,10,70,9,False,good,7,7,old,17,False,yes
ricky.pearson481@gmail.com,Male,Married,False,5,on,basic,2,18,positive,card,cancelled,India,Telugu,38,16,70,5,False,good,10,4,old,1,True,no
william.lyons205@gmail.com,Female,Married,True,9,on,gold,7,3,negative,upi,active,US,Hindi,31,6,142,4,False,good,14,6,very_old,3,False,no
nicole.alvarez576@gmail.com,Male,Married,True,2,on,premium,9,1,neutral,paypal,cancelled,UK,Telugu,41,7,163,2,True,poor,10,2,very_old,17,True,yes
thomas.gonzales301@gmail.com,Male,Single,False,9,off,premium,6,20,positive,upi,expired,US,Hindi,39,12,38,5,False,good,15,3,recent,9,False,yes
lisa.everett67@gmail.com,Female,Single,False,6,on,gold,9,16,negative,paypal,expired,Germany,English,41,9,144,5,True,better,17,7,very_old,0,False,no
sandra.maldonado247@gmail.com,Male,Married,True,2,off,gold,6,11,neutral,card,cancelled,UK,Hindi,32,22,38,8,True,better,7,5,old,1,True,yes
mitchell.clark273@gmail.com,Female,Married,False,10,off,gold,2,9,negative,card,expired,US,Hindi,38,3,139,4,True,poor,12,8,old,19,False,yes
jesse.matthews13@gmail.com,Female,Single,False,1,on,premium,2,0,neutral,paypal,active,US,Hindi,34,23,109,8,True,better,14,3,old,12,True,no
james.martin833@gmail.com,Male,Single,False,9,off,premium,7,11,positive,upi,expired,Germany,English,34,4,156,6,True,poor,2,9,recent,9,True,yes
jamie.aguilar93@gmail.com,Female,Married,False,7,on,gold,9,11,positive,paypal,expired,Germany,Telugu,13,24,73,9,True,good,5,9,recent,20,False,yes
cassie.shelton971@gmail.com,Female,Married,False,6,on,basic,2,3,neutral,card,active,Germany,Telugu,49,24,96,9,True,good,13,5,recent,19,False,no
william.simpson701@gmail.com,Female,Married,False,4,on,premium,6,16,negative,upi,cancelled,US,Telugu,15,19,73,7,False,good,15,8,very_old,19,False,yes
joseph.hernandez706@gmail.com,Female,Single,False,8,on,basic,8,0,negative,paypal,active,Germany,Telugu,50,19,190,9,False,better,17,2,recent,10,False,no
richard.parks502@gmail.com,Male,Married,False,6,on,premium,7,12,positive,paypal,cancelled,UK,Telugu,20,1,120,6,True,poor,1,7,old,6,False,no
joseph.frazier283@gmail.com,Female,Married,True,1,on,gold,8,3,positive,upi,active,India,Hindi,41,10,103,5,False,poor,8,7,recent,1,False,no
rachel.moore486@gmail.com,Female,Married,False,4,off,premium,4,16,negative,paypal,active,US,Telugu,15,23,23,4,False,better,2,4,old,16,True,no
michael.lee447@gmail.com,Male,Married,True,9,on,gold,2,13,negative,paypal,cancelled,India,English,29,13,88,7,False,better,16,7,very_old,9,True,yes
jessica.coleman403@gmail.com,Female,Single,True,2,on,premium,9,19,negative,paypal,active,Germany,Hindi,18,8,146,8,False,good,15,10,recent,3,False,no
andrea.parker411@gmail.com,Male,Married,True,8,on,basic,5,10,positive,card,active,Germany,Hindi,45,10,134,4,True,better,8,2,very_old,12,True,no
robert.herrera94@gmail.com,Male,Married,False,3,on,premium,9,11,positive,upi,active,US,English,36,16,54,6,True,poor,4,5,old,0,True,no
madison.williams107@gmail.com,Male,Single,True,6,off,basic,7,0,neutral,paypal,expired,US,Telugu,36,12,52,8,True,good,9,2,old,14,True,no
nicholas.martinez718@gmail.com,Male,Single,True,7,off,basic,5,15,positive,upi,active,Germany,English,11,5,94,10,False,better,15,2,old,11,True,no
caroline.davis269@gmail.com,Female,Married,True,10,off,gold,10,4,negative,paypal,active,US,Telugu,41,19,27,1,True,poor,17,6,very_old,20,False,yes
amber.maldonado322@gmail.com,Female,Married,True,3,on,basic,1,5,positive,paypal,expired,Germany,Hindi,1,21,197,3,True,good,1,4,old,9,True,no
jessica.duarte37@gmail.com,Male,Single,True,7,on,gold,4,0,positive,upi,active,India,Hindi,47,24,47,6,True,poor,15,3,old,4,True,no
cheyenne.hart660@gmail.com,Male,Married,False,3,on,basic,1,7,positive,upi,expired,Germany,Telugu,22,7,46,4,True,good,13,3,very_old,17,True,no
samantha.dixon584@gmail.com,Female,Married,False,3,on,basic,1,8,negative,upi,cancelled,UK,Hindi,47,20,180,8,False,better,1,9,old,12,True,yes
tina.miller949@gmail.com,Male,Single,False,5,on,gold,2,13,negative,card,active,UK,English,10,5,156,7,False,good,18,2,very_old,0,False,no
nicole.ward196@gmail.com,Female,Single,False,3,off,gold,10,11,negative,card,expired,Germany,Hindi,40,18,24,4,True,poor,19,7,very_old,4,True,yes
robert.martin517@gmail.com,Female,Married,False,2,on,basic,9,19,negative,card,expired,Germany,English,2,24,59,9,False,poor,19,4,very_old,0,True,yes
john.roth192@gmail.com,Female,Married,False,5,off,basic,9,16,positive,paypal,cancelled,US,English,30,5,182,2,True,better,9,3,old,7,False,no
lonnie.grant971@gmail.com,Female,Single,False,10,on,premium,4,19,neutral,upi,cancelled,UK,English,33,0,73,7,True,good,15,0,old,7,False,yes
aaron.rubio207@gmail.com,Male,Married,True,8,off,gold,8,17,negative,card,cancelled,India,English,23,17,29,5,True,good,15,2,recent,4,False,yes
louis.walton185@gmail.com,Female,Single,False,2,off,gold,8,0,negative,upi,expired,UK,English,36,9,178,7,True,poor,8,5,recent,14,True,yes
amanda.morrow253@gmail.com,Male,Single,True,8,off,gold,3,8,positive,paypal,active,UK,English,0,22,74,9,True,good,18,1,recent,9,False,no
wesley.gates109@gmail.com,Female,Single,False,7,on,basic,5,9,negative,paypal,expired,India,English,7,15,137,8,False,poor,4,5,recent,3,False,yes
anthony.harper30@gmail.com,Female,Married,True,5,on,premium,4,7,positive,card,cancelled,Germany,Telugu,21,14,164,4,False,better,14,6,recent,15,True,no
jacqueline.anderson149@gmail.com,Male,Married,False,5,on,basic,9,1,negative,card,cancelled,Germany,Hindi,26,25,16,1,True,better,17,10,old,16,False,yes
veronica.rogers196@gmail.com,Female,Married,True,8,off,premium,6,18,negative,paypal,cancelled,India,Telugu,33,1,33,3,False,good,12,9,old,12,False,yes
sergio.acosta933@gmail.com,Male,Married,False,3,off,basic,5,7,positive,upi,cancelled,US,Telugu,46,16,154,10,False,better,18,1,old,4,True,yes
claudia.oneill170@gmail.com,Female,Single,True,2,on,basic,9,14,negative,paypal,cancelled,Germany,Hindi,6,7,198,9,True,better,1,4,old,15,False,yes
philip.taylor747@gmail.com,Male,Married,True,1,off,gold,3,10,neutral,upi,expired,India,English,17,12,109,9,False,poor,14,5,very_old,3,False,yes
kelly.rogers844@gmail.com,Female,Single,False,8,on,premium,1,13,positive,paypal,active,India,English,47,17,61,4,False,better,15,5,very_old,11,True,no
pamela.smith369@gmail.com,Female,Married,False,6,on,premium,8,13,negative,paypal,expired,UK,English,47,21,148,3,False,poor,8,9,old,15,True,yes
john.haas171@gmail.com,Male,Single,True,5,off,premium,5,1,negative,upi,expired,UK,Telugu,31,2,101,2,False,good,6,5,recent,7,False,yes
emily.navarro815@gmail.com,Male,Single,False,9,off,gold,8,10,neutral,card,expired,US,English,5,6,28,6,False,poor,10,9,old,14,True,yes
rebecca.mccann203@gmail.com,Female,Single,False,8,off,premium,3,10,positive,paypal,expired,India,Hindi,23,13,159,10,False,better,16,0,old,10,True,no
monica.cook910@gmail.com,Male,Married,False,10,off,gold,10,15,negative,card,cancelled,Germany,English,50,1,92,9,True,good,18,0,old,0,False,yes
amy.lucero198@gmail.com,Male,Married,False,9,on,gold,1,5,positive,upi,expired,US,English,26,0,174,8,False,better,4,5,very_old,4,True,no
sean.garcia964@gmail.com,Male,Married,False,6,on,gold,10,17,negative,upi,active,India,English,46,16,200,7,True,poor,2,9,very_old,13,False,no
tracy.rice717@gmail.com,Female,Single,False,10,on,gold,5,16,neutral,paypal,active,Germany,English,22,4,61,8,False,poor,18,5,recent,18,False,yes
james.white971@gmail.com,Male,Married,True,1,on,gold,6,4,neutral,card,expired,UK,Hindi,21,6,114,5,False,good,10,7,very_old,0,True,yes
corey.powell347@gmail.com,Female,Single,False,7,on,gold,6,6,negative,paypal,expired,UK,Hindi,19,6,41,3,True,good,4,10,recent,20,False,no
mark.watson842@gmail.com,Female,Married,False,4,on,premium,6,3,positive,upi,cancelled,UK,English,23,4,71,7,True,better,13,0,recent,5,True,no
brian.harris968@gmail.com,Male,Single,False,9,off,gold,4,12,neutral,paypal,expired,US,Hindi,7,3,52,1,True,good,16,0,very_old,2,False,no
kenneth.johnson114@gmail.com,Female,Married,False,4,off,gold,1,19,positive,upi,active,UK,English,32,20,191,2,True,poor,10,2,old,16,False,no
diana.cunningham161@gmail.com,Female,Single,False,3,off,basic,5,19,positive,card,active,Germany,English,44,19,132,8,False,poor,7,1,very_old,4,True,no
anthony.beard577@gmail.com,Female,Single,True,3,on,gold,7,20,negative,paypal,cancelled,India,English,11,14,37,7,False,better,16,2,very_old,13,False,yes
matthew.byrd515@gmail.com,Female,Single,True,5,on,premium,9,4,neutral,paypal,active,India,Telugu,14,24,179,4,False,good,13,10,recent,2,True,no
daniel.smith993@gmail.com,Male,Married,True,7,off,premium,7,16,negative,upi,cancelled,US,Telugu,13,21,30,10,False,good,6,8,old,19,True,yes
robert.rhodes243@gmail.com,Female,Single,False,7,on,gold,6,20,positive,card,cancelled,UK,Telugu,39,7,162,10,True,good,14,3,old,5,False,no
patrick.reilly198@gmail.com,Male,Married,True,10,off,basic,1,5,positive,upi,expired,US,Hindi,21,14,40,4,False,poor,19,1,old,19,True,yes
kyle.harris243@gmail.com,Male,Single,True,5,on,basic,2,19,neutral,paypal,active,US,English,44,13,152,6,True,good,5,1,very_old,17,True,no
bethany.maldonado903@gmail.com,Male,Single,False,9,on,premium,9,7,positive,paypal,active,UK,English,6,6,49,6,True,better,15,8,very_old,12,False,no
jaclyn.russo738@gmail.com,Male,Single,False,5,on,premium,5,6,neutral,paypal,cancelled,UK,Telugu,50,0,133,4,True,good,2,9,very_old,16,True,yes
troy.webster778@gmail.com,Female,Married,False,2,on,basic,6,8,neutral,card,cancelled,US,Hindi,10,6,26,1,False,better,14,10,recent,14,False,no
lucas.smith336@gmail.com,Male,Single,True,2,off,basic,9,20,positive,card,cancelled,UK,Telugu,33,17,138,1,True,poor,11,6,recent,1,False,no
alicia.mcbride371@gmail.com,Female,Married,False,9,off,basic,3,0,neutral,paypal,expired,Germany,Hindi,8,22,12,2,True,better,8,5,very_old,7,True,yes
anna.lynch313@gmail.com,Female,Single,False,6,off,premium,1,10,negative,upi,cancelled,Germany,Hindi,33,13,136,8,False,poor,4,4,old,17,False,yes
tami.rodriguez26@gmail.com,Female,Married,False,6,on,basic,5,20,negative,paypal,active,India,English,27,10,180,8,True,better,12,6,very_old,14,True,no
thomas.lowery269@gmail.com,Male,Married,False,6,on,premium,10,12,neutral,card,expired,Germany,Hindi,28,1,106,10,False,better,8,1,very_old,3,False,no
aaron.little964@gmail.com,Female,Single,True,6,on,premium,2,12,negative,paypal,cancelled,Germany,English,29,10,196,5,True,better,1,6,very_old,4,True,no
ronald.jackson726@gmail.com,Male,Married,False,4,on,basic,3,16,negative,upi,expired,US,English,30,22,74,4,True,better,18,3,recent,11,True,yes
dominic.tyler26@gmail.com,Male,Single,True,4,on,gold,3,12,positive,card,active,Germany,Hindi,17,4,156,3,False,good,8,6,very_old,13,False,no
ronald.hernandez671@gmail.com,Male,Single,True,8,off,basic,9,4,positive,paypal,expired,India,Hindi,25,20,44,7,False,poor,18,4,very_old,3,True,no
joel.ramos8@gmail.com,Female,Single,False,9,off,premium,4,14,neutral,card,expired,India,English,40,13,170,2,True,good,2,8,recent,0,True,yes
alexander.garcia393@gmail.com,Male,Married,True,8,off,gold,4,5,positive,card,expired,India,Telugu,34,24,18,5,True,good,6,0,very_old,15,True,yes
peter.baker543@gmail.com,Male,Single,False,3,on,premium,3,12,negative,upi,cancelled,India,English,32,19,125,7,False,poor,6,5,old,0,True,no
kimberly.kent708@gmail.com,Male,Single,True,9,on,gold,3,8,positive,card,expired,India,English,40,25,116,3,True,good,3,6,very_old,10,False,no
nicholas.johnson953@gmail.com,Female,Married,False,2,on,gold,3,1,positive,card,expired,US,Telugu,16,6,65,1,True,poor,7,8,very_old,16,True,no
michael.cox184@gmail.com,Female,Single,True,7,off,gold,7,4,negative,paypal,cancelled,India,English,36,18,116,3,False,better,15,10,old,6,True,yes
miranda.warren761@gmail.com,Male,Single,False,9,off,basic,10,8,positive,card,cancelled,India,Telugu,42,17,106,4,True,poor,20,10,old,1,True,no
daniel.stanley183@gmail.com,Male,Single,True,10,on,premium,1,13,positive,paypal,expired,US,Hindi,27,10,184,10,True,good,13,10,recent,20,False,yes
amy.rodriguez229@gmail.com,Female,Married,True,10,on,gold,1,18,neutral,card,cancelled,US,English,21,17,155,3,False,good,2,5,recent,13,True,yes
jennifer.tyler127@gmail.com,Female,Single,True,9,off,basic,8,15,positive,card,expired,UK,English,50,22,115,2,True,good,11,5,recent,10,False,no
carlos.williams492@gmail.com,Female,Married,True,2,on,premium,5,10,neutral,paypal,expired,UK,Telugu,39,20,123,7,False,poor,1,2,recent,1,True,no
danielle.rodriguez445@gmail.com,Male,Single,True,10,on,basic,8,8,negative,paypal,active,Germany,Hindi,4,17,78,2,False,better,1,9,very_old,8,True,no
jessica.abbott540@gmail.com,Male,Single,True,9,off,gold,3,12,positive,upi,cancelled,US,English,14,0,46,3,True,poor,4,0,very_old,16,False,no
joshua.melton231@gmail.com,Male,Single,True,9,on,premium,5,20,negative,upi,cancelled,UK,English,26,15,89,9,True,better,19,0,old,18,True,yes
angela.nichols759@gmail.com,Male,Married,False,4,off,premium,8,14,negative,card,active,Germany,English,32,12,83,5,False,good,20,6,very_old,20,True,yes
kelly.shaw559@gmail.com,Female,Single,True,10,on,premium,3,13,neutral,paypal,cancelled,India,English,11,24,14,5,True,poor,2,9,very_old,1,True,no
marcus.daugherty749@gmail.com,Female,Single,True,4,off,basic,4,11,negative,upi,active,India,English,8,1,114,1,True,good,13,4,old,3,True,no
tara.parker784@gmail.com,Male,Single,True,3,off,basic,10,12,neutral,upi,cancelled,US,English,36,24,103,3,False,poor,4,7,very_old,8,False,yes
philip.vance603@gmail.com,Female,Single,False,10,on,basic,1,10,positive,upi,expired,UK,English,14,4,142,5,True,poor,20,10,old,4,True,yes
timothy.gibson620@gmail.com,Female,Single,True,8,off,premium,7,10,neutral,card,cancelled,UK,English,3,23,34,2,True,better,19,4,very_old,18,False,yes
joshua.paul750@gmail.com,Female,Married,False,10,on,basic,6,7,neutral,card,cancelled,US,Telugu,33,7,137,4,False,better,5,8,recent,5,False,yes
wendy.cooper923@gmail.com,Female,Married,True,2,on,premium,3,8,neutral,upi,expired,US,English,46,9,166,6,False,better,4,5,very_old,4,False,no
joseph.weiss53@gmail.com,Female,Single,False,10,on,gold,3,12,negative,paypal,expired,India,Hindi,43,24,97,3,True,better,6,1,old,9,True,yes
daniel.owens428@gmail.com,Female,Single,False,6,on,premium,3,17,negative,card,cancelled,US,English,21,17,20,4,True,better,5,0,old,13,False,yes
elizabeth.sanders733@gmail.com,Male,Single,True,10,off,gold,1,4,neutral,paypal,cancelled,Germany,Telugu,38,3,168,4,True,good,15,6,old,0,True,no
deanna.stein35@gmail.com,Male,Married,True,3,on,gold,7,12,negative,upi,active,India,Telugu,2,17,117,5,True,good,17,7,recent,10,True,no
steven.frazier707@gmail.com,Male,Single,True,3,off,premium,10,11,positive,upi,active,India,Telugu,16,14,85,3,False,better,17,6,recent,6,True,no
kristina.khan464@gmail.com,Female,Married,True,10,off,gold,6,5,positive,card,expired,US,Telugu,14,25,132,7,False,poor,16,6,old,19,False,yes
melissa.ramos696@gmail.com,Male,Single,False,9,on,gold,8,18,negative,upi,cancelled,Germany,Hindi,17,24,185,9,True,poor,4,1,old,0,True,no
jennifer.harrison103@gmail.com,Female,Single,True,10,on,gold,8,11,neutral,card,active,US,English,36,25,183,3,True,poor,4,9,old,16,False,yes
jennifer.zuniga935@gmail.com,Male,Married,False,5,off,premium,4,9,positive,card,active,India,Telugu,26,0,25,10,True,good,1,0,recent,8,False,no
david.jimenez669@gmail.com,Male,Married,True,8,on,gold,5,0,positive,paypal,cancelled,Germany,Hindi,15,18,20,6,False,good,20,3,very_old,19,True,no
danielle.mcmahon284@gmail.com,Male,Single,False,4,off,premium,1,10,neutral,upi,cancelled,Germany,Hindi,31,0,135,4,False,good,13,9,old,11,True,no
rachel.davis185@gmail.com,Male,Married,True,6,on,gold,1,13,neutral,upi,expired,UK,Telugu,11,8,30,10,True,good,20,10,very_old,7,False,yes
sarah.simmons631@gmail.com,Female,Single,True,4,on,basic,5,12,positive,upi,cancelled,UK,Telugu,19,14,25,1,False,better,5,4,old,12,True,no
joshua.juarez172@gmail.com,Female,Single,True,2,off,premium,1,4,neutral,paypal,expired,Germany,English,18,8,133,10,False,good,20,10,very_old,19,True,yes
breanna.burns744@gmail.com,Female,Married,True,3,on,gold,7,9,positive,paypal,expired,US,English,6,6,15,8,False,good,15,4,old,9,True,no
frederick.preston160@gmail.com,Male,Married,False,5,off,premium,3,10,positive,paypal,cancelled,India,English,17,18,152,7,True,better,2,1,old,11,False,no
lori.smith710@gmail.com,Male,Single,False,6,on,gold,9,20,negative,paypal,expired,US,English,6,3,30,10,False,good,13,4,old,1,False,yes
craig.phillips547@gmail.com,Male,Single,False,6,off,basic,8,1,neutral,paypal,active,UK,Hindi,25,10,60,4,True,poor,5,9,very_old,9,True,no
matthew.reed455@gmail.com,Male,Married,False,5,off,premium,3,10,positive,card,active,Germany,English,2,24,74,10,True,good,14,10,very_old,8,False,no
bethany.keller886@gmail.com,Male,Single,False,4,on,basic,2,7,negative,card,expired,UK,Hindi,48,16,141,2,True,poor,6,4,very_old,8,False,yes
chelsey.patterson630@gmail.com,Male,Married,True,6,off,premium,6,20,positive,card,expired,UK,Telugu,23,3,105,1,False,better,12,10,very_old,17,False,yes
karen.marks83@gmail.com,Male,Single,True,2,off,basic,4,0,neutral,upi,expired,India,English,47,14,74,3,True,good,12,10,recent,6,True,yes
malik.valentine205@gmail.com,Male,Married,True,4,on,premium,7,9,negative,upi,expired,Germany,Hindi,11,10,13,10,True,better,1,8,very_old,12,True,yes
elizabeth.stevenson728@gmail.com,Female,Married,False,1,off,premium,4,0,negative,card,expired,US,Hindi,2,19,173,1,False,poor,16,8,old,14,True,no
nicholas.jordan227@gmail.com,Male,Single,False,2,off,basic,8,10,neutral,upi,expired,US,Hindi,1,5,164,8,True,better,9,5,recent,18,True,no
heather.lee381@gmail.com,Male,Married,True,3,off,premium,10,7,negative,paypal,cancelled,India,Hindi,45,21,135,6,True,poor,16,4,very_old,8,False,yes
michelle.clay437@gmail.com,Female,Married,True,5,off,premium,8,5,positive,upi,cancelled,Germany,English,23,13,90,9,True,better,16,9,old,0,True,no
frank.taylor712@gmail.com,Female,Married,False,9,on,basic,7,7,positive,paypal,cancelled,Germany,English,29,22,104,1,False,poor,3,3,very_old,5,False,yes
evan.roberson621@gmail.com,Male,Married,True,2,on,basic,6,5,positive,upi,active,UK,English,7,2,133,4,True,better,19,7,old,8,False,no
sue.daugherty320@gmail.com,Female,Married,True,8,off,gold,2,3,negative,paypal,active,Germany,Hindi,36,6,33,8,False,poor,5,8,old,20,True,yes
steven.moore271@gmail.com,Female,Single,False,8,on,gold,5,5,positive,card,expired,US,English,11,20,112,9,False,good,16,6,old,17,False,no
isabel.quinn741@gmail.com,Female,Married,False,6,on,gold,7,17,negative,card,cancelled,US,Hindi,5,1,84,10,True,good,2,4,very_old,11,True,yes
carol.dennis968@gmail.com,Female,Married,True,10,off,gold,1,14,negative,card,expired,US,Telugu,47,7,190,2,True,good,16,0,old,18,False,yes
alex.harris288@gmail.com,Male,Single,True,4,off,premium,2,2,negative,upi,cancelled,Germany,English,1,18,103,7,True,poor,7,2,recent,0,True,no
jessica.fuller89@gmail.com,Female,Single,False,9,off,gold,7,20,negative,card,cancelled,US,Telugu,3,3,161,3,True,good,6,2,very_old,1,True,no
carrie.wolf671@gmail.com,Male,Single,False,3,off,gold,6,4,negative,upi,expired,US,Hindi,38,5,161,4,False,better,16,10,old,15,False,yes
todd.stevenson813@gmail.com,Female,Married,False,6,on,gold,7,12,positive,paypal,active,UK,Hindi,7,6,127,1,True,good,16,5,very_old,20,False,no
danielle.haynes924@gmail.com,Male,Married,False,8,on,premium,10,7,positive,paypal,active,UK,English,11,15,197,9,False,poor,12,3,old,17,False,no
dylan.hernandez701@gmail.com,Female,Married,False,6,off,gold,5,6,neutral,card,expired,UK,English,4,18,122,7,True,good,9,2,very_old,18,False,no
rachel.kerr421@gmail.com,Male,Single,False,5,on,basic,3,20,positive,card,expired,India,English,37,14,63,6,False,poor,20,7,very_old,3,True,yes
jason.singh300@gmail.com,Female,Single,False,4,off,gold,8,7,neutral,card,active,India,Hindi,14,0,78,9,False,good,17,2,recent,18,False,no
gregory.johnson57@gmail.com,Male,Single,True,9,on,gold,6,16,neutral,upi,active,India,Hindi,15,21,179,1,False,good,5,9,recent,5,True,no
robert.ramos956@gmail.com,Female,Married,True,4,off,gold,4,10,negative,card,cancelled,US,English,1,8,88,3,True,poor,1,2,old,10,False,no
glenn.brady663@gmail.com,Female,Married,True,10,on,premium,1,3,neutral,paypal,active,Germany,English,32,17,199,7,True,better,6,9,recent,6,True,no
joyce.sanchez840@gmail.com,Female,Married,False,2,off,gold,2,7,positive,card,active,UK,English,17,16,86,7,False,good,15,6,old,6,False,no
lindsay.tran975@gmail.com,Male,Married,False,7,off,gold,6,4,neutral,card,cancelled,India,English,42,25,137,2,False,better,13,9,old,4,False,yes
hector.smith182@gmail.com,Female,Married,True,1,off,gold,7,5,negative,card,active,UK,Hindi,14,25,114,3,False,good,5,6,old,14,True,no
mike.morgan842@gmail.com,Male,Single,False,1,on,premium,9,10,negative,paypal,expired,UK,Telugu,1,20,25,2,False,poor,7,2,recent,18,True,yes
cassie.cole428@gmail.com,Female,Single,True,2,on,gold,5,12,positive,paypal,expired,US,English,16,20,106,10,True,better,7,1,very_old,18,True,no
erik.smith401@gmail.com,Female,Married,False,3,off,premium,9,6,positive,upi,active,US,English,37,20,45,10,True,better,9,4,old,11,True,no
patrick.kramer225@gmail.com,Male,Single,False,8,on,basic,5,17,negative,upi,expired,Germany,Telugu,50,12,109,8,True,better,11,3,old,2,False,yes
lee.williams488@gmail.com,Male,Single,False,1,off,basic,8,20,neutral,paypal,active,UK,Hindi,4,23,118,10,True,poor,5,2,old,17,False,no
sarah.walker753@gmail.com,Female,Married,True,2,on,basic,1,13,neutral,card,cancelled,Germany,Telugu,4,0,125,9,True,good,5,2,very_old,3,False,no
yolanda.lee860@gmail.com,Female,Married,True,9,on,basic,10,18,negative,upi,active,India,English,4,13,26,1,True,better,2,4,very_old,5,True,no
derek.martin279@gmail.com,Female,Married,True,1,on,premium,9,20,positive,upi,expired,US,Telugu,31,19,118,3,True,poor,9,7,very_old,4,True,no
adam.andrade243@gmail.com,Female,Single,True,6,off,gold,3,17,negative,paypal,active,US,Telugu,27,2,106,6,False,good,14,7,old,8,True,yes
william.waters723@gmail.com,Female,Single,True,6,on,gold,8,0,positive,paypal,expired,US,Telugu,35,20,33,4,False,good,4,8,recent,16,True,no
justin.edwards616@gmail.com,Male,Married,False,2,on,gold,2,5,neutral,card,expired,India,Hindi,29,12,50,7,True,good,19,4,very_old,5,True,no
daniel.fernandez441@gmail.com,Male,Married,False,6,off,gold,10,4,negative,paypal,active,India,English,44,7,193,4,True,poor,14,7,old,11,True,no
katrina.porter104@gmail.com,Female,Married,True,10,on,basic,4,20,positive,paypal,expired,India,English,18,14,132,3,True,good,1,2,very_old,19,False,no
lori.holloway715@gmail.com,Female,Married,False,10,on,gold,5,10,neutral,paypal,expired,UK,English,19,6,200,3,False,poor,6,3,very_old,13,True,yes
tamara.williams845@gmail.com,Female,Married,True,1,off,premium,4,9,neutral,upi,active,India,Telugu,17,4,167,1,False,better,17,4,recent,10,True,no
courtney.carter992@gmail.com,Female,Married,True,6,on,basic,3,6,positive,card,expired,UK,English,2,4,76,2,False,poor,13,4,old,19,False,no
ellen.hanson271@gmail.com,Male,Married,False,8,off,basic,10,7,neutral,upi,active,UK,Telugu,13,0,21,3,False,good,11,4,very_old,8,False,no
ethan.singh442@gmail.com,Male,Single,False,2,off,basic,7,14,positive,upi,cancelled,India,Telugu,24,0,139,10,False,better,10,1,recent,19,True,yes
sheila.ramirez706@gmail.com,Female,Single,True,4,off,gold,6,4,negative,upi,cancelled,India,English,16,10,69,3,False,better,4,7,very_old,13,False,no
edward.dickerson510@gmail.com,Female,Married,False,4,on,basic,8,5,negative,upi,active,UK,English,7,17,64,3,True,poor,9,3,very_old,19,False,no
wesley.barnes165@gmail.com,Male,Single,True,4,off,basic,4,20,positive,card,expired,India,Telugu,42,9,46,6,False,good,4,7,old,20,False,no
deborah.mitchell882@gmail.com,Male,Single,True,1,off,basic,4,6,negative,upi,active,UK,Hindi,19,14,112,7,False,better,19,6,very_old,19,True,no
kristin.banks79@gmail.com,Male,Single,True,8,off,premium,1,19,neutral,upi,active,India,Telugu,7,12,131,4,False,better,19,5,old,16,True,no
brandon.smith140@gmail.com,Male,Married,True,5,off,basic,1,3,positive,card,active,UK,Telugu,11,15,49,4,False,better,1,10,old,4,False,no
justin.welch148@gmail.com,Female,Married,True,6,on,premium,4,18,neutral,paypal,cancelled,India,Hindi,49,6,156,6,False,good,10,5,old,0,False,no
jason.wilson664@gmail.com,Male,Married,True,2,off,gold,7,7,negative,upi,cancelled,US,Hindi,4,14,65,8,True,good,8,6,very_old,12,True,yes
alexis.hernandez880@gmail.com,Male,Married,False,5,on,premium,10,12,negative,upi,active,India,Hindi,15,1,131,3,True,better,12,1,very_old,17,False,no
phyllis.davis67@gmail.com,Female,Married,False,8,on,basic,9,5,neutral,upi,cancelled,Germany,English,2,9,80,4,False,poor,9,3,recent,5,False,no
stephanie.watson619@gmail.com,Male,Single,False,3,off,gold,9,7,neutral,upi,cancelled,UK,English,15,15,17,3,False,poor,15,1,old,7,False,no
melissa.turner318@gmail.com,Female,Married,False,5,on,premium,5,7,neutral,upi,cancelled,US,English,25,16,58,5,False,better,18,8,old,11,False,no
jacqueline.hoover367@gmail.com,Female,Single,True,5,on,basic,8,5,negative,card,cancelled,Germany,Telugu,43,10,22,6,True,poor,9,10,very_old,0,False,yes
kenneth.walters305@gmail.com,Female,Married,True,4,off,premium,7,6,neutral,paypal,expired,US,Hindi,10,8,33,5,True,good,12,2,recent,0,True,no
joshua.ford809@gmail.com,Female,Single,False,4,off,gold,9,15,negative,card,active,US,English,48,20,125,8,True,poor,20,3,old,16,False,no
connie.munoz211@gmail.com,Male,Married,False,9,off,basic,6,6,positive,card,expired,Germany,Hindi,18,17,25,7,True,better,19,10,old,7,True,no
tina.schmidt392@gmail.com,Female,Married,True,3,off,basic,5,11,neutral,paypal,cancelled,US,Hindi,31,15,157,10,False,better,17,4,very_old,16,False,yes
renee.peterson278@gmail.com,Male,Married,False,9,on,premium,7,19,negative,paypal,expired,US,Hindi,45,24,13,7,False,better,16,9,old,1,False,yes
sean.ray711@gmail.com,Female,Single,True,1,on,premium,10,11,negative,card,expired,India,Telugu,38,4,124,5,False,good,7,7,very_old,2,True,yes
nancy.white99@gmail.com,Female,Married,False,7,on,gold,9,18,neutral,upi,active,UK,English,45,10,87,2,False,poor,16,8,very_old,6,True,no
julie.middleton135@gmail.com,Male,Married,True,1,off,gold,9,1,neutral,upi,cancelled,India,Hindi,6,18,196,5,False,better,3,6,very_old,10,False,no
kimberly.cooper579@gmail.com,Female,Single,True,1,on,basic,2,20,positive,card,expired,India,English,19,23,26,4,False,better,1,9,old,5,True,no
kristin.harris849@gmail.com,Male,Married,False,8,off,gold,1,12,neutral,paypal,cancelled,US,English,20,25,112,8,True,poor,3,6,recent,17,False,yes
derrick.rivas107@gmail.com,Male,Married,True,3,on,premium,8,13,positive,paypal,cancelled,UK,Telugu,9,14,154,8,True,poor,10,10,very_old,15,True,yes
rhonda.moore299@gmail.com,Male,Married,True,7,off,basic,3,19,neutral,card,cancelled,Germany,English,48,13,37,2,True,poor,12,5,very_old,18,True,yes
benjamin.schmitt718@gmail.com,Female,Single,True,5,on,gold,9,18,positive,upi,cancelled,UK,Telugu,31,19,23,3,True,good,13,10,very_old,0,False,yes
cathy.camacho390@gmail.com,Female,Single,False,7,on,gold,1,7,positive,card,expired,UK,Hindi,14,23,97,4,False,good,13,1,recent,13,False,no
william.olsen455@gmail.com,Male,Married,True,7,off,gold,6,4,positive,upi,expired,US,Telugu,18,6,192,9,True,better,11,7,very_old,11,False,yes
nicholas.galloway271@gmail.com,Male,Married,False,1,off,premium,5,6,negative,card,cancelled,India,Hindi,4,9,132,5,False,good,13,7,old,12,False,no
wyatt.trevino750@gmail.com,Female,Married,False,3,off,premium,9,4,positive,paypal,active,Germany,Hindi,39,1,127,5,False,poor,11,6,very_old,18,True,no
michael.smith690@gmail.com,Male,Married,False,7,off,premium,8,5,negative,card,active,UK,Hindi,33,6,65,3,False,better,1,5,very_old,14,True,no
gregory.green103@gmail.com,Female,Single,False,3,off,premium,6,11,positive,upi,cancelled,Germany,English,1,4,83,1,True,poor,16,3,very_old,13,True,yes
stefanie.williams858@gmail.com,Male,Married,False,2,on,premium,1,1,neutral,upi,expired,UK,English,34,22,37,7,False,poor,14,8,old,1,False,no
michael.franco898@gmail.com,Male,Married,True,10,off,premium,8,11,neutral,card,expired,India,Telugu,22,24,195,7,False,poor,13,3,very_old,16,False,yes
mark.juarez388@gmail.com,Male,Married,False,3,off,basic,8,10,neutral,upi,active,India,Hindi,41,20,101,3,True,better,6,1,recent,7,False,no
clarence.santiago520@gmail.com,Female,Married,True,6,off,gold,9,20,positive,paypal,active,India,Telugu,19,20,16,5,False,poor,10,0,very_old,0,True,no
joshua.madden17@gmail.com,Female,Single,True,7,on,basic,10,6,neutral,card,active,US,Hindi,12,11,121,9,False,poor,15,9,old,7,True,no
jessica.rush971@gmail.com,Male,Single,False,4,off,gold,3,13,negative,paypal,expired,US,Hindi,0,19,57,6,True,good,9,6,very_old,2,False,no
andrea.jones724@gmail.com,Female,Married,True,10,off,gold,5,20,neutral,upi,cancelled,US,Hindi,7,24,89,8,True,good,12,8,recent,11,False,no
jessica.davis708@gmail.com,Female,Single,False,10,on,basic,8,8,negative,upi,expired,India,English,1,3,127,9,False,better,10,8,recent,17,False,yes
teresa.evans295@gmail.com,Female,Married,True,9,off,gold,1,17,neutral,paypal,active,US,Telugu,39,16,105,5,True,good,5,7,old,17,True,no
amber.smith977@gmail.com,Male,Single,True,8,on,basic,7,13,negative,upi,cancelled,India,English,50,6,95,1,True,good,9,8,recent,7,False,yes
paula.foster353@gmail.com,Male,Single,True,3,on,premium,8,6,positive,card,active,India,Hindi,34,2,130,4,False,better,8,5,old,10,False,no
amanda.webb446@gmail.com,Female,Married,False,7,on,premium,4,20,negative,paypal,cancelled,India,Hindi,1,12,41,6,True,better,3,2,very_old,9,True,yes
tommy.kim139@gmail.com,Female,Married,True,5,on,gold,5,12,neutral,card,active,US,English,6,18,29,6,True,good,4,7,recent,2,False,no
steve.patel559@gmail.com,Male,Married,False,7,off,basic,5,1,negative,upi,active,US,Telugu,16,3,130,10,False,good,10,1,old,10,False,no
michael.thompson786@gmail.com,Female,Single,False,7,off,basic,7,7,neutral,paypal,active,UK,English,15,20,17,1,True,good,17,8,recent,14,True,no
lori.sandoval174@gmail.com,Male,Married,True,1,off,premium,2,9,negative,card,cancelled,US,Hindi,30,16,138,2,False,good,8,9,very_old,3,False,no
ruben.davis97@gmail.com,Female,Single,False,4,on,gold,4,15,positive,paypal,expired,UK,English,47,23,145,6,False,poor,10,3,very_old,16,False,yes
shawn.robinson845@gmail.com,Female,Single,False,5,off,premium,6,20,positive,card,cancelled,India,English,46,12,37,9,False,better,8,5,recent,8,False,yes
tyler.soto537@gmail.com,Female,Single,False,1,off,basic,3,2,negative,upi,expired,US,Telugu,38,14,174,3,True,better,3,8,recent,20,True,yes
pamela.duncan957@gmail.com,Female,Married,False,6,off,premium,6,9,negative,paypal,active,UK,Telugu,19,20,190,8,False,poor,12,3,old,7,True,yes
angel.chavez918@gmail.com,Female,Married,True,6,off,premium,10,18,neutral,upi,active,Germany,Telugu,10,16,80,3,True,good,16,6,very_old,1,False,no
jorge.shannon552@gmail.com,Male,Single,False,6,on,basic,5,4,positive,paypal,expired,UK,Telugu,26,15,175,8,True,better,13,1,recent,14,True,no
robert.butler542@gmail.com,Female,Married,True,10,on,basic,5,3,negative,paypal,cancelled,India,English,2,17,85,9,False,poor,12,2,recent,15,True,yes
richard.fuller321@gmail.com,Female,Single,True,9,on,premium,1,0,positive,upi,cancelled,UK,Telugu,2,23,174,6,True,better,13,10,old,20,False,no
matthew.snyder332@gmail.com,Male,Single,False,10,on,premium,8,10,neutral,paypal,expired,UK,Telugu,9,8,158,7,True,good,16,4,old,15,False,no
nathaniel.hughes83@gmail.com,Male,Single,False,10,on,basic,2,14,positive,paypal,cancelled,UK,Telugu,14,11,64,7,False,good,10,2,recent,15,True,no
brian.cruz434@gmail.com,Female,Single,True,3,off,premium,6,1,neutral,card,cancelled,UK,Hindi,5,3,89,5,True,better,13,1,old,18,True,yes
beth.hudson385@gmail.com,Female,Single,True,4,on,gold,10,12,neutral,card,cancelled,India,Hindi,24,15,90,4,True,poor,3,9,very_old,6,True,no
brenda.weber578@gmail.com,Female,Single,False,9,on,premium,3,2,positive,upi,active,India,Telugu,18,23,60,9,False,good,9,6,old,1,False,no
karen.wolfe627@gmail.com,Male,Single,True,2,off,gold,7,14,positive,paypal,expired,India,English,40,13,131,5,False,good,8,9,old,20,True,no
thomas.gutierrez192@gmail.com,Female,Married,False,3,off,basic,4,18,positive,paypal,active,US,Hindi,36,12,145,8,False,poor,4,0,recent,17,False,yes
beth.davis939@gmail.com,Female,Married,True,4,on,gold,7,20,neutral,paypal,expired,Germany,Hindi,14,21,177,10,True,poor,18,10,very_old,15,True,yes
melissa.greene843@gmail.com,Female,Single,True,6,on,basic,5,16,negative,upi,expired,India,Hindi,26,4,69,3,True,poor,6,4,very_old,15,False,yes
diane.houston973@gmail.com,Female,Single,False,9,on,premium,8,15,negative,paypal,cancelled,US,Hindi,31,23,101,9,False,better,5,0,recent,14,True,yes
ronald.berger788@gmail.com,Female,Single,True,4,on,gold,3,1,neutral,card,active,UK,Hindi,49,9,183,10,True,better,5,9,recent,10,True,yes
briana.shaw701@gmail.com,Male,Single,False,8,off,basic,9,3,negative,upi,active,India,English,40,1,155,3,False,good,12,3,old,16,True,yes
ashley.campbell277@gmail.com,Female,Married,False,5,off,basic,10,9,neutral,upi,expired,UK,Hindi,8,19,178,10,False,poor,18,6,very_old,0,False,no
james.skinner836@gmail.com,Female,Married,True,3,on,gold,1,0,positive,card,active,Germany,English,42,0,56,5,True,better,12,7,old,5,False,no
kim.garrett863@gmail.com,Female,Single,False,4,on,gold,1,5,neutral,upi,active,US,Hindi,21,16,71,7,False,good,19,3,old,13,True,no
nicholas.webb249@gmail.com,Male,Single,False,9,off,basic,1,7,negative,upi,cancelled,Germany,Hindi,2,13,96,1,False,poor,3,5,very_old,18,True,yes
thomas.figueroa742@gmail.com,Male,Single,False,4,off,premium,8,14,neutral,card,active,UK,Telugu,20,22,32,9,True,poor,10,0,very_old,19,True,yes
lauren.liu996@gmail.com,Female,Married,True,6,off,basic,4,18,neutral,paypal,expired,Germany,English,30,21,175,5,False,better,1,2,old,9,False,yes
nicholas.jones176@gmail.com,Female,Single,False,8,off,basic,9,9,neutral,paypal,expired,Germany,Hindi,34,10,110,3,False,better,11,0,old,9,False,no
carlos.johnson750@gmail.com,Female,Single,True,7,off,basic,6,5,positive,card,expired,UK,Telugu,44,18,64,10,True,better,7,5,recent,9,False,no
christopher.vincent500@gmail.com,Female,Married,True,5,on,basic,7,5,negative,card,expired,US,Telugu,9,13,182,5,False,better,2,3,very_old,16,True,yes
derek.murray51@gmail.com,Female,Married,True,5,on,premium,4,1,negative,paypal,cancelled,Germany,Telugu,3,13,18,9,True,poor,16,6,old,5,False,yes
jason.frank564@gmail.com,Female,Married,True,5,off,gold,3,5,negative,upi,cancelled,India,English,44,3,161,10,True,better,1,7,old,10,True,yes
phillip.norton347@gmail.com,Female,Single,True,10,on,premium,5,16,positive,card,expired,Germany,Hindi,23,10,78,8,True,poor,16,2,old,16,False,yes
kevin.jackson691@gmail.com,Female,Married,False,9,off,gold,9,4,negative,card,active,Germany,English,32,3,191,6,True,poor,9,7,very_old,6,False,no
paige.taylor464@gmail.com,Male,Single,True,8,off,basic,10,4,negative,upi,active,UK,Hindi,47,15,189,10,True,better,17,0,old,10,False,yes
nicolas.garcia370@gmail.com,Female,Single,True,6,on,premium,6,4,positive,upi,cancelled,India,Telugu,22,21,25,5,True,better,4,6,recent,16,False,no
courtney.martinez844@gmail.com,Female,Married,True,1,on,gold,8,16,negative,card,expired,US,Telugu,50,15,82,6,True,better,18,2,very_old,3,False,yes
mark.garcia467@gmail.com,Male,Single,True,2,off,gold,3,10,neutral,paypal,cancelled,US,English,29,5,65,3,True,good,19,8,old,1,False,no
rhonda.mitchell861@gmail.com,Female,Married,False,6,on,premium,8,7,neutral,card,active,Germany,English,35,17,118,8,True,good,13,2,very_old,4,True,no
miguel.curry268@gmail.com,Male,Single,False,5,off,premium,7,20,neutral,upi,cancelled,Germany,Hindi,40,0,140,7,True,better,16,8,old,20,True,yes
jillian.gallagher970@gmail.com,Male,Single,True,6,off,gold,4,11,neutral,upi,cancelled,US,Telugu,37,2,128,1,False,good,13,2,recent,7,True,yes
samantha.harris922@gmail.com,Male,Married,False,7,off,basic,10,5,positive,upi,cancelled,UK,Telugu,7,24,54,4,True,poor,14,7,old,18,True,yes
jeremy.martinez133@gmail.com,Female,Single,True,4,off,basic,7,17,negative,upi,active,India,English,36,10,174,6,True,poor,5,10,old,8,False,yes
tracy.bell558@gmail.com,Female,Single,True,6,off,gold,6,4,negative,upi,active,US,English,37,8,39,1,False,better,11,3,old,16,True,no
stephen.carey308@gmail.com,Female,Married,True,7,on,basic,2,2,positive,upi,cancelled,India,Telugu,5,16,130,1,True,good,18,9,old,0,False,no
jacob.howard166@gmail.com,Male,Single,True,7,off,premium,9,2,neutral,card,cancelled,Germany,Hindi,47,13,44,7,True,poor,15,1,recent,10,True,yes
roger.anderson219@gmail.com,Female,Single,True,2,off,gold,7,17,negative,paypal,cancelled,Germany,Hindi,10,11,74,5,False,good,4,1,recent,19,True,no
jeremy.cox203@gmail.com,Female,Single,True,4,on,premium,2,10,positive,upi,cancelled,India,English,19,3,26,6,False,better,8,2,very_old,20,True,yes
kathryn.byrd157@gmail.com,Female,Single,True,1,on,gold,9,3,positive,upi,active,India,English,34,6,116,8,False,poor,6,8,old,19,True,yes
gregory.patterson181@gmail.com,Female,Married,True,2,off,premium,6,10,neutral,upi,cancelled,US,English,27,16,90,2,True,better,2,3,recent,5,True,yes
beth.daniels765@gmail.com,Male,Married,False,2,off,basic,1,6,positive,card,cancelled,India,Telugu,13,8,132,2,True,better,18,5,old,6,False,no
steven.campbell391@gmail.com,Male,Married,False,4,off,gold,3,15,negative,card,active,UK,Telugu,35,14,11,9,False,good,15,6,recent,13,True,yes
john.cunningham131@gmail.com,Male,Single,False,1,on,basic,3,9,neutral,paypal,active,US,Telugu,48,10,114,8,False,good,20,5,very_old,2,False,no
timothy.campbell84@gmail.com,Male,Single,False,6,on,premium,6,18,negative,card,cancelled,Germany,English,15,9,60,6,False,better,5,7,very_old,1,False,yes
michael.castro895@gmail.com,Female,Married,False,9,off,premium,3,8,positive,upi,active,US,English,43,14,22,4,True,good,7,5,old,6,False,no
taylor.savage997@gmail.com,Male,Married,True,10,off,gold,5,4,negative,upi,cancelled,UK,English,39,23,14,8,False,poor,13,4,very_old,6,True,yes
timothy.russell239@gmail.com,Male,Single,True,10,on,basic,2,10,positive,upi,expired,UK,Telugu,4,10,126,4,True,poor,14,10,very_old,4,False,no
christopher.colon640@gmail.com,Female,Single,True,5,off,premium,2,0,positive,card,expired,UK,English,23,15,179,3,False,better,16,10,very_old,0,False,yes
paul.russell713@gmail.com,Male,Married,True,5,on,basic,9,16,negative,upi,cancelled,US,English,5,15,179,1,False,good,5,2,very_old,6,False,yes
susan.clark762@gmail.com,Male,Married,True,3,off,gold,4,6,neutral,upi,cancelled,India,Telugu,25,13,99,7,True,poor,2,6,very_old,20,False,yes
tammy.jones589@gmail.com,Male,Single,True,2,off,premium,5,12,negative,upi,expired,US,Hindi,26,10,187,9,False,good,2,9,recent,14,False,yes
hector.lynch725@gmail.com,Female,Single,False,9,on,premium,9,20,positive,card,cancelled,US,Hindi,2,22,189,10,False,poor,10,5,recent,19,False,no
april.haynes381@gmail.com,Female,Single,True,5,on,basic,5,11,neutral,paypal,active,US,Telugu,16,23,85,2,False,better,6,5,old,19,True,no
joseph.phillips84@gmail.com,Female,Single,False,8,on,basic,4,15,negative,card,cancelled,UK,Hindi,23,25,36,3,False,poor,13,6,very_old,10,False,yes
jorge.mccarthy446@gmail.com,Female,Single,False,8,on,gold,7,4,positive,card,cancelled,Germany,Hindi,18,18,71,9,False,good,1,7,old,16,False,no
jeffery.werner430@gmail.com,Male,Single,False,3,off,basic,1,18,positive,paypal,active,India,English,10,5,170,9,True,better,18,8,very_old,2,False,no
anthony.stein576@gmail.com,Male,Married,True,7,on,premium,7,19,positive,paypal,active,Germany,Hindi,12,9,79,4,False,good,3,7,old,14,False,no
robert.gomez548@gmail.com,Male,Married,False,3,off,premium,8,12,negative,upi,expired,UK,Telugu,36,13,163,6,False,poor,18,9,recent,4,False,no
david.davis968@gmail.com,Male,Married,False,6,on,gold,7,18,positive,upi,cancelled,Germany,English,46,5,55,8,False,good,3,10,old,8,True,no
marcus.soto43@gmail.com,Male,Married,True,1,off,gold,1,18,negative,upi,cancelled,UK,Hindi,29,10,158,5,True,poor,8,7,recent,12,True,no
jeremiah.mathews147@gmail.com,Female,Single,True,2,on,gold,2,14,positive,paypal,expired,UK,Telugu,33,24,47,8,False,better,2,2,recent,4,False,no
justin.yates761@gmail.com,Male,Married,False,5,on,gold,5,8,positive,upi,active,US,Hindi,38,6,50,10,True,good,1,5,very_old,2,True,no
victor.shelton331@gmail.com,Female,Married,True,4,on,basic,3,9,positive,upi,active,India,Telugu,21,4,39,9,False,poor,15,10,very_old,12,False,no
sarah.burns996@gmail.com,Female,Married,False,1,off,gold,1,11,positive,paypal,cancelled,UK,English,38,18,56,10,False,poor,6,0,very_old,3,False,yes
heather.brown139@gmail.com,Female,Single,False,3,off,basic,6,18,positive,card,active,Germany,English,33,9,156,8,False,better,15,8,old,5,True,no
regina.morgan616@gmail.com,Female,Single,False,2,off,premium,3,10,positive,card,cancelled,UK,English,17,19,98,4,True,better,18,5,very_old,4,True,no
jennifer.lewis444@gmail.com,Male,Single,False,10,off,premium,4,20,positive,upi,expired,US,Telugu,1,2,55,7,True,good,3,3,old,20,True,yes
louis.nichols401@gmail.com,Female,Single,False,8,on,premium,6,10,positive,card,active,US,Telugu,6,10,113,8,False,poor,5,9,very_old,6,True,no
alejandro.colon386@gmail.com,Male,Single,True,8,off,basic,8,1,positive,card,active,UK,Hindi,1,6,140,2,True,good,13,3,recent,18,False,no
patricia.miller154@gmail.com,Female,Married,False,10,on,basic,1,10,negative,upi,cancelled,UK,English,34,12,50,8,False,good,2,3,recent,11,False,yes
john.sanchez786@gmail.com,Female,Married,False,9,off,gold,9,7,negative,card,expired,Germany,Telugu,31,11,169,1,True,better,16,0,very_old,11,True,yes
mark.campbell690@gmail.com,Male,Married,True,5,off,gold,2,15,neutral,upi,cancelled,US,Telugu,39,10,19,5,True,poor,12,3,very_old,12,True,yes
jennifer.bradley312@gmail.com,Female,Single,False,7,on,gold,6,4,neutral,card,expired,US,Telugu,34,23,191,8,True,good,3,2,recent,17,False,no
glenn.young325@gmail.com,Male,Married,False,8,on,gold,7,19,positive,paypal,cancelled,US,Hindi,33,20,73,4,False,poor,18,5,old,5,False,yes
richard.davis143@gmail.com,Female,Married,True,4,on,basic,4,13,neutral,upi,expired,India,Telugu,30,13,171,6,True,good,4,6,recent,20,True,yes
logan.reed81@gmail.com,Female,Single,False,8,on,gold,7,3,neutral,card,expired,US,English,32,6,54,3,True,better,12,6,recent,1,True,no
james.lambert29@gmail.com,Female,Single,True,8,on,basic,10,14,neutral,card,expired,UK,Telugu,18,0,59,9,True,good,20,5,very_old,16,True,yes
john.jackson966@gmail.com,Female,Single,False,4,off,gold,2,6,neutral,paypal,expired,UK,English,1,13,167,8,True,poor,10,6,very_old,3,True,yes
jason.rodriguez296@gmail.com,Female,Married,True,3,on,gold,1,0,positive,upi,expired,US,Telugu,5,19,35,2,False,better,14,4,very_old,16,True,no
gina.garner50@gmail.com,Male,Single,False,7,off,basic,3,14,negative,card,cancelled,India,Telugu,10,14,106,6,True,poor,13,2,recent,11,False,yes
jessica.mills469@gmail.com,Female,Single,True,4,on,basic,8,1,positive,paypal,cancelled,UK,Hindi,35,6,12,6,False,good,19,2,old,0,False,yes
jennifer.wallace660@gmail.com,Female,Married,True,2,off,gold,8,9,neutral,paypal,expired,US,Telugu,7,22,80,2,False,poor,3,0,recent,20,True,no
jeremy.arias733@gmail.com,Female,Married,False,5,off,premium,9,20,negative,upi,cancelled,US,Hindi,50,7,48,5,True,better,10,10,very_old,9,False,yes
christina.guerra538@gmail.com,Male,Single,True,9,off,basic,3,4,neutral,upi,active,India,English,9,9,135,2,True,poor,14,2,recent,13,True,no
kevin.fitzpatrick658@gmail.com,Female,Single,False,8,off,gold,1,10,positive,paypal,active,Germany,Hindi,4,10,165,8,False,good,1,9,recent,11,False,no
preston.vargas63@gmail.com,Female,Single,False,1,on,premium,7,4,positive,upi,active,UK,Hindi,50,12,67,3,True,better,15,8,very_old,6,True,no
kimberly.glenn339@gmail.com,Male,Married,False,1,on,gold,7,6,neutral,card,expired,US,Telugu,41,8,28,1,True,good,15,4,very_old,9,True,yes
mary.baird249@gmail.com,Male,Married,False,1,on,premium,6,8,neutral,upi,active,US,English,41,15,64,3,False,poor,14,4,old,7,True,yes
shane.graham165@gmail.com,Female,Married,False,3,on,basic,3,3,neutral,card,expired,UK,English,33,14,172,2,True,good,15,1,recent,8,True,yes
kyle.williams4@gmail.com,Female,Married,False,10,off,gold,4,2,negative,card,expired,India,English,26,15,114,1,True,better,20,6,very_old,6,False,yes
julie.dunn125@gmail.com,Male,Married,False,4,off,basic,1,10,positive,upi,expired,Germany,English,50,8,194,5,True,good,5,4,old,2,True,no
chad.crane390@gmail.com,Male,Single,True,6,on,basic,8,15,neutral,card,expired,India,Hindi,47,7,164,2,True,poor,8,10,very_old,2,True,yes
john.thornton908@gmail.com,Female,Single,True,7,on,premium,6,7,negative,paypal,active,Germany,English,14,9,192,2,False,better,12,10,old,18,True,no
bryan.parsons468@gmail.com,Female,Single,False,10,off,gold,10,2,neutral,paypal,expired,India,English,27,15,162,10,False,poor,10,4,old,17,False,yes
mary.porter548@gmail.com,Female,Single,True,1,on,premium,9,11,neutral,paypal,cancelled,UK,Hindi,23,23,90,8,True,good,12,7,old,19,False,yes
michael.smith653@gmail.com,Male,Married,False,5,off,gold,1,10,positive,card,expired,India,English,41,13,143,6,False,poor,20,9,very_old,16,False,no
david.bowers671@gmail.com,Male,Single,False,5,off,gold,3,10,positive,card,active,Germany,Telugu,39,0,125,8,False,better,20,6,old,10,False,no
katherine.pugh459@gmail.com,Female,Married,False,9,on,gold,8,16,neutral,paypal,expired,UK,Hindi,0,8,33,5,False,poor,18,10,recent,4,True,no
eduardo.barry143@gmail.com,Male,Single,True,9,on,premium,8,1,positive,upi,cancelled,UK,Hindi,33,19,150,3,True,poor,13,8,recent,8,False,no
faith.cunningham66@gmail.com,Male,Married,False,10,off,premium,9,6,neutral,card,cancelled,UK,Hindi,49,20,44,4,True,good,16,6,old,14,True,no
deborah.burke8@gmail.com,Male,Married,True,9,on,basic,5,12,neutral,paypal,expired,Germany,English,43,1,146,2,True,better,4,7,old,20,False,yes
donald.higgins986@gmail.com,Female,Married,False,9,on,gold,5,17,neutral,upi,cancelled,UK,Telugu,22,0,142,6,False,better,9,0,old,3,True,no
courtney.strickland685@gmail.com,Female,Married,False,10,on,gold,5,20,neutral,upi,cancelled,Germany,Hindi,37,23,151,9,False,good,7,10,very_old,11,True,yes
stephen.lawrence516@gmail.com,Female,Single,True,7,off,premium,1,19,positive,card,cancelled,Germany,Hindi,2,25,106,10,True,good,7,4,very_old,13,True,no
donald.hill86@gmail.com,Male,Married,False,3,on,premium,3,8,neutral,card,active,India,Telugu,39,2,61,7,False,poor,10,1,very_old,16,False,yes
christopher.arnold969@gmail.com,Male,Married,True,8,on,basic,1,18,positive,card,active,UK,Hindi,33,5,74,10,False,poor,10,7,very_old,7,True,yes
aaron.walker232@gmail.com,Male,Single,False,8,on,premium,5,3,negative,paypal,active,UK,English,13,7,18,2,True,better,10,1,very_old,8,True,no
kenneth.knapp50@gmail.com,Male,Single,False,3,off,premium,2,15,negative,paypal,cancelled,UK,English,26,23,149,5,True,poor,11,4,old,1,False,yes
cynthia.gordon825@gmail.com,Male,Single,False,2,off,basic,7,11,negative,card,expired,India,Telugu,32,15,145,5,True,poor,3,8,very_old,11,False,yes
kimberly.gonzalez421@gmail.com,Male,Single,True,10,off,premium,6,19,neutral,card,active,UK,Hindi,32,9,32,1,True,better,10,8,very_old,11,False,no
lisa.gillespie479@gmail.com,Male,Married,True,7,off,premium,4,0,positive,paypal,active,US,Hindi,1,4,49,4,True,better,4,6,very_old,10,False,no
jennifer.freeman112@gmail.com,Male,Single,False,5,off,gold,7,13,positive,upi,cancelled,India,Telugu,33,13,160,9,False,poor,11,8,old,1,False,yes
sara.fernandez676@gmail.com,Female,Married,False,4,on,basic,8,14,neutral,paypal,active,Germany,Telugu,11,21,128,8,True,better,19,3,very_old,18,True,no
cynthia.singleton273@gmail.com,Male,Single,True,3,on,premium,6,2,neutral,card,expired,India,English,4,25,31,5,False,good,5,5,recent,10,False,yes
ellen.gonzalez768@gmail.com,Female,Married,True,5,off,basic,2,16,positive,upi,expired,UK,English,35,4,116,4,False,better,14,5,old,15,False,yes
ashley.johnson142@gmail.com,Female,Single,True,9,on,gold,6,6,neutral,paypal,active,Germany,English,14,8,155,7,False,good,10,2,recent,17,True,no
joshua.perez439@gmail.com,Female,Single,False,5,on,basic,9,11,negative,card,cancelled,Germany,English,2,12,92,3,False,poor,17,10,recent,9,False,no
kathleen.flores919@gmail.com,Male,Married,False,7,off,gold,4,13,negative,paypal,expired,UK,Telugu,37,15,181,10,True,good,10,0,old,19,True,yes
tina.coffey37@gmail.com,Female,Married,False,1,on,gold,6,6,neutral,paypal,active,US,English,23,4,178,8,True,better,18,7,old,2,False,no
sarah.martin732@gmail.com,Male,Single,True,3,on,gold,5,20,negative,paypal,active,UK,Telugu,11,11,108,6,True,good,13,9,very_old,0,True,no
tammy.summers506@gmail.com,Male,Single,True,1,on,gold,3,17,positive,card,active,Germany,Telugu,49,19,194,2,True,poor,3,4,old,1,True,no
morgan.kennedy46@gmail.com,Male,Married,False,6,on,basic,7,13,positive,upi,expired,India,Telugu,1,2,19,8,True,good,13,3,old,9,True,no
donald.clark211@gmail.com,Female,Single,False,10,off,basic,1,12,positive,upi,active,UK,English,9,5,89,2,True,poor,9,8,recent,9,False,no
william.herring387@gmail.com,Female,Married,True,9,off,gold,5,6,neutral,upi,cancelled,Germany,Telugu,6,21,99,2,False,good,1,2,very_old,6,False,no
ashley.fuller558@gmail.com,Male,Single,True,8,off,basic,6,5,neutral,upi,active,India,Telugu,3,13,49,9,True,poor,18,2,recent,12,False,no
jessica.moss58@gmail.com,Male,Married,False,8,on,gold,8,19,negative,card,active,India,Hindi,45,23,148,10,True,poor,6,1,old,13,False,no
angela.patrick352@gmail.com,Male,Married,False,9,off,premium,10,13,neutral,card,expired,UK,Telugu,15,21,68,10,False,poor,4,7,old,10,False,yes
david.vargas137@gmail.com,Female,Married,True,1,on,gold,2,1,negative,upi,cancelled,US,Hindi,43,17,115,10,True,poor,20,5,old,3,False,yes
jacqueline.parker347@gmail.com,Female,Single,False,4,off,gold,5,20,negative,upi,cancelled,UK,Hindi,37,12,154,3,True,poor,11,8,recent,14,False,yes
victoria.lara295@gmail.com,Male,Single,True,3,on,gold,3,2,negative,card,expired,India,English,42,2,121,3,False,poor,5,3,very_old,11,True,yes
ashley.donovan367@gmail.com,Male,Single,True,7,on,premium,7,4,neutral,upi,cancelled,Germany,English,11,12,67,2,True,better,16,1,recent,3,False,no
teresa.walton133@gmail.com,Female,Single,False,3,off,basic,8,15,negative,paypal,active,Germany,Hindi,16,15,77,2,False,poor,17,2,recent,4,True,no
robert.moore113@gmail.com,Male,Single,False,9,off,premium,1,9,positive,upi,active,US,Hindi,16,23,118,6,True,good,5,0,old,3,False,no
ethan.williams952@gmail.com,Female,Married,False,5,off,premium,2,11,positive,card,active,US,Hindi,21,2,97,9,True,poor,17,4,very_old,16,True,no
angelica.gordon348@gmail.com,Male,Married,True,2,off,basic,9,13,negative,upi,expired,UK,Hindi,30,24,200,6,True,better,18,3,very_old,5,True,yes
jennifer.conway659@gmail.com,Male,Married,False,6,off,gold,5,7,positive,card,active,UK,Telugu,29,25,192,1,False,better,20,9,very_old,2,False,no
charles.walsh372@gmail.com,Male,Married,False,2,off,basic,10,6,positive,upi,cancelled,US,English,34,6,24,4,True,better,4,10,old,14,False,yes
meghan.valencia983@gmail.com,Female,Single,False,3,off,basic,9,2,neutral,paypal,expired,US,English,35,5,59,7,False,poor,15,2,old,3,False,no
susan.smith959@gmail.com,Female,Single,False,10,off,gold,4,18,neutral,paypal,cancelled,Germany,English,20,20,95,10,True,better,20,6,recent,13,False,yes
michael.travis465@gmail.com,Female,Married,True,3,off,gold,7,3,negative,paypal,expired,US,Hindi,9,11,22,5,False,good,18,1,very_old,1,True,no
brittany.pham694@gmail.com,Female,Married,False,4,on,basic,6,1,positive,upi,cancelled,US,English,5,17,185,6,False,better,5,7,very_old,9,True,no
anna.york35@gmail.com,Female,Single,True,4,off,basic,8,0,neutral,card,active,US,English,29,10,132,2,False,good,20,10,old,15,False,no
julie.wilson712@gmail.com,Male,Married,True,8,on,basic,2,1,neutral,paypal,expired,Germany,Telugu,20,23,146,9,False,good,11,0,recent,6,False,yes
barbara.moore804@gmail.com,Female,Married,False,1,on,gold,4,8,negative,paypal,active,US,Hindi,1,13,56,8,True,better,19,0,very_old,19,True,no
kevin.erickson129@gmail.com,Male,Single,False,9,off,premium,7,11,negative,paypal,expired,US,Telugu,6,4,149,9,True,better,9,1,very_old,13,True,yes
gregory.valenzuela614@gmail.com,Female,Single,True,1,on,premium,3,0,positive,card,active,UK,English,0,17,127,4,False,poor,3,2,very_old,2,True,no
stephen.thomas195@gmail.com,Male,Single,False,7,on,basic,6,2,positive,upi,cancelled,India,Telugu,39,18,15,8,True,good,1,4,recent,18,True,yes
madeline.richardson842@gmail.com,Female,Single,False,7,on,gold,2,18,positive,card,expired,India,Hindi,8,25,164,7,True,good,4,7,very_old,10,True,no
maria.smith426@gmail.com,Female,Married,True,4,off,premium,6,5,negative,paypal,cancelled,India,Hindi,19,21,161,10,False,poor,9,6,old,19,True,yes
joshua.cardenas207@gmail.com,Female,Married,True,10,on,premium,9,7,negative,card,cancelled,India,Telugu,10,20,48,1,False,better,19,10,old,4,True,no
elizabeth.murphy512@gmail.com,Female,Single,True,10,on,premium,6,3,negative,paypal,active,India,English,48,22,131,7,False,poor,12,8,very_old,2,True,yes
david.phillips378@gmail.com,Female,Single,False,2,on,basic,8,14,negative,paypal,expired,UK,Telugu,21,12,95,8,True,good,3,8,recent,3,False,no
cassandra.browning694@gmail.com,Female,Married,True,7,on,basic,4,4,negative,upi,expired,UK,English,19,20,20,2,True,good,18,10,very_old,12,True,yes
katie.davis143@gmail.com,Male,Single,True,8,off,premium,6,10,positive,upi,expired,US,Hindi,32,15,138,1,True,better,1,10,old,7,False,yes
caitlin.nguyen99@gmail.com,Female,Married,False,10,off,basic,3,15,neutral,upi,active,UK,English,22,7,100,10,False,good,3,6,old,0,True,no
zachary.haney210@gmail.com,Female,Married,True,7,off,basic,5,5,negative,upi,cancelled,US,Hindi,35,0,35,9,True,better,13,6,very_old,9,False,yes
jennifer.wilson797@gmail.com,Female,Married,True,8,on,premium,7,6,positive,card,cancelled,US,Hindi,15,10,74,9,True,better,8,5,old,2,False,no
angela.jordan42@gmail.com,Male,Married,True,8,off,premium,6,20,neutral,upi,cancelled,UK,Telugu,17,0,147,2,False,better,7,1,recent,7,True,yes
kevin.lyons239@gmail.com,Female,Married,True,10,off,basic,8,4,neutral,paypal,cancelled,India,Telugu,37,18,88,7,False,better,3,9,very_old,5,False,no
joanne.hopkins378@gmail.com,Male,Single,True,4,off,premium,6,20,negative,paypal,active,US,Hindi,12,6,106,3,True,poor,2,1,old,10,True,yes
darrell.wallace126@gmail.com,Male,Single,True,4,on,premium,5,16,neutral,paypal,active,Germany,English,15,16,78,7,True,poor,1,3,old,17,True,no
amanda.boone433@gmail.com,Male,Married,False,6,on,premium,1,3,neutral,card,expired,UK,English,23,4,141,1,False,better,20,10,old,15,True,no
cory.lane14@gmail.com,Female,Single,True,8,off,gold,1,10,negative,card,active,US,Telugu,28,24,162,1,False,good,7,1,old,8,True,no
cory.owen516@gmail.com,Female,Single,False,4,off,gold,5,13,negative,upi,expired,India,Hindi,14,21,98,4,False,good,7,6,old,14,True,no
stacy.hull413@gmail.com,Female,Married,False,7,off,gold,5,13,positive,upi,active,UK,Hindi,41,20,194,5,False,better,17,2,very_old,9,False,no
mark.rodriguez426@gmail.com,Male,Married,True,8,off,basic,8,12,positive,card,active,Germany,English,31,9,167,3,True,poor,15,9,very_old,19,True,no
allen.harrison849@gmail.com,Female,Married,True,8,off,basic,2,13,negative,card,expired,UK,English,39,7,76,7,True,better,11,0,recent,5,True,yes
amber.williams493@gmail.com,Female,Married,True,9,off,premium,9,4,negative,upi,active,US,Telugu,21,19,73,10,True,better,18,10,recent,10,False,no
william.ford567@gmail.com,Female,Single,True,4,on,premium,4,10,negative,paypal,expired,India,English,19,18,189,6,False,good,19,3,recent,12,False,yes
gail.oliver343@gmail.com,Male,Single,False,1,off,premium,4,10,negative,paypal,active,US,English,22,12,105,8,True,good,11,0,recent,7,False,no
megan.garrison551@gmail.com,Male,Married,True,3,off,gold,6,11,positive,paypal,active,Germany,Telugu,10,19,30,7,True,good,18,5,recent,7,False,no
james.johnston932@gmail.com,Male,Single,True,5,on,gold,7,19,positive,upi,expired,Germany,Hindi,41,0,181,8,True,better,13,5,recent,2,False,yes
danielle.johnson275@gmail.com,Male,Single,False,1,off,basic,7,18,neutral,card,cancelled,Germany,Telugu,18,16,79,7,False,good,4,8,old,12,True,yes
lauren.olsen275@gmail.com,Male,Single,False,2,on,basic,8,3,neutral,upi,expired,US,English,40,15,96,4,False,better,19,6,recent,15,False,yes
theresa.wright34@gmail.com,Female,Married,False,5,off,premium,8,18,neutral,upi,cancelled,UK,English,45,18,138,2,False,better,7,9,recent,15,False,yes
jessica.mcclure670@gmail.com,Female,Married,False,10,on,premium,2,0,neutral,card,expired,India,English,29,0,199,3,False,poor,5,0,old,16,True,yes
nichole.edwards355@gmail.com,Male,Married,True,3,off,gold,5,12,positive,upi,expired,US,Hindi,43,18,42,3,False,poor,2,7,recent,14,False,yes
dawn.garcia97@gmail.com,Male,Single,False,5,off,premium,10,10,negative,card,cancelled,US,English,31,6,106,4,True,good,2,9,very_old,12,True,yes
casey.elliott624@gmail.com,Male,Married,False,8,off,basic,2,5,positive,paypal,expired,Germany,English,33,17,197,5,True,poor,18,0,very_old,4,False,yes
geoffrey.cantu379@gmail.com,Female,Married,False,4,off,premium,9,14,positive,upi,active,US,Telugu,33,16,157,4,False,good,4,10,very_old,3,True,no
susan.hernandez825@gmail.com,Female,Married,True,1,off,basic,7,16,neutral,paypal,cancelled,US,Hindi,19,13,119,4,False,better,6,6,very_old,18,True,no
sabrina.wilson134@gmail.com,Male,Married,False,5,on,basic,9,14,neutral,paypal,cancelled,Germany,Telugu,23,24,101,2,False,good,12,5,very_old,8,True,no
thomas.pierce271@gmail.com,Female,Married,True,6,on,premium,9,3,neutral,upi,cancelled,UK,Hindi,48,14,151,6,True,poor,16,3,very_old,9,True,yes
edward.garza108@gmail.com,Male,Married,True,2,off,premium,5,16,negative,card,cancelled,Germany,Telugu,15,0,153,3,True,poor,6,1,recent,0,False,yes
douglas.taylor762@gmail.com,Female,Single,True,9,on,premium,9,7,negative,upi,expired,US,Hindi,17,2,115,2,True,poor,6,3,old,12,False,yes
linda.torres482@gmail.com,Male,Single,True,5,off,gold,10,11,positive,paypal,expired,Germany,Hindi,40,22,26,1,True,good,4,3,old,3,True,no
ryan.long37@gmail.com,Male,Married,True,7,on,gold,9,4,positive,card,active,Germany,English,2,12,77,8,True,good,7,9,recent,7,True,no
ashley.carroll531@gmail.com,Female,Married,False,6,off,basic,3,16,positive,upi,cancelled,US,Hindi,42,7,134,8,False,good,20,8,very_old,19,False,yes
trevor.davidson932@gmail.com,Female,Single,False,10,off,premium,3,5,neutral,upi,active,India,English,45,25,131,3,False,poor,7,9,very_old,15,True,no
brittany.escobar564@gmail.com,Male,Single,False,5,on,basic,9,17,positive,card,expired,UK,Hindi,33,18,12,1,False,better,9,1,recent,2,True,no
trevor.orozco353@gmail.com,Male,Single,True,2,off,premium,8,6,neutral,paypal,active,US,Telugu,17,23,120,4,True,poor,15,4,very_old,19,True,no
roberta.clark103@gmail.com,Male,Single,False,7,off,premium,1,2,positive,upi,expired,Germany,Telugu,37,9,16,4,False,better,1,0,old,15,False,yes
sandra.king720@gmail.com,Male,Single,False,7,on,premium,10,1,positive,paypal,active,Germany,Hindi,9,18,145,5,False,poor,16,10,very_old,3,False,no
cristian.wiggins191@gmail.com,Male,Married,True,1,off,premium,5,0,neutral,card,active,India,Telugu,0,1,114,2,True,good,3,8,very_old,5,True,no
michael.fields978@gmail.com,Female,Single,True,3,off,premium,6,13,negative,card,active,UK,Hindi,43,4,52,9,True,good,20,5,old,8,True,no
mario.smith951@gmail.com,Male,Single,False,8,on,premium,5,6,neutral,card,expired,Germany,Hindi,37,5,133,9,False,better,5,4,very_old,7,False,yes
yvette.huff992@gmail.com,Male,Married,False,7,on,gold,7,7,negative,upi,expired,US,Telugu,32,4,51,3,True,good,13,5,recent,18,True,yes
jillian.collins604@gmail.com,Female,Married,False,8,on,premium,4,18,positive,card,active,India,Hindi,0,4,133,6,False,poor,14,1,recent,18,True,no
megan.garcia933@gmail.com,Female,Single,False,6,off,premium,8,12,neutral,paypal,expired,Germany,Telugu,17,18,162,5,True,poor,4,10,recent,13,True,yes
marissa.johnson437@gmail.com,Male,Married,False,9,on,premium,6,2,negative,paypal,cancelled,India,English,46,11,197,1,False,poor,8,9,old,2,False,yes
tommy.olson618@gmail.com,Female,Single,False,5,off,basic,2,14,positive,paypal,expired,India,English,38,4,20,10,False,good,13,7,recent,19,False,yes
pamela.navarro618@gmail.com,Male,Single,False,1,on,basic,8,10,positive,card,expired,India,Telugu,12,23,139,7,True,better,16,1,very_old,1,True,no
alexis.rogers302@gmail.com,Female,Married,True,3,on,basic,5,5,positive,paypal,cancelled,US,English,19,13,66,10,True,poor,11,7,very_old,16,True,no
ashley.adams556@gmail.com,Male,Married,True,10,on,gold,8,18,neutral,card,active,India,Telugu,40,13,133,5,False,good,14,1,very_old,19,False,no
courtney.montoya591@gmail.com,Female,Single,True,9,on,premium,10,16,negative,paypal,active,US,Hindi,30,23,71,4,False,poor,19,4,old,13,False,no
catherine.patterson580@gmail.com,Male,Single,False,10,on,premium,5,3,negative,card,active,India,Telugu,15,15,171,10,True,better,6,8,old,0,False,no
michael.shaw296@gmail.com,Female,Single,True,3,on,gold,9,7,positive,upi,active,Germany,English,47,16,95,4,True,good,5,10,recent,17,True,no
kathleen.romero108@gmail.com,Male,Married,False,7,off,basic,4,17,positive,card,cancelled,US,Telugu,29,2,128,4,True,better,3,9,recent,14,True,yes
john.alvarez870@gmail.com,Female,Married,True,7,on,premium,5,6,neutral,card,active,UK,Telugu,9,12,188,9,False,better,8,6,recent,10,False,no
andrew.morse882@gmail.com,Female,Married,False,3,on,gold,3,12,positive,card,expired,Germany,Hindi,42,9,125,9,True,better,8,5,very_old,1,False,yes
joshua.woodard872@gmail.com,Male,Married,False,4,on,premium,9,14,positive,upi,expired,US,Telugu,33,6,70,2,True,poor,13,9,old,19,False,yes
gail.johnston115@gmail.com,Female,Married,True,10,on,basic,8,4,neutral,card,active,US,Hindi,50,20,107,1,False,poor,13,5,old,12,True,no
pamela.harper781@gmail.com,Male,Single,True,2,on,gold,10,9,positive,paypal,cancelled,Germany,Telugu,44,18,87,9,True,better,10,3,recent,17,True,yes
john.wong606@gmail.com,Female,Single,False,6,on,basic,1,5,neutral,card,cancelled,US,Hindi,4,16,181,5,False,good,16,9,old,10,True,no
matthew.franklin599@gmail.com,Female,Married,False,3,off,basic,7,20,negative,card,expired,UK,Hindi,33,0,199,7,False,poor,14,8,very_old,7,True,no
sara.shah935@gmail.com,Male,Married,False,2,off,basic,9,15,negative,upi,cancelled,India,English,4,21,84,10,True,better,19,4,old,17,False,yes
alicia.caldwell265@gmail.com,Female,Married,True,3,on,premium,5,11,positive,card,active,UK,Hindi,44,6,33,5,False,poor,20,7,very_old,11,True,no
christopher.herrera630@gmail.com,Male,Married,True,6,off,premium,4,10,neutral,upi,active,US,English,20,14,122,10,True,better,5,0,old,16,True,yes
sara.williams102@gmail.com,Male,Single,True,8,on,gold,7,14,positive,paypal,expired,Germany,Telugu,7,12,37,1,True,poor,2,1,old,6,False,no
daniel.yu650@gmail.com,Male,Married,True,2,on,premium,1,15,positive,paypal,active,UK,Telugu,6,13,200,9,True,good,3,3,old,12,True,no
nancy.thomas334@gmail.com,Male,Married,False,10,off,gold,9,18,negative,card,active,India,English,27,12,110,10,False,poor,14,6,old,19,True,no
whitney.ford810@gmail.com,Male,Single,True,5,off,premium,6,13,positive,paypal,active,Germany,Telugu,32,7,183,8,False,better,3,7,old,6,False,no
tracey.hopkins868@gmail.com,Male,Married,False,4,on,premium,4,9,positive,upi,active,US,Hindi,4,3,63,6,True,poor,11,5,recent,13,True,no
sarah.jones956@gmail.com,Male,Single,False,2,on,gold,1,15,negative,card,expired,Germany,Hindi,44,2,72,10,True,better,13,3,old,1,True,yes
lynn.elliott679@gmail.com,Male,Single,True,9,off,gold,10,11,neutral,paypal,cancelled,US,Telugu,35,10,89,7,True,good,20,5,very_old,7,False,yes
troy.whitaker224@gmail.com,Female,Single,True,1,on,premium,8,4,neutral,paypal,cancelled,Germany,Telugu,3,18,131,2,False,good,18,3,old,6,False,no
randy.thompson547@gmail.com,Female,Single,False,10,on,premium,5,3,positive,card,cancelled,US,Telugu,0,9,149,3,False,better,5,4,very_old,11,False,yes
paul.mills988@gmail.com,Female,Single,True,6,off,premium,5,2,neutral,paypal,cancelled,Germany,English,23,18,180,7,False,poor,12,0,recent,4,False,no
hector.saunders27@gmail.com,Male,Single,True,4,off,premium,7,12,neutral,upi,cancelled,UK,English,13,20,161,9,True,better,3,2,old,6,True,no
elizabeth.durham368@gmail.com,Female,Single,True,8,on,gold,2,11,positive,card,cancelled,India,Hindi,8,6,43,3,False,better,12,9,recent,12,False,no
angela.smith93@gmail.com,Male,Single,False,1,on,premium,10,13,negative,card,active,India,Telugu,15,24,26,5,True,good,11,10,old,0,False,no
cheryl.hines543@gmail.com,Female,Single,True,7,on,basic,9,15,negative,card,cancelled,US,Telugu,19,20,22,1,False,poor,19,1,old,15,False,yes
melody.pacheco0@gmail.com,Female,Married,False,2,on,premium,7,3,neutral,upi,expired,UK,Telugu,20,11,150,8,True,better,4,3,recent,7,True,no
david.schmidt973@gmail.com,Female,Married,True,3,off,basic,10,3,neutral,card,cancelled,Germany,English,8,6,164,10,True,better,7,9,very_old,17,True,no
kenneth.morales697@gmail.com,Female,Married,False,8,off,basic,5,20,negative,card,cancelled,Germany,English,18,11,60,4,False,better,20,0,very_old,11,False,yes
rebekah.shaw799@gmail.com,Female,Single,True,8,off,basic,2,17,neutral,card,expired,US,Hindi,3,25,114,9,False,better,15,4,very_old,15,True,no
deanna.aguilar265@gmail.com,Male,Single,False,3,off,gold,4,14,neutral,paypal,expired,Germany,English,8,0,12,10,True,good,9,4,recent,4,True,no
robin.rodriguez254@gmail.com,Male,Single,False,9,off,premium,9,1,positive,card,active,Germany,Hindi,35,25,128,9,False,good,4,1,very_old,6,False,no
robert.nguyen384@gmail.com,Male,Single,False,9,off,gold,3,5,positive,card,expired,Germany,English,21,6,171,9,True,good,1,1,old,7,False,no
lisa.thomas240@gmail.com,Male,Single,False,6,off,gold,10,4,negative,upi,cancelled,US,Telugu,14,11,11,4,False,poor,20,4,old,3,True,yes
richard.parks960@gmail.com,Female,Married,False,8,on,basic,1,15,negative,paypal,active,UK,English,14,1,20,4,False,poor,18,7,recent,16,True,yes
taylor.nichols837@gmail.com,Female,Single,True,5,on,gold,6,20,neutral,card,active,Germany,Hindi,31,7,45,5,False,better,16,4,recent,6,False,no
jeffrey.harris968@gmail.com,Female,Single,False,8,off,gold,6,2,positive,upi,cancelled,UK,Telugu,25,4,36,8,False,poor,3,5,recent,12,True,yes
colin.rodriguez902@gmail.com,Female,Married,True,4,on,gold,6,2,positive,card,expired,UK,Telugu,33,19,75,3,False,better,13,1,old,2,True,yes
gregory.wright921@gmail.com,Female,Single,True,6,on,premium,10,15,neutral,card,cancelled,US,Telugu,27,5,161,10,True,poor,1,7,recent,11,True,no
katelyn.mitchell292@gmail.com,Male,Single,False,1,off,premium,1,7,neutral,upi,expired,India,Telugu,28,0,148,9,False,poor,1,1,recent,20,True,no
mark.newman62@gmail.com,Female,Married,False,10,off,premium,5,18,neutral,upi,cancelled,US,Hindi,49,22,76,4,True,good,11,1,old,17,False,yes
timothy.campbell660@gmail.com,Female,Married,True,4,on,premium,1,10,negative,paypal,cancelled,US,Hindi,9,12,41,9,False,good,8,9,recent,14,True,no
donald.hoover861@gmail.com,Male,Married,False,1,off,premium,7,17,positive,upi,active,Germany,English,35,16,88,4,True,good,18,1,very_old,10,False,no
amanda.gray971@gmail.com,Female,Single,True,9,on,basic,5,3,positive,card,expired,UK,Telugu,17,24,163,5,False,poor,12,8,old,12,False,yes
david.hall571@gmail.com,Female,Single,True,5,on,gold,9,18,negative,card,active,India,Telugu,49,12,80,10,False,poor,13,10,very_old,13,False,yes
anna.moore57@gmail.com,Female,Single,False,10,off,basic,3,12,positive,paypal,expired,Germany,English,27,12,139,4,True,better,7,2,very_old,4,True,no
edgar.sharp250@gmail.com,Male,Married,True,6,on,basic,5,19,positive,paypal,expired,Germany,English,20,4,23,1,False,poor,10,0,old,11,False,no
william.copeland145@gmail.com,Male,Single,True,4,on,gold,10,5,negative,paypal,active,Germany,English,39,8,116,8,True,better,6,4,very_old,0,False,no
margaret.robertson88@gmail.com,Male,Married,False,4,on,gold,7,3,negative,upi,active,UK,English,37,21,84,2,True,good,18,10,old,20,True,no
natalie.castaneda928@gmail.com,Female,Single,False,6,on,basic,1,0,negative,card,cancelled,India,Telugu,27,12,113,1,True,better,17,4,recent,2,False,no
isabella.dawson304@gmail.com,Male,Single,True,4,on,basic,4,5,neutral,card,active,UK,English,6,14,132,6,False,good,8,0,recent,3,False,no
david.barker716@gmail.com,Male,Single,True,3,on,premium,2,18,negative,paypal,expired,US,English,20,8,160,4,False,better,19,1,old,10,True,no
thomas.holt889@gmail.com,Female,Married,True,1,on,premium,7,4,positive,card,active,India,Telugu,49,23,46,10,True,good,12,6,old,20,True,no
omar.bell647@gmail.com,Male,Married,False,5,off,premium,6,15,neutral,card,active,India,Telugu,37,8,190,5,False,better,17,0,recent,14,True,no
sara.rodriguez436@gmail.com,Male,Single,True,7,off,gold,3,12,neutral,card,cancelled,India,Telugu,1,13,186,7,True,poor,12,3,recent,15,True,yes
sonya.pearson234@gmail.com,Female,Single,False,10,off,premium,7,7,negative,upi,expired,Germany,English,32,20,63,1,True,better,12,0,recent,20,False,yes
megan.gates341@gmail.com,Male,Married,True,1,off,premium,5,14,positive,paypal,active,Germany,English,44,16,192,6,True,better,12,5,old,10,False,no
tracy.miller31@gmail.com,Male,Married,True,4,on,premium,7,17,negative,upi,cancelled,US,Telugu,10,20,196,10,False,poor,13,6,very_old,11,True,no
mario.thompson53@gmail.com,Male,Married,True,8,off,basic,1,20,positive,upi,active,UK,English,7,20,87,4,False,good,13,6,old,18,False,no
nicholas.ruiz432@gmail.com,Male,Married,False,3,off,gold,7,5,neutral,card,expired,UK,English,34,25,110,4,True,better,11,5,recent,20,True,yes
christopher.robertson648@gmail.com,Female,Single,True,4,on,basic,9,13,positive,upi,active,UK,Hindi,6,20,36,6,False,poor,17,6,recent,15,False,no
joseph.velasquez939@gmail.com,Female,Single,False,10,off,basic,7,8,negative,paypal,expired,India,Telugu,45,21,114,3,False,good,13,10,recent,19,False,yes
dustin.reilly465@gmail.com,Female,Single,False,8,off,basic,5,20,negative,upi,cancelled,Germany,Telugu,27,10,181,1,False,better,11,9,very_old,19,True,yes
mark.hill671@gmail.com,Female,Single,True,8,off,basic,5,18,positive,upi,cancelled,UK,Telugu,34,14,122,4,True,good,17,0,recent,6,True,no
michelle.silva966@gmail.com,Female,Married,False,2,off,premium,2,11,neutral,paypal,cancelled,US,Hindi,16,3,52,4,True,poor,14,1,very_old,15,True,yes
keith.wilson509@gmail.com,Male,Married,False,9,on,premium,6,9,negative,upi,expired,UK,Telugu,28,20,50,9,True,good,10,0,old,17,True,yes
matthew.walton536@gmail.com,Female,Single,False,9,on,premium,10,20,positive,card,active,Germany,English,25,10,156,8,True,better,3,6,recent,13,False,no
belinda.tran235@gmail.com,Female,Married,True,1,off,gold,8,12,neutral,paypal,cancelled,India,English,3,25,76,7,False,poor,17,5,very_old,6,False,no
miranda.guerra530@gmail.com,Female,Married,False,5,on,gold,7,15,positive,upi,active,US,Hindi,24,15,44,2,False,good,4,10,recent,13,False,no
andrea.bell464@gmail.com,Female,Single,True,2,off,gold,3,17,neutral,upi,cancelled,India,Telugu,17,1,39,5,False,poor,11,0,very_old,9,True,yes
vincent.saunders242@gmail.com,Female,Married,False,9,off,premium,9,8,negative,card,cancelled,Germany,English,4,17,128,8,True,poor,10,7,old,8,False,no
jose.christian50@gmail.com,Male,Married,True,10,off,premium,7,9,negative,upi,cancelled,India,English,39,4,153,9,False,better,17,5,old,14,False,yes
brent.walker658@gmail.com,Female,Single,True,2,on,premium,8,14,positive,upi,expired,Germany,Hindi,22,21,44,3,False,poor,7,9,old,10,False,yes
linda.arnold626@gmail.com,Female,Married,False,5,off,premium,6,7,neutral,upi,expired,India,Hindi,2,2,44,4,False,better,20,9,recent,13,True,yes
jeffrey.cunningham959@gmail.com,Male,Married,False,1,off,gold,4,4,neutral,upi,active,Germany,Telugu,4,9,176,1,True,better,11,8,very_old,7,True,no
robert.hampton942@gmail.com,Female,Married,False,6,on,basic,9,16,positive,upi,active,UK,English,38,11,114,5,True,better,20,2,recent,17,True,no
marie.lopez91@gmail.com,Female,Married,False,1,on,gold,3,16,negative,upi,expired,Germany,Hindi,18,23,134,3,False,better,13,7,recent,2,False,no
joseph.douglas482@gmail.com,Female,Married,True,6,on,basic,10,15,negative,upi,cancelled,Germany,Telugu,14,24,84,5,False,better,7,2,old,9,True,no
steven.lara143@gmail.com,Female,Single,False,7,off,premium,9,3,negative,card,expired,US,English,7,14,145,5,False,good,19,10,very_old,18,True,yes
tiffany.oconnor844@gmail.com,Female,Married,False,10,on,basic,6,2,negative,paypal,cancelled,UK,Hindi,19,7,117,2,True,better,1,2,old,10,False,yes
tina.walker436@gmail.com,Female,Single,True,10,off,basic,2,11,negative,upi,active,US,Telugu,42,10,137,6,True,better,7,6,old,12,True,yes
samantha.carter32@gmail.com,Male,Married,True,7,off,basic,3,2,neutral,upi,expired,UK,Hindi,37,22,193,2,True,good,6,10,recent,13,False,yes
kellie.walsh268@gmail.com,Male,Single,False,4,on,premium,10,12,positive,paypal,active,US,Hindi,33,23,99,9,True,good,17,3,old,7,True,no
jeffrey.fletcher226@gmail.com,Male,Married,False,5,on,gold,9,5,negative,paypal,cancelled,India,Hindi,21,10,17,6,False,poor,7,4,very_old,12,True,yes
steven.williamson499@gmail.com,Female,Single,False,3,off,basic,6,19,negative,paypal,expired,Germany,Hindi,49,8,27,2,True,good,6,3,recent,18,False,yes
kimberly.mitchell770@gmail.com,Male,Married,True,10,on,gold,1,18,negative,upi,expired,Germany,Telugu,22,11,188,1,True,good,16,10,old,15,True,no
stephanie.baker451@gmail.com,Female,Married,True,5,on,gold,9,0,neutral,card,expired,Germany,Hindi,25,0,68,7,True,good,20,2,very_old,5,True,no
sarah.orr784@gmail.com,Male,Married,False,6,off,basic,8,6,positive,card,cancelled,UK,Telugu,22,15,192,9,True,good,19,5,old,2,False,yes
mark.figueroa370@gmail.com,Male,Married,False,2,off,premium,10,15,positive,upi,active,UK,Hindi,0,20,97,5,True,good,13,7,old,2,False,no
michele.perez820@gmail.com,Male,Married,True,3,on,gold,6,11,negative,upi,expired,Germany,English,21,12,78,8,True,good,16,3,old,20,True,yes
cody.mccann183@gmail.com,Female,Married,True,9,off,gold,8,14,neutral,paypal,cancelled,US,Telugu,6,9,147,8,True,better,9,9,old,13,False,no
robert.king527@gmail.com,Female,Married,False,5,off,premium,1,10,negative,card,expired,Germany,English,8,16,158,1,True,good,15,4,very_old,15,False,no
cynthia.terry870@gmail.com,Female,Married,False,7,on,gold,1,5,positive,card,active,UK,Hindi,32,0,92,1,True,good,18,6,recent,11,True,no
frank.rivera158@gmail.com,Male,Single,False,4,off,premium,5,6,positive,card,expired,UK,Hindi,37,1,55,6,True,better,16,0,recent,3,False,no
cory.farmer640@gmail.com,Female,Single,True,4,off,gold,7,7,neutral,paypal,active,India,Hindi,43,6,108,9,False,better,10,10,old,2,False,no
michael.herring33@gmail.com,Female,Married,True,10,off,gold,10,1,positive,upi,expired,UK,Telugu,22,0,187,7,True,poor,11,8,old,14,False,yes
mitchell.hunter349@gmail.com,Female,Married,False,3,on,gold,8,14,positive,paypal,cancelled,India,Telugu,25,25,138,4,True,poor,13,8,old,19,False,yes
anthony.williams550@gmail.com,Male,Married,True,10,off,gold,1,3,neutral,card,expired,India,Telugu,17,17,150,3,False,better,3,5,very_old,14,True,yes
edward.harris38@gmail.com,Female,Single,False,6,off,gold,4,6,neutral,card,cancelled,Germany,Telugu,40,4,17,8,True,good,15,3,recent,12,False,yes
alex.smith69@gmail.com,Male,Single,True,1,off,premium,1,11,negative,card,expired,Germany,English,20,24,69,9,True,better,2,6,recent,1,False,yes
crystal.alvarez478@gmail.com,Female,Single,False,7,on,premium,2,15,negative,upi,active,Germany,Telugu,36,0,11,7,True,good,17,3,old,13,True,no
victoria.parker42@gmail.com,Male,Single,True,5,on,gold,1,11,negative,paypal,active,US,Hindi,32,8,15,1,False,poor,3,8,very_old,9,False,no
catherine.jones952@gmail.com,Female,Single,False,1,on,basic,6,1,neutral,upi,active,UK,Hindi,1,5,170,9,True,poor,8,8,very_old,7,True,no
david.torres383@gmail.com,Male,Married,True,7,on,basic,9,10,positive,paypal,expired,Germany,Hindi,17,13,87,3,False,better,1,5,recent,18,True,no
brianna.odom386@gmail.com,Female,Married,False,6,off,gold,1,0,negative,paypal,active,Germany,Telugu,34,4,135,10,True,better,1,2,very_old,17,False,yes
eric.chandler87@gmail.com,Female,Married,True,4,on,gold,8,14,neutral,upi,active,UK,Telugu,48,16,125,8,True,good,4,0,very_old,11,True,yes
tracy.martinez357@gmail.com,Male,Single,False,8,on,gold,3,0,negative,card,expired,Germany,English,34,18,155,1,True,poor,2,3,very_old,1,True,no
nathan.burns656@gmail.com,Male,Married,True,3,off,basic,7,10,neutral,upi,expired,India,Hindi,1,4,113,2,False,good,4,6,old,6,True,no
amanda.miller817@gmail.com,Male,Married,False,9,off,gold,1,20,positive,card,active,India,Telugu,17,14,113,8,True,poor,8,5,recent,2,True,no
james.willis783@gmail.com,Female,Single,True,10,off,premium,5,5,positive,paypal,active,Germany,Hindi,46,0,196,3,True,better,12,8,very_old,9,False,no
tammy.reyes38@gmail.com,Male,Married,True,9,off,basic,7,16,negative,upi,active,US,Telugu,27,20,77,2,True,poor,4,6,very_old,3,True,yes
benjamin.valenzuela700@gmail.com,Female,Married,True,2,on,gold,4,7,neutral,paypal,expired,Germany,English,7,14,159,2,True,better,19,6,recent,4,True,no
carla.moore185@gmail.com,Male,Single,True,8,on,basic,4,4,neutral,paypal,active,UK,English,31,14,159,4,True,better,19,3,very_old,0,True,no
dennis.mccann453@gmail.com,Male,Single,False,10,off,basic,6,5,negative,card,active,UK,Hindi,3,11,22,2,True,poor,7,7,very_old,3,False,no
lee.ramsey775@gmail.com,Male,Married,False,1,off,gold,2,10,neutral,paypal,expired,Germany,English,49,0,114,1,True,poor,16,3,very_old,11,False,yes
david.browning334@gmail.com,Female,Single,False,1,off,gold,9,9,neutral,card,active,US,Hindi,21,7,199,4,False,better,1,7,very_old,17,False,no
jessica.suarez274@gmail.com,Female,Single,False,3,on,gold,5,16,positive,card,cancelled,US,English,30,5,46,5,True,poor,15,2,very_old,8,True,yes
edward.hart311@gmail.com,Female,Married,False,4,off,premium,1,3,negative,upi,cancelled,UK,Telugu,44,13,128,3,False,better,12,5,old,7,False,no
shawn.moore319@gmail.com,Male,Single,False,1,off,premium,9,18,positive,card,active,UK,Hindi,33,11,165,9,False,good,2,9,old,8,False,yes
louis.moore236@gmail.com,Male,Single,True,7,off,basic,9,5,positive,card,expired,Germany,Hindi,4,8,36,4,False,better,19,8,recent,12,True,no
paul.henson842@gmail.com,Male,Married,True,9,off,gold,5,4,neutral,upi,cancelled,Germany,Telugu,40,15,51,9,False,poor,15,3,old,5,False,no
luke.gonzalez821@gmail.com,Male,Single,True,5,off,premium,10,4,neutral,paypal,cancelled,India,Hindi,49,15,64,1,False,good,13,8,old,0,False,yes
stacy.burton251@gmail.com,Male,Single,False,1,off,basic,3,2,positive,upi,cancelled,UK,English,0,0,46,3,True,better,15,7,old,8,True,no
rachel.miller257@gmail.com,Male,Single,True,1,on,basic,3,3,positive,card,expired,Germany,English,26,9,134,7,True,poor,17,0,very_old,11,False,yes
jennifer.watkins860@gmail.com,Male,Single,False,4,off,basic,1,6,neutral,card,cancelled,UK,Telugu,47,14,29,1,True,better,1,8,very_old,17,False,yes
amy.smith391@gmail.com,Male,Married,False,1,on,basic,6,6,positive,upi,active,Germany,English,49,0,31,3,True,better,1,6,very_old,15,True,no
christine.lynch757@gmail.com,Female,Single,True,2,on,gold,2,8,negative,upi,active,UK,English,7,0,68,2,False,good,5,8,very_old,9,True,no
jennifer.perkins279@gmail.com,Female,Married,False,10,on,basic,4,6,negative,upi,active,Germany,English,0,19,76,7,False,good,8,5,recent,9,False,no
heather.knight277@gmail.com,Male,Single,True,5,off,gold,6,8,positive,card,expired,India,Hindi,14,22,48,5,True,good,5,7,very_old,19,False,no
christine.hernandez852@gmail.com,Female,Single,True,3,on,basic,1,4,negative,card,expired,US,Hindi,0,7,19,9,True,better,7,0,very_old,4,False,yes
mary.miller221@gmail.com,Male,Married,False,6,on,gold,6,18,neutral,upi,cancelled,India,Hindi,16,2,81,2,True,better,9,0,old,8,False,no
mary.ramirez747@gmail.com,Female,Single,False,3,on,basic,6,15,neutral,upi,cancelled,Germany,Hindi,10,9,139,10,True,better,3,0,very_old,20,False,yes
bruce.fry900@gmail.com,Male,Married,True,4,on,premium,6,18,positive,upi,cancelled,US,Telugu,33,18,121,8,False,better,4,3,very_old,18,True,yes
linda.yates851@gmail.com,Female,Married,False,10,on,basic,5,13,positive,card,cancelled,Germany,English,30,17,49,1,False,better,1,5,recent,7,False,yes
david.knapp115@gmail.com,Male,Married,False,7,on,basic,3,16,positive,paypal,active,India,Telugu,49,5,122,10,True,poor,14,7,very_old,4,False,no
kenneth.garcia145@gmail.com,Male,Married,False,3,on,premium,8,1,negative,upi,expired,India,English,2,25,188,5,False,better,13,7,very_old,14,True,no
kevin.morgan20@gmail.com,Female,Married,True,3,off,premium,2,20,negative,paypal,active,Germany,Hindi,39,22,110,4,True,good,18,6,old,20,False,no
julie.howe289@gmail.com,Female,Married,False,4,off,basic,4,4,positive,upi,cancelled,UK,English,5,7,168,2,False,poor,11,5,old,12,True,no
justin.lee24@gmail.com,Female,Single,False,6,off,basic,4,9,neutral,paypal,active,India,Hindi,33,0,145,3,True,good,7,7,very_old,5,False,no
scott.stewart566@gmail.com,Male,Single,False,5,on,gold,1,3,positive,paypal,cancelled,Germany,Hindi,7,0,77,8,False,good,17,3,recent,14,False,yes
jacqueline.hill10@gmail.com,Female,Married,False,8,on,premium,6,12,positive,upi,active,India,Telugu,19,23,78,4,True,poor,10,8,recent,18,False,no
danny.garcia172@gmail.com,Male,Married,False,10,on,premium,7,11,neutral,card,active,Germany,Hindi,13,25,179,2,False,good,6,8,old,5,True,no
jacqueline.valencia728@gmail.com,Female,Married,False,1,off,basic,8,15,neutral,upi,cancelled,India,Hindi,50,9,12,10,False,good,11,1,recent,18,True,yes
kim.sanders141@gmail.com,Male,Single,True,4,on,gold,9,15,positive,upi,cancelled,India,Hindi,47,13,132,5,False,good,15,8,very_old,7,True,yes
jaclyn.long837@gmail.com,Female,Single,True,4,on,basic,7,0,negative,upi,expired,UK,Hindi,43,20,12,2,True,better,2,9,recent,12,False,yes
laura.adams84@gmail.com,Male,Married,True,2,on,premium,8,0,neutral,paypal,expired,India,Telugu,0,7,163,10,False,poor,6,1,recent,9,False,no
toni.anderson843@gmail.com,Female,Married,False,10,off,basic,9,19,negative,upi,cancelled,US,Hindi,4,18,27,2,False,good,5,8,old,17,False,yes
marissa.bernard616@gmail.com,Female,Single,True,2,off,premium,6,19,neutral,upi,active,UK,English,24,13,150,8,False,better,1,1,old,7,True,no
alexandra.harris628@gmail.com,Male,Married,False,10,on,basic,9,13,negative,card,expired,India,Hindi,0,4,107,3,False,good,18,1,old,7,False,no
nancy.baker512@gmail.com,Male,Single,True,2,on,gold,6,4,positive,paypal,cancelled,Germany,English,9,2,116,10,True,poor,2,10,recent,14,True,no
james.mitchell545@gmail.com,Female,Single,True,1,on,gold,10,8,negative,paypal,cancelled,Germany,English,10,2,125,4,False,better,10,2,old,12,False,yes
timothy.sosa485@gmail.com,Female,Married,False,10,on,basic,2,5,neutral,upi,expired,Germany,Telugu,40,16,16,1,False,better,17,0,recent,6,True,yes
david.fisher116@gmail.com,Male,Single,True,4,on,gold,8,7,negative,card,expired,US,Telugu,34,1,21,10,False,poor,15,3,recent,10,True,yes
christopher.pena933@gmail.com,Male,Single,False,6,off,basic,5,20,negative,upi,cancelled,UK,English,23,1,103,10,True,poor,11,9,old,20,False,yes
heidi.chapman594@gmail.com,Male,Single,False,3,on,premium,7,9,positive,paypal,cancelled,US,Hindi,7,14,181,9,True,poor,20,7,old,16,True,yes
brian.stone637@gmail.com,Female,Married,False,9,on,gold,7,6,positive,paypal,expired,UK,Hindi,41,7,43,6,True,better,18,6,old,20,False,no
daniel.tran278@gmail.com,Female,Single,True,10,off,gold,10,10,negative,paypal,cancelled,UK,Telugu,6,11,85,10,True,good,11,3,recent,10,False,yes
daniel.jones208@gmail.com,Female,Single,False,5,on,basic,3,11,neutral,paypal,active,UK,Hindi,13,4,97,4,False,poor,5,0,recent,4,True,no
barbara.gregory879@gmail.com,Male,Married,True,6,off,premium,4,12,neutral,paypal,expired,Germany,Hindi,40,24,153,3,True,good,9,9,very_old,8,False,no
gerald.petersen706@gmail.com,Female,Single,False,6,on,gold,4,6,negative,card,expired,US,English,50,22,16,7,False,good,19,2,very_old,1,False,yes
michael.gilbert121@gmail.com,Male,Single,True,9,off,premium,5,0,negative,paypal,expired,India,English,26,24,11,8,True,good,15,10,recent,17,True,yes
james.garcia609@gmail.com,Female,Single,False,7,off,gold,4,2,neutral,paypal,expired,Germany,Hindi,31,8,103,3,True,good,19,2,very_old,8,False,no
melissa.rodriguez378@gmail.com,Male,Single,False,8,off,basic,3,14,negative,paypal,expired,India,Telugu,20,12,163,3,False,good,16,3,very_old,19,True,yes
donna.bray329@gmail.com,Male,Married,False,5,on,basic,2,7,neutral,paypal,expired,US,Hindi,37,18,62,9,False,good,18,10,old,15,True,yes
morgan.wright58@gmail.com,Female,Single,False,9,on,gold,6,17,negative,card,active,US,Telugu,22,0,68,2,False,better,5,1,old,6,False,no
christopher.taylor195@gmail.com,Female,Married,True,10,on,basic,7,20,neutral,card,expired,Germany,Hindi,49,4,185,1,False,good,8,0,old,19,False,yes
brian.gonzalez473@gmail.com,Male,Married,True,10,on,premium,9,18,negative,paypal,expired,US,English,38,7,52,8,True,better,6,3,very_old,19,False,yes
ashley.williams408@gmail.com,Male,Married,False,7,on,premium,9,8,positive,paypal,active,UK,Hindi,7,9,108,8,False,poor,16,1,very_old,11,True,no
matthew.long160@gmail.com,Male,Single,False,1,on,basic,5,0,negative,upi,active,UK,English,8,11,125,7,False,poor,15,5,old,5,True,no
michael.chapman756@gmail.com,Female,Single,False,6,on,basic,10,14,neutral,upi,cancelled,India,English,45,21,144,3,True,good,19,0,old,13,False,yes
alexander.fisher501@gmail.com,Male,Single,False,7,off,premium,1,0,neutral,paypal,expired,Germany,English,11,4,194,1,True,poor,18,6,old,11,False,yes
regina.nunez4@gmail.com,Female,Married,False,1,off,basic,8,15,positive,paypal,expired,US,Telugu,7,20,95,2,True,poor,4,9,recent,4,False,no
kaitlyn.williams974@gmail.com,Male,Single,True,2,off,gold,8,12,positive,card,active,Germany,English,12,6,109,8,True,better,18,4,very_old,5,True,no
katherine.ali469@gmail.com,Male,Single,False,10,on,basic,2,12,neutral,upi,active,Germany,Hindi,6,5,129,3,True,better,12,5,recent,4,True,no
carlos.grant213@gmail.com,Male,Married,False,8,off,premium,9,1,positive,paypal,active,India,Hindi,2,17,101,2,True,good,5,1,old,11,True,no
gabriella.abbott669@gmail.com,Female,Single,False,2,off,premium,2,2,positive,upi,active,India,Telugu,20,14,24,1,False,poor,15,3,very_old,1,True,no
chad.sullivan305@gmail.com,Female,Single,True,9,off,premium,8,14,negative,card,active,UK,Telugu,32,16,89,10,False,poor,6,8,recent,8,True,no
crystal.thomas632@gmail.com,Female,Married,False,3,off,basic,5,10,negative,paypal,active,Germany,English,46,18,30,8,False,better,6,8,very_old,9,True,no
courtney.taylor101@gmail.com,Male,Single,False,9,on,gold,7,0,positive,card,cancelled,UK,English,46,13,187,6,True,better,10,3,old,5,True,yes
david.jones256@gmail.com,Male,Married,False,10,on,premium,2,18,neutral,paypal,active,India,Telugu,14,24,117,7,True,better,7,10,very_old,12,True,no
edward.snyder350@gmail.com,Female,Married,True,10,off,gold,6,7,neutral,paypal,expired,UK,English,43,3,11,3,True,good,15,9,old,12,True,no
jasmine.white362@gmail.com,Male,Married,False,9,off,premium,4,0,positive,paypal,cancelled,India,Telugu,13,2,191,7,True,good,9,5,old,9,True,no
andrew.reyes454@gmail.com,Male,Single,True,5,on,basic,6,17,neutral,card,active,US,Telugu,17,6,146,1,True,poor,17,7,very_old,11,True,no
casey.friedman886@gmail.com,Female,Married,True,4,on,basic,10,16,positive,card,active,Germany,English,3,22,179,7,False,better,20,9,old,20,False,no
holly.smith172@gmail.com,Female,Married,False,5,on,basic,8,13,positive,card,cancelled,Germany,Telugu,48,12,28,8,True,good,18,6,old,10,False,no
cynthia.murphy398@gmail.com,Male,Single,True,9,on,premium,2,13,negative,paypal,active,US,English,24,21,137,9,False,poor,2,9,recent,8,False,no
eric.frye485@gmail.com,Male,Single,True,4,off,gold,7,14,positive,paypal,active,UK,Telugu,40,2,56,4,False,better,2,4,recent,0,False,no
shannon.sampson221@gmail.com,Male,Married,False,6,off,premium,6,20,neutral,card,expired,US,Hindi,46,10,42,10,False,better,2,7,old,1,True,no
jenny.bray537@gmail.com,Female,Married,False,8,on,basic,3,3,negative,card,cancelled,Germany,Hindi,36,4,181,1,False,good,15,2,very_old,14,True,yes
donna.perry338@gmail.com,Female,Single,True,9,on,premium,5,7,negative,paypal,active,Germany,Telugu,24,3,176,5,False,poor,12,3,recent,6,False,yes
jennifer.gonzales847@gmail.com,Male,Married,False,8,off,premium,2,17,neutral,card,expired,UK,Telugu,38,10,194,4,True,good,16,2,recent,15,True,yes
teresa.williams366@gmail.com,Female,Married,True,3,on,premium,3,9,neutral,upi,cancelled,UK,Telugu,19,14,182,2,False,better,11,1,old,12,False,no
randy.henderson970@gmail.com,Male,Married,False,8,off,basic,10,3,positive,upi,cancelled,Germany,Hindi,24,12,120,3,True,better,14,0,old,14,False,yes
beth.cross131@gmail.com,Male,Single,False,10,on,premium,5,13,positive,paypal,active,US,English,11,24,163,6,True,poor,18,5,very_old,0,True,no
larry.morgan154@gmail.com,Female,Single,False,7,on,gold,7,5,negative,card,cancelled,US,English,46,5,155,5,True,poor,13,8,very_old,1,True,yes
steven.oliver436@gmail.com,Male,Single,False,5,off,basic,5,19,negative,card,cancelled,US,Hindi,27,17,54,2,False,poor,16,10,very_old,8,True,yes
lindsey.hines187@gmail.com,Female,Married,True,3,on,premium,7,17,neutral,card,expired,UK,Hindi,20,15,117,2,True,poor,14,2,very_old,8,False,yes
andrew.ray339@gmail.com,Male,Single,False,7,off,premium,1,0,positive,card,active,India,Hindi,41,4,185,8,True,better,11,5,old,8,True,no
amber.williams29@gmail.com,Male,Single,False,10,off,gold,1,11,neutral,upi,cancelled,Germany,Telugu,46,23,147,5,False,better,14,10,recent,4,True,no
richard.haney464@gmail.com,Male,Single,True,1,off,gold,8,14,neutral,paypal,expired,Germany,Hindi,50,11,195,6,True,good,4,8,very_old,19,False,yes
richard.figueroa103@gmail.com,Female,Single,True,5,off,gold,8,7,neutral,paypal,active,India,Telugu,41,21,48,1,False,good,3,4,recent,20,False,no
john.stephens273@gmail.com,Male,Married,False,6,on,premium,5,1,positive,upi,expired,UK,English,7,10,141,2,True,poor,3,7,old,7,False,no
kim.brown827@gmail.com,Female,Single,False,5,on,gold,10,20,negative,paypal,cancelled,India,English,11,0,54,8,False,better,10,6,recent,11,True,yes
dustin.peterson362@gmail.com,Female,Married,True,2,on,basic,6,18,neutral,paypal,expired,Germany,Telugu,10,0,145,9,False,better,11,4,old,6,True,yes
joseph.thompson45@gmail.com,Male,Single,True,5,off,premium,4,10,positive,card,expired,US,Hindi,5,25,153,5,False,good,5,9,very_old,6,False,no
christopher.arnold533@gmail.com,Male,Married,True,4,on,gold,4,4,negative,paypal,cancelled,US,English,9,10,87,4,False,better,19,5,recent,2,True,no
jill.valdez253@gmail.com,Male,Single,True,3,on,basic,8,2,neutral,paypal,cancelled,US,Telugu,37,1,81,2,True,poor,8,0,recent,18,True,yes
kevin.parker838@gmail.com,Female,Single,False,6,on,premium,2,12,negative,paypal,active,Germany,Telugu,45,25,104,7,False,better,4,0,very_old,19,True,no
stephanie.bailey564@gmail.com,Female,Single,True,6,on,basic,4,5,negative,upi,active,Germany,Telugu,21,4,199,6,True,good,20,10,very_old,5,True,no
chelsea.gordon82@gmail.com,Male,Single,False,1,off,gold,1,4,negative,upi,expired,India,English,1,11,125,5,True,poor,2,8,old,2,False,no
erin.brown981@gmail.com,Male,Single,False,1,on,premium,10,17,positive,paypal,active,Germany,Hindi,30,16,168,2,True,good,15,6,very_old,7,False,no
kayla.carrillo570@gmail.com,Female,Single,False,7,on,premium,7,10,neutral,card,expired,UK,English,35,13,135,8,False,better,6,1,old,17,True,yes
wayne.hampton24@gmail.com,Male,Married,False,9,off,gold,4,0,negative,card,active,UK,Hindi,13,2,43,3,False,good,14,6,very_old,3,False,no
andrew.byrd388@gmail.com,Female,Married,False,6,off,gold,4,14,negative,paypal,expired,Germany,Telugu,39,6,72,3,True,good,8,2,very_old,17,True,yes
katie.lin717@gmail.com,Male,Married,False,2,off,basic,2,11,negative,upi,cancelled,India,Telugu,41,19,18,5,True,good,16,2,old,14,False,yes
brandi.bailey835@gmail.com,Female,Single,False,4,on,basic,9,14,positive,paypal,cancelled,UK,Hindi,47,9,26,6,True,good,14,10,recent,20,True,yes
anne.hansen688@gmail.com,Male,Single,False,10,off,gold,3,9,negative,upi,expired,Germany,Hindi,16,5,163,10,True,good,7,9,old,2,False,yes
kathryn.ryan797@gmail.com,Female,Single,False,8,on,premium,5,10,neutral,paypal,active,India,English,3,18,196,2,False,better,6,8,recent,14,True,no
scott.norris749@gmail.com,Male,Married,True,7,on,basic,4,9,neutral,upi,active,Germany,Hindi,28,20,46,3,True,poor,19,7,recent,0,False,no
eugene.walker854@gmail.com,Female,Married,False,9,off,gold,4,0,positive,upi,active,US,Telugu,0,12,78,1,False,poor,12,3,old,13,True,no
dan.clark604@gmail.com,Female,Married,False,2,on,basic,3,12,neutral,upi,cancelled,UK,English,50,13,13,3,True,poor,14,1,very_old,17,True,yes
karen.swanson997@gmail.com,Male,Single,True,2,off,premium,6,15,neutral,paypal,cancelled,India,English,3,7,113,10,True,poor,5,4,very_old,17,False,yes
james.watkins105@gmail.com,Female,Single,True,5,off,premium,9,15,positive,paypal,expired,Germany,Telugu,38,9,19,4,False,poor,11,5,old,4,False,no
lynn.thompson978@gmail.com,Male,Married,True,10,on,premium,2,7,neutral,paypal,expired,UK,English,34,8,137,4,True,poor,10,6,old,1,False,no
johnathan.russell277@gmail.com,Female,Single,True,3,off,premium,4,20,neutral,card,expired,UK,Telugu,21,3,98,6,True,better,8,5,old,10,True,yes
samuel.perry880@gmail.com,Female,Single,False,9,off,gold,5,1,negative,paypal,cancelled,UK,Hindi,43,6,116,8,True,good,10,9,very_old,1,True,yes
lisa.daugherty97@gmail.com,Male,Married,False,1,on,basic,4,17,neutral,upi,active,Germany,English,9,18,34,4,True,better,20,1,recent,17,True,no
tony.smith564@gmail.com,Male,Married,True,10,on,gold,2,14,neutral,card,expired,UK,Telugu,5,5,180,9,False,poor,15,10,recent,3,False,no
jackson.mcclure378@gmail.com,Female,Single,False,6,off,basic,2,19,negative,paypal,expired,US,Telugu,33,7,75,9,True,better,3,3,old,19,False,yes
nancy.gonzalez59@gmail.com,Male,Single,False,9,off,basic,10,17,neutral,paypal,expired,Germany,Telugu,29,0,184,6,True,good,12,0,very_old,11,False,no
david.ellison452@gmail.com,Male,Married,False,9,off,basic,2,10,neutral,paypal,cancelled,UK,Telugu,50,18,87,10,True,better,11,5,old,8,False,yes
amanda.martin620@gmail.com,Male,Married,False,3,off,basic,2,2,neutral,paypal,cancelled,US,Telugu,44,23,86,8,True,poor,8,1,recent,14,False,yes
kelly.thornton425@gmail.com,Male,Single,False,5,on,basic,3,14,neutral,card,cancelled,UK,English,47,5,33,5,True,good,19,9,old,5,False,no
scott.rosario185@gmail.com,Male,Single,True,3,on,premium,2,3,neutral,paypal,cancelled,India,Hindi,26,6,55,6,True,better,12,9,very_old,18,True,yes
dillon.fields779@gmail.com,Male,Single,True,6,on,premium,5,15,neutral,upi,expired,Germany,Hindi,38,17,70,8,False,better,8,4,old,15,True,yes
kristy.vasquez588@gmail.com,Female,Single,False,10,off,premium,5,3,negative,card,cancelled,UK,Hindi,34,6,117,1,False,better,15,0,old,17,True,yes
martha.johnson44@gmail.com,Male,Married,False,3,on,premium,1,0,negative,card,cancelled,US,English,46,20,69,3,True,better,14,4,very_old,19,True,yes
colleen.young513@gmail.com,Male,Married,False,7,on,gold,7,8,negative,card,active,UK,English,16,21,156,5,False,good,11,1,recent,15,False,no
diana.walker254@gmail.com,Female,Married,True,5,off,premium,10,3,positive,paypal,cancelled,UK,Hindi,0,16,176,4,True,better,12,7,recent,8,True,no
sharon.torres245@gmail.com,Female,Married,True,3,off,basic,8,18,positive,upi,cancelled,US,Telugu,42,24,103,10,True,poor,14,3,recent,8,False,no
jason.perez115@gmail.com,Female,Single,False,7,on,gold,10,10,negative,card,active,Germany,Telugu,40,7,140,1,False,good,13,4,recent,5,True,no
robert.perez821@gmail.com,Male,Single,False,9,on,basic,3,6,neutral,card,expired,US,Hindi,30,1,158,10,False,poor,7,6,recent,7,True,yes
rebecca.mitchell818@gmail.com,Female,Married,False,6,off,premium,7,11,neutral,card,active,US,Telugu,38,3,144,7,False,better,12,7,recent,2,True,no
samantha.holt556@gmail.com,Female,Single,True,10,on,premium,10,18,neutral,paypal,active,Germany,English,39,6,72,3,True,good,15,10,old,11,True,no
kevin.holmes521@gmail.com,Male,Married,False,3,on,basic,8,20,negative,card,active,India,Telugu,23,15,156,2,False,poor,20,3,old,4,True,no
rebecca.powers519@gmail.com,Male,Married,True,7,off,premium,2,1,positive,card,cancelled,Germany,Telugu,25,24,170,1,False,poor,12,6,old,19,True,yes
wendy.garcia632@gmail.com,Male,Married,True,8,on,basic,7,20,positive,card,expired,UK,Telugu,20,8,98,8,True,good,16,10,very_old,8,True,yes
kristen.romero487@gmail.com,Male,Married,False,8,off,gold,6,2,positive,upi,expired,US,English,22,23,51,10,True,good,12,8,old,8,False,yes
william.moss778@gmail.com,Female,Married,True,5,off,basic,1,11,negative,upi,cancelled,India,Hindi,42,6,64,7,True,poor,4,1,recent,5,False,yes
catherine.oconnell690@gmail.com,Male,Married,True,9,on,gold,10,6,negative,upi,cancelled,India,Hindi,23,11,199,10,True,better,16,3,very_old,8,False,no
mathew.aguilar144@gmail.com,Female,Married,False,9,off,gold,5,2,neutral,paypal,expired,US,Telugu,44,8,135,2,True,poor,7,7,recent,16,False,yes
amy.meyers873@gmail.com,Female,Single,False,10,off,gold,7,14,neutral,upi,expired,India,English,40,16,58,2,False,good,16,10,very_old,3,True,yes
alyssa.ware862@gmail.com,Male,Single,True,3,off,basic,2,13,negative,card,cancelled,US,Telugu,50,13,180,4,False,poor,15,9,recent,19,False,yes
hunter.lewis816@gmail.com,Female,Married,True,9,on,gold,4,19,neutral,upi,expired,India,Hindi,36,0,43,8,False,good,19,6,very_old,19,True,yes
maria.herring953@gmail.com,Male,Single,False,3,on,premium,4,1,positive,card,cancelled,Germany,English,5,18,113,9,False,better,3,9,very_old,12,False,yes
lisa.garza803@gmail.com,Male,Single,True,4,on,premium,4,9,positive,upi,cancelled,Germany,Hindi,16,10,79,7,True,better,4,0,very_old,19,False,yes
cory.espinoza343@gmail.com,Female,Single,False,5,on,basic,5,4,positive,paypal,active,UK,Hindi,44,8,188,9,False,good,14,1,very_old,7,False,no
matthew.edwards245@gmail.com,Female,Married,False,1,on,basic,4,14,neutral,paypal,active,Germany,Telugu,42,1,11,3,True,good,20,6,very_old,6,True,yes
diana.armstrong484@gmail.com,Female,Single,False,2,off,basic,4,19,positive,paypal,active,India,Telugu,0,0,14,9,False,poor,6,5,old,15,False,no
kathy.morgan629@gmail.com,Male,Married,False,10,off,gold,7,13,negative,card,active,UK,Telugu,19,23,131,10,True,poor,8,10,very_old,8,True,yes
christopher.medina399@gmail.com,Male,Married,True,1,off,basic,1,3,neutral,card,expired,Germany,Hindi,49,13,103,6,True,better,6,4,recent,4,True,no
tracy.richardson910@gmail.com,Male,Single,False,3,off,gold,7,0,negative,paypal,cancelled,UK,Telugu,30,13,53,1,True,better,19,10,old,16,True,yes
david.andrade133@gmail.com,Male,Married,True,8,on,gold,2,18,positive,upi,active,India,Hindi,22,19,144,5,False,poor,5,7,old,4,False,no
wendy.blankenship903@gmail.com,Male,Married,True,4,off,basic,1,17,negative,card,cancelled,UK,Hindi,30,22,139,8,True,good,16,4,recent,14,True,yes
samantha.kennedy851@gmail.com,Male,Married,True,2,on,gold,1,1,positive,upi,active,India,English,17,7,116,7,False,poor,6,10,very_old,4,True,no
becky.johnson789@gmail.com,Female,Single,False,5,on,gold,4,16,neutral,upi,cancelled,US,Hindi,34,20,69,10,False,poor,12,8,recent,10,True,yes
scott.allen181@gmail.com,Female,Married,False,7,off,gold,3,5,neutral,card,active,US,English,3,9,108,6,True,good,8,9,recent,13,True,no
timothy.vaughn145@gmail.com,Female,Single,False,9,on,premium,8,7,negative,upi,active,US,Hindi,44,9,12,8,True,good,6,8,old,11,False,yes
betty.trujillo870@gmail.com,Male,Single,True,2,off,gold,9,19,neutral,upi,expired,Germany,English,37,8,82,3,False,poor,5,10,recent,1,False,yes
kimberly.cunningham791@gmail.com,Male,Single,True,10,on,premium,5,3,positive,upi,active,US,English,9,9,157,1,True,better,18,9,old,18,False,no
matthew.miranda134@gmail.com,Male,Married,True,10,on,premium,8,17,negative,upi,expired,UK,English,0,1,175,3,False,better,13,10,old,14,False,yes
kelly.powell608@gmail.com,Female,Single,False,1,on,basic,1,14,positive,card,expired,UK,Telugu,3,10,184,9,False,poor,20,0,very_old,5,True,no
mark.potts905@gmail.com,Female,Single,False,5,off,gold,4,19,negative,card,active,India,Hindi,14,3,161,1,False,good,3,5,old,10,True,no
elizabeth.briggs586@gmail.com,Male,Married,False,8,off,basic,8,2,neutral,paypal,expired,India,Hindi,31,15,38,2,True,better,15,6,recent,6,True,no
kari.chung330@gmail.com,Male,Married,True,8,on,premium,7,20,negative,paypal,active,Germany,English,23,10,170,5,True,good,7,10,recent,16,True,no
sandra.jones851@gmail.com,Male,Single,False,3,off,gold,9,9,negative,card,expired,India,English,14,24,117,6,True,poor,7,9,recent,10,False,yes
james.washington101@gmail.com,Male,Single,False,9,off,premium,8,16,neutral,upi,cancelled,US,Telugu,7,4,164,2,True,better,13,0,old,1,False,yes
michelle.richards206@gmail.com,Male,Single,False,9,on,gold,7,3,negative,upi,expired,US,Telugu,19,25,133,3,True,better,9,9,recent,20,False,yes
shannon.reynolds376@gmail.com,Female,Married,False,5,off,gold,1,12,positive,card,cancelled,India,Hindi,39,15,73,10,True,good,3,2,old,4,False,yes
adam.boyd260@gmail.com,Female,Single,True,6,off,premium,1,17,positive,paypal,expired,Germany,Hindi,9,16,92,4,False,good,8,9,very_old,9,False,no
christopher.murphy690@gmail.com,Male,Married,True,1,on,basic,10,5,neutral,card,active,US,English,15,19,40,6,True,poor,18,8,very_old,16,False,no
patricia.friedman274@gmail.com,Female,Married,True,3,off,basic,5,5,negative,paypal,active,UK,Hindi,36,4,94,1,True,good,5,6,recent,20,True,yes
robert.king200@gmail.com,Female,Married,True,10,on,basic,2,16,negative,upi,expired,Germany,English,46,22,16,5,True,good,13,8,recent,9,True,yes
trevor.campos881@gmail.com,Male,Married,False,2,on,premium,2,3,neutral,paypal,active,India,English,18,13,23,4,False,good,2,7,old,17,True,no
justin.ross766@gmail.com,Female,Single,True,10,on,premium,9,15,negative,paypal,expired,UK,English,32,22,57,9,False,better,18,8,very_old,13,True,yes
jake.williams404@gmail.com,Male,Single,False,8,off,gold,9,2,neutral,paypal,expired,UK,Hindi,31,23,38,2,True,better,16,3,old,5,False,no
stephanie.miller255@gmail.com,Female,Married,False,4,on,premium,6,9,negative,card,active,US,English,22,12,83,7,False,good,1,5,old,12,False,no
linda.massey893@gmail.com,Male,Married,True,8,on,gold,8,2,positive,card,expired,Germany,Hindi,43,11,53,6,True,good,17,1,very_old,14,True,yes
sandra.sellers613@gmail.com,Male,Single,False,7,on,gold,4,12,neutral,card,expired,Germany,Telugu,18,14,198,2,False,poor,8,0,old,15,False,no
desiree.mills962@gmail.com,Male,Married,False,3,on,basic,9,6,positive,upi,active,India,English,3,23,177,5,True,poor,11,2,old,15,True,no
dustin.murray709@gmail.com,Female,Married,False,7,on,gold,3,12,negative,card,active,UK,Telugu,16,5,26,5,False,better,8,9,recent,12,True,no
wayne.price184@gmail.com,Male,Single,False,10,on,basic,4,7,negative,card,cancelled,UK,Telugu,45,0,92,3,True,good,10,9,old,16,False,yes
samantha.jones66@gmail.com,Female,Single,True,2,off,premium,2,0,positive,upi,expired,India,Telugu,15,18,155,4,True,poor,19,2,recent,15,False,yes
andrea.garner368@gmail.com,Female,Single,False,2,off,basic,4,20,negative,paypal,active,UK,English,14,0,36,9,True,good,1,7,very_old,17,False,yes
judith.jackson687@gmail.com,Female,Married,True,10,on,gold,7,5,negative,upi,expired,India,English,43,8,179,8,False,poor,3,6,old,7,True,yes
mary.scott932@gmail.com,Female,Single,False,9,off,premium,4,5,negative,paypal,expired,UK,Telugu,44,2,10,8,False,better,19,9,very_old,16,True,yes
craig.chapman376@gmail.com,Male,Single,True,1,on,gold,6,7,positive,upi,expired,Germany,English,31,6,100,4,False,poor,14,7,recent,8,True,yes
jason.williams659@gmail.com,Female,Single,False,4,on,premium,10,2,neutral,card,expired,US,English,24,6,138,9,False,better,5,10,old,5,True,yes
sydney.taylor989@gmail.com,Male,Married,True,10,on,gold,9,8,negative,paypal,cancelled,US,Telugu,31,16,192,9,True,poor,14,0,recent,15,False,yes
jonathan.tucker373@gmail.com,Female,Single,False,3,off,basic,4,6,neutral,card,expired,Germany,English,50,8,139,9,False,better,16,6,very_old,11,False,yes
jonathan.underwood989@gmail.com,Male,Married,True,8,on,basic,5,0,positive,paypal,cancelled,US,Telugu,2,24,35,10,True,better,18,7,very_old,13,True,no
martha.drake73@gmail.com,Female,Married,False,5,on,gold,2,0,neutral,upi,active,Germany,Telugu,29,2,160,10,True,better,17,2,old,13,True,yes
courtney.ingram752@gmail.com,Female,Married,True,6,off,basic,9,2,neutral,card,active,UK,Hindi,10,3,188,8,True,poor,10,9,recent,0,False,no
erin.williams219@gmail.com,Female,Married,False,10,off,gold,8,5,neutral,paypal,expired,UK,Hindi,32,9,139,2,True,poor,12,5,recent,13,True,yes
cheryl.fowler415@gmail.com,Female,Single,False,3,on,basic,7,1,neutral,upi,active,India,Hindi,18,8,159,5,False,good,17,1,recent,9,True,no
paul.carter397@gmail.com,Female,Single,True,3,off,premium,6,18,negative,paypal,cancelled,India,Hindi,43,17,70,2,False,good,8,0,very_old,11,False,yes
suzanne.nelson394@gmail.com,Female,Single,True,8,on,gold,8,15,negative,card,cancelled,US,English,7,12,165,2,False,poor,18,10,old,20,True,yes
frank.perez418@gmail.com,Female,Married,True,4,off,gold,5,14,positive,card,active,US,English,9,19,168,6,True,better,13,6,recent,17,False,no
daniel.smith321@gmail.com,Female,Single,True,5,on,basic,6,14,neutral,card,expired,Germany,Hindi,16,20,50,2,False,better,11,2,recent,16,True,no
carlos.hernandez901@gmail.com,Male,Married,False,6,off,basic,4,8,negative,paypal,cancelled,UK,Hindi,20,6,191,2,True,good,6,7,old,11,False,no
thomas.benson122@gmail.com,Female,Married,True,5,on,basic,5,2,negative,upi,active,India,Telugu,44,7,149,9,True,better,6,10,old,17,False,no
brandon.davis316@gmail.com,Male,Married,True,3,off,premium,4,7,neutral,card,expired,Germany,Hindi,41,6,191,9,True,better,18,9,recent,1,True,no
alice.alexander275@gmail.com,Male,Married,True,8,on,gold,7,12,neutral,paypal,expired,Germany,Hindi,1,8,29,5,True,better,2,5,recent,14,True,no
randall.garcia309@gmail.com,Male,Married,False,7,off,basic,9,8,positive,paypal,active,US,Hindi,44,2,46,9,False,poor,19,7,very_old,19,False,yes
travis.reynolds825@gmail.com,Male,Married,False,5,off,gold,10,7,neutral,paypal,expired,India,English,24,6,61,4,False,poor,1,10,old,18,True,yes
morgan.pugh433@gmail.com,Female,Single,False,6,on,premium,5,19,negative,card,active,India,English,32,23,12,6,False,poor,2,1,very_old,16,False,yes
jerry.hall703@gmail.com,Male,Single,True,2,on,basic,7,9,positive,upi,expired,US,English,46,21,116,3,False,better,9,5,recent,16,False,yes
tanya.walsh899@gmail.com,Male,Married,False,8,off,basic,7,4,negative,upi,active,UK,Hindi,23,21,145,2,True,poor,20,5,recent,0,False,no
kim.johnson279@gmail.com,Male,Married,False,4,off,premium,6,20,positive,card,expired,India,English,2,25,154,6,True,good,1,8,very_old,2,True,no
jordan.gonzales94@gmail.com,Female,Single,False,5,off,premium,5,9,neutral,card,expired,US,Hindi,18,22,162,10,True,good,8,4,recent,5,False,yes
katie.key997@gmail.com,Female,Single,True,4,off,basic,9,13,neutral,card,active,US,Hindi,28,25,96,1,False,poor,19,5,old,6,True,no
ryan.brewer698@gmail.com,Female,Married,False,10,off,basic,10,5,neutral,card,expired,UK,Telugu,25,14,63,1,True,better,16,5,very_old,7,True,yes
aaron.hayes608@gmail.com,Male,Married,False,7,off,gold,9,16,negative,upi,expired,India,Telugu,10,13,148,2,False,poor,17,4,old,17,False,no
scott.mcintyre416@gmail.com,Male,Married,True,2,off,gold,6,8,negative,upi,active,Germany,English,32,8,19,7,False,good,14,4,old,7,False,no
vincent.ferguson907@gmail.com,Male,Single,True,5,off,basic,6,14,negative,card,active,India,Hindi,5,7,42,4,True,poor,3,1,recent,20,False,yes
katie.henderson411@gmail.com,Male,Married,True,4,off,premium,1,6,positive,card,active,India,English,33,10,192,2,False,better,3,5,very_old,8,True,no
melissa.gonzalez224@gmail.com,Male,Single,True,1,on,premium,1,9,negative,card,cancelled,US,English,8,17,142,7,True,better,8,10,very_old,1,False,yes
rachel.trujillo821@gmail.com,Female,Married,False,2,on,premium,7,10,neutral,paypal,active,US,Telugu,7,4,79,5,False,better,17,10,very_old,14,True,no
jonathan.jones307@gmail.com,Female,Single,True,7,on,premium,1,2,neutral,card,expired,UK,Hindi,12,1,103,1,False,better,5,9,very_old,18,True,yes
crystal.lee713@gmail.com,Female,Single,True,10,off,premium,5,0,positive,paypal,active,Germany,English,23,11,77,4,True,good,10,1,old,11,False,no
candice.mueller884@gmail.com,Female,Single,False,4,off,basic,3,14,neutral,card,active,UK,English,1,5,189,2,True,poor,7,0,old,3,True,no
daniel.anderson270@gmail.com,Female,Single,True,4,off,premium,4,5,negative,paypal,cancelled,Germany,Telugu,17,0,69,4,False,better,15,1,old,10,False,no
arthur.ramirez393@gmail.com,Male,Single,True,7,on,basic,4,6,negative,card,cancelled,Germany,Telugu,12,9,157,9,False,better,8,7,recent,18,True,yes
billy.murphy118@gmail.com,Male,Married,True,6,on,gold,9,13,negative,paypal,expired,Germany,English,7,0,142,9,True,better,5,10,very_old,2,False,no
cassidy.barnes157@gmail.com,Male,Married,False,10,off,gold,10,10,positive,paypal,active,UK,Telugu,42,5,84,8,False,better,6,5,old,18,True,no
jared.parker271@gmail.com,Female,Married,False,5,on,gold,9,6,positive,upi,cancelled,India,Hindi,35,0,19,3,True,better,7,10,old,9,False,yes
jeffrey.sanford180@gmail.com,Female,Single,False,1,on,gold,3,16,neutral,paypal,expired,India,English,27,2,176,6,True,better,2,5,old,19,False,yes
gloria.young244@gmail.com,Female,Single,True,7,on,basic,6,4,negative,upi,active,India,English,28,7,194,1,True,poor,3,4,very_old,8,False,no
barbara.mclaughlin294@gmail.com,Female,Single,False,4,off,premium,4,8,positive,upi,expired,US,Hindi,24,23,36,7,True,good,16,1,very_old,19,False,yes
michael.figueroa991@gmail.com,Male,Married,True,4,off,premium,5,20,neutral,card,cancelled,India,Hindi,36,13,80,10,True,better,19,9,recent,11,True,yes
gabriel.palmer456@gmail.com,Male,Single,True,10,off,gold,8,13,negative,paypal,cancelled,India,English,22,0,35,3,False,better,7,0,very_old,7,False,yes
brenda.shannon559@gmail.com,Male,Single,True,2,on,gold,6,15,neutral,card,expired,UK,Telugu,26,15,147,2,False,poor,6,7,recent,2,True,yes
michael.davis237@gmail.com,Female,Single,False,9,off,gold,1,8,negative,paypal,expired,India,Telugu,32,3,44,5,True,poor,17,10,recent,19,True,yes
bridget.george307@gmail.com,Male,Married,True,1,on,gold,9,14,negative,paypal,active,India,English,47,17,164,2,False,poor,14,5,recent,9,False,yes
larry.graham982@gmail.com,Male,Single,True,4,off,basic,7,19,negative,card,expired,UK,English,48,23,63,10,False,good,8,1,recent,16,False,yes
james.soto878@gmail.com,Male,Single,False,1,off,gold,8,9,neutral,card,expired,UK,Telugu,48,8,94,9,True,good,9,3,recent,4,False,yes
jennifer.cruz723@gmail.com,Male,Single,True,9,on,basic,3,13,neutral,upi,active,Germany,Telugu,47,8,189,1,False,poor,9,10,very_old,8,False,no
mindy.lyons664@gmail.com,Male,Single,True,3,on,basic,8,7,negative,upi,cancelled,Germany,English,16,12,32,2,True,poor,16,2,old,17,False,yes
john.may940@gmail.com,Male,Married,True,9,off,gold,2,2,neutral,card,cancelled,Germany,English,11,19,116,2,False,poor,1,3,old,17,False,yes
sean.summers619@gmail.com,Male,Single,True,2,off,basic,8,1,neutral,paypal,active,Germany,Telugu,11,10,97,5,False,better,4,3,old,0,True,no
troy.mcmillan355@gmail.com,Male,Single,True,10,off,gold,7,12,negative,paypal,expired,India,English,18,1,91,10,False,poor,7,6,very_old,5,True,no
melinda.osborne142@gmail.com,Male,Single,True,6,off,basic,9,10,positive,paypal,active,US,Hindi,10,11,55,3,True,better,8,5,very_old,11,True,no
sean.wood538@gmail.com,Male,Single,True,9,off,premium,10,16,neutral,paypal,expired,US,Telugu,42,6,173,1,False,good,19,3,old,20,True,yes
jenny.mcconnell926@gmail.com,Female,Married,False,6,off,premium,7,7,neutral,paypal,active,India,Hindi,44,1,79,9,False,good,20,6,very_old,13,True,no
lynn.weaver624@gmail.com,Female,Single,True,9,on,gold,9,9,negative,paypal,expired,Germany,English,45,15,169,10,True,good,3,2,old,9,True,yes
lee.obrien523@gmail.com,Female,Married,False,8,off,basic,1,1,negative,upi,expired,India,Telugu,9,24,173,2,False,better,11,6,very_old,5,False,yes
amy.snow596@gmail.com,Male,Single,False,8,on,basic,9,1,neutral,card,cancelled,UK,English,4,1,15,10,True,better,9,0,old,17,True,yes
erika.kim129@gmail.com,Male,Single,True,5,off,basic,10,6,neutral,paypal,expired,UK,English,14,23,75,6,False,poor,14,3,old,17,False,no
anthony.hickman849@gmail.com,Female,Married,True,3,on,premium,8,19,negative,paypal,expired,UK,English,9,7,31,2,False,good,18,3,recent,8,True,no
tony.dunn679@gmail.com,Male,Single,True,5,off,basic,1,9,negative,paypal,expired,Germany,English,46,14,125,4,False,good,20,5,old,12,True,yes
robin.brewer141@gmail.com,Female,Married,True,4,off,premium,7,2,positive,paypal,cancelled,Germany,English,28,22,193,4,True,poor,2,7,very_old,6,True,yes
daniel.wilson842@gmail.com,Female,Married,True,7,on,gold,6,16,neutral,card,expired,UK,Hindi,37,19,160,7,True,better,6,0,very_old,16,True,no
brian.romero317@gmail.com,Female,Single,True,2,off,gold,4,12,positive,card,active,Germany,English,49,24,80,9,True,better,4,9,recent,5,False,no
derek.green822@gmail.com,Female,Married,False,9,on,gold,5,14,neutral,upi,active,Germany,Hindi,19,25,107,4,True,poor,4,0,very_old,1,True,no
drew.russell552@gmail.com,Male,Single,True,5,off,basic,3,16,neutral,upi,active,Germany,Hindi,25,3,175,1,False,better,18,7,very_old,7,True,no
kristi.cameron46@gmail.com,Female,Single,False,2,on,premium,7,3,positive,paypal,active,India,Hindi,26,16,79,6,True,better,7,4,recent,3,True,no
randy.harmon446@gmail.com,Male,Married,True,8,off,basic,3,7,positive,card,expired,Germany,Hindi,17,3,194,7,False,better,1,7,old,18,False,yes
gary.norton173@gmail.com,Male,Married,True,9,off,basic,10,12,positive,paypal,active,Germany,Hindi,29,1,96,7,True,better,17,0,very_old,6,False,no
james.gonzales905@gmail.com,Female,Single,True,9,off,gold,4,15,neutral,paypal,cancelled,India,Telugu,11,12,44,3,False,poor,8,0,very_old,15,False,yes
kristina.hensley152@gmail.com,Male,Married,False,8,on,gold,1,3,negative,upi,active,US,English,49,22,81,8,True,poor,11,2,very_old,11,False,no
sarah.martinez679@gmail.com,Male,Married,True,9,on,basic,3,19,negative,card,active,US,Telugu,11,3,107,6,False,good,5,4,recent,15,True,no
david.johnson626@gmail.com,Female,Married,True,3,off,basic,9,12,neutral,card,cancelled,India,Telugu,45,25,69,2,False,better,14,5,old,3,False,yes
cynthia.allen674@gmail.com,Male,Married,True,10,on,basic,1,6,positive,card,cancelled,US,Telugu,6,21,82,4,True,poor,19,6,recent,16,True,no
joseph.barrett337@gmail.com,Female,Married,False,2,on,premium,8,8,neutral,upi,cancelled,US,Hindi,1,0,164,8,False,good,6,3,old,5,True,no
bryan.colon931@gmail.com,Male,Single,False,2,off,gold,10,6,positive,card,active,US,Telugu,30,21,196,10,False,better,3,7,recent,8,True,no
tara.nguyen678@gmail.com,Male,Married,False,5,off,gold,1,9,positive,card,cancelled,Germany,Hindi,43,6,194,6,True,good,6,4,very_old,13,True,no
stacy.spencer568@gmail.com,Female,Married,False,10,on,gold,10,4,positive,card,expired,India,Hindi,44,8,78,7,True,good,6,9,recent,0,True,no
deborah.thomas906@gmail.com,Female,Married,False,10,off,basic,6,10,positive,upi,cancelled,US,Telugu,28,21,75,9,False,poor,3,4,very_old,9,False,yes
dana.leon520@gmail.com,Male,Married,False,8,on,basic,7,12,negative,paypal,active,UK,Telugu,44,21,42,5,False,poor,14,0,very_old,18,False,yes
brooke.gilbert64@gmail.com,Female,Single,False,2,on,premium,1,12,negative,card,cancelled,Germany,English,8,5,14,1,False,better,4,10,old,4,False,yes
dustin.jackson282@gmail.com,Male,Single,False,9,on,gold,9,8,neutral,paypal,expired,India,Hindi,4,2,129,4,False,good,6,5,old,1,False,no
bradley.harris188@gmail.com,Male,Married,True,3,off,premium,1,12,positive,paypal,cancelled,India,Telugu,15,17,138,5,True,better,2,6,old,4,True,yes
shawn.flowers166@gmail.com,Female,Married,True,1,off,premium,4,17,neutral,card,active,UK,Hindi,24,18,77,3,False,poor,18,9,very_old,2,True,no
johnny.thompson145@gmail.com,Male,Married,False,8,off,basic,8,1,negative,card,cancelled,Germany,Telugu,3,12,39,3,False,poor,17,10,recent,3,False,no
melissa.walker895@gmail.com,Female,Married,False,9,on,premium,7,8,negative,upi,cancelled,US,English,33,11,162,10,False,good,19,7,old,5,True,yes
julia.wells265@gmail.com,Female,Single,True,3,on,basic,9,12,negative,upi,active,US,Telugu,28,6,77,1,False,better,4,8,old,6,True,no
antonio.mcfarland322@gmail.com,Male,Married,False,5,on,basic,4,19,negative,paypal,active,India,Telugu,41,6,164,9,True,good,11,9,old,5,False,no
amy.robinson603@gmail.com,Female,Single,True,10,on,gold,10,15,negative,upi,active,US,English,43,0,166,8,False,good,5,5,old,19,False,yes
kristi.flores426@gmail.com,Male,Married,True,1,on,premium,9,11,neutral,card,cancelled,UK,Telugu,44,25,96,2,False,good,8,0,very_old,10,False,yes
chad.harrell950@gmail.com,Male,Single,True,5,on,basic,1,12,neutral,upi,active,Germany,Hindi,21,15,73,7,True,better,3,4,very_old,2,False,no
jacob.lopez764@gmail.com,Male,Married,False,3,on,gold,8,14,negative,paypal,expired,US,Hindi,28,2,133,10,False,good,16,10,old,11,False,yes
mary.perez848@gmail.com,Male,Married,True,9,on,basic,2,6,positive,card,expired,UK,Hindi,16,12,149,10,True,good,8,5,recent,9,True,yes
brooke.austin494@gmail.com,Male,Married,False,7,off,gold,7,10,positive,paypal,expired,India,Telugu,30,9,103,6,True,poor,9,6,recent,16,True,yes
leonard.ramirez983@gmail.com,Male,Single,True,8,on,gold,10,1,negative,upi,active,India,English,15,2,63,2,False,poor,1,4,old,18,False,no
christopher.snyder370@gmail.com,Female,Married,False,2,off,basic,1,0,neutral,paypal,expired,India,Hindi,18,11,82,10,False,good,16,10,recent,14,True,no
laura.chambers142@gmail.com,Female,Single,True,3,off,basic,3,2,neutral,card,cancelled,US,Hindi,24,13,175,2,True,good,16,4,old,3,True,yes
ryan.olsen992@gmail.com,Female,Married,False,7,off,basic,7,4,neutral,card,expired,Germany,Telugu,8,20,128,1,True,better,18,7,old,20,False,no
kristina.holland67@gmail.com,Female,Single,False,9,off,gold,6,17,neutral,card,cancelled,Germany,English,16,24,160,5,False,good,19,9,very_old,9,False,no
briana.harrington115@gmail.com,Male,Single,True,1,on,gold,2,5,negative,card,active,US,English,8,22,100,8,True,poor,8,8,very_old,5,False,no
ashley.thompson321@gmail.com,Female,Single,True,9,off,basic,6,1,neutral,card,expired,US,Hindi,7,18,36,3,True,better,19,4,very_old,1,True,no
christian.gonzalez979@gmail.com,Female,Single,False,10,on,gold,5,17,negative,card,cancelled,US,Hindi,31,24,182,7,True,poor,5,0,old,8,True,yes
alexandria.griffith793@gmail.com,Male,Married,False,6,off,gold,2,17,positive,paypal,expired,US,Hindi,30,25,31,1,False,better,11,6,very_old,12,True,yes
lee.villa165@gmail.com,Female,Married,True,8,off,gold,1,20,neutral,paypal,cancelled,India,Hindi,12,21,32,9,False,good,17,3,very_old,8,True,no
andrew.sutton363@gmail.com,Female,Single,False,9,on,premium,8,8,neutral,paypal,cancelled,Germany,Hindi,46,22,113,2,False,better,2,6,old,9,True,no
katherine.anderson360@gmail.com,Female,Single,True,1,off,premium,6,15,neutral,upi,active,India,Hindi,26,13,167,7,True,better,6,1,recent,20,True,no
jennifer.campbell629@gmail.com,Female,Single,True,8,on,premium,5,13,positive,upi,cancelled,India,English,25,8,171,1,True,poor,15,6,recent,15,False,no
elizabeth.grimes863@gmail.com,Female,Single,False,10,on,premium,5,8,neutral,card,expired,UK,English,0,8,180,9,False,poor,17,7,very_old,17,False,no
john.edwards71@gmail.com,Female,Single,True,4,on,gold,9,10,neutral,card,active,US,Telugu,31,2,173,6,False,better,7,3,very_old,0,False,no
cynthia.davenport697@gmail.com,Female,Single,False,8,off,premium,3,10,neutral,paypal,cancelled,UK,Hindi,41,4,187,4,True,better,1,2,recent,5,True,no
jane.calhoun562@gmail.com,Female,Married,True,4,on,gold,3,6,neutral,upi,active,Germany,Telugu,20,5,190,1,True,better,13,5,very_old,16,True,no
erin.anderson769@gmail.com,Female,Single,True,9,off,basic,3,6,negative,upi,expired,US,English,33,2,17,10,True,better,2,4,very_old,2,False,yes
james.hicks512@gmail.com,Male,Married,False,4,off,gold,1,12,negative,upi,cancelled,India,Telugu,30,15,24,2,True,poor,6,8,recent,2,True,no
david.benson704@gmail.com,Female,Married,True,5,off,premium,6,1,neutral,upi,cancelled,US,Hindi,15,23,37,7,False,poor,5,3,very_old,5,True,yes
donald.green184@gmail.com,Female,Married,True,10,off,basic,4,11,neutral,card,active,UK,Hindi,47,11,62,1,True,better,5,1,recent,8,False,no
jennifer.diaz14@gmail.com,Male,Single,False,8,on,premium,1,10,positive,upi,active,Germany,Telugu,4,13,138,5,False,better,20,10,recent,9,False,no
dana.montgomery141@gmail.com,Male,Married,True,7,on,basic,8,15,positive,paypal,active,UK,English,18,10,159,3,False,good,10,8,old,2,False,no
brittany.rose315@gmail.com,Male,Married,True,1,off,premium,4,18,neutral,paypal,active,India,English,29,7,123,4,False,good,15,3,recent,10,False,no
michael.thomas140@gmail.com,Female,Married,True,7,off,basic,10,7,negative,paypal,active,US,Telugu,18,15,10,8,True,poor,3,7,old,8,True,no
anne.reid639@gmail.com,Male,Single,False,1,on,basic,1,5,positive,paypal,cancelled,India,Hindi,36,11,174,7,False,better,1,8,old,10,True,yes
robert.griffin125@gmail.com,Male,Married,False,1,off,basic,3,7,neutral,card,cancelled,Germany,English,34,17,157,9,False,better,13,9,very_old,10,False,yes
joseph.hodge921@gmail.com,Female,Married,False,2,off,gold,3,10,neutral,upi,expired,India,Hindi,8,17,131,8,False,better,5,9,old,4,True,no
jessica.castillo527@gmail.com,Female,Single,False,3,off,basic,3,8,positive,card,expired,Germany,English,50,13,158,1,False,poor,14,8,recent,9,False,yes
jamie.carter536@gmail.com,Male,Single,True,7,off,premium,3,2,positive,upi,expired,Germany,English,15,7,129,7,False,better,13,7,recent,7,False,no
jeff.rodriguez648@gmail.com,Male,Single,False,6,on,premium,1,0,negative,card,expired,US,English,24,21,61,4,False,better,19,9,very_old,7,True,yes
catherine.dixon704@gmail.com,Female,Single,True,10,off,basic,1,5,neutral,card,expired,India,English,17,3,117,9,True,poor,10,2,old,5,False,no
justin.foley267@gmail.com,Male,Single,True,8,off,basic,9,7,neutral,paypal,active,Germany,Hindi,27,14,182,9,False,better,18,4,old,6,False,no
willie.bennett438@gmail.com,Male,Single,False,10,off,premium,6,7,negative,paypal,active,US,Telugu,14,15,150,1,True,good,10,1,very_old,13,False,yes
david.thomas268@gmail.com,Male,Married,True,10,on,gold,3,4,positive,card,expired,Germany,English,29,0,189,2,False,poor,15,9,old,16,True,yes
jennifer.williams940@gmail.com,Male,Married,False,5,off,premium,6,15,positive,paypal,expired,Germany,English,28,20,152,2,True,better,16,1,recent,1,False,no
jack.brown916@gmail.com,Female,Married,False,8,off,gold,5,5,negative,upi,active,Germany,English,17,12,117,4,True,better,20,3,very_old,20,True,no
darrell.lam194@gmail.com,Female,Single,False,2,off,basic,1,6,positive,upi,expired,Germany,Telugu,41,22,48,4,True,poor,6,8,old,12,False,no
paula.herrera653@gmail.com,Female,Married,False,9,on,premium,1,15,negative,upi,active,India,Hindi,48,15,54,4,True,good,19,3,very_old,11,False,no
cynthia.benjamin92@gmail.com,Female,Married,True,2,on,basic,10,19,neutral,paypal,cancelled,Germany,Telugu,48,2,164,5,True,poor,11,6,very_old,0,False,no
justin.lewis222@gmail.com,Male,Single,True,10,on,basic,4,16,neutral,upi,expired,Germany,English,34,18,159,3,False,better,19,4,old,6,False,yes
audrey.gonzalez258@gmail.com,Male,Married,False,9,on,premium,3,8,positive,upi,active,Germany,Hindi,16,24,132,10,True,good,11,6,recent,0,False,no
margaret.turner428@gmail.com,Female,Married,True,3,on,gold,6,18,positive,paypal,cancelled,UK,Hindi,38,24,134,1,False,good,12,1,very_old,18,True,yes
jessica.perez269@gmail.com,Female,Single,True,3,on,basic,1,8,neutral,upi,cancelled,Germany,Telugu,17,0,154,2,False,better,20,9,recent,9,False,no
richard.deleon536@gmail.com,Female,Single,False,9,on,premium,8,20,negative,paypal,cancelled,Germany,English,29,11,185,2,True,better,7,0,very_old,2,True,yes
cynthia.barton921@gmail.com,Male,Single,False,1,off,basic,8,8,neutral,upi,active,India,Hindi,14,17,87,5,False,poor,4,1,recent,19,False,no
courtney.clark415@gmail.com,Female,Married,False,3,on,gold,5,19,negative,paypal,active,India,Hindi,31,0,38,4,True,good,6,5,old,13,True,no
debra.gilbert941@gmail.com,Male,Single,True,7,off,premium,10,20,positive,card,active,Germany,Telugu,4,22,39,5,False,poor,7,8,old,20,False,no
jennifer.edwards878@gmail.com,Male,Single,True,4,off,basic,10,12,neutral,card,cancelled,UK,English,43,25,12,4,True,better,1,8,old,2,False,no
christina.kelly681@gmail.com,Female,Single,True,5,off,basic,8,19,negative,upi,active,Germany,Telugu,22,2,21,5,True,better,12,10,old,14,False,yes
peter.boyd431@gmail.com,Female,Single,True,2,on,basic,4,18,neutral,card,active,UK,English,33,22,132,3,False,poor,19,10,recent,16,False,no
james.cruz575@gmail.com,Male,Married,True,10,on,premium,1,7,neutral,paypal,expired,India,English,16,11,157,10,True,poor,3,1,recent,5,False,no
kristin.adams2@gmail.com,Male,Single,False,2,on,basic,1,19,neutral,card,expired,Germany,Telugu,15,5,125,3,False,better,16,2,old,9,True,no
nathan.stewart919@gmail.com,Male,Married,False,3,off,premium,7,13,neutral,paypal,expired,India,English,42,14,46,2,True,poor,13,4,recent,9,True,no
ryan.duncan101@gmail.com,Male,Single,False,2,off,premium,10,10,neutral,card,active,US,English,13,4,68,1,False,good,19,0,recent,7,True,no
david.yoder343@gmail.com,Male,Married,True,5,off,gold,7,14,negative,card,active,UK,Telugu,26,25,100,2,False,good,6,5,very_old,6,False,no
cassie.harding930@gmail.com,Male,Married,False,4,off,basic,1,15,positive,upi,expired,Germany,Telugu,1,25,178,10,False,better,7,2,recent,2,False,no
natalie.woods204@gmail.com,Male,Married,False,1,off,gold,2,0,positive,paypal,expired,US,Hindi,26,21,76,3,True,good,20,3,very_old,2,True,no
lori.bowman449@gmail.com,Male,Married,False,6,off,premium,5,2,positive,upi,cancelled,Germany,Telugu,18,14,70,3,True,poor,15,1,recent,11,False,no
vanessa.davis534@gmail.com,Female,Married,False,9,off,premium,1,8,positive,paypal,expired,UK,Telugu,17,11,96,10,True,good,10,0,very_old,6,True,yes
stacy.rhodes954@gmail.com,Male,Married,False,8,on,gold,5,11,negative,paypal,active,US,Hindi,44,25,153,3,True,better,5,8,old,8,False,no
derek.jones176@gmail.com,Male,Married,False,7,off,basic,5,5,negative,upi,expired,UK,English,49,2,165,7,False,good,14,3,recent,15,False,yes
joseph.garcia371@gmail.com,Male,Married,True,7,off,basic,3,3,positive,card,expired,UK,Hindi,15,12,71,5,False,poor,3,6,old,4,False,no
debra.wheeler307@gmail.com,Female,Single,True,2,on,premium,7,9,positive,paypal,expired,India,English,0,9,16,1,False,poor,18,4,very_old,1,True,no
cheryl.anderson99@gmail.com,Female,Single,False,1,off,premium,2,9,negative,upi,expired,US,Telugu,40,14,51,7,True,poor,13,3,recent,11,True,yes
ashley.johnson755@gmail.com,Male,Married,True,4,off,basic,4,15,positive,paypal,cancelled,UK,English,11,15,164,3,False,better,8,8,recent,14,True,yes
lisa.walker275@gmail.com,Female,Married,True,9,on,basic,1,16,neutral,card,active,UK,English,24,17,92,5,False,good,4,5,very_old,9,False,no
douglas.meyer585@gmail.com,Male,Single,False,5,off,gold,5,11,positive,upi,expired,UK,Hindi,19,1,186,3,True,poor,14,9,recent,9,False,no
matthew.bennett854@gmail.com,Male,Single,False,8,on,premium,10,0,negative,card,active,UK,Hindi,41,8,43,9,False,poor,4,5,recent,2,False,yes
jessica.phillips181@gmail.com,Female,Single,False,9,on,gold,3,15,neutral,upi,active,Germany,Hindi,2,18,37,8,True,good,18,6,old,2,True,no
daniel.smith315@gmail.com,Female,Married,True,2,off,gold,4,7,positive,card,active,US,English,13,2,148,10,False,better,3,1,old,2,False,no
veronica.villa888@gmail.com,Male,Single,True,2,off,gold,2,12,positive,upi,active,US,Hindi,6,21,121,4,True,better,4,9,old,10,False,no
jeremy.morales860@gmail.com,Male,Married,False,2,on,premium,2,19,positive,card,expired,US,Hindi,49,2,38,10,False,good,6,1,very_old,14,False,yes
erika.nolan460@gmail.com,Female,Married,True,8,on,gold,10,1,positive,upi,active,India,English,14,14,81,8,True,poor,18,8,recent,17,True,no
marcus.huang53@gmail.com,Male,Single,True,2,on,basic,5,6,negative,card,expired,US,English,49,11,85,9,True,better,6,4,recent,17,False,yes
evan.payne325@gmail.com,Female,Single,False,3,off,gold,3,20,neutral,card,active,UK,Telugu,32,18,14,3,False,poor,4,4,old,0,False,no
kristen.terrell699@gmail.com,Female,Married,False,5,on,premium,1,5,neutral,upi,active,India,Hindi,11,22,53,6,True,good,3,0,very_old,1,True,no
ronald.simpson995@gmail.com,Female,Married,True,1,on,gold,9,1,neutral,paypal,expired,UK,Telugu,16,12,68,8,True,good,7,5,very_old,2,True,yes
christopher.davis994@gmail.com,Male,Single,False,10,off,basic,1,14,neutral,card,cancelled,US,Hindi,24,20,93,5,False,better,10,6,old,16,False,no
christopher.molina242@gmail.com,Male,Married,True,10,on,gold,8,15,neutral,paypal,active,UK,Telugu,50,20,52,4,True,better,20,2,old,4,True,no
lisa.nelson174@gmail.com,Male,Single,False,10,on,basic,7,8,neutral,paypal,cancelled,India,Hindi,45,24,169,4,False,poor,1,0,very_old,8,True,yes
ryan.randolph813@gmail.com,Male,Married,True,6,on,gold,7,19,neutral,paypal,active,US,Hindi,44,16,198,6,True,good,9,6,very_old,10,True,no
joanna.rose677@gmail.com,Female,Married,True,5,off,premium,10,17,positive,card,expired,India,English,24,1,21,7,True,good,17,9,old,10,False,yes
bianca.sutton207@gmail.com,Female,Single,True,1,off,premium,9,19,positive,upi,cancelled,UK,Hindi,4,14,71,1,False,good,2,8,recent,10,False,yes
linda.garner227@gmail.com,Female,Married,False,8,off,gold,7,16,positive,paypal,expired,India,Hindi,19,18,42,8,True,better,9,7,very_old,11,True,no
william.frazier863@gmail.com,Female,Single,True,9,off,basic,8,7,negative,paypal,expired,UK,English,22,3,154,8,False,better,13,0,very_old,0,True,yes
jose.ross444@gmail.com,Female,Single,False,8,on,basic,8,17,neutral,upi,cancelled,India,Telugu,17,15,84,10,False,good,9,10,very_old,2,False,no
ryan.forbes23@gmail.com,Female,Married,False,3,off,gold,6,18,negative,upi,expired,Germany,Telugu,28,9,122,3,False,poor,14,10,very_old,11,False,yes
andrew.deleon785@gmail.com,Male,Married,False,3,on,basic,2,1,negative,upi,cancelled,UK,Telugu,32,13,43,6,True,poor,15,9,recent,11,True,yes
ronald.smith77@gmail.com,Male,Single,False,6,on,basic,4,5,negative,upi,expired,India,Hindi,8,18,119,7,False,poor,5,9,very_old,13,True,no
tina.howard876@gmail.com,Male,Married,True,9,on,gold,7,2,neutral,upi,cancelled,US,Hindi,17,2,52,4,True,better,5,6,very_old,9,True,yes
julie.villanueva235@gmail.com,Male,Married,False,7,off,premium,10,13,neutral,card,cancelled,Germany,Telugu,7,20,61,3,False,good,20,7,very_old,11,False,yes
kristina.arnold903@gmail.com,Female,Married,True,9,on,gold,6,1,positive,paypal,active,UK,English,47,7,21,7,False,good,8,4,recent,12,False,yes
mckenzie.bates963@gmail.com,Female,Married,False,6,off,basic,3,4,negative,paypal,cancelled,Germany,English,9,12,118,9,True,better,5,10,old,19,True,no
austin.allen500@gmail.com,Female,Single,False,8,off,gold,5,18,positive,upi,expired,Germany,English,39,19,194,10,False,good,18,1,old,10,False,yes
anthony.miller798@gmail.com,Female,Single,True,8,off,basic,1,18,negative,paypal,cancelled,Germany,Telugu,50,17,111,4,True,good,19,6,recent,14,True,yes
jacqueline.banks119@gmail.com,Female,Single,False,8,off,premium,10,16,positive,card,active,India,Telugu,29,12,150,4,True,better,11,9,recent,12,True,no
angela.thomas450@gmail.com,Female,Single,True,8,on,basic,2,8,negative,card,cancelled,UK,English,38,10,152,6,False,poor,6,5,old,11,True,yes
erin.jackson57@gmail.com,Female,Married,True,1,on,gold,2,15,neutral,upi,expired,Germany,Hindi,14,15,126,9,True,poor,11,10,recent,18,False,yes
blake.shields83@gmail.com,Male,Married,False,7,on,premium,3,16,positive,paypal,cancelled,UK,Telugu,37,16,87,7,False,good,17,6,recent,11,False,no
traci.marshall588@gmail.com,Female,Single,True,2,off,gold,10,10,neutral,upi,cancelled,US,English,21,19,146,4,True,better,12,2,old,16,True,no
jacob.smith50@gmail.com,Male,Single,False,6,on,basic,8,14,negative,paypal,active,India,Hindi,12,22,94,10,True,poor,1,4,recent,16,True,no
joshua.anderson287@gmail.com,Male,Single,True,9,on,basic,1,11,neutral,upi,active,India,Telugu,46,10,150,1,True,better,7,7,recent,6,True,no
monique.york991@gmail.com,Female,Married,True,3,off,premium,7,13,negative,paypal,expired,US,Telugu,47,12,162,4,False,good,12,8,recent,13,False,yes
angel.alexander271@gmail.com,Female,Married,False,4,off,basic,9,6,neutral,upi,cancelled,India,Hindi,36,13,64,7,False,poor,11,4,very_old,8,False,yes
adam.khan284@gmail.com,Male,Married,False,10,off,premium,1,9,negative,paypal,active,Germany,Telugu,4,25,182,1,True,better,18,9,old,9,True,no
dennis.brady332@gmail.com,Male,Married,False,8,off,premium,3,9,neutral,upi,cancelled,India,Telugu,2,10,14,10,True,good,8,3,very_old,17,False,yes
gabriel.tucker218@gmail.com,Male,Married,True,7,off,premium,2,13,neutral,card,active,US,Hindi,8,25,109,4,False,good,14,6,recent,6,True,no
jennifer.jones766@gmail.com,Male,Single,False,9,on,premium,3,2,positive,upi,expired,India,Telugu,13,14,107,6,False,good,4,7,very_old,2,True,no
donald.martinez582@gmail.com,Female,Single,True,6,off,premium,7,17,neutral,upi,active,India,English,40,6,108,1,False,good,15,8,recent,2,True,no
sergio.miller628@gmail.com,Male,Single,True,4,off,basic,4,3,positive,upi,cancelled,UK,Telugu,4,18,117,3,False,better,20,1,old,10,False,no
brian.bauer571@gmail.com,Male,Married,False,4,off,gold,4,8,positive,upi,expired,UK,English,16,20,67,5,False,poor,9,7,very_old,17,False,yes
diana.mclaughlin340@gmail.com,Male,Single,True,10,on,premium,2,17,positive,card,cancelled,Germany,Telugu,17,0,66,4,False,poor,3,5,recent,4,True,no
heather.mcdaniel730@gmail.com,Female,Married,False,8,on,basic,10,17,positive,upi,expired,UK,Hindi,25,1,60,7,False,good,18,3,old,11,True,no
daniel.collins147@gmail.com,Female,Single,False,8,on,premium,1,17,neutral,card,expired,UK,Telugu,44,18,149,10,False,better,3,5,very_old,18,True,yes
ashlee.coffey917@gmail.com,Male,Married,True,1,on,gold,10,8,negative,card,cancelled,Germany,Telugu,24,13,69,6,True,better,11,3,very_old,0,False,no
connor.morris810@gmail.com,Female,Single,False,1,on,gold,5,15,negative,card,cancelled,India,English,6,14,46,10,False,better,19,8,old,7,True,yes
eric.haney26@gmail.com,Male,Single,False,10,off,gold,1,7,negative,card,cancelled,UK,English,25,23,59,1,True,poor,7,0,very_old,6,True,no
wayne.winters183@gmail.com,Female,Married,False,2,on,gold,3,5,negative,card,expired,UK,English,42,9,103,3,True,better,9,8,very_old,20,True,yes
maria.ross747@gmail.com,Male,Single,True,6,on,basic,6,8,neutral,paypal,active,India,Telugu,12,9,154,4,False,poor,13,0,old,14,True,no
tony.welch181@gmail.com,Female,Single,False,2,on,basic,6,4,positive,upi,expired,US,Hindi,44,21,25,9,False,good,18,4,old,0,False,yes
kevin.rogers848@gmail.com,Male,Single,True,3,on,gold,2,13,positive,card,active,US,Hindi,14,2,163,1,True,good,10,5,very_old,16,False,no
kevin.miranda483@gmail.com,Male,Single,False,6,on,gold,5,16,neutral,card,expired,US,Telugu,13,20,181,1,False,poor,5,5,very_old,17,True,yes
amanda.stewart498@gmail.com,Female,Married,False,4,off,premium,4,4,positive,paypal,expired,UK,Hindi,11,20,33,5,False,good,10,5,very_old,2,True,no
ricky.evans188@gmail.com,Female,Married,False,8,off,gold,6,11,positive,upi,expired,India,Hindi,22,22,198,10,True,poor,1,7,recent,3,False,yes
ronald.thompson980@gmail.com,Male,Married,False,10,off,premium,1,4,positive,card,expired,UK,English,45,24,186,8,True,good,19,0,old,13,True,yes
jessica.kerr674@gmail.com,Male,Married,False,8,off,premium,5,16,negative,paypal,expired,India,English,49,17,186,9,False,good,17,8,very_old,6,True,yes
allison.baldwin987@gmail.com,Male,Married,False,1,on,gold,8,20,neutral,card,expired,US,Hindi,38,14,44,1,False,poor,13,2,recent,6,True,no
jerry.clark310@gmail.com,Male,Single,False,1,on,premium,3,6,positive,paypal,expired,India,English,16,5,75,4,True,better,1,6,recent,13,True,yes
isabel.conway588@gmail.com,Female,Married,False,2,off,gold,2,18,neutral,card,expired,UK,English,25,3,48,2,False,better,2,3,recent,8,True,no
dennis.miller455@gmail.com,Male,Single,True,10,on,premium,9,18,negative,upi,expired,UK,Telugu,16,10,154,7,True,poor,20,0,recent,14,False,yes
kathryn.douglas699@gmail.com,Female,Married,True,6,on,gold,8,14,positive,card,active,US,Hindi,50,22,82,4,True,poor,5,9,old,4,True,no
lori.cruz594@gmail.com,Male,Single,True,6,off,premium,5,15,neutral,paypal,active,India,Hindi,48,9,172,4,False,good,13,0,very_old,2,True,no
samantha.rios950@gmail.com,Female,Married,False,1,on,basic,6,3,positive,upi,cancelled,Germany,English,2,22,112,3,True,better,8,8,recent,11,False,no
lauren.mendoza553@gmail.com,Female,Married,False,5,off,basic,8,20,negative,upi,active,UK,Telugu,33,18,191,9,False,poor,3,5,recent,15,False,no
erin.jacobs590@gmail.com,Female,Married,True,6,off,premium,6,1,positive,card,cancelled,India,English,4,9,123,8,False,better,6,0,recent,5,False,yes
sandra.curry744@gmail.com,Male,Single,False,6,off,basic,9,19,positive,paypal,active,India,Hindi,46,6,131,1,True,good,20,1,recent,7,False,yes
stephanie.jones476@gmail.com,Female,Married,True,10,off,gold,5,11,positive,card,cancelled,Germany,Telugu,3,2,152,4,False,poor,14,0,old,7,True,no
william.tucker303@gmail.com,Female,Married,True,2,on,basic,1,2,neutral,card,active,US,Telugu,31,3,96,6,False,good,2,6,recent,19,True,no
charles.lewis271@gmail.com,Male,Married,True,10,on,gold,3,8,positive,card,cancelled,Germany,Hindi,8,22,190,8,True,good,6,8,very_old,18,False,no
bryce.jordan632@gmail.com,Female,Married,True,1,off,gold,8,18,negative,paypal,cancelled,US,Telugu,26,14,193,7,True,good,14,3,very_old,13,True,yes
melissa.berry535@gmail.com,Female,Single,False,10,off,gold,7,20,neutral,paypal,cancelled,India,Telugu,14,11,179,7,True,better,11,3,recent,19,True,no
daniel.perez189@gmail.com,Female,Married,False,7,off,gold,1,12,neutral,upi,expired,UK,Telugu,11,13,172,6,True,poor,6,0,old,7,True,yes
johnny.wilson791@gmail.com,Female,Married,True,8,on,gold,1,6,negative,upi,active,UK,English,4,24,170,5,True,poor,12,6,recent,3,False,no
karen.aguirre39@gmail.com,Male,Single,True,4,on,gold,1,4,negative,card,expired,India,Hindi,21,2,199,5,True,good,18,3,recent,9,True,yes
andrea.carroll422@gmail.com,Female,Single,True,1,on,gold,6,14,neutral,card,active,India,Telugu,48,0,194,8,False,better,6,9,recent,8,True,yes
daniel.brown971@gmail.com,Female,Single,False,7,on,premium,7,7,negative,card,expired,Germany,Hindi,30,7,101,5,False,poor,15,7,recent,3,True,no
jared.lopez56@gmail.com,Female,Married,False,1,off,premium,1,13,positive,paypal,active,India,Telugu,50,5,54,3,True,good,20,3,old,3,True,no
john.harrell280@gmail.com,Female,Married,False,10,off,gold,1,2,positive,upi,active,UK,Telugu,42,7,74,2,False,poor,1,6,old,1,True,no
michael.santos799@gmail.com,Male,Single,True,5,off,basic,9,4,neutral,upi,active,UK,Hindi,41,10,103,10,True,better,13,6,old,8,False,yes
jennifer.clark239@gmail.com,Female,Married,True,4,on,gold,4,8,negative,paypal,cancelled,Germany,Telugu,32,24,39,5,False,better,16,0,old,5,True,yes
kelly.mills90@gmail.com,Female,Married,False,3,off,basic,10,2,positive,upi,cancelled,India,Hindi,2,5,45,7,True,good,16,0,recent,10,True,yes
timothy.gonzales569@gmail.com,Female,Single,False,8,on,gold,6,15,negative,upi,active,India,English,29,8,101,7,True,better,4,6,old,0,False,yes
kristin.mann437@gmail.com,Female,Married,False,4,off,gold,10,9,positive,card,active,UK,English,38,10,190,10,True,poor,12,7,old,15,True,no
erin.mosley882@gmail.com,Female,Single,True,9,off,premium,6,4,negative,paypal,expired,India,English,7,17,77,4,False,poor,12,2,recent,16,False,no
paul.clark625@gmail.com,Male,Single,True,5,on,premium,2,17,neutral,upi,expired,US,Telugu,37,16,191,3,False,poor,15,1,very_old,11,True,no
larry.harrison924@gmail.com,Female,Single,True,8,on,basic,8,10,negative,upi,active,US,English,17,24,76,5,False,good,1,3,very_old,4,True,no
allison.reyes93@gmail.com,Female,Married,True,2,on,gold,10,0,neutral,paypal,expired,US,English,5,3,94,10,True,poor,19,8,recent,14,True,no
james.myers547@gmail.com,Female,Married,False,10,on,basic,2,13,neutral,upi,active,US,English,5,23,56,1,True,good,18,5,recent,16,True,no
christopher.mitchell951@gmail.com,Female,Single,True,2,on,gold,7,3,positive,card,expired,India,Telugu,20,18,85,2,False,poor,2,4,old,8,False,no
frank.thompson403@gmail.com,Male,Single,False,6,on,gold,7,15,positive,upi,active,Germany,Telugu,45,1,144,4,True,poor,11,5,old,11,False,yes
sarah.garcia767@gmail.com,Female,Married,True,2,off,gold,1,10,positive,upi,expired,UK,Hindi,6,1,68,5,True,better,19,3,very_old,17,False,no
gloria.clay287@gmail.com,Female,Single,False,8,on,gold,6,17,positive,card,active,India,English,7,8,172,8,False,better,13,3,recent,18,True,no
kayla.rodriguez108@gmail.com,Female,Single,False,2,off,basic,6,16,positive,upi,cancelled,Germany,English,35,4,28,9,True,better,9,5,old,20,True,yes
jody.moses732@gmail.com,Male,Single,False,2,off,gold,8,11,positive,upi,expired,US,Hindi,23,5,89,3,True,better,9,3,very_old,1,True,no
thomas.chase310@gmail.com,Male,Married,True,3,off,gold,8,16,negative,card,cancelled,US,English,31,13,117,4,False,better,17,7,very_old,0,False,no
jason.ryan747@gmail.com,Female,Single,False,9,on,gold,2,15,positive,upi,cancelled,Germany,English,22,8,10,9,True,good,15,6,old,5,False,no
aaron.ochoa868@gmail.com,Female,Married,True,2,on,premium,6,17,positive,card,expired,India,Hindi,3,15,18,7,False,good,15,0,old,15,False,no
richard.smith826@gmail.com,Male,Married,False,4,on,basic,6,0,negative,upi,cancelled,UK,Hindi,39,5,44,4,False,good,3,10,very_old,2,False,yes
tracy.cox293@gmail.com,Male,Single,True,2,off,premium,7,5,neutral,card,cancelled,UK,Hindi,13,14,38,9,True,poor,3,2,recent,18,True,yes
patrick.gilbert254@gmail.com,Female,Single,False,6,off,gold,7,13,neutral,upi,active,Germany,English,10,18,73,1,False,good,6,2,very_old,6,True,no
anne.holland523@gmail.com,Female,Married,False,2,off,gold,9,15,positive,paypal,cancelled,India,Hindi,4,4,161,2,False,poor,6,6,old,12,False,no
steven.miller749@gmail.com,Male,Single,False,2,on,gold,6,6,neutral,upi,active,US,English,18,18,109,3,True,poor,19,2,very_old,2,True,no
michael.garcia905@gmail.com,Female,Single,True,8,on,premium,5,3,neutral,paypal,cancelled,US,English,45,20,127,4,False,poor,9,7,old,5,False,yes
ryan.sanchez421@gmail.com,Male,Married,False,2,off,premium,9,17,neutral,card,expired,US,Hindi,38,8,21,7,True,better,9,0,old,1,False,yes
desiree.smith706@gmail.com,Female,Married,False,4,off,premium,10,17,negative,paypal,cancelled,Germany,English,42,1,176,7,True,better,19,1,old,17,False,yes
kyle.alexander774@gmail.com,Female,Married,True,2,on,basic,6,17,negative,paypal,cancelled,Germany,Telugu,39,20,64,5,True,better,7,9,old,2,True,yes
michael.smith139@gmail.com,Male,Single,True,1,off,premium,9,10,neutral,paypal,expired,US,English,20,4,155,1,True,better,8,9,recent,8,True,no
michael.bolton281@gmail.com,Male,Married,True,10,on,gold,3,20,positive,paypal,expired,Germany,English,32,0,190,5,False,poor,9,5,old,16,False,yes
vincent.ross58@gmail.com,Male,Single,False,8,off,gold,2,10,negative,upi,expired,UK,English,22,25,179,6,False,better,15,10,old,0,False,no
vicki.nichols434@gmail.com,Male,Single,True,3,off,premium,7,13,neutral,upi,expired,Germany,Hindi,16,16,154,10,False,better,15,1,very_old,12,False,no
christopher.brown656@gmail.com,Male,Married,False,10,off,premium,6,6,negative,upi,active,Germany,Telugu,5,19,79,1,True,better,18,6,old,9,False,no
elizabeth.taylor73@gmail.com,Female,Married,False,4,on,basic,3,1,negative,upi,active,Germany,Hindi,24,12,55,1,True,good,16,5,recent,19,True,yes
robert.leon341@gmail.com,Male,Single,True,8,off,gold,2,9,neutral,card,expired,US,Telugu,50,24,99,7,True,good,1,6,recent,14,True,yes
eric.mckinney717@gmail.com,Male,Single,True,9,off,premium,2,1,positive,card,cancelled,US,Telugu,7,17,28,8,True,better,9,5,recent,2,True,no
thomas.mitchell184@gmail.com,Female,Single,False,3,off,gold,2,4,neutral,upi,cancelled,US,English,11,25,177,3,True,poor,14,8,old,8,False,no
jennifer.rose795@gmail.com,Female,Married,True,1,on,gold,2,9,neutral,paypal,cancelled,Germany,Hindi,5,7,149,7,False,poor,10,1,old,19,True,no
joseph.davis386@gmail.com,Female,Single,False,9,on,premium,2,17,negative,paypal,active,Germany,Hindi,29,11,95,6,False,poor,9,0,recent,6,True,no
hannah.curtis250@gmail.com,Male,Married,False,5,off,gold,10,6,positive,card,active,US,Hindi,0,23,128,5,False,good,16,7,recent,13,False,no
cynthia.campos0@gmail.com,Male,Single,False,6,on,basic,10,7,neutral,paypal,active,UK,English,26,6,37,3,True,poor,8,10,old,9,True,no
william.barnes141@gmail.com,Female,Single,True,3,on,premium,5,16,negative,card,expired,India,Telugu,15,19,122,9,False,poor,5,7,very_old,17,False,yes
taylor.cruz499@gmail.com,Male,Married,True,5,on,premium,10,14,negative,card,active,US,Telugu,44,13,14,9,False,better,20,0,old,20,False,no
kurt.guerrero856@gmail.com,Male,Single,True,5,off,basic,1,8,negative,paypal,cancelled,UK,Hindi,0,21,11,5,True,better,1,4,old,8,True,yes
andrew.meadows633@gmail.com,Male,Single,True,4,off,premium,1,3,neutral,card,expired,US,Telugu,30,16,156,4,True,poor,16,6,old,5,True,yes
kevin.cabrera377@gmail.com,Female,Married,False,6,on,basic,6,20,negative,paypal,cancelled,Germany,Hindi,35,1,105,3,True,better,3,6,old,14,True,yes
jennifer.gregory879@gmail.com,Female,Single,False,2,on,gold,3,9,neutral,card,expired,US,English,13,4,111,6,True,good,16,2,recent,1,True,yes
kelsey.anderson179@gmail.com,Female,Married,True,2,off,premium,1,1,negative,card,active,India,English,0,22,119,2,True,poor,6,7,very_old,12,False,no
catherine.flynn349@gmail.com,Female,Married,True,3,on,gold,6,4,neutral,card,expired,US,Telugu,28,16,26,8,True,good,19,10,very_old,10,False,yes
cameron.williams971@gmail.com,Male,Single,False,2,off,premium,8,18,neutral,upi,cancelled,US,Telugu,43,24,49,4,True,good,8,9,old,9,False,no
john.smith508@gmail.com,Male,Married,False,5,off,gold,8,16,negative,card,cancelled,US,Hindi,12,13,189,6,False,good,17,5,recent,5,False,yes
erika.hudson451@gmail.com,Male,Married,False,6,off,basic,3,0,negative,upi,active,UK,English,4,15,101,5,True,good,6,8,recent,9,False,no
sharon.perry377@gmail.com,Male,Single,True,3,off,premium,3,13,positive,card,cancelled,US,Hindi,38,1,128,9,False,good,20,6,old,2,False,yes
anthony.sullivan463@gmail.com,Male,Single,False,10,off,premium,10,15,negative,card,expired,UK,Telugu,20,9,140,7,False,better,3,6,old,2,False,yes
walter.gay623@gmail.com,Female,Single,False,3,on,premium,6,15,neutral,card,expired,India,Telugu,27,9,164,3,True,good,2,2,very_old,17,True,yes
amanda.blackburn40@gmail.com,Male,Married,True,4,off,gold,7,7,negative,card,active,India,Telugu,8,7,176,4,False,better,2,2,recent,2,False,no
jennifer.obrien780@gmail.com,Male,Single,False,1,on,basic,7,5,negative,card,expired,US,English,36,8,14,5,False,poor,7,2,old,10,True,yes
anthony.lutz867@gmail.com,Male,Single,True,2,off,basic,9,6,negative,card,active,UK,English,37,22,183,8,False,poor,18,0,very_old,7,False,no
adam.fowler279@gmail.com,Male,Single,True,9,on,premium,3,4,neutral,paypal,active,India,Telugu,8,19,174,8,False,poor,20,8,old,14,False,no
luis.diaz695@gmail.com,Male,Single,False,7,on,basic,8,7,positive,upi,cancelled,India,English,23,4,52,8,True,poor,3,2,recent,9,False,yes
thomas.benjamin852@gmail.com,Female,Married,False,2,off,basic,8,17,neutral,upi,cancelled,US,English,28,9,30,7,False,good,5,3,recent,11,False,yes
lisa.rodriguez449@gmail.com,Female,Single,True,6,on,basic,1,15,neutral,card,expired,Germany,Hindi,23,9,15,3,True,good,7,5,old,10,True,yes
joshua.king918@gmail.com,Male,Single,True,7,on,basic,7,7,neutral,upi,cancelled,Germany,English,9,14,126,1,True,poor,9,5,recent,20,True,yes
amy.clark141@gmail.com,Male,Married,False,2,off,premium,8,19,neutral,upi,cancelled,UK,English,2,3,37,7,False,good,7,0,very_old,5,False,no
kathy.richard420@gmail.com,Female,Married,True,5,off,premium,6,16,neutral,upi,active,Germany,English,47,24,12,8,True,better,14,6,very_old,2,False,no
billy.kelly726@gmail.com,Female,Single,True,6,off,gold,3,12,neutral,upi,active,India,English,15,2,161,10,True,good,17,1,old,3,True,no
zachary.mccoy50@gmail.com,Male,Single,True,4,on,gold,9,11,neutral,card,active,India,English,7,1,150,9,False,poor,17,8,very_old,20,True,no
jesse.sullivan188@gmail.com,Female,Married,True,10,on,premium,5,9,positive,card,expired,US,English,2,22,93,2,False,good,12,2,very_old,11,False,no
melissa.woods130@gmail.com,Male,Married,False,10,on,basic,3,2,positive,paypal,active,US,English,42,18,117,5,True,better,14,10,recent,10,True,no
linda.lucas199@gmail.com,Male,Married,False,9,off,basic,2,15,neutral,card,cancelled,UK,English,1,16,35,2,False,poor,5,7,recent,11,False,yes
david.howard788@gmail.com,Male,Married,False,4,off,basic,5,16,positive,paypal,cancelled,Germany,English,13,22,106,8,True,poor,15,7,recent,19,False,no
sandra.butler857@gmail.com,Female,Single,True,6,off,premium,4,2,positive,card,cancelled,Germany,Hindi,28,22,193,5,False,good,3,0,recent,4,False,no
lisa.riley787@gmail.com,Male,Married,False,10,on,gold,4,13,positive,card,expired,UK,Hindi,22,16,45,6,False,good,3,9,very_old,5,True,no
angela.chapman7@gmail.com,Male,Married,False,9,on,gold,2,8,neutral,card,expired,India,English,33,3,177,10,True,good,4,9,very_old,0,False,no
chase.martinez184@gmail.com,Male,Single,False,10,on,gold,5,13,positive,card,active,Germany,Hindi,6,17,169,1,True,better,5,10,very_old,8,False,no
lawrence.ibarra140@gmail.com,Female,Single,False,8,on,premium,10,18,neutral,upi,expired,UK,Hindi,31,4,18,4,True,poor,20,6,old,8,True,yes
crystal.decker37@gmail.com,Male,Single,False,8,off,gold,6,20,positive,upi,cancelled,India,Telugu,50,15,66,6,False,poor,8,10,old,8,True,yes
joyce.malone888@gmail.com,Male,Married,True,2,off,basic,4,7,neutral,paypal,active,Germany,English,29,3,189,4,True,good,12,8,old,19,True,no
dawn.lewis144@gmail.com,Male,Single,True,5,on,premium,8,3,negative,upi,expired,Germany,Telugu,21,1,42,9,True,better,19,8,recent,8,True,yes
taylor.banks188@gmail.com,Female,Married,False,2,off,basic,10,13,neutral,card,expired,Germany,English,20,21,77,9,False,better,10,7,old,6,True,yes
james.berry652@gmail.com,Female,Single,False,8,on,premium,1,16,positive,paypal,active,India,Hindi,39,24,103,4,True,better,5,2,very_old,16,True,no
cynthia.thomas209@gmail.com,Female,Married,False,3,on,basic,6,8,negative,upi,expired,US,Telugu,7,3,168,8,False,better,6,6,recent,5,False,no
brian.coleman759@gmail.com,Male,Married,True,6,off,premium,5,14,neutral,paypal,cancelled,UK,Telugu,50,17,147,8,True,poor,19,10,old,16,True,no
lisa.sutton281@gmail.com,Female,Single,False,5,off,premium,8,18,positive,paypal,cancelled,UK,Hindi,40,10,146,3,False,good,1,6,old,2,True,no
megan.brown652@gmail.com,Male,Single,True,10,on,premium,9,4,neutral,card,cancelled,US,English,48,23,68,5,False,better,8,7,old,15,True,yes
jeffrey.hutchinson548@gmail.com,Female,Single,False,9,off,basic,1,1,negative,card,cancelled,India,Telugu,31,9,69,7,False,good,13,6,very_old,3,True,no
james.frazier978@gmail.com,Female,Married,True,8,on,gold,8,13,positive,paypal,expired,UK,Hindi,36,19,85,10,False,better,5,7,very_old,19,True,yes
chloe.green561@gmail.com,Male,Married,False,1,off,premium,9,6,neutral,card,expired,India,English,26,7,39,9,False,poor,20,9,recent,13,False,no
lawrence.collier754@gmail.com,Male,Married,True,2,on,premium,9,2,negative,upi,cancelled,India,Hindi,36,1,192,3,False,poor,10,0,very_old,15,True,yes
mary.harper147@gmail.com,Male,Single,False,3,off,premium,5,6,negative,upi,cancelled,India,Telugu,21,19,88,9,True,poor,17,5,very_old,9,True,yes
deanna.powell741@gmail.com,Male,Married,False,9,off,basic,8,18,positive,paypal,cancelled,US,Telugu,46,9,72,3,True,poor,3,1,very_old,14,False,no
jason.brown585@gmail.com,Male,Married,False,2,on,gold,2,9,positive,card,active,US,English,44,16,140,6,True,good,5,9,very_old,4,False,no
samantha.morales159@gmail.com,Male,Married,False,5,off,basic,9,12,positive,card,expired,India,English,22,2,177,2,False,good,13,3,old,9,False,yes
jimmy.washington778@gmail.com,Male,Married,False,1,off,gold,4,10,neutral,upi,expired,UK,English,39,13,80,4,False,good,16,2,old,4,True,no
rachel.johnson141@gmail.com,Female,Single,True,6,on,gold,3,12,negative,paypal,expired,Germany,Telugu,36,17,75,3,False,better,10,5,old,8,False,yes
christopher.kennedy759@gmail.com,Female,Married,False,2,off,basic,4,1,positive,paypal,expired,Germany,Hindi,27,3,31,8,True,poor,11,5,very_old,18,False,yes
diane.sweeney744@gmail.com,Male,Single,False,5,on,basic,4,13,neutral,paypal,cancelled,UK,English,14,22,151,6,True,better,14,5,recent,18,False,yes
angelica.salazar234@gmail.com,Male,Married,False,3,off,gold,6,3,neutral,upi,expired,UK,Telugu,31,8,88,5,True,better,10,8,recent,19,False,yes
christopher.blair190@gmail.com,Female,Married,True,9,off,basic,7,16,positive,card,cancelled,India,Telugu,35,2,166,5,True,good,3,10,old,9,False,no
heather.jones506@gmail.com,Male,Single,False,2,off,basic,7,19,positive,paypal,cancelled,UK,Hindi,4,15,37,8,False,better,7,2,old,20,False,yes
trevor.arellano613@gmail.com,Male,Married,True,9,off,gold,6,15,positive,upi,cancelled,India,Telugu,34,17,78,9,False,good,18,7,recent,1,True,yes
anthony.johnson29@gmail.com,Female,Married,True,5,off,gold,4,6,negative,paypal,active,Germany,Telugu,11,11,19,10,True,good,7,0,very_old,18,False,no
steven.pineda40@gmail.com,Male,Single,False,5,on,premium,3,9,neutral,card,active,US,Hindi,17,7,129,4,True,poor,10,0,recent,16,True,yes
john.alvarez728@gmail.com,Male,Single,True,1,off,premium,9,13,positive,paypal,cancelled,India,English,46,14,195,4,False,poor,9,9,recent,17,False,yes
michael.wallace660@gmail.com,Male,Married,False,10,on,gold,4,7,neutral,upi,active,India,Telugu,39,8,73,10,False,good,13,1,very_old,17,False,no
denise.howard597@gmail.com,Female,Married,True,9,off,gold,1,5,neutral,upi,expired,India,English,46,3,12,2,True,good,15,3,very_old,1,False,no
jessica.fox879@gmail.com,Male,Single,True,7,off,gold,2,11,negative,paypal,active,UK,Hindi,14,16,76,2,True,poor,17,1,old,5,True,no
jessica.gibson49@gmail.com,Male,Married,True,6,on,basic,7,2,negative,card,expired,US,Telugu,0,7,20,7,False,poor,4,2,recent,14,True,yes
brent.smith645@gmail.com,Male,Single,True,7,off,basic,10,2,neutral,upi,expired,US,English,6,9,108,7,True,good,1,1,old,4,False,yes
james.petty792@gmail.com,Female,Married,True,5,on,premium,6,0,neutral,card,expired,Germany,Hindi,31,1,186,9,True,poor,7,10,recent,8,True,yes
james.figueroa764@gmail.com,Female,Married,False,2,on,gold,6,14,negative,upi,active,Germany,Telugu,26,8,70,10,False,good,14,10,recent,3,True,no
matthew.schwartz665@gmail.com,Male,Married,True,5,on,basic,1,5,positive,paypal,expired,UK,Telugu,13,9,47,7,True,good,17,2,old,20,True,no
jason.hart500@gmail.com,Male,Married,False,5,off,gold,1,16,positive,upi,cancelled,India,Telugu,12,2,30,1,True,good,11,4,very_old,4,True,no
jeremy.oliver733@gmail.com,Female,Married,False,5,off,basic,3,17,neutral,card,cancelled,UK,English,41,0,48,7,False,good,13,0,very_old,1,False,yes
christopher.camacho516@gmail.com,Female,Single,True,2,on,gold,3,12,neutral,paypal,expired,UK,English,11,22,138,7,True,good,14,6,very_old,5,False,no
michael.vega360@gmail.com,Male,Single,False,3,on,gold,10,2,positive,card,expired,UK,Telugu,49,6,175,5,True,poor,17,5,very_old,16,True,no
cody.smith541@gmail.com,Male,Married,True,1,on,gold,7,11,negative,card,active,US,Telugu,41,15,81,3,True,good,19,2,very_old,20,False,no
timothy.griffith481@gmail.com,Male,Single,False,1,off,gold,1,19,neutral,paypal,expired,India,Hindi,3,14,150,5,False,good,8,8,old,1,True,yes
angela.cooper763@gmail.com,Male,Single,True,1,off,gold,2,5,negative,paypal,expired,Germany,Hindi,19,1,52,3,False,poor,11,1,recent,0,False,yes
stephanie.murray725@gmail.com,Female,Married,False,2,off,premium,9,5,positive,paypal,expired,UK,Hindi,27,19,38,8,False,good,6,8,very_old,13,True,no
stephanie.montgomery164@gmail.com,Female,Single,False,9,off,premium,1,4,neutral,card,active,US,English,31,1,10,2,False,poor,9,1,old,12,False,no
curtis.moore226@gmail.com,Female,Married,False,5,off,premium,9,6,positive,upi,active,UK,English,13,15,67,10,True,good,3,7,very_old,0,False,no
karen.wang441@gmail.com,Female,Single,True,5,off,basic,5,10,negative,upi,expired,Germany,Telugu,50,5,169,8,False,better,4,5,old,2,True,yes
nancy.tapia877@gmail.com,Female,Married,False,2,off,gold,4,14,neutral,upi,active,UK,Hindi,48,22,165,6,True,good,4,8,old,3,True,no
martin.hines386@gmail.com,Male,Married,True,6,off,gold,2,10,neutral,card,active,Germany,Hindi,41,0,75,1,True,poor,12,4,old,1,False,no
tiffany.briggs115@gmail.com,Male,Single,False,8,on,gold,2,13,neutral,card,active,India,Telugu,34,1,15,1,False,good,9,10,very_old,18,True,yes
scott.williams650@gmail.com,Female,Single,True,8,on,premium,10,12,neutral,upi,cancelled,US,Hindi,28,14,192,7,True,good,20,0,old,7,False,no
gregory.erickson926@gmail.com,Male,Married,True,1,on,basic,5,18,negative,paypal,active,UK,Telugu,23,17,106,7,False,good,14,10,very_old,1,True,no
glenn.taylor568@gmail.com,Female,Single,True,8,on,gold,5,5,negative,paypal,cancelled,UK,Telugu,32,16,156,7,True,good,18,1,recent,8,False,yes
michelle.ramirez741@gmail.com,Female,Single,True,5,on,basic,4,0,positive,card,active,US,Telugu,5,14,119,7,True,poor,1,4,very_old,14,False,no
dana.carr174@gmail.com,Male,Single,True,8,off,gold,3,11,neutral,paypal,cancelled,UK,Hindi,21,5,170,9,True,poor,17,1,recent,4,True,yes
russell.carpenter670@gmail.com,Female,Single,False,7,off,basic,3,1,neutral,card,cancelled,India,Hindi,28,11,184,4,True,good,4,1,very_old,3,True,yes
latoya.bennett532@gmail.com,Female,Single,True,6,on,gold,5,13,negative,card,active,India,English,16,14,187,5,True,good,19,3,recent,20,True,yes
michael.bell517@gmail.com,Male,Married,False,7,off,premium,8,9,positive,upi,active,India,Telugu,22,6,79,6,False,good,13,4,old,5,True,no
renee.smith147@gmail.com,Male,Married,True,4,on,basic,5,1,negative,card,expired,UK,English,41,8,113,2,True,poor,10,3,very_old,12,False,yes
katie.burke659@gmail.com,Male,Single,False,5,on,premium,1,5,positive,upi,active,Germany,English,29,3,192,8,True,poor,9,7,old,15,True,no
lauren.marshall833@gmail.com,Male,Married,False,5,on,basic,5,19,neutral,paypal,active,UK,Hindi,15,19,170,2,False,good,11,4,recent,2,True,no
michelle.huang473@gmail.com,Male,Married,False,1,on,basic,7,8,neutral,card,active,US,Hindi,38,23,96,3,False,better,12,2,recent,5,True,no
jennifer.johnson75@gmail.com,Male,Married,True,2,off,basic,10,11,positive,paypal,cancelled,US,Telugu,25,5,165,4,False,poor,5,9,old,8,False,no
jeff.mosley143@gmail.com,Female,Married,False,10,off,premium,6,15,neutral,card,expired,US,Hindi,23,4,151,6,False,poor,15,1,old,0,False,no
kristi.owen628@gmail.com,Male,Single,True,9,off,premium,5,0,negative,card,cancelled,India,English,36,24,82,5,True,poor,3,10,old,8,False,yes
renee.long939@gmail.com,Female,Married,True,8,off,gold,9,18,negative,upi,cancelled,UK,English,23,17,131,7,True,better,11,7,very_old,14,False,yes
jeremy.wilson368@gmail.com,Female,Married,True,6,on,gold,4,4,negative,paypal,cancelled,Germany,Hindi,49,14,10,6,True,better,20,6,very_old,20,True,yes
gail.compton233@gmail.com,Male,Married,True,7,off,premium,9,14,negative,card,cancelled,India,Hindi,24,13,20,4,True,good,3,6,very_old,14,True,yes
nicholas.ruiz674@gmail.com,Male,Single,True,10,off,premium,1,3,neutral,paypal,expired,UK,Hindi,25,3,131,10,True,good,13,10,very_old,0,True,no
karl.williams587@gmail.com,Female,Married,True,5,on,basic,4,7,negative,upi,expired,Germany,Telugu,6,14,24,3,False,poor,17,2,very_old,14,False,yes
emily.johnson639@gmail.com,Male,Married,True,5,on,gold,8,20,neutral,upi,active,India,English,40,6,173,10,False,poor,14,5,recent,13,False,yes
michael.daniels535@gmail.com,Female,Single,True,2,off,basic,10,0,negative,upi,cancelled,India,Telugu,44,8,195,5,True,better,9,3,old,2,False,yes
jacqueline.cherry793@gmail.com,Female,Married,True,8,on,basic,5,4,positive,card,expired,India,Hindi,30,11,42,4,True,better,12,2,recent,0,False,no
mary.smith280@gmail.com,Female,Married,True,1,off,basic,9,12,neutral,card,cancelled,Germany,Hindi,8,5,62,3,False,good,13,2,old,15,True,no
katie.kramer222@gmail.com,Male,Single,False,6,off,basic,7,17,negative,upi,active,India,Telugu,33,15,115,8,False,better,8,4,recent,3,True,no
cynthia.henson325@gmail.com,Female,Married,False,8,off,basic,4,2,negative,card,cancelled,US,English,9,23,92,7,True,poor,18,10,very_old,0,True,no
michael.williams682@gmail.com,Female,Single,False,5,off,basic,5,13,neutral,card,expired,US,Telugu,43,2,115,8,True,poor,12,7,very_old,0,False,yes
mark.davis254@gmail.com,Male,Married,True,5,off,basic,1,8,negative,paypal,expired,UK,English,44,24,49,10,False,good,11,5,recent,7,True,yes
adriana.gutierrez281@gmail.com,Male,Married,False,8,on,premium,7,11,positive,upi,expired,US,Hindi,36,15,141,1,False,good,16,6,recent,11,True,no
david.barnes760@gmail.com,Male,Single,False,1,off,premium,1,18,neutral,card,active,India,Hindi,49,9,131,1,False,better,6,6,very_old,14,False,yes
deborah.smith487@gmail.com,Female,Single,False,5,on,gold,2,20,neutral,paypal,active,UK,Telugu,16,17,18,10,True,poor,10,7,recent,15,False,no
miranda.davidson950@gmail.com,Female,Married,True,8,off,premium,4,11,negative,card,expired,UK,Hindi,23,6,127,6,False,good,14,0,very_old,6,True,yes
peter.snow855@gmail.com,Female,Single,True,5,on,basic,10,9,positive,upi,cancelled,US,Hindi,4,15,76,1,False,better,13,8,old,1,False,no
kari.ward680@gmail.com,Female,Married,False,6,off,premium,1,3,negative,upi,active,India,English,45,23,21,8,False,good,7,8,recent,7,False,no
nathan.sullivan578@gmail.com,Male,Single,True,6,off,premium,7,18,negative,paypal,cancelled,US,Hindi,50,15,49,3,False,better,19,4,old,9,False,yes
samantha.hooper546@gmail.com,Male,Single,False,9,off,basic,6,1,positive,upi,cancelled,US,English,49,16,104,2,False,good,16,0,very_old,14,False,yes
justin.warner518@gmail.com,Female,Married,True,7,on,gold,8,1,neutral,upi,active,US,Hindi,35,9,126,10,False,poor,15,8,very_old,19,False,no
johnny.jones683@gmail.com,Female,Married,False,10,on,basic,3,9,positive,card,cancelled,UK,Hindi,34,9,25,1,True,good,8,10,old,12,False,no
mike.salazar730@gmail.com,Female,Married,True,2,on,premium,9,15,negative,paypal,expired,US,Hindi,3,15,156,9,False,good,14,7,recent,10,True,no
joel.jones614@gmail.com,Female,Single,True,9,on,basic,10,10,neutral,upi,expired,Germany,Telugu,26,11,69,8,False,better,13,5,old,11,True,no
shelley.jacobson866@gmail.com,Female,Single,True,2,on,gold,5,11,positive,paypal,cancelled,Germany,Hindi,10,1,132,8,False,good,18,8,recent,16,False,yes
jonathan.smith223@gmail.com,Female,Single,False,10,off,gold,6,4,neutral,upi,expired,Germany,English,21,8,163,5,True,poor,8,7,old,3,True,no
kristen.jones793@gmail.com,Male,Married,True,7,on,basic,6,0,neutral,card,active,UK,English,35,13,190,4,False,better,16,7,very_old,13,False,yes
william.harrison507@gmail.com,Male,Married,True,8,on,gold,4,20,negative,card,expired,India,Hindi,11,12,38,8,True,good,10,1,old,6,False,yes
katherine.harvey61@gmail.com,Female,Single,False,8,on,gold,6,14,neutral,card,active,Germany,English,13,2,181,5,False,good,19,7,recent,9,False,no
justin.smith212@gmail.com,Male,Married,True,3,on,premium,2,12,positive,paypal,active,India,English,6,12,136,8,True,good,6,7,old,4,False,no
catherine.morales46@gmail.com,Male,Married,True,8,on,basic,6,10,neutral,paypal,expired,India,English,11,13,82,8,True,poor,5,10,very_old,6,False,no
joshua.bates329@gmail.com,Female,Married,False,4,off,basic,10,7,positive,upi,expired,UK,English,11,20,148,7,False,better,5,2,old,9,False,no
erica.padilla261@gmail.com,Male,Married,False,5,on,basic,5,13,positive,paypal,cancelled,Germany,Hindi,41,8,134,9,False,better,20,6,old,1,False,no
tammy.hoffman494@gmail.com,Male,Married,False,7,off,gold,4,16,neutral,upi,cancelled,UK,English,32,2,15,1,True,better,20,5,recent,5,True,yes
gerald.joyce995@gmail.com,Female,Married,True,9,on,gold,9,12,neutral,card,active,US,Hindi,19,5,198,9,False,poor,20,0,old,20,True,no
timothy.garza662@gmail.com,Female,Married,True,7,off,basic,7,15,positive,card,cancelled,UK,English,40,5,179,6,True,poor,10,1,recent,10,True,no
richard.long225@gmail.com,Male,Married,False,1,off,premium,6,14,negative,upi,active,US,Hindi,4,23,193,5,True,good,1,7,very_old,14,False,no
wendy.dawson95@gmail.com,Female,Single,False,1,on,premium,3,10,negative,paypal,cancelled,India,Telugu,34,21,195,6,False,good,12,5,old,12,False,yes
lisa.mccarthy304@gmail.com,Female,Single,True,8,on,gold,8,13,neutral,card,cancelled,India,English,35,13,165,8,False,good,15,8,very_old,8,True,no
joshua.medina172@gmail.com,Male,Married,False,6,off,basic,1,4,neutral,paypal,cancelled,India,English,28,1,159,2,False,better,13,5,old,6,False,no
john.oliver799@gmail.com,Male,Single,True,8,on,premium,2,14,neutral,card,cancelled,UK,Telugu,33,19,133,4,False,better,8,3,recent,14,True,yes
timothy.phillips942@gmail.com,Female,Married,True,2,on,gold,2,1,positive,paypal,active,UK,English,21,21,133,9,True,good,8,5,old,15,False,no
edward.hernandez306@gmail.com,Male,Single,True,1,on,gold,2,16,neutral,upi,active,UK,Hindi,43,7,155,5,True,good,16,6,old,9,False,yes
nicole.thompson302@gmail.com,Female,Single,False,7,on,premium,5,13,negative,card,active,US,Hindi,7,18,73,2,False,good,7,6,very_old,15,True,no
walter.davis372@gmail.com,Female,Married,False,10,off,premium,9,11,positive,upi,active,India,Telugu,7,0,143,6,True,better,17,10,old,11,False,no
kevin.johnson332@gmail.com,Female,Married,True,9,on,gold,9,16,positive,card,active,US,English,28,25,102,5,False,good,16,1,very_old,1,False,no
brian.brown849@gmail.com,Female,Single,False,7,off,premium,5,15,positive,card,cancelled,India,Telugu,43,21,124,2,False,good,19,8,recent,9,False,yes
brandi.melton867@gmail.com,Female,Married,False,6,on,premium,5,18,neutral,paypal,active,US,Hindi,21,16,78,10,False,poor,3,0,old,17,False,no
kathryn.ramos946@gmail.com,Male,Married,False,4,off,basic,5,0,negative,upi,expired,US,Hindi,14,3,108,5,False,poor,5,1,very_old,10,False,no
richard.stewart398@gmail.com,Female,Married,False,5,on,basic,7,14,neutral,upi,cancelled,Germany,English,13,18,195,4,False,good,9,5,very_old,19,False,no
paul.sanders333@gmail.com,Female,Married,True,4,off,premium,5,2,neutral,upi,active,Germany,English,41,11,191,3,False,better,13,4,recent,3,False,no
erin.bender885@gmail.com,Female,Married,False,5,off,premium,2,8,positive,upi,cancelled,UK,Hindi,27,10,119,10,True,poor,19,8,recent,20,True,yes
jackson.savage641@gmail.com,Female,Single,True,4,off,gold,10,17,negative,paypal,expired,UK,English,15,13,43,1,False,good,13,2,very_old,1,False,no
theresa.cochran902@gmail.com,Male,Married,True,3,on,basic,9,12,positive,card,cancelled,UK,Hindi,30,2,85,8,True,good,12,10,recent,13,False,no
lindsey.james798@gmail.com,Female,Married,True,2,on,gold,2,8,positive,card,expired,US,Telugu,23,23,200,2,False,good,5,6,recent,10,False,no
kenneth.griffin734@gmail.com,Female,Married,True,7,off,gold,9,16,positive,card,cancelled,India,Hindi,4,19,170,7,False,poor,5,0,recent,7,True,yes
kenneth.gonzalez964@gmail.com,Female,Single,True,7,on,basic,4,19,negative,card,expired,India,Hindi,33,5,142,8,False,poor,4,4,recent,3,False,no
shawn.palmer467@gmail.com,Male,Married,True,5,off,gold,1,18,neutral,paypal,expired,US,Telugu,43,6,137,1,False,poor,17,2,very_old,0,False,yes
madison.morse449@gmail.com,Male,Married,True,5,on,premium,3,18,negative,upi,expired,US,Telugu,15,2,18,4,False,poor,19,9,very_old,19,True,yes
karen.norman176@gmail.com,Male,Single,True,7,on,gold,6,16,positive,upi,expired,India,English,22,18,189,5,True,better,14,2,old,12,False,yes
charles.mendoza452@gmail.com,Male,Married,True,6,on,basic,7,12,negative,paypal,expired,India,Telugu,47,25,197,8,True,good,9,8,old,15,True,yes
christina.edwards837@gmail.com,Male,Married,True,8,off,basic,9,19,positive,paypal,active,UK,Telugu,1,20,105,10,True,poor,17,9,old,8,True,no
marisa.davies895@gmail.com,Male,Married,False,8,on,premium,9,14,positive,card,active,UK,English,37,0,84,8,True,better,19,10,old,16,True,no
peter.jensen402@gmail.com,Male,Married,True,6,off,basic,9,3,negative,paypal,expired,US,Hindi,38,3,93,9,False,good,12,7,recent,10,False,yes
robert.reid862@gmail.com,Female,Single,False,1,off,gold,2,19,positive,card,expired,India,Hindi,21,21,164,5,False,better,11,3,old,14,False,no
thomas.wolfe189@gmail.com,Male,Married,False,1,on,basic,9,1,neutral,paypal,active,US,Hindi,5,0,62,4,True,better,20,10,very_old,16,False,no
ashley.vargas9@gmail.com,Female,Single,True,2,on,basic,10,6,neutral,card,expired,UK,Hindi,14,12,168,8,False,good,10,1,old,18,True,yes
ashley.young306@gmail.com,Male,Married,False,8,off,basic,8,0,positive,paypal,active,UK,Hindi,48,5,55,4,True,better,1,2,very_old,11,False,yes
christine.flores64@gmail.com,Male,Single,True,7,on,premium,10,10,neutral,card,expired,US,Hindi,24,6,83,2,True,poor,10,3,old,17,False,yes
sean.martinez997@gmail.com,Female,Single,True,3,off,basic,7,16,neutral,card,cancelled,India,Telugu,47,21,75,10,False,poor,10,5,recent,8,True,no
john.rodriguez117@gmail.com,Female,Married,False,8,off,premium,5,14,neutral,upi,cancelled,US,Telugu,36,18,20,1,False,poor,1,8,old,9,False,yes
michael.carter967@gmail.com,Male,Single,True,9,off,gold,9,8,negative,paypal,active,Germany,Telugu,49,25,89,5,False,poor,3,7,recent,3,False,no
samantha.moore473@gmail.com,Female,Married,False,1,on,basic,9,17,negative,paypal,expired,UK,Telugu,13,22,163,7,True,poor,4,9,very_old,20,True,yes
leroy.holden168@gmail.com,Male,Single,False,3,on,gold,5,11,neutral,upi,expired,UK,Telugu,38,11,157,9,False,poor,8,6,old,3,False,yes
david.hill204@gmail.com,Male,Single,False,6,on,premium,5,1,negative,paypal,cancelled,US,Hindi,42,1,21,6,True,good,13,9,old,2,False,yes
brenda.green548@gmail.com,Male,Single,True,3,on,gold,7,0,positive,upi,cancelled,Germany,English,49,12,195,6,False,poor,4,4,recent,10,True,yes
nicholas.payne103@gmail.com,Male,Single,True,10,on,gold,9,19,neutral,paypal,cancelled,US,English,16,10,76,3,False,better,10,2,recent,12,False,no
haley.montgomery443@gmail.com,Female,Married,False,4,off,premium,2,0,positive,upi,cancelled,UK,Telugu,50,22,20,8,True,better,18,7,very_old,17,False,yes
brittney.stone455@gmail.com,Female,Married,False,10,on,gold,5,3,neutral,upi,cancelled,Germany,Hindi,22,13,120,2,False,good,3,3,old,7,True,yes
david.rhodes388@gmail.com,Female,Married,False,8,off,gold,7,2,neutral,upi,cancelled,US,Hindi,21,4,92,6,True,better,19,10,old,3,True,no
rachel.peterson771@gmail.com,Male,Single,False,8,on,basic,3,9,positive,paypal,expired,US,English,39,5,146,7,False,good,12,4,old,18,False,yes
melanie.landry684@gmail.com,Male,Married,False,9,off,premium,3,8,neutral,card,expired,US,Hindi,3,11,20,8,True,good,9,0,recent,18,False,yes
brandy.robles742@gmail.com,Female,Single,False,7,off,premium,9,17,positive,paypal,expired,UK,Telugu,9,12,21,4,False,poor,17,6,recent,0,True,no
alexis.clark147@gmail.com,Female,Married,True,9,on,premium,8,14,positive,paypal,expired,UK,Hindi,18,10,42,2,False,poor,14,9,very_old,18,False,yes
jason.kennedy922@gmail.com,Male,Married,False,2,on,premium,1,14,positive,paypal,expired,India,Telugu,13,17,96,5,False,good,13,4,recent,12,True,no
richard.young222@gmail.com,Male,Married,True,3,on,premium,10,1,positive,paypal,active,India,Hindi,20,21,80,4,False,good,6,7,old,10,True,no
charles.hall270@gmail.com,Male,Married,False,4,on,basic,4,15,negative,paypal,cancelled,UK,English,36,4,174,4,False,poor,15,1,very_old,13,False,yes
daniel.rodriguez625@gmail.com,Female,Married,True,9,off,gold,4,1,negative,paypal,expired,India,Hindi,11,6,120,5,False,good,14,7,recent,3,False,yes
kyle.cross984@gmail.com,Male,Single,True,2,off,basic,9,1,positive,card,expired,Germany,Hindi,40,1,84,7,False,better,20,2,recent,12,False,yes
kevin.parker418@gmail.com,Female,Married,False,9,on,premium,9,8,positive,upi,cancelled,US,Hindi,48,15,114,7,False,poor,8,4,recent,11,True,yes
joanne.salinas632@gmail.com,Female,Single,True,2,on,basic,8,12,positive,card,active,UK,Hindi,16,10,122,6,False,good,2,3,recent,13,True,no
brian.watson463@gmail.com,Female,Married,False,10,on,gold,10,17,negative,upi,expired,UK,English,17,0,65,1,False,good,15,10,old,5,True,yes
marissa.price788@gmail.com,Female,Single,True,4,on,gold,9,17,neutral,upi,expired,US,English,19,3,180,2,True,good,15,5,recent,18,False,yes
denise.bennett708@gmail.com,Male,Married,False,3,on,gold,5,14,neutral,paypal,expired,Germany,Hindi,20,0,132,2,True,good,20,6,old,19,False,no
robert.castro404@gmail.com,Female,Married,False,4,on,basic,4,11,positive,card,cancelled,US,Hindi,8,14,85,8,True,poor,19,3,old,2,False,no
yesenia.goodwin757@gmail.com,Male,Married,False,9,off,gold,4,12,negative,paypal,cancelled,US,Hindi,8,2,148,1,True,good,16,2,very_old,1,True,yes
christina.turner248@gmail.com,Male,Single,True,7,off,gold,2,12,negative,card,expired,US,Telugu,37,24,162,1,True,better,3,2,recent,20,True,yes
michael.jones454@gmail.com,Male,Married,False,4,off,gold,9,1,negative,paypal,active,US,Telugu,38,16,87,9,False,better,8,1,recent,18,True,no
thomas.gutierrez861@gmail.com,Male,Married,True,4,off,basic,2,13,neutral,card,active,Germany,English,13,5,21,1,True,poor,1,2,very_old,13,True,no
katie.stephenson16@gmail.com,Male,Single,True,2,off,gold,10,0,negative,paypal,active,India,English,8,2,80,8,True,better,16,9,recent,14,True,no
robert.conley279@gmail.com,Male,Married,True,9,on,basic,7,19,neutral,card,cancelled,India,Telugu,50,5,58,6,True,better,16,4,recent,19,True,yes
ruben.wood911@gmail.com,Female,Single,True,7,on,premium,2,9,neutral,paypal,expired,UK,Hindi,15,12,57,4,False,good,11,10,very_old,6,False,yes
victoria.sanders208@gmail.com,Male,Married,True,8,off,premium,6,11,negative,upi,active,UK,Telugu,31,19,150,1,True,good,4,10,old,1,True,yes
michael.brown228@gmail.com,Male,Single,False,2,on,basic,10,20,positive,upi,cancelled,UK,Telugu,1,11,22,2,False,better,19,3,very_old,5,False,yes
kathy.macias513@gmail.com,Female,Single,True,7,on,basic,8,5,positive,upi,active,UK,Telugu,31,6,135,7,True,poor,16,8,old,3,False,no
misty.johnson165@gmail.com,Male,Married,True,4,on,gold,10,18,negative,paypal,expired,US,Telugu,29,2,53,2,False,good,4,10,old,3,True,no
kimberly.oconnor559@gmail.com,Female,Single,True,1,off,gold,9,6,negative,upi,active,US,English,32,16,10,5,True,poor,1,3,recent,13,False,yes
jamie.pearson525@gmail.com,Male,Married,True,7,on,premium,3,19,neutral,paypal,cancelled,UK,Telugu,1,25,42,3,True,good,2,4,very_old,10,False,no
jonathan.nichols49@gmail.com,Female,Single,False,6,on,basic,3,19,positive,paypal,cancelled,India,Telugu,30,0,12,2,False,good,13,7,very_old,8,False,yes
emily.wright763@gmail.com,Male,Married,False,3,off,premium,6,5,positive,card,expired,India,English,32,11,111,4,True,good,7,7,old,5,True,no
colton.collins659@gmail.com,Female,Married,True,7,on,gold,10,2,positive,card,expired,India,Telugu,7,16,60,4,False,good,15,4,very_old,12,True,no
christy.leonard570@gmail.com,Male,Single,False,2,off,basic,4,12,negative,upi,expired,UK,Hindi,14,3,158,5,True,good,19,9,recent,0,True,yes
carol.jackson330@gmail.com,Female,Single,False,5,off,basic,10,6,negative,card,expired,US,Telugu,16,4,33,8,True,poor,10,10,recent,1,False,yes
christine.hart102@gmail.com,Female,Single,False,3,off,premium,4,20,positive,upi,active,India,Telugu,22,22,185,2,True,better,19,4,old,5,False,no
teresa.barker249@gmail.com,Female,Single,True,10,on,gold,6,19,neutral,card,active,Germany,Telugu,50,1,137,8,False,better,17,9,recent,13,False,no
ryan.montoya73@gmail.com,Female,Married,True,8,on,premium,5,8,positive,card,active,India,Hindi,1,5,81,7,True,poor,9,10,recent,7,True,no
karen.shaw19@gmail.com,Male,Single,True,6,on,premium,1,19,neutral,paypal,cancelled,US,English,30,20,38,3,False,better,10,9,recent,6,True,no
luis.wilson713@gmail.com,Male,Single,False,3,on,basic,7,12,neutral,card,active,Germany,Telugu,36,19,13,3,True,good,13,1,recent,8,True,no
nicholas.jones813@gmail.com,Male,Married,False,9,off,premium,8,11,neutral,upi,active,India,English,34,17,167,5,False,good,3,0,very_old,0,False,no
suzanne.garcia369@gmail.com,Male,Single,True,10,on,premium,2,10,neutral,paypal,cancelled,UK,English,48,1,195,3,True,good,10,5,recent,14,True,no
donald.castillo164@gmail.com,Female,Single,True,1,on,basic,3,20,neutral,paypal,expired,Germany,English,13,14,117,2,False,better,9,2,recent,14,True,yes
chad.butler266@gmail.com,Male,Married,True,4,on,gold,2,12,neutral,card,expired,Germany,Telugu,38,15,56,9,True,better,20,8,very_old,11,True,yes
kevin.robbins239@gmail.com,Female,Single,False,1,off,basic,3,14,negative,upi,expired,UK,Telugu,25,11,157,3,True,poor,12,5,recent,2,True,no
dominic.thornton459@gmail.com,Female,Married,True,6,on,basic,2,6,neutral,paypal,active,US,Telugu,47,1,197,10,True,better,12,3,old,12,True,no
theresa.jones538@gmail.com,Female,Single,True,5,off,basic,5,8,positive,upi,expired,UK,English,22,2,34,3,False,better,18,2,very_old,7,True,yes
steven.davis477@gmail.com,Female,Married,False,8,off,premium,9,10,neutral,paypal,cancelled,UK,Hindi,27,21,112,1,True,good,4,8,very_old,16,False,yes
juan.hernandez161@gmail.com,Male,Married,False,9,on,basic,2,4,negative,upi,expired,Germany,Telugu,26,15,39,8,True,good,1,5,recent,3,False,yes
taylor.conley376@gmail.com,Male,Married,False,2,on,basic,6,17,positive,paypal,cancelled,Germany,Hindi,3,25,168,1,True,good,12,10,recent,12,True,no
lawrence.patterson414@gmail.com,Male,Single,False,1,on,gold,4,8,neutral,upi,active,India,English,4,21,107,5,True,poor,12,9,very_old,1,True,no
rebecca.griffin162@gmail.com,Female,Single,False,5,on,basic,3,18,positive,paypal,active,US,Telugu,42,21,135,5,False,poor,3,7,old,12,False,no
isaiah.reese572@gmail.com,Female,Married,True,5,on,basic,7,2,neutral,upi,expired,India,English,50,11,33,3,False,poor,7,10,very_old,10,False,yes
joseph.moore117@gmail.com,Male,Married,False,1,off,premium,4,16,negative,card,active,India,Telugu,23,3,127,4,False,good,6,5,very_old,0,True,no
kenneth.marks314@gmail.com,Male,Married,False,7,off,basic,7,19,negative,upi,active,US,Telugu,28,5,15,10,True,good,17,6,very_old,11,False,no
joseph.young442@gmail.com,Male,Married,True,1,on,premium,4,8,neutral,card,active,US,English,11,18,157,8,True,better,19,4,recent,12,False,no
aimee.sherman658@gmail.com,Male,Married,False,3,off,basic,8,9,positive,upi,expired,UK,Telugu,7,8,185,9,True,good,3,0,old,15,True,yes
allen.lopez317@gmail.com,Female,Single,True,10,off,gold,5,12,negative,upi,cancelled,US,Hindi,10,25,91,10,True,better,7,7,recent,1,False,no
aaron.pace694@gmail.com,Female,Married,False,2,off,premium,1,13,negative,upi,expired,Germany,Telugu,1,10,71,9,True,good,2,8,old,1,False,yes
travis.johnson75@gmail.com,Female,Single,False,8,off,basic,9,16,positive,paypal,expired,Germany,English,3,5,124,6,True,better,9,8,very_old,8,True,no
jonathan.hill36@gmail.com,Male,Married,True,10,off,premium,7,8,neutral,upi,expired,India,Telugu,39,16,22,8,False,good,1,4,recent,14,True,yes
adam.zimmerman789@gmail.com,Male,Single,False,5,off,premium,9,1,negative,paypal,active,UK,Telugu,7,9,152,6,True,good,5,10,recent,1,False,no
taylor.moore194@gmail.com,Female,Married,True,9,on,premium,10,5,negative,paypal,active,US,Hindi,46,10,111,2,True,good,12,10,old,19,False,no
wendy.allen398@gmail.com,Male,Single,False,3,off,premium,6,16,neutral,upi,cancelled,US,Hindi,32,14,121,8,True,good,10,8,old,5,False,yes
walter.mills387@gmail.com,Female,Married,False,4,on,premium,10,11,positive,paypal,cancelled,India,English,16,13,86,8,True,better,20,4,very_old,18,False,no
brian.knight253@gmail.com,Male,Married,False,2,off,premium,5,8,positive,paypal,cancelled,US,English,30,8,61,2,False,poor,16,10,old,17,False,yes
karen.newman521@gmail.com,Female,Married,False,10,on,basic,8,13,neutral,card,active,Germany,Telugu,48,8,122,3,False,good,14,8,recent,11,False,no
joshua.lloyd447@gmail.com,Male,Married,True,7,on,basic,6,11,neutral,card,active,India,Telugu,11,23,49,8,True,poor,19,7,very_old,14,False,no
michael.wilson84@gmail.com,Male,Single,False,3,on,gold,7,2,positive,upi,cancelled,India,English,17,6,116,9,False,good,3,8,old,11,False,no
stephen.ochoa180@gmail.com,Male,Married,True,2,off,basic,1,10,negative,card,active,India,Hindi,25,3,118,7,False,poor,18,3,very_old,9,True,yes
amanda.beltran773@gmail.com,Male,Married,False,7,on,gold,6,18,neutral,card,cancelled,India,Hindi,39,20,63,2,False,good,15,1,recent,10,False,no
george.weber923@gmail.com,Female,Married,True,10,on,basic,8,2,neutral,card,expired,UK,English,17,19,175,7,True,good,16,7,recent,8,False,yes
alexis.chen926@gmail.com,Male,Single,False,9,on,premium,1,6,negative,card,expired,India,Telugu,40,19,148,6,True,poor,15,4,recent,4,False,yes
debra.anderson608@gmail.com,Female,Married,False,2,off,premium,7,13,neutral,upi,cancelled,Germany,Telugu,9,14,61,9,True,better,4,0,old,8,True,yes
sheena.greene811@gmail.com,Female,Married,False,4,on,gold,3,11,negative,card,cancelled,UK,English,9,11,53,6,True,better,20,8,old,12,False,yes
christine.kelley997@gmail.com,Female,Single,True,6,on,basic,3,17,positive,paypal,active,Germany,Telugu,48,2,76,8,True,poor,1,2,recent,17,False,yes
samuel.mitchell483@gmail.com,Female,Single,False,2,on,premium,6,11,neutral,paypal,expired,Germany,Telugu,49,20,152,3,False,poor,2,7,recent,8,False,yes
joshua.evans964@gmail.com,Female,Single,True,2,off,basic,1,3,neutral,upi,expired,India,English,38,4,73,9,True,better,6,4,very_old,11,True,yes
michael.ware679@gmail.com,Male,Single,True,4,off,premium,7,11,neutral,card,active,US,Hindi,42,14,184,1,True,poor,7,1,very_old,1,True,no
alexandria.bishop372@gmail.com,Female,Married,True,10,on,gold,8,0,neutral,upi,expired,US,Hindi,26,24,22,5,False,poor,7,8,recent,0,False,yes
regina.graves573@gmail.com,Male,Single,False,5,on,basic,6,2,negative,upi,cancelled,India,Telugu,44,7,31,2,True,good,16,4,very_old,0,True,yes
jacob.myers661@gmail.com,Male,Married,True,3,off,premium,1,0,negative,upi,expired,UK,Telugu,36,16,58,6,False,good,13,10,recent,17,False,yes
chelsea.murray430@gmail.com,Male,Married,False,7,off,gold,3,1,positive,paypal,cancelled,US,Telugu,44,20,73,4,False,poor,3,2,recent,2,False,yes
nancy.chapman826@gmail.com,Male,Married,True,8,on,gold,10,10,neutral,upi,expired,India,English,30,8,188,9,False,better,15,0,old,14,True,yes
susan.sanders732@gmail.com,Male,Single,True,5,off,premium,4,13,negative,paypal,cancelled,Germany,Hindi,27,17,150,10,False,good,15,3,old,14,True,yes
april.cox203@gmail.com,Female,Married,False,2,off,premium,10,6,negative,paypal,active,US,English,48,7,78,3,False,poor,7,5,very_old,10,False,yes
heidi.mann164@gmail.com,Female,Married,False,2,on,basic,7,5,neutral,card,expired,US,English,37,5,143,10,False,good,2,5,recent,4,True,no
victor.stewart811@gmail.com,Male,Married,True,9,on,gold,6,6,positive,card,cancelled,Germany,Hindi,39,20,101,9,False,good,14,5,recent,8,True,yes
angela.edwards627@gmail.com,Female,Married,False,6,on,basic,9,9,positive,upi,expired,UK,Telugu,5,18,58,4,True,better,4,10,old,20,True,no
robert.jones786@gmail.com,Female,Married,False,3,on,premium,4,20,negative,card,active,India,Telugu,18,23,149,3,True,good,16,0,recent,2,True,no
ricky.potter428@gmail.com,Male,Single,False,2,off,gold,4,3,neutral,paypal,expired,US,Telugu,12,8,64,7,False,better,16,8,very_old,18,False,yes
melissa.garcia667@gmail.com,Male,Married,False,8,on,gold,4,12,neutral,upi,expired,UK,Hindi,43,5,150,3,True,better,1,5,very_old,17,False,yes
chelsea.strickland851@gmail.com,Male,Single,True,2,off,basic,7,8,positive,card,active,Germany,English,48,24,75,3,True,good,3,9,recent,3,False,no
james.chase403@gmail.com,Female,Married,True,3,on,premium,9,0,neutral,card,active,India,Telugu,5,5,114,10,False,good,12,10,recent,5,False,no
daniel.taylor780@gmail.com,Female,Single,True,8,on,gold,7,13,positive,card,active,UK,Telugu,42,7,154,2,True,better,19,2,recent,16,False,no
desiree.stafford427@gmail.com,Female,Single,True,7,off,premium,6,17,positive,card,expired,India,Telugu,29,14,148,10,True,poor,14,4,very_old,16,True,yes
brian.schneider160@gmail.com,Male,Single,True,3,off,basic,10,13,positive,card,active,Germany,Hindi,30,5,158,4,False,good,7,3,old,20,True,yes
kelsey.sawyer415@gmail.com,Male,Single,True,9,off,gold,7,5,negative,upi,expired,UK,English,35,3,102,8,False,better,6,7,old,5,False,yes
kristen.dixon715@gmail.com,Female,Married,False,2,off,gold,6,16,negative,upi,active,Germany,Telugu,43,18,24,6,False,better,16,2,recent,18,True,yes
samuel.smith92@gmail.com,Female,Single,True,7,off,basic,5,15,positive,card,cancelled,India,English,4,25,33,3,False,good,6,10,very_old,3,False,no
tyler.phillips928@gmail.com,Female,Married,False,9,on,gold,2,3,positive,upi,expired,India,Telugu,6,1,58,4,False,poor,15,7,recent,5,True,no
lauren.estes773@gmail.com,Female,Single,False,5,on,premium,2,10,neutral,card,expired,UK,English,35,21,83,2,False,better,16,6,recent,6,False,yes
jessica.skinner265@gmail.com,Male,Married,False,4,on,gold,5,17,positive,paypal,active,India,Telugu,39,15,81,5,True,good,8,1,recent,8,True,no
john.hurst304@gmail.com,Female,Married,False,2,on,basic,3,9,neutral,upi,expired,UK,Hindi,22,13,45,10,True,better,7,6,very_old,12,False,no
stephanie.moore305@gmail.com,Male,Single,False,3,off,basic,9,11,positive,paypal,active,UK,English,24,8,109,1,False,good,3,0,very_old,16,False,no
pamela.moon646@gmail.com,Male,Single,False,6,off,premium,1,4,neutral,paypal,active,Germany,English,46,5,200,8,True,better,20,7,recent,3,False,no
jerry.cruz197@gmail.com,Female,Single,True,7,on,premium,7,6,negative,upi,expired,US,Hindi,4,4,159,3,True,better,13,1,recent,2,True,no
garrett.phillips941@gmail.com,Male,Married,False,9,off,basic,4,19,negative,card,expired,India,Hindi,43,22,127,8,True,poor,8,10,old,1,True,yes
geoffrey.garcia357@gmail.com,Female,Single,True,8,off,premium,4,2,neutral,paypal,cancelled,Germany,Hindi,45,24,17,9,True,good,17,6,old,5,False,yes
sean.reynolds269@gmail.com,Female,Single,False,2,on,premium,4,15,neutral,upi,cancelled,UK,English,36,18,58,5,True,better,13,7,very_old,9,True,yes
donna.meyer504@gmail.com,Male,Single,False,5,off,gold,3,10,neutral,card,cancelled,US,Hindi,13,23,97,8,False,good,7,4,recent,9,False,no
laura.martinez352@gmail.com,Male,Single,True,2,off,premium,9,16,negative,paypal,expired,India,Hindi,47,14,122,2,True,better,15,9,recent,14,False,yes
kathy.clark221@gmail.com,Female,Single,False,9,off,premium,4,5,positive,card,active,US,English,37,17,55,6,True,poor,16,8,very_old,11,True,no
tammy.rosario108@gmail.com,Male,Married,True,6,off,premium,1,12,negative,card,active,US,Hindi,15,7,35,4,True,good,2,3,very_old,8,False,no
billy.lynch565@gmail.com,Female,Single,True,9,off,gold,2,10,neutral,paypal,active,UK,Telugu,45,13,130,2,True,good,16,8,very_old,11,True,no
katherine.garrett778@gmail.com,Female,Married,False,2,on,gold,4,13,positive,paypal,active,Germany,Telugu,26,5,15,1,False,better,19,4,very_old,18,False,yes
sabrina.henry125@gmail.com,Female,Single,False,3,off,basic,4,6,positive,upi,cancelled,Germany,Telugu,13,1,17,2,True,better,19,7,recent,7,True,no
luis.alexander120@gmail.com,Female,Married,False,1,off,basic,1,12,neutral,card,expired,US,English,13,1,27,1,True,poor,11,5,very_old,2,False,no
daniel.ferguson5@gmail.com,Female,Married,False,9,off,gold,3,4,positive,upi,cancelled,US,English,1,13,27,10,True,good,15,1,very_old,17,True,no
pamela.leon123@gmail.com,Male,Married,False,7,off,gold,9,5,neutral,upi,expired,US,Hindi,11,12,36,6,True,good,13,4,recent,6,False,yes
jocelyn.phelps704@gmail.com,Male,Single,True,8,off,gold,4,1,positive,upi,active,US,Hindi,47,3,34,8,False,good,1,0,very_old,0,False,no
stephanie.moreno407@gmail.com,Female,Single,False,9,on,premium,4,20,negative,upi,active,US,Telugu,44,4,166,9,False,good,17,5,old,6,True,no
michael.ellis176@gmail.com,Female,Married,True,7,on,premium,5,10,negative,card,cancelled,US,English,44,25,53,6,True,poor,20,2,very_old,17,True,yes
benjamin.barker613@gmail.com,Female,Married,False,8,off,basic,1,13,negative,card,active,US,Telugu,13,6,96,7,True,good,13,0,recent,20,True,no
lindsey.walker118@gmail.com,Female,Married,True,5,on,gold,9,20,negative,card,expired,India,Hindi,4,17,78,4,False,better,1,4,recent,11,False,yes
michael.love121@gmail.com,Female,Married,False,6,off,premium,9,3,neutral,paypal,cancelled,India,Hindi,4,2,138,10,True,good,19,10,old,7,True,yes
kelly.boyd718@gmail.com,Male,Married,False,8,on,gold,6,1,negative,card,active,UK,Telugu,5,25,65,4,False,better,17,7,very_old,9,True,no
kimberly.fernandez977@gmail.com,Female,Single,False,6,on,basic,8,10,positive,card,expired,India,Hindi,16,8,106,9,False,better,9,7,recent,10,True,yes
brian.villarreal170@gmail.com,Female,Single,False,2,off,basic,5,17,negative,card,cancelled,UK,English,19,6,46,4,False,better,13,6,old,4,True,no
donna.may924@gmail.com,Female,Married,True,3,on,basic,1,18,positive,paypal,active,US,Telugu,30,7,154,7,False,better,3,4,recent,15,False,no
alex.wilson318@gmail.com,Female,Single,True,4,on,gold,7,14,positive,paypal,cancelled,UK,Telugu,36,12,167,2,False,good,18,7,recent,9,False,yes
louis.kennedy935@gmail.com,Female,Married,True,7,off,basic,1,12,neutral,paypal,cancelled,US,Telugu,29,14,85,10,True,good,4,3,recent,17,False,yes
robert.moore10@gmail.com,Female,Married,True,4,off,premium,5,5,neutral,upi,cancelled,India,Hindi,9,4,34,7,True,poor,10,0,very_old,5,True,no
leslie.delacruz544@gmail.com,Male,Single,True,6,on,gold,2,17,negative,paypal,expired,US,Hindi,50,1,169,9,False,good,11,3,recent,2,False,no
shannon.weiss554@gmail.com,Male,Married,False,7,off,gold,7,13,positive,card,active,India,Hindi,3,25,71,5,False,better,9,2,recent,16,True,no
sarah.brooks244@gmail.com,Male,Married,False,9,off,gold,6,6,positive,paypal,active,US,Telugu,19,24,84,6,True,poor,4,8,old,19,False,no
barbara.griffin400@gmail.com,Male,Single,True,10,off,gold,5,20,negative,card,expired,UK,Telugu,42,18,103,5,False,good,1,5,old,18,True,yes
valerie.mcmillan760@gmail.com,Male,Married,False,3,on,premium,7,10,neutral,paypal,active,Germany,English,50,22,94,3,True,poor,16,0,old,1,True,no
carrie.lewis877@gmail.com,Male,Single,False,5,on,premium,4,7,neutral,paypal,active,India,English,30,12,22,3,False,better,19,4,old,5,False,no
tanya.carter711@gmail.com,Female,Married,False,5,on,premium,1,18,positive,upi,cancelled,US,Telugu,45,18,157,3,False,better,11,10,very_old,1,True,yes
audrey.moreno407@gmail.com,Female,Married,True,2,off,premium,9,20,positive,upi,expired,US,English,42,12,124,10,True,good,12,1,very_old,6,False,yes
nicholas.gallagher663@gmail.com,Female,Single,False,3,off,basic,9,9,neutral,card,expired,US,Telugu,39,0,46,6,True,good,8,3,very_old,11,False,yes
ashley.sparks355@gmail.com,Male,Married,False,7,off,gold,10,13,positive,card,expired,US,Telugu,45,10,26,7,False,good,10,1,very_old,19,False,yes
randall.guerrero485@gmail.com,Male,Married,True,9,on,premium,2,12,negative,card,active,Germany,Telugu,27,10,194,10,False,better,12,10,recent,16,False,no
victoria.santos32@gmail.com,Female,Married,False,9,on,gold,7,16,positive,card,active,US,English,23,16,59,5,False,poor,1,9,recent,17,False,no
kevin.davis13@gmail.com,Male,Single,True,1,off,basic,10,14,negative,paypal,expired,India,Hindi,1,18,62,9,False,better,9,5,recent,2,True,no
richard.vincent939@gmail.com,Female,Married,False,8,off,basic,2,2,positive,upi,cancelled,UK,Hindi,16,2,198,8,False,good,6,9,very_old,10,True,yes
brianna.patterson582@gmail.com,Male,Single,False,8,off,premium,6,16,neutral,paypal,active,Germany,English,17,12,82,2,False,good,16,9,recent,18,True,yes
james.smith28@gmail.com,Female,Married,False,9,off,premium,8,6,neutral,upi,cancelled,Germany,Hindi,5,5,105,2,False,poor,5,5,recent,18,False,yes
tiffany.figueroa913@gmail.com,Male,Single,True,7,on,gold,9,6,positive,paypal,expired,US,Hindi,26,2,39,8,False,good,5,3,very_old,5,True,yes
julie.perkins579@gmail.com,Female,Single,False,10,on,basic,9,4,positive,upi,expired,US,Hindi,26,3,117,9,False,good,17,7,old,13,True,yes
mariah.phillips112@gmail.com,Male,Single,False,3,on,basic,5,12,negative,upi,cancelled,India,Hindi,35,9,195,5,False,good,8,2,old,11,False,yes
david.hansen197@gmail.com,Male,Single,False,3,on,basic,1,4,neutral,card,cancelled,Germany,Hindi,24,8,130,4,False,good,18,9,old,11,False,no
james.cooper671@gmail.com,Female,Single,False,7,off,premium,7,19,neutral,upi,expired,Germany,English,29,24,10,1,False,good,8,10,recent,19,False,no
evan.wood895@gmail.com,Female,Married,False,7,on,gold,9,3,positive,card,active,India,Telugu,20,24,52,9,False,good,13,6,recent,6,True,no
jamie.brock418@gmail.com,Male,Married,False,5,on,gold,1,9,neutral,upi,active,US,Telugu,45,21,140,9,True,poor,13,1,recent,6,False,no
christine.davis974@gmail.com,Female,Married,True,5,on,gold,2,6,positive,paypal,cancelled,Germany,Telugu,22,13,12,8,False,good,5,4,very_old,20,True,no
dale.johnson517@gmail.com,Female,Single,True,1,off,gold,7,3,negative,upi,cancelled,India,English,38,17,186,4,False,better,8,9,recent,11,True,yes
laura.pierce516@gmail.com,Female,Married,False,9,on,basic,7,19,positive,paypal,expired,US,Telugu,10,23,84,9,True,poor,4,7,recent,18,False,yes
clayton.gray565@gmail.com,Female,Single,False,2,on,basic,2,11,neutral,upi,expired,UK,English,25,6,17,2,False,good,10,1,very_old,1,True,yes
justin.cummings672@gmail.com,Female,Married,True,6,on,basic,4,6,negative,upi,active,Germany,Hindi,25,25,95,1,False,better,8,1,recent,10,False,no
joshua.gonzalez517@gmail.com,Female,Single,True,5,on,premium,8,20,positive,upi,active,Germany,Hindi,24,12,84,1,False,good,17,0,old,1,True,no
kimberly.jones648@gmail.com,Female,Married,False,8,off,basic,4,18,negative,card,active,India,Telugu,43,22,138,10,True,better,17,4,recent,18,False,no
lisa.wilkerson952@gmail.com,Female,Single,True,7,off,premium,4,5,neutral,card,cancelled,UK,English,24,2,74,7,False,poor,7,9,recent,18,False,yes
michelle.casey294@gmail.com,Female,Single,True,1,off,gold,8,1,positive,card,cancelled,US,Telugu,29,20,126,6,False,poor,20,7,very_old,4,True,no
katherine.walker349@gmail.com,Male,Married,True,8,off,premium,6,14,neutral,paypal,expired,Germany,English,19,17,105,6,False,better,11,0,recent,13,False,yes
tiffany.barrett254@gmail.com,Male,Married,False,3,off,gold,8,16,positive,upi,expired,Germany,Hindi,30,1,38,3,True,better,7,7,old,4,False,yes
stephen.rich898@gmail.com,Male,Married,True,4,off,basic,8,5,negative,paypal,expired,UK,Hindi,50,7,16,8,True,good,5,10,recent,13,True,yes
fernando.perez324@gmail.com,Male,Married,True,6,on,premium,10,7,neutral,upi,cancelled,US,Hindi,15,0,135,2,False,better,18,1,recent,19,False,no
wanda.santos448@gmail.com,Female,Single,True,4,on,premium,5,14,negative,card,expired,India,English,38,14,78,9,False,good,5,2,recent,20,True,yes
roy.ayers399@gmail.com,Male,Married,False,3,off,basic,8,19,negative,paypal,expired,Germany,English,38,14,123,9,True,better,10,9,recent,17,True,yes
susan.fitzgerald674@gmail.com,Female,Married,True,7,off,gold,7,3,positive,card,active,UK,Hindi,19,18,95,8,True,better,1,10,recent,5,True,no
ashlee.sparks174@gmail.com,Male,Married,False,4,off,basic,8,0,negative,upi,cancelled,UK,English,44,18,101,10,True,good,1,7,very_old,4,False,yes
david.barber965@gmail.com,Male,Married,False,4,on,basic,8,10,neutral,upi,expired,Germany,Telugu,44,18,143,10,False,better,16,1,recent,7,False,yes
jacob.brown187@gmail.com,Female,Single,True,7,off,gold,1,11,neutral,upi,cancelled,Germany,Hindi,22,21,86,3,False,better,5,8,recent,6,False,yes
christopher.jimenez323@gmail.com,Female,Married,False,1,on,premium,1,9,positive,paypal,cancelled,India,Hindi,15,25,131,9,False,good,17,5,very_old,14,False,yes
elizabeth.diaz947@gmail.com,Male,Married,True,8,off,gold,1,20,positive,paypal,cancelled,US,Hindi,23,5,159,6,False,good,16,10,old,0,True,no
tracy.carson378@gmail.com,Female,Single,False,1,on,gold,3,18,neutral,paypal,expired,India,Telugu,17,23,118,9,True,good,10,9,old,19,False,no
joan.garcia528@gmail.com,Male,Married,False,3,on,premium,2,8,neutral,card,expired,India,Telugu,46,9,192,9,False,poor,7,8,very_old,13,False,yes
troy.miller40@gmail.com,Female,Married,False,1,off,basic,7,15,positive,paypal,cancelled,India,Telugu,34,13,23,7,False,better,4,10,old,1,True,no
jose.adams981@gmail.com,Male,Single,False,7,on,gold,9,1,negative,card,expired,India,English,3,11,187,8,False,poor,6,2,recent,14,False,no
april.mccullough509@gmail.com,Male,Married,True,1,off,gold,10,15,negative,paypal,expired,UK,Telugu,50,24,107,5,True,better,7,6,very_old,15,False,yes
julie.ferrell415@gmail.com,Male,Single,False,1,on,gold,4,19,positive,paypal,active,India,Telugu,13,23,107,6,True,good,4,0,recent,6,False,no
ryan.fernandez204@gmail.com,Male,Married,False,2,on,gold,5,5,positive,paypal,cancelled,Germany,English,32,9,123,1,False,poor,2,2,old,4,True,yes
kevin.hanna61@gmail.com,Male,Married,False,8,on,premium,6,20,negative,upi,cancelled,US,Telugu,41,13,172,7,True,better,5,6,old,2,True,no
michael.moore847@gmail.com,Male,Married,True,10,on,gold,6,15,positive,paypal,expired,UK,Hindi,7,22,147,2,True,poor,15,4,recent,19,False,no
scott.lopez52@gmail.com,Female,Single,True,7,on,premium,4,5,positive,upi,cancelled,Germany,English,42,17,33,5,True,poor,10,0,very_old,10,True,no
laura.hoover186@gmail.com,Male,Single,True,6,on,basic,10,11,positive,card,active,India,English,41,24,195,10,False,good,16,10,recent,6,True,no
mitchell.martin249@gmail.com,Female,Single,False,8,on,premium,6,1,neutral,upi,active,UK,Telugu,19,23,127,5,True,good,18,9,old,17,True,no
albert.phelps323@gmail.com,Male,Married,False,6,on,premium,7,2,negative,card,active,UK,English,22,8,153,3,True,good,12,5,recent,6,True,no
tanya.wells180@gmail.com,Female,Married,False,7,on,basic,10,16,negative,upi,active,India,English,37,23,40,4,False,poor,6,6,very_old,13,True,no
heather.herrera72@gmail.com,Female,Married,False,2,on,basic,8,20,neutral,card,cancelled,India,Hindi,21,15,29,10,True,good,2,9,recent,6,True,no
kurt.kane663@gmail.com,Male,Married,False,10,off,gold,7,5,neutral,upi,expired,Germany,Hindi,44,14,117,6,True,better,16,8,very_old,4,True,yes
thomas.wheeler161@gmail.com,Male,Married,False,8,off,basic,9,8,positive,card,expired,UK,Telugu,24,25,190,10,True,good,14,5,old,19,False,yes
matthew.moore614@gmail.com,Male,Married,False,6,off,premium,2,14,negative,card,active,India,Hindi,42,4,158,4,True,better,20,6,old,9,True,yes
christopher.wiley380@gmail.com,Male,Married,False,1,on,premium,2,13,negative,card,active,US,Telugu,50,19,191,8,False,good,11,4,recent,9,True,no
theodore.patel845@gmail.com,Male,Married,False,9,off,gold,2,15,negative,paypal,cancelled,India,Hindi,27,13,74,7,False,good,14,1,recent,14,True,yes
timothy.yates841@gmail.com,Male,Married,False,3,off,premium,9,15,negative,paypal,expired,UK,Telugu,27,21,112,8,False,better,17,1,recent,4,True,no
paul.bryant753@gmail.com,Male,Single,False,7,off,basic,5,5,neutral,card,active,Germany,Telugu,28,18,139,8,True,better,15,6,very_old,14,True,no
aaron.greene407@gmail.com,Male,Single,False,1,off,basic,1,9,neutral,paypal,expired,US,English,17,1,125,2,False,better,9,1,very_old,16,True,yes
terrance.morrison298@gmail.com,Female,Single,False,2,on,premium,1,6,negative,upi,expired,India,English,22,2,200,6,False,good,5,9,very_old,20,True,yes
cynthia.munoz821@gmail.com,Female,Single,False,9,on,premium,5,13,neutral,paypal,active,Germany,Hindi,35,16,36,1,False,poor,3,1,recent,6,False,no
becky.gonzalez697@gmail.com,Male,Married,False,4,on,premium,9,0,negative,paypal,expired,UK,Hindi,32,17,13,7,True,poor,17,7,very_old,11,True,no
theresa.hall759@gmail.com,Female,Single,False,3,off,premium,3,17,negative,upi,cancelled,India,Telugu,8,9,145,3,True,better,5,0,old,10,False,yes
angela.livingston651@gmail.com,Female,Single,True,1,off,premium,8,15,positive,upi,cancelled,India,Hindi,21,17,183,2,False,good,8,3,very_old,6,False,yes
amanda.fitzpatrick712@gmail.com,Female,Married,False,6,off,basic,5,19,neutral,paypal,expired,India,Telugu,35,22,47,1,False,good,5,0,old,15,True,yes
dominique.decker802@gmail.com,Male,Married,False,7,on,basic,6,9,neutral,paypal,expired,UK,Telugu,35,15,196,6,True,good,13,2,recent,6,True,yes
carrie.parsons987@gmail.com,Female,Single,True,2,off,gold,9,4,neutral,upi,cancelled,UK,Telugu,18,18,85,9,True,better,7,6,old,9,True,yes
shawn.bates657@gmail.com,Female,Single,True,4,off,premium,5,9,positive,card,cancelled,UK,Hindi,49,19,72,6,False,good,11,5,recent,8,True,yes
fernando.morris585@gmail.com,Female,Single,False,2,off,basic,4,10,neutral,card,cancelled,India,English,30,23,200,5,True,good,10,10,very_old,16,True,no
anthony.boone896@gmail.com,Male,Single,True,7,on,premium,8,16,positive,card,expired,US,Telugu,39,3,67,6,True,poor,1,4,old,12,True,yes
jessica.conway655@gmail.com,Male,Married,True,5,on,premium,3,11,negative,upi,cancelled,UK,English,2,3,69,1,False,poor,20,2,very_old,10,True,yes
marie.jones884@gmail.com,Male,Married,True,2,off,gold,1,15,neutral,paypal,expired,Germany,English,44,4,60,9,True,good,3,9,old,3,True,yes
meghan.marquez719@gmail.com,Female,Married,True,7,on,gold,3,14,negative,upi,cancelled,India,Telugu,12,8,198,4,False,poor,8,4,old,11,False,yes
pamela.sanchez608@gmail.com,Female,Married,False,2,off,basic,8,5,positive,upi,expired,US,Hindi,7,12,192,5,False,poor,13,4,very_old,20,False,yes
linda.stewart391@gmail.com,Male,Single,True,8,off,basic,3,19,negative,paypal,active,US,English,19,3,151,7,False,good,6,2,recent,9,False,no
richard.mckenzie6@gmail.com,Female,Single,False,4,off,gold,5,13,negative,paypal,expired,US,English,9,22,120,3,False,good,3,5,recent,3,True,no
julie.grant704@gmail.com,Male,Single,False,3,on,basic,6,5,positive,upi,expired,US,English,37,23,18,6,True,better,2,0,very_old,17,True,no
cody.anderson839@gmail.com,Female,Married,True,9,off,premium,2,8,neutral,paypal,active,UK,Hindi,27,4,154,8,True,poor,16,9,very_old,9,True,no
dan.reed420@gmail.com,Female,Single,False,7,off,gold,7,12,negative,upi,active,India,Hindi,21,10,132,1,True,poor,2,2,recent,11,False,no
timothy.burton913@gmail.com,Male,Single,False,5,on,gold,2,20,neutral,card,cancelled,India,English,45,20,200,5,True,poor,15,7,very_old,13,True,yes
darrell.bates246@gmail.com,Male,Single,True,10,off,basic,7,10,neutral,upi,cancelled,UK,English,24,25,21,5,True,better,15,7,recent,5,False,yes
richard.martin478@gmail.com,Female,Married,True,2,on,basic,5,7,neutral,card,active,US,English,26,3,57,3,False,better,7,5,old,8,False,no
erin.walters718@gmail.com,Male,Single,False,10,off,basic,10,0,negative,upi,cancelled,UK,Telugu,26,7,200,6,True,better,19,4,recent,11,True,yes
paul.rodriguez207@gmail.com,Female,Single,False,9,on,gold,6,0,negative,card,active,India,Hindi,39,2,164,8,False,poor,3,5,recent,17,True,yes
james.campos135@gmail.com,Female,Married,True,4,off,basic,6,15,positive,paypal,active,US,Telugu,24,6,200,5,True,poor,16,1,old,18,False,no
robert.stevenson951@gmail.com,Female,Single,False,8,off,gold,1,20,positive,paypal,cancelled,Germany,English,16,11,13,8,False,poor,12,8,recent,7,False,yes
michelle.ayala318@gmail.com,Male,Married,True,7,on,gold,5,3,neutral,paypal,cancelled,India,Hindi,10,2,40,6,False,better,13,2,recent,12,True,yes
peter.goodman241@gmail.com,Male,Married,True,9,on,gold,1,2,positive,card,active,Germany,Hindi,38,4,23,5,False,better,7,1,very_old,15,True,yes
anthony.mendez202@gmail.com,Female,Single,True,6,off,premium,4,12,neutral,paypal,cancelled,UK,English,12,7,62,5,False,poor,19,5,old,18,True,yes
henry.ramos710@gmail.com,Male,Single,False,10,off,gold,4,14,positive,paypal,expired,UK,Hindi,34,3,149,10,False,good,19,2,recent,16,True,yes
mark.daugherty589@gmail.com,Female,Single,True,6,off,premium,8,18,negative,card,active,India,Telugu,30,9,124,2,True,better,20,9,old,13,False,yes
janet.vaughn500@gmail.com,Female,Married,False,2,on,premium,3,5,negative,card,cancelled,Germany,Hindi,30,9,111,10,True,poor,11,2,old,3,False,yes
larry.jacobs459@gmail.com,Female,Married,False,8,off,premium,4,13,positive,paypal,active,UK,Telugu,24,0,114,7,False,good,8,1,recent,11,True,no
duane.hahn857@gmail.com,Male,Married,True,2,on,premium,3,13,neutral,paypal,cancelled,US,Hindi,8,11,178,6,False,good,19,1,recent,14,False,yes
todd.wade542@gmail.com,Female,Married,False,7,on,premium,4,5,neutral,upi,cancelled,UK,Telugu,0,18,146,6,False,better,1,3,recent,17,False,no
steven.wilson54@gmail.com,Male,Married,False,6,off,gold,7,5,positive,card,active,UK,English,43,5,54,3,False,better,14,6,old,14,False,yes
kathy.bradley95@gmail.com,Female,Married,False,2,off,basic,4,17,neutral,card,cancelled,India,Hindi,25,6,59,2,False,good,6,1,old,15,False,yes
james.underwood947@gmail.com,Male,Single,False,8,on,basic,5,3,positive,card,expired,US,Telugu,26,15,152,10,False,better,10,8,recent,12,True,no
angela.jones158@gmail.com,Male,Married,False,7,on,premium,9,14,neutral,card,active,US,Telugu,30,8,35,5,True,better,14,0,recent,17,True,yes
richard.perez760@gmail.com,Male,Single,True,10,off,premium,9,0,negative,upi,active,India,English,49,15,192,2,False,good,12,4,recent,0,True,no
alexander.davis106@gmail.com,Female,Married,True,1,off,premium,7,3,negative,card,cancelled,UK,Telugu,46,15,136,9,True,poor,17,8,very_old,14,True,yes
larry.mcclain328@gmail.com,Male,Single,False,5,on,gold,9,3,negative,card,expired,UK,English,49,0,91,7,True,better,16,0,recent,8,True,yes
matthew.kent760@gmail.com,Male,Single,False,10,on,gold,3,4,positive,card,active,Germany,English,1,9,198,1,False,better,19,10,recent,10,True,no
justin.hines279@gmail.com,Male,Single,False,7,off,premium,1,1,negative,card,cancelled,India,English,34,25,69,2,False,poor,8,7,very_old,4,False,yes
logan.cooper381@gmail.com,Female,Single,True,4,off,premium,7,5,neutral,paypal,expired,Germany,Telugu,36,6,38,2,False,poor,1,0,recent,8,False,no
laura.brown631@gmail.com,Female,Single,False,1,on,premium,8,4,negative,upi,expired,Germany,Telugu,20,24,16,8,True,better,7,6,very_old,7,True,yes
heather.bauer776@gmail.com,Male,Married,False,9,off,gold,6,18,neutral,card,cancelled,US,Telugu,39,14,54,10,True,good,9,10,very_old,1,False,yes
brenda.watson386@gmail.com,Male,Single,False,8,on,premium,4,20,positive,upi,active,US,English,33,16,101,6,True,better,12,7,recent,15,True,no
amanda.clarke335@gmail.com,Male,Married,False,2,off,gold,7,17,neutral,card,cancelled,US,Hindi,21,9,150,3,False,poor,15,5,recent,3,True,no
kelsey.parker660@gmail.com,Female,Married,False,10,on,basic,3,2,neutral,upi,expired,Germany,Telugu,19,15,139,10,True,better,10,1,old,5,False,no
christine.mccullough561@gmail.com,Female,Married,False,10,off,gold,1,11,positive,paypal,expired,US,Telugu,5,8,141,1,True,poor,14,1,old,9,False,no
johnny.henry342@gmail.com,Male,Single,False,5,off,gold,5,16,positive,card,active,US,English,11,16,93,4,False,better,9,6,recent,16,True,no
mindy.kane232@gmail.com,Male,Single,True,10,on,basic,6,6,negative,paypal,expired,India,Hindi,5,8,51,9,True,poor,20,2,very_old,9,False,no
jacob.larson691@gmail.com,Male,Married,True,8,off,basic,9,2,negative,card,active,UK,Telugu,14,3,58,3,True,poor,7,4,recent,2,False,no
jill.allen35@gmail.com,Male,Single,False,1,on,premium,6,12,negative,paypal,active,Germany,English,41,15,105,8,True,good,2,4,very_old,11,True,no
heather.gregory995@gmail.com,Male,Married,True,10,off,gold,2,3,negative,upi,expired,UK,English,1,4,31,2,False,poor,5,10,recent,18,False,yes
william.king929@gmail.com,Male,Single,False,4,on,premium,8,7,neutral,upi,cancelled,India,English,31,25,21,2,False,better,11,8,very_old,1,False,yes
scott.thompson731@gmail.com,Female,Single,True,3,off,basic,9,13,neutral,paypal,cancelled,US,English,22,23,122,5,False,better,7,5,old,8,False,yes
juan.ryan331@gmail.com,Male,Single,True,1,on,basic,10,5,positive,paypal,expired,India,English,6,5,146,4,True,good,7,2,very_old,5,True,no
steven.valenzuela57@gmail.com,Female,Married,True,10,on,basic,1,18,positive,upi,cancelled,India,Telugu,23,12,104,2,True,poor,12,8,recent,13,True,no
nicole.ellis9@gmail.com,Male,Single,False,9,off,premium,10,7,negative,card,active,India,Telugu,18,17,46,6,False,better,1,2,very_old,13,False,no
austin.leonard221@gmail.com,Male,Single,True,5,off,gold,2,8,neutral,card,cancelled,India,English,50,20,21,7,False,better,4,8,old,2,False,yes
kim.anderson138@gmail.com,Male,Married,True,2,on,premium,7,14,positive,card,expired,Germany,English,18,16,167,9,True,good,6,0,old,13,False,no
rodney.mosley142@gmail.com,Female,Single,False,6,on,basic,4,1,neutral,paypal,expired,US,Telugu,31,23,186,6,True,poor,5,8,old,8,True,yes
stephanie.reynolds940@gmail.com,Male,Single,False,3,off,premium,5,17,neutral,card,expired,India,Hindi,50,6,131,2,False,poor,4,7,recent,9,False,yes
stacey.elliott576@gmail.com,Male,Married,False,3,off,basic,4,10,neutral,upi,active,India,Hindi,24,18,107,4,True,poor,15,9,recent,9,True,no
stacy.copeland829@gmail.com,Male,Married,False,8,off,basic,6,13,negative,paypal,cancelled,Germany,Telugu,21,21,174,8,False,poor,7,10,recent,13,True,yes
ann.clark964@gmail.com,Female,Married,False,7,off,basic,7,13,negative,card,active,UK,English,8,25,84,7,True,better,17,5,very_old,20,True,no
christina.ryan812@gmail.com,Male,Married,False,7,off,premium,10,6,negative,paypal,expired,Germany,Telugu,20,9,20,3,True,poor,9,2,old,1,False,no
stephen.harris146@gmail.com,Male,Single,True,5,off,basic,8,11,negative,paypal,cancelled,UK,Telugu,4,25,28,3,False,good,1,5,recent,18,False,no
james.chang828@gmail.com,Male,Married,False,7,off,gold,8,4,negative,upi,expired,India,English,13,6,146,3,False,good,16,4,recent,17,False,yes
chad.krause205@gmail.com,Female,Single,False,2,on,basic,5,10,neutral,paypal,cancelled,UK,English,14,4,175,8,False,better,2,3,old,0,False,yes
shawn.graves503@gmail.com,Male,Married,False,6,off,gold,4,3,negative,upi,expired,UK,English,27,19,46,3,False,poor,10,8,old,18,False,yes
steven.sanchez617@gmail.com,Female,Married,True,6,on,basic,2,9,positive,paypal,expired,US,Telugu,19,9,30,8,False,better,7,9,old,3,False,no
angela.jimenez130@gmail.com,Male,Single,False,2,on,premium,1,3,negative,upi,active,Germany,Hindi,3,12,81,7,False,better,14,8,very_old,6,True,no
barbara.hanson949@gmail.com,Male,Single,True,3,on,gold,5,17,neutral,card,expired,US,English,24,18,168,1,False,poor,2,10,very_old,7,True,yes
anthony.thompson110@gmail.com,Female,Married,False,3,on,premium,2,12,positive,upi,cancelled,India,Telugu,9,11,157,8,True,poor,2,0,recent,17,False,yes
david.young438@gmail.com,Male,Single,True,3,on,premium,2,14,negative,paypal,active,Germany,English,24,1,64,8,False,good,15,8,recent,13,False,no
jacob.blair932@gmail.com,Female,Single,True,2,off,gold,9,15,positive,paypal,active,UK,Telugu,46,22,18,5,True,better,3,1,very_old,14,False,no
robert.white897@gmail.com,Female,Single,True,6,on,premium,8,2,negative,card,cancelled,US,Telugu,6,23,146,7,True,good,18,6,very_old,5,True,yes
robert.brewer192@gmail.com,Male,Single,True,4,on,premium,9,1,positive,card,active,India,Hindi,40,2,43,3,False,poor,12,8,recent,5,True,no
john.armstrong717@gmail.com,Male,Single,False,7,on,gold,8,15,negative,upi,active,India,English,13,24,91,4,True,poor,12,4,very_old,4,False,no
christine.kennedy672@gmail.com,Male,Single,False,7,on,gold,6,5,positive,paypal,cancelled,US,Telugu,50,15,62,6,True,poor,12,3,recent,11,True,yes
karen.parsons143@gmail.com,Male,Married,False,7,on,basic,8,20,negative,paypal,active,UK,Hindi,10,5,59,4,False,better,11,1,very_old,14,True,no
timothy.miller392@gmail.com,Female,Married,False,4,off,basic,3,5,negative,upi,expired,US,Telugu,12,16,112,3,True,better,10,1,recent,13,False,yes
stephanie.sutton276@gmail.com,Female,Single,True,7,off,basic,2,13,negative,upi,active,UK,English,47,21,58,10,False,good,13,0,recent,1,True,yes
regina.baker328@gmail.com,Female,Married,False,6,on,gold,6,19,negative,paypal,expired,Germany,Hindi,50,16,107,2,True,good,1,2,old,0,False,yes
benjamin.ross824@gmail.com,Female,Single,True,9,on,premium,5,16,positive,upi,active,UK,Hindi,2,22,119,1,False,better,1,4,recent,20,False,no
melissa.mata21@gmail.com,Male,Married,True,5,off,gold,6,11,negative,paypal,active,India,Hindi,20,14,164,5,True,good,19,8,very_old,13,True,no
erika.hughes408@gmail.com,Female,Married,False,5,off,basic,5,13,negative,paypal,cancelled,India,Hindi,42,12,135,5,True,poor,7,6,old,1,False,yes
aaron.woods135@gmail.com,Male,Married,False,4,on,gold,3,16,negative,upi,expired,Germany,Hindi,4,9,76,6,False,better,19,1,very_old,11,False,yes
jerry.hinton303@gmail.com,Female,Married,True,2,off,premium,2,19,positive,card,expired,Germany,Telugu,28,23,140,6,True,good,19,10,recent,10,False,no
miguel.carter803@gmail.com,Male,Single,True,2,on,gold,2,20,negative,upi,active,India,English,15,16,71,3,True,good,7,1,old,10,True,no
amanda.davidson721@gmail.com,Female,Married,False,4,on,gold,5,16,negative,upi,active,US,English,26,21,159,1,True,good,5,5,very_old,10,True,yes
monique.boyd187@gmail.com,Female,Married,False,7,off,premium,5,4,negative,paypal,cancelled,UK,Hindi,45,16,54,4,True,good,18,5,recent,2,False,yes
timothy.rivera628@gmail.com,Female,Married,True,8,off,gold,3,14,positive,card,cancelled,India,Telugu,50,16,100,9,True,better,17,7,very_old,5,True,yes
melissa.chan219@gmail.com,Male,Married,False,7,off,gold,2,15,negative,paypal,cancelled,US,Hindi,44,24,22,8,False,poor,19,1,recent,3,True,yes
joshua.maxwell109@gmail.com,Female,Single,False,4,off,basic,8,2,positive,card,cancelled,India,Telugu,31,0,100,5,False,better,12,8,very_old,16,True,no
lucas.lamb626@gmail.com,Female,Single,False,8,on,premium,5,12,neutral,paypal,cancelled,Germany,Telugu,3,25,175,8,False,poor,16,7,recent,11,True,no
vincent.cooper25@gmail.com,Female,Married,False,1,on,basic,6,17,negative,upi,expired,Germany,English,25,21,70,3,True,poor,4,3,recent,3,False,yes
christopher.webb177@gmail.com,Female,Married,True,2,on,gold,10,0,neutral,upi,cancelled,India,Telugu,48,25,186,8,False,good,7,4,recent,2,True,yes
charles.waters391@gmail.com,Female,Married,False,4,off,basic,10,11,positive,card,active,India,Hindi,3,22,194,9,True,poor,13,9,recent,8,True,no
christine.kennedy199@gmail.com,Female,Single,False,10,off,premium,8,2,negative,card,active,US,English,38,2,71,6,True,poor,7,2,old,13,False,no
john.davis984@gmail.com,Female,Single,False,4,off,premium,8,8,positive,card,cancelled,Germany,Hindi,3,3,194,10,True,poor,8,5,very_old,17,True,no
christina.jensen662@gmail.com,Male,Single,True,1,off,gold,6,20,neutral,upi,expired,India,Telugu,4,14,144,9,False,good,14,4,old,5,True,no
mark.austin166@gmail.com,Male,Married,True,2,on,premium,9,14,neutral,upi,active,US,Telugu,11,19,92,4,False,poor,15,1,very_old,11,True,no
gabrielle.hamilton520@gmail.com,Male,Married,True,6,on,basic,7,8,positive,card,expired,UK,Hindi,31,11,133,5,False,good,19,7,recent,16,False,no
tony.tucker605@gmail.com,Female,Single,False,2,on,premium,3,7,positive,card,expired,India,English,18,21,118,2,False,better,4,2,recent,1,True,no
nicole.dougherty650@gmail.com,Female,Single,False,8,off,premium,9,18,positive,paypal,cancelled,UK,Telugu,25,22,196,7,False,poor,1,8,very_old,16,False,yes
todd.ramos279@gmail.com,Female,Single,False,8,on,gold,7,1,neutral,paypal,active,India,English,11,19,102,5,False,good,2,1,old,15,False,no
robert.martinez175@gmail.com,Female,Married,True,5,on,gold,2,9,positive,paypal,cancelled,Germany,Hindi,10,6,169,4,True,better,16,7,old,20,False,no
elizabeth.mckinney563@gmail.com,Female,Married,False,4,on,gold,6,10,negative,card,active,India,English,41,11,79,9,True,good,13,5,recent,6,True,no
nicholas.thomas754@gmail.com,Male,Single,True,4,off,premium,8,7,neutral,upi,active,US,Telugu,16,8,147,10,False,poor,1,2,recent,17,True,no
debra.nash330@gmail.com,Male,Married,True,1,off,premium,4,9,positive,card,active,India,Hindi,14,18,107,4,True,good,18,0,old,20,False,no
michelle.turner723@gmail.com,Female,Married,False,9,on,gold,6,10,neutral,card,expired,UK,English,5,6,156,8,False,better,11,3,recent,4,True,no
benjamin.dorsey394@gmail.com,Male,Single,False,10,off,premium,10,9,negative,upi,cancelled,Germany,English,50,25,23,1,True,poor,10,3,recent,8,True,yes
vicki.baker812@gmail.com,Male,Single,False,3,on,basic,6,1,neutral,upi,expired,US,English,44,4,69,5,False,good,10,10,very_old,8,False,yes
william.marshall641@gmail.com,Female,Married,False,10,on,gold,7,18,positive,upi,active,UK,Hindi,9,0,24,10,True,poor,12,6,old,5,False,no
andrea.velazquez431@gmail.com,Female,Single,True,5,on,premium,8,17,negative,card,cancelled,Germany,Telugu,28,21,78,2,True,poor,5,5,very_old,6,False,yes
kevin.potter462@gmail.com,Female,Single,True,9,off,gold,7,16,negative,paypal,expired,UK,English,23,19,120,8,True,better,13,10,recent,18,False,yes
john.ford276@gmail.com,Female,Single,False,1,on,premium,6,11,negative,card,active,UK,English,32,5,64,6,True,good,7,4,very_old,1,True,no
kaitlin.williams259@gmail.com,Male,Single,False,5,off,basic,10,4,neutral,upi,expired,India,English,14,14,53,10,True,better,9,10,old,13,True,no
curtis.murray109@gmail.com,Female,Single,False,7,on,premium,7,14,negative,card,expired,Germany,Hindi,10,1,165,8,True,better,7,3,recent,16,True,yes
david.smith670@gmail.com,Male,Single,False,3,off,premium,2,6,neutral,card,active,Germany,English,5,25,21,4,True,good,20,7,very_old,16,False,no
jill.thompson695@gmail.com,Female,Married,False,5,off,basic,2,10,neutral,paypal,active,Germany,Telugu,7,18,171,1,False,better,5,0,old,6,False,no
denise.page619@gmail.com,Female,Single,True,7,off,premium,6,5,positive,paypal,expired,Germany,Telugu,17,8,52,9,False,better,4,5,recent,5,True,yes
courtney.gomez48@gmail.com,Male,Married,False,5,off,basic,10,0,negative,card,active,UK,Telugu,13,4,116,7,False,better,11,1,very_old,16,False,no
richard.hansen797@gmail.com,Female,Single,True,9,off,basic,9,9,neutral,card,active,UK,Hindi,44,4,56,9,False,better,3,2,recent,12,False,no
matthew.booker777@gmail.com,Male,Married,False,3,on,premium,7,20,positive,paypal,expired,India,Hindi,30,15,74,1,False,better,17,9,old,1,False,no
karen.anderson538@gmail.com,Male,Married,True,1,off,gold,8,6,neutral,upi,expired,UK,Hindi,37,21,177,2,True,good,9,3,very_old,18,True,yes
anne.vargas558@gmail.com,Male,Single,True,3,off,premium,6,9,negative,card,active,UK,Hindi,1,7,164,5,True,poor,20,9,recent,8,False,no
rebekah.garcia189@gmail.com,Female,Married,False,10,off,premium,7,1,negative,upi,cancelled,UK,English,49,24,70,5,True,poor,1,9,very_old,17,True,yes
eric.dawson649@gmail.com,Male,Single,False,1,on,premium,8,18,negative,card,expired,US,English,25,3,53,3,False,good,12,2,very_old,3,True,yes
christine.gardner120@gmail.com,Male,Single,True,3,off,gold,6,12,neutral,paypal,active,India,English,15,22,166,10,True,better,13,7,very_old,2,True,no
joseph.king123@gmail.com,Female,Married,False,8,on,basic,1,7,negative,paypal,active,UK,English,28,10,177,2,False,good,19,9,recent,8,False,no
jennifer.williams196@gmail.com,Male,Single,True,6,on,premium,2,14,negative,paypal,cancelled,US,Telugu,14,23,177,5,False,good,20,6,recent,2,False,no
audrey.snyder972@gmail.com,Male,Single,False,7,off,gold,10,6,neutral,card,active,Germany,English,46,18,97,4,True,good,18,7,very_old,1,False,yes
sierra.wilson527@gmail.com,Female,Single,True,6,on,premium,9,0,neutral,paypal,expired,Germany,Hindi,18,1,12,9,True,poor,4,4,very_old,1,True,yes
steven.ali472@gmail.com,Female,Single,True,8,on,premium,7,18,neutral,paypal,cancelled,US,English,18,21,189,6,False,better,14,2,very_old,17,False,yes
sarah.mack970@gmail.com,Female,Married,False,6,on,gold,3,18,neutral,upi,active,Germany,English,39,17,26,1,False,poor,11,0,old,5,False,no
jennifer.black127@gmail.com,Male,Single,True,5,off,gold,3,10,neutral,paypal,expired,UK,English,45,22,93,9,True,poor,2,8,very_old,8,True,yes
olivia.hunt863@gmail.com,Male,Single,True,2,on,premium,6,20,negative,card,active,India,Hindi,44,15,134,3,False,good,15,4,recent,11,False,yes
monica.fisher908@gmail.com,Male,Single,True,6,on,gold,4,5,neutral,upi,active,UK,Hindi,48,12,147,5,False,better,15,2,recent,0,False,no
robert.roberts893@gmail.com,Male,Single,True,7,on,basic,7,2,neutral,paypal,active,UK,English,38,18,102,6,True,better,12,3,very_old,3,False,no
sabrina.ramirez227@gmail.com,Male,Married,False,8,on,basic,6,17,positive,card,active,UK,Hindi,21,1,152,4,True,poor,16,9,very_old,15,True,no
patrick.middleton860@gmail.com,Female,Single,False,2,on,basic,3,19,neutral,paypal,active,Germany,Hindi,28,10,109,9,False,better,16,2,recent,20,False,no
cody.rogers68@gmail.com,Female,Single,False,4,on,basic,7,8,neutral,paypal,cancelled,US,Hindi,11,6,138,4,False,poor,6,8,very_old,12,False,no
karen.bailey726@gmail.com,Female,Married,False,5,off,basic,3,20,negative,upi,cancelled,US,Hindi,41,20,154,3,False,better,2,9,old,15,True,yes
joshua.tate110@gmail.com,Female,Single,False,6,on,gold,6,20,negative,paypal,expired,UK,English,5,13,160,8,False,better,6,6,very_old,2,True,no
mary.fuller925@gmail.com,Male,Single,True,9,on,gold,6,2,neutral,paypal,expired,India,Telugu,25,21,87,9,False,better,11,7,very_old,12,True,no
barbara.lopez151@gmail.com,Male,Single,False,1,on,gold,10,14,negative,card,cancelled,Germany,Telugu,41,23,68,6,True,better,15,8,old,17,True,no
jimmy.cohen294@gmail.com,Female,Single,False,8,off,basic,7,16,positive,card,expired,Germany,English,35,18,99,3,False,good,1,2,very_old,16,False,yes
christopher.thomas948@gmail.com,Male,Single,False,9,off,premium,3,20,positive,upi,expired,Germany,Hindi,17,2,200,1,True,better,12,3,old,3,False,no
grace.brooks321@gmail.com,Female,Married,True,8,on,gold,6,1,positive,upi,active,UK,Telugu,19,24,183,2,False,better,11,10,old,13,True,no
john.davenport398@gmail.com,Male,Married,False,8,off,premium,5,12,positive,card,expired,India,English,43,12,58,8,False,poor,18,1,very_old,12,True,no
donna.faulkner753@gmail.com,Female,Married,False,10,on,premium,3,1,neutral,paypal,active,US,Hindi,37,16,35,7,True,good,4,0,very_old,6,True,no
erik.knight579@gmail.com,Male,Married,True,3,off,basic,3,4,neutral,paypal,expired,India,English,32,21,111,2,True,good,6,4,recent,13,True,no
haley.davis593@gmail.com,Male,Single,False,5,off,basic,8,6,negative,paypal,expired,UK,English,5,8,43,8,False,better,1,9,old,15,False,yes
robert.martin561@gmail.com,Female,Married,True,4,off,basic,4,4,neutral,paypal,cancelled,US,English,40,14,161,9,False,better,8,3,old,17,True,yes
paul.chavez635@gmail.com,Male,Married,True,8,off,gold,1,20,positive,paypal,active,UK,Hindi,37,14,149,5,True,better,5,2,old,19,True,no
william.simmons478@gmail.com,Female,Married,False,8,off,basic,10,8,positive,card,expired,Germany,English,44,13,33,7,False,better,3,3,very_old,3,False,yes
theodore.daniels463@gmail.com,Female,Single,False,2,on,basic,8,5,negative,card,cancelled,India,English,19,14,138,7,True,good,9,1,recent,15,True,yes
valerie.juarez954@gmail.com,Female,Single,True,4,off,gold,9,12,positive,upi,expired,Germany,Telugu,48,20,76,1,False,good,14,1,old,13,False,yes
vanessa.jones601@gmail.com,Female,Married,False,5,off,premium,5,12,negative,paypal,cancelled,UK,English,20,19,152,2,False,good,4,4,recent,19,False,yes
diane.garner743@gmail.com,Female,Married,False,7,on,gold,7,20,positive,upi,active,US,Telugu,10,4,175,1,False,poor,16,5,old,3,False,no
antonio.reed881@gmail.com,Female,Married,False,5,off,basic,10,6,neutral,upi,expired,UK,Telugu,0,14,149,6,True,poor,9,1,very_old,20,True,yes
michelle.parker722@gmail.com,Male,Single,False,5,on,basic,2,7,positive,upi,expired,US,Hindi,20,20,70,9,False,better,8,0,very_old,6,False,no
nicholas.rhodes784@gmail.com,Male,Single,False,8,on,premium,6,16,positive,upi,cancelled,US,English,25,11,88,7,False,better,10,1,recent,8,True,no
courtney.garcia791@gmail.com,Female,Single,True,4,off,premium,6,14,positive,card,expired,India,Hindi,43,8,31,7,False,good,16,3,old,20,True,yes
bradley.stephens105@gmail.com,Male,Married,True,6,on,premium,1,12,positive,upi,cancelled,Germany,Hindi,23,8,183,1,True,good,7,10,old,2,False,no
zachary.garcia510@gmail.com,Male,Single,False,9,on,premium,7,2,positive,upi,cancelled,US,English,22,6,157,1,True,poor,19,1,old,10,False,no
amy.perry211@gmail.com,Male,Married,True,5,off,premium,1,0,neutral,upi,expired,Germany,Telugu,1,13,185,5,True,better,12,9,old,6,False,no
jeffrey.roberts403@gmail.com,Male,Married,False,7,on,premium,7,12,neutral,card,active,UK,Hindi,2,6,60,9,True,good,2,5,recent,20,True,no
joseph.marshall967@gmail.com,Female,Married,False,7,off,basic,10,7,neutral,paypal,cancelled,UK,English,0,13,26,10,False,better,3,8,recent,11,False,no
barbara.parks155@gmail.com,Male,Single,False,10,off,basic,1,1,neutral,card,cancelled,UK,English,44,4,55,2,True,better,4,6,old,10,True,yes
angela.pierce96@gmail.com,Male,Married,False,5,on,premium,1,19,neutral,upi,cancelled,Germany,English,45,5,151,4,True,good,15,3,old,8,False,yes
mary.torres572@gmail.com,Male,Single,True,9,off,premium,6,11,positive,card,expired,India,Hindi,27,10,191,7,False,poor,15,3,old,9,True,yes
christopher.bailey341@gmail.com,Female,Married,False,2,off,premium,9,0,neutral,card,active,Germany,Telugu,49,20,76,5,False,poor,11,6,recent,3,False,no
karen.morton549@gmail.com,Female,Single,True,9,on,gold,8,16,neutral,card,expired,Germany,Telugu,27,10,31,5,False,good,14,10,very_old,3,True,no
krista.johnston4@gmail.com,Female,Single,True,8,off,premium,2,13,negative,upi,expired,Germany,Hindi,42,12,154,10,False,poor,19,8,very_old,7,False,yes
tyler.wagner555@gmail.com,Male,Married,False,6,off,premium,5,13,positive,paypal,active,India,English,13,13,127,9,False,better,2,3,very_old,16,False,no
kayla.scott799@gmail.com,Male,Single,True,2,off,gold,9,9,negative,upi,active,India,Telugu,43,17,99,9,False,better,18,3,recent,16,True,yes
bernard.miller673@gmail.com,Female,Married,False,3,off,premium,3,7,positive,paypal,active,Germany,English,28,2,196,7,True,poor,17,6,old,17,True,no
victoria.smith571@gmail.com,Male,Married,True,3,on,gold,8,12,positive,paypal,active,US,Hindi,28,1,66,1,True,poor,15,1,very_old,10,False,no
bailey.benson989@gmail.com,Female,Married,False,8,on,premium,2,13,negative,card,active,India,Hindi,34,1,152,6,True,good,20,6,recent,12,False,no
kathy.garrett389@gmail.com,Male,Married,True,6,on,basic,6,7,negative,paypal,cancelled,India,Hindi,8,13,46,6,False,good,16,6,recent,11,False,yes
elizabeth.elliott223@gmail.com,Male,Married,True,8,off,basic,9,13,negative,upi,expired,Germany,Telugu,3,22,87,7,False,good,1,8,very_old,2,True,yes
cheryl.archer669@gmail.com,Female,Single,True,6,off,premium,6,9,positive,paypal,active,US,Hindi,40,19,73,5,False,poor,16,5,old,19,False,no
gregory.harper646@gmail.com,Male,Single,False,3,on,basic,6,5,negative,paypal,expired,US,Telugu,0,19,95,5,False,better,2,3,recent,14,True,yes
zachary.mills624@gmail.com,Female,Single,False,9,off,premium,10,8,positive,upi,active,India,English,21,0,149,3,True,better,5,9,old,19,False,no
brittany.spencer860@gmail.com,Male,Single,True,1,on,basic,1,2,negative,card,expired,Germany,Telugu,38,12,103,7,True,poor,20,10,recent,9,False,no
matthew.chambers938@gmail.com,Female,Single,False,3,off,premium,7,19,neutral,upi,active,India,English,12,13,26,8,True,poor,2,6,old,13,True,no
